investor_id,startup_id,announced_on,row_count,unique_funding_rounds,unique_investment_types,investment_types
c3609d80-fb88-4d80-bf52-79d9d3cacf96,e635038a-df67-4962-94fd-1166ab40a54f,2026-04-16,2,2,2,grant|debt_financing
192d8523-8b33-4619-9c95-6042fcbbefa8,eaab6078-2fec-945a-11a6-4c327a87bd03,2020-01-22,2,2,2,series_a|convertible_note
ae6eb8da-ebb3-42be-9ee6-644a57af8755,0d71c4b5-67d2-4076-89a7-af63c79d3c3b,2021-06-16,2,2,2,grant|series_unknown
c2bbc528-a12d-59f9-51e0-8f229e8e2078,334a991b-8d86-9dbb-34b3-9d93c62d8a01,2023-09-11,2,2,2,post_ipo_debt|post_ipo_equity
3afb8ef5-2b6c-7788-7b38-53ecbb89d72e,b0a1d000-4a7a-e468-7303-502939971185,2024-04-22,2,2,2,series_unknown|debt_financing
bcc5adaa-4cd6-bb68-8b91-838f2eee1aa4,0eefb26b-7596-41c0-9046-2039c6d04465,2022-05-02,2,2,2,private_equity|debt_financing
0812e67e-d94d-27e0-8112-8f63c7337271,ecbfce9e-6e4e-4433-b659-04d0b5b322c7,2022-06-16,2,2,2,convertible_note|seed
8e93f251-bcb0-49a4-93a8-f9809c831301,b017e1b1-b956-4638-8946-82d4cf872e42,2022-09-27,2,2,2,pre_seed|seed
7079eded-aaaa-9b03-a30a-1b9425f96249,48934f2b-5d6d-4b67-8034-42180bcaf1d1,2025-05-06,2,2,2,private_equity|debt_financing
405b07b9-f449-6a98-2e3f-1b2226fe5652,03ef8031-2efb-4fa6-0648-1b09ca50c1ab,2021-04-21,2,2,2,series_a|debt_financing
4ca6cfbe-0eba-2bb5-88a7-d4c00235bd7d,050a9a2a-4dd7-41c0-af87-9ff25b365b27,2025-11-04,2,2,2,series_a|seed
da7dace0-ea77-d4ee-4af6-7cedb69539e9,51ceada2-b2da-4cec-a555-f75a7aca7bf9,2015-01-11,2,2,2,debt_financing|private_equity
e4bf3cbc-b408-4571-9d3b-f03e5bfc8fc0,8ce49fe8-f25f-4045-b131-f64fdffccc42,2025-12-16,2,2,2,debt_financing|series_a
9f2f1bf0-4139-7ae1-72cb-123d5ad08370,b24d22c6-d4f1-404b-b3eb-67e0be14609b,2019-08-15,2,2,2,grant|seed
04c3158d-8a09-4b43-9db5-f5c373a5e45d,b5abf8ee-1e13-4aab-978b-532fc759ce00,2025-11-12,2,2,2,seed|angel
b4386e5f-53a6-fc77-ebd4-b6e0bef0aaef,f1ab1d48-1cdc-4ba8-b0b9-1c077e27d07e,2025-09-02,2,2,2,series_a|seed
b36fb34f-cca6-47dc-8e52-97178334709f,e48d2bd1-24d6-496c-a75b-568d47547baf,2021-05-04,2,2,2,series_a|secondary_market
95d0c170-5fc0-2c61-e32e-9276ee396604,3113b48f-2121-4233-85ba-713bf2715ab7,2021-07-21,2,2,2,debt_financing|private_equity
069bf7ff-c97f-b515-884e-e774b384776a,0b14328b-0509-a603-3ba3-35d8b60dee56,2024-04-25,2,2,2,series_unknown|grant
22ba164e-d998-1337-558a-9d038eff16bf,2155014b-1577-48e6-9eea-c5d085586223,2024-02-28,2,2,2,series_b|secondary_market
1b5f8507-d92b-4a33-b6cf-c15e5f8f38d7,4bc6be4c-65bb-4e21-945b-b7bbb01dfe82,2025-07-01,2,2,2,seed|debt_financing
e06c1e81-947b-e3aa-891d-11438095e6a1,961d3f5b-e322-2060-ee17-e9349f8ebf40,2023-04-24,2,2,2,series_c|debt_financing
62185e2b-ff50-4f7f-a899-b97a774305a5,90c95f03-ba63-471d-9dce-139162d4f30f,2025-05-16,2,2,2,seed|debt_financing
c6ea1817-1734-4e37-854b-dcff482ece62,a6b3a487-c17f-431a-b6c0-b7e4d9c4a3b7,2026-05-04,2,2,2,private_equity|debt_financing
b7e955e4-dffa-38d4-1ef6-28257d06c4b9,40106e88-cd14-e0c1-2775-d9f21d6af43f,2004-03-24,2,2,2,private_equity|debt_financing
9982c2c1-11e9-66c1-be20-133e35da61ab,3a3122b9-9a7f-4da4-8ce1-cdee4b3cfb86,2024-03-25,2,2,2,debt_financing|private_equity
e7e9d6e3-14e3-2acd-3f61-dc8b22725123,bb18c428-5b0c-9d4d-e175-02382de8f32a,2020-12-04,2,2,2,series_unknown|debt_financing
735a53c6-a7ba-2434-d97d-b788536da89d,b30eb240-b396-471a-b146-8d6684b60b0a,2025-04-17,2,2,2,series_a|seed
5e1d0200-f444-6612-14dd-23369669c0e1,69834246-dd94-8e62-5d15-6401531830c7,2013-06-01,2,2,2,series_b|debt_financing
ae6eb8da-ebb3-42be-9ee6-644a57af8755,89e69e0b-2b2c-1e56-374b-f81db60ee271,2023-07-21,2,2,2,series_b|grant
aa978289-a0e0-8e2d-9db1-537203f28e62,96b1331a-909c-4ad9-a5f1-3830ecd28fdd,2022-06-22,2,2,2,series_a|seed
87a4c76c-08ad-44d5-9145-df511db4f36b,f109f610-ce67-4e1a-bcf3-1c39bae2e0d9,2024-04-15,2,2,2,debt_financing|series_unknown
855317c6-4b18-4e9d-86f5-c9f2aec618dc,f52eef6a-6620-4bef-af3d-1a7d0d0a8b63,2025-10-28,2,2,2,series_c|secondary_market
9746db76-8e3f-f536-6de9-ed1dcd98e4ca,c1bec3fd-9ec1-a4eb-7715-5021845a71e1,2014-12-11,2,2,2,series_unknown|secondary_market
39041e62-6b24-ae8d-1347-4cea947e832c,1c7e20f1-18b8-44e0-a55c-80c68e639b56,2020-06-08,2,2,2,pre_seed|convertible_note
fdded9a9-7298-4d01-9adb-fc4d886bcf90,89f753cb-9be7-b0ec-09b0-bac5fff25d9a,2022-11-22,2,2,2,post_ipo_debt|post_ipo_equity
ae6eb8da-ebb3-42be-9ee6-644a57af8755,9a52e438-a0d9-4525-8da9-c584362f8d14,2020-07-10,2,2,2,grant|series_a
a37476b4-7632-a500-c471-1e71b40ac47b,f1ab1d48-1cdc-4ba8-b0b9-1c077e27d07e,2025-09-02,2,2,2,series_a|seed
89464378-5aeb-4a03-a40d-b38bd2726fc3,0ad00232-68fd-4ff4-a6f2-5fd37ca2838b,2022-06-03,2,2,2,series_c|series_d
13a3a322-4bff-4e21-a50c-1211c8dfbebf,080f1dbc-025e-4ebb-8c25-7aa75743a850,2023-10-31,2,2,2,debt_financing|series_a
3bffd128-d9cb-5806-9da8-0deb0f7d7900,37783db4-09d5-6681-24cf-ef99acce2279,2019-02-08,2,2,2,series_f|debt_financing
ae6eb8da-ebb3-42be-9ee6-644a57af8755,ed765719-0de5-4b1e-9a54-e239e12845af,2022-10-06,2,2,2,convertible_note|seed
809d0f70-9c3a-48ba-9c04-fc6e75edc6e5,57884022-6a1c-45e7-b1ad-18344915d0f5,2026-02-17,2,2,2,seed|grant
7079eded-aaaa-9b03-a30a-1b9425f96249,03826983-462f-45a7-ad21-f9c5d9df2a3e,2023-01-05,2,2,2,debt_financing|private_equity
95dc5691-4fcc-4878-a000-2fd2cbccec76,0d58607e-0383-4816-9402-d54f1e4e1dcf,2025-12-03,2,2,2,series_a|debt_financing
6db631ac-a589-435c-9143-d24e65b61f0b,b2a55db2-af35-455c-97b4-c7b0be842de6,2024-06-24,2,2,2,series_a|debt_financing
e1605264-e1c0-46ff-979e-e6aaa086c43b,32b28bd5-2570-4676-845a-096944437f25,2023-06-19,3,3,3,seed|series_a|angel
a2fc8fbe-32e1-3219-a3a8-665ae83f7243,a64f208e-f513-b5d5-e34a-9141275f6ded,2023-05-17,2,2,2,debt_financing|private_equity
6efdabfd-619c-4edc-ac9e-d76b07e584fa,727b69af-5bf0-47dc-81dc-f19fa096ef59,2023-12-20,2,2,2,seed|pre_seed
b2c5d4cd-acbf-4922-97f9-c3d9ac7492d7,c641de03-3d10-4bae-9b9a-4682f33c6e33,2021-02-22,2,2,2,pre_seed|grant
aee47d3b-e06a-d516-6684-1d755ecbe99a,628d1141-4f4a-91f3-0fc4-7dd5167ab936,2017-09-12,2,2,2,debt_financing|grant
bcc5adaa-4cd6-bb68-8b91-838f2eee1aa4,e96af4d3-4be2-4e21-89d3-80fd7f3d752f,2021-05-11,2,2,2,debt_financing|private_equity
a1666fa1-521e-4a18-807d-a0238c4ebaf8,f862dbea-6608-4295-a8f7-b55d9c1f9b09,2022-02-03,2,2,2,series_b|debt_financing
cc38e680-ae70-4ab9-b11a-506147d5f6f5,a26a8731-3918-d346-fd94-a70c98b9b695,2021-07-06,2,2,2,debt_financing|series_unknown
53377857-8995-2128-8f85-bfc8c4a2178e,34e07118-7376-498b-8b46-9011a33e5b33,2021-03-03,2,2,2,convertible_note|series_d
2aca2ef9-b270-63fa-0b77-1c1dbfeeb130,23d85c4f-bf92-42e6-9b04-3e1fede22a16,2025-11-10,2,2,2,series_c|secondary_market
ae6eb8da-ebb3-42be-9ee6-644a57af8755,1af95cd9-e7a3-4148-807f-195c53552075,2020-10-07,2,2,2,grant|series_unknown
9aa041b9-d9f2-39e7-f056-a0f4d6294220,beeb5c46-86b8-4653-a4ab-cba947bdcc4a,2018-01-26,2,2,2,convertible_note|debt_financing
eb47c77c-d53c-73bb-724c-e6b80c3b13c1,14fbf6d2-9dd5-d5de-185d-c1fd02e2a83e,2024-06-05,2,2,2,secondary_market|series_e
da23eb72-ea19-faae-fdc7-9cbf82117737,6f165a0f-01c7-4574-bc6c-04aa8c84c720,2022-12-06,2,2,2,seed|pre_seed
799f911b-a07b-891a-5be2-5b4d74c11e65,6c037c33-91c9-4b0b-acf1-9ec0931884fd,2021-05-20,2,2,2,series_unknown|debt_financing
f4e2dfcc-b89d-46a2-aa51-d4022ba5e8df,129c0a41-fe94-49a0-8bca-b4ccb3071bc1,2021-06-05,2,2,1,seed
eefb493e-8fd1-760a-b0db-64160c82ca86,88cc344c-2034-4a7f-bd74-57d9d4d7072a,2026-03-24,2,2,2,series_e|secondary_market
0e02299e-a06f-42ed-84ea-0256a02701d6,54f01d6d-a92e-4ba1-9307-eb81d3765174,2025-11-28,2,2,2,post_ipo_debt|post_ipo_equity
7e3ad19c-7a71-f4f4-970c-2b0626ee534c,e1d1dea7-ac1d-c7e3-4a27-ced6af95c88b,2022-06-15,2,2,2,debt_financing|series_b
d7fed452-2140-4810-aee5-cb60a01c7137,e45f7dce-f8a6-734d-916c-d6261e21a272,2023-10-03,2,2,2,series_a|debt_financing
da18861b-a88d-41f0-9790-e2e3f4e5eca7,e8d42896-d8b0-4991-b515-c34364db6fcb,2024-02-17,2,2,2,debt_financing|seed
aa978289-a0e0-8e2d-9db1-537203f28e62,787fce6d-4b72-4ecb-9928-526f3e02d363,2025-09-11,2,2,2,series_a|seed
b40cbcc8-f242-4439-b21e-d747f2b07ff1,f1bd7927-49da-4af2-900f-8e55d929415b,2025-08-12,2,2,2,private_equity|debt_financing
803f03b4-14e5-4229-980e-1a4dcfbdfc41,04ff612f-6bee-42d8-ad7b-3802d5fa9ad6,2023-09-26,2,2,2,seed|series_a
983675c3-2ee5-471f-6b57-c9e32a0369c1,557fe079-5208-4c0b-ac7b-f466d74c23c9,2020-11-23,2,2,2,seed|convertible_note
0d730931-99f8-11de-d583-d609730a0d80,d096a42e-12fa-4a83-8662-80ab68267465,2024-01-02,2,2,2,convertible_note|debt_financing
ae6eb8da-ebb3-42be-9ee6-644a57af8755,d70ccd56-d535-79d0-5d34-d475b670141f,2022-06-15,2,2,2,grant|series_unknown
07f679c7-7c3b-b6eb-9382-b964bc8f32e4,e879d2a2-ebba-c79d-71a7-a95d184c9c50,2013-11-14,2,2,2,series_b|debt_financing
ab27131e-8d89-44eb-8754-464501ad10e5,78c902e3-cca5-4a1f-b4f9-6268105ca66f,2024-09-26,2,2,2,secondary_market|corporate_round
28f9c689-c7b3-de3f-9f92-9a7a5d90086b,46ff643f-f78b-4cfc-a15a-ec9c9b149b2b,2025-10-21,2,2,2,series_a|seed
60a8d903-841f-c27b-a5dd-e44ab18c0808,43e7fca2-bc96-410b-8fa8-90396f975c3b,2020-05-19,2,2,2,non_equity_assistance|pre_seed
0ca07c1c-ad4d-4308-a3a2-333c5884acb0,951f5755-5837-497b-9f57-22b4e426a98c,2024-08-07,2,2,2,post_ipo_equity|post_ipo_debt
2ca49bc0-5514-0f2a-2bac-b179ad427c59,3e0dec4a-1cce-4a2b-8261-87bffd82af72,2018-09-26,2,2,2,private_equity|debt_financing
902deab4-ec41-68ce-d9df-c0c959578176,9296f4b1-7656-4817-b6d4-c229ce088a26,2026-05-12,2,2,2,series_a|seed
b8cc84ee-07d2-71cf-dc80-8995baeb6b8a,c2ed697f-6ae2-a83e-daa6-543915b12678,2017-12-13,2,2,2,series_b|debt_financing
b6601cd2-d31a-a45c-043b-cdb933f01987,8445cb80-8ff0-493a-97d2-49596acbe883,2020-09-17,2,2,2,corporate_round|debt_financing
0e526725-4701-4b65-94a3-d737c241dede,7acfecb2-423f-46ae-a3e5-817895db4b97,2025-10-16,2,2,2,debt_financing|private_equity
8f442cfa-7704-3e3d-cd78-0c4ad171f5e6,4c8af45a-403b-409e-ab4a-9bfc301edb86,2023-10-05,2,2,2,series_c|debt_financing
6db631ac-a589-435c-9143-d24e65b61f0b,50bca2e5-a476-67d8-810d-550ef4e0a1fa,2018-08-21,2,2,2,series_unknown|debt_financing
d420cb3c-c5c2-df2a-63db-4850847570c8,7567ad1a-b585-491d-a68a-ece8b444ebd9,2023-12-30,2,2,2,debt_financing|series_unknown
d420cb3c-c5c2-df2a-63db-4850847570c8,9ebecfc1-dc63-4cac-8094-4fe063646a6e,2023-03-14,2,2,2,series_b|grant
4992e606-e918-46d9-bd0f-bd94e008883e,8084e7ab-2af0-43cd-98f5-12bcd70cb038,2022-04-05,2,2,2,series_a|debt_financing
1f37dbe5-a790-6e5e-4082-d9116ce3f5a7,25f6397b-1252-68ae-9764-b56e7ccfeceb,2017-06-01,2,2,2,grant|seed
60e249a6-d553-72a8-3b85-20407462624e,d0644096-7f63-401d-a627-b2f753929b97,2019-11-05,2,2,2,convertible_note|seed
34079d8d-e15b-3a6e-00cf-26db1b890ea8,9332ef15-5d14-4165-8016-006e65b3d11e,2023-03-07,2,2,2,debt_financing|series_b
8b8d96f8-9dfe-b27a-8f57-7d266a051dc9,8bb86601-e2dd-67ba-04e5-eb37326aebbe,2022-11-01,2,2,2,secondary_market|series_f
15f00221-f3b8-4099-ba33-c29a650a18b7,9332ef15-5d14-4165-8016-006e65b3d11e,2023-03-07,2,2,2,debt_financing|series_b
e4ec097f-702c-5a14-6854-676ad9dc3726,bb18c428-5b0c-9d4d-e175-02382de8f32a,2020-12-04,2,2,2,series_unknown|debt_financing
d85c9cd9-fa00-31bb-cfaa-3b5f9dd118ad,1112bff6-b75c-422a-b7a9-ed78396ad910,2022-02-23,2,2,2,non_equity_assistance|grant
5affee57-2a04-2493-d4f6-0217375f7b5e,fad8e57f-5300-4e5d-9cbd-ecca4dff29b1,2025-10-16,2,2,2,series_h|secondary_market
9aa041b9-d9f2-39e7-f056-a0f4d6294220,def5177b-cc5c-4a7c-a09a-a35da4469e27,2018-11-28,2,2,2,debt_financing|series_a
395ba048-d190-aef9-0e6e-d5cde2b8ed51,51b6c93f-41f2-a21a-43bc-f6c41cd17fa4,2026-01-22,2,2,2,secondary_market|series_d
7d10db48-4be4-47b9-b59c-8b104285c18b,b7c889e7-b5ce-52fb-2fc3-c82029a6f1b1,2025-07-01,2,2,2,post_ipo_equity|post_ipo_debt
7ec59fbf-40e8-5c42-03b2-8ec0ba944441,ec7e0b70-9caa-47ae-aa4b-a46aa910fab5,2025-07-20,2,2,2,post_ipo_debt|post_ipo_secondary
bfad96cd-0f22-856c-101b-16a23216f90b,d0228da9-a3e7-457f-b045-183d224ff43c,2022-01-31,2,2,2,series_b|debt_financing
61eff89e-2114-480b-9b96-3f0ad80a0e9c,214c373b-e12b-4e73-8f63-9be8b0c5b174,2025-08-27,2,2,2,secondary_market|series_unknown
259a9976-2429-4cb9-be24-f6f8e207eda1,0abe25d5-f571-42a2-905b-ec623c69d0e2,2026-01-13,2,2,2,seed|debt_financing
afabadf4-716b-41f6-955f-57a4f9cd84ea,d421f6a7-107b-4f08-938f-acd8fbcb1c37,2021-10-26,2,2,2,series_a|seed
0caa4574-5de5-6761-0902-c6e27371ec67,a79c2360-74e2-47eb-8a35-8da9bcd46d19,2023-02-23,2,2,2,post_ipo_equity|post_ipo_debt
89455224-722d-4c97-ab09-b8bd7a5279d3,1137dbe7-c09e-4ec2-aeef-1b08224439ab,2025-04-23,2,2,1,grant
ae6eb8da-ebb3-42be-9ee6-644a57af8755,23d6246f-1824-aa16-8b5d-303b8de2baa9,2020-03-20,2,2,2,grant|series_unknown
3197a4e9-38e5-47de-bba4-7b3499b71b5d,362bc7c4-044e-1624-c006-d20fa846f521,2022-11-29,2,2,2,series_b|debt_financing
765aca5d-30f9-4c19-39bf-c4f4bdd7c71f,03ef8031-2efb-4fa6-0648-1b09ca50c1ab,2021-04-21,2,2,2,series_a|debt_financing
4f015aaf-a2fd-4e21-9f91-ab0ade0b817c,5d820c2a-63c5-4beb-8a80-10914f745ffd,2023-12-19,2,2,1,series_a
ae6eb8da-ebb3-42be-9ee6-644a57af8755,cfbb60a3-2522-4523-8d3e-c02a9bf3dcb3,2021-06-16,2,2,2,grant|seed
ae6eb8da-ebb3-42be-9ee6-644a57af8755,29727e3c-84a1-448c-b2ea-60aa5da416df,2023-10-30,2,2,2,series_unknown|grant
d3c4b399-d904-4430-a2e6-48a9c5016160,987f9700-07eb-4326-a61e-072fa282fc32,2025-11-19,2,2,2,series_unknown|debt_financing
8f738619-608f-4026-9128-1e67e21bec09,5351ac5e-be6d-4530-8e88-aea5291c4001,2022-10-20,2,2,2,debt_financing|series_a
809d0f70-9c3a-48ba-9c04-fc6e75edc6e5,10d860af-34c6-4bdc-8797-3348e3282af8,2025-06-24,2,2,2,grant|seed
e03b47e0-f25f-1e36-1314-bd65b6d16ee4,ad1e1acc-af6d-4020-a2fe-d8ae5501ab38,2023-12-05,2,2,2,debt_financing|series_a
0ab984e9-7413-addd-0b09-7fd5fdef4150,fc9773a2-9882-32cb-224b-1b0e53b14369,2019-06-01,2,2,1,grant
b09ab004-df11-4c04-b5b5-2cc547e467a3,65e0211f-1a25-46bb-fcb3-404c3eb1d67d,2025-04-01,2,2,2,private_equity|debt_financing
b47e70e6-0d98-de62-9ab0-786104c83a57,c6c6c5e3-6ab3-45d8-8229-c7c13d43f4b1,2026-05-11,2,2,2,private_equity|secondary_market
3af5fa0d-8fac-4f00-be7e-bd1f525f3699,961d3f5b-e322-2060-ee17-e9349f8ebf40,2023-04-24,2,2,2,series_c|debt_financing
e3015b45-20bb-4c2a-8b1b-7764e93b57a6,61ac7a2f-ef7d-45f6-8302-ce906c2e3f78,2023-05-08,2,2,2,series_c|corporate_round
ae6eb8da-ebb3-42be-9ee6-644a57af8755,e271097f-89b0-422d-8f10-6a83b686a44d,2020-01-08,2,2,2,grant|series_unknown
edb9e66b-26b2-d71f-d82b-9effa3c19af6,a7445633-8693-4bb9-b833-03f18b7e8cf6,2024-06-18,2,2,2,grant|series_unknown
aec3ddc2-68ff-4cbc-abec-8e650612a441,aac9d3be-336b-228f-efea-980813516319,2024-07-22,2,2,2,debt_financing|grant
001968ce-46b3-3dc2-c34a-1dbd51b655e6,6c037c33-91c9-4b0b-acf1-9ec0931884fd,2021-05-20,2,2,2,series_unknown|debt_financing
b68c993c-4cbf-4339-b8b5-6c2eb430835b,8e217f6b-3141-418c-bc8d-d35bf3a2c273,2022-05-30,2,2,2,debt_financing|series_unknown
fb8d57c4-eb30-d2e3-ac69-b62cc0f27bbf,61cfe46e-16bf-45b7-afac-04eafc91eb9a,2023-02-16,2,2,2,series_a|series_b
48bac787-7774-defb-f76f-3534fb68b589,6a5c5f61-95dc-7292-6404-de6294940c3b,2018-07-30,2,2,2,debt_financing|series_a
4cd27e38-4427-c1f2-3f12-e391f231c75b,04ff612f-6bee-42d8-ad7b-3802d5fa9ad6,2023-09-26,2,2,2,seed|series_a
f85a2611-cc7b-4329-ac18-ca7b41ca99aa,5bfd3659-642b-f83a-eff0-fd6779c45fe0,2022-02-01,2,2,2,series_c|debt_financing
b7c000b8-0b00-9936-7e3f-7954f1af2949,9fe81836-4037-411e-8801-5404136b082d,2024-10-22,2,2,2,series_a|seed
8f2632c7-d4fb-37d5-de36-78506de421e2,dd17b50b-c30d-e785-0f67-da6c74fefbf0,2015-09-08,2,2,2,debt_financing|private_equity
23b60200-c4ed-f896-c730-193677717886,a7e4d0be-040f-c404-9e63-1f48c543c497,2021-04-06,2,2,2,series_unknown|debt_financing
1ab3d6b4-e014-5a11-bdf6-fd66b818e644,076f4f55-5ddf-4f01-b712-5ce538a530a1,2023-08-21,2,2,2,private_equity|debt_financing
943a1930-6927-20f5-0e34-20ae6d756f36,23d85c4f-bf92-42e6-9b04-3e1fede22a16,2025-11-10,2,2,2,series_c|secondary_market
6906284a-c5f1-42ba-823c-ba49ab409c0e,626c2b72-70ff-4183-bf19-906d4ab8fba6,2020-04-13,2,2,2,series_unknown|debt_financing
cd5549db-e9a4-10ef-701f-193612a5878c,6e281961-e1ee-f39f-dc19-73d4ddbbd4db,2016-08-22,2,2,2,seed|debt_financing
ae6eb8da-ebb3-42be-9ee6-644a57af8755,dfbfbd3c-ccd6-4686-ad2d-ccde6b584cb8,2020-10-07,2,2,2,grant|series_unknown
da7dace0-ea77-d4ee-4af6-7cedb69539e9,d20147fc-dcb9-4afc-854e-2165afeec1a5,2015-06-22,2,2,2,private_equity|debt_financing
ae6eb8da-ebb3-42be-9ee6-644a57af8755,708a7db3-6355-4e1f-b9d1-1145ce0f1e2a,2022-10-19,2,2,2,series_unknown|grant
c05d18e2-6203-0d82-f0e9-3b59317f1c21,48f66271-2279-6d2d-210b-adb864370001,2016-09-15,2,2,2,seed|series_a
efe1af48-8e22-a819-da78-afcdb79b9442,a7183e40-bac4-4c6a-9f5c-d35d6f5801d6,2016-05-04,2,2,2,private_equity|convertible_note
877e6281-29db-4a5e-8f5c-db9eeaf7fd05,428bb42e-6cc9-4909-9d28-a01dc0a89705,2021-01-21,2,2,2,series_unknown|debt_financing
eb5edcd2-2df5-49af-8888-cb1fe65ad094,faa04487-c9b6-5db6-c856-6a7a3f8d7582,2026-01-22,2,2,2,series_d|secondary_market
1059c1a4-78bd-e4ab-e16d-3a3b4483783a,04ff612f-6bee-42d8-ad7b-3802d5fa9ad6,2023-09-26,2,2,2,seed|series_a
b3fd55b7-548a-49de-b2cf-a5334c4b5ae6,e39a34c0-2572-442c-9c12-1d6e9aa62cf3,2024-05-13,2,2,2,series_a|convertible_note
9b5a3a46-0059-4550-8013-711371f33bfc,aecf9daf-7a24-9fd4-7599-df4a41dd4a65,2010-11-30,2,2,2,pre_seed|debt_financing
3c2869c9-ed5d-c878-2f3b-6b6b62181276,961d3f5b-e322-2060-ee17-e9349f8ebf40,2023-04-24,2,2,2,series_c|debt_financing
a2fc8fbe-32e1-3219-a3a8-665ae83f7243,b263f00f-5767-4ebe-a154-3701a998a445,2018-02-28,2,2,2,private_equity|debt_financing
02f87511-2b76-0f3d-7fed-109aba6dd5a5,482283bf-00fe-4330-9b3c-2f04194a53cf,2022-08-30,2,2,2,series_a|debt_financing
346d08d5-f820-04a6-40ac-233c3009a4a8,bcd596d5-d386-49eb-a9b5-9ef13872aed2,2020-11-20,2,2,2,debt_financing|series_unknown
39041e62-6b24-ae8d-1347-4cea947e832c,a93a301a-1390-48ff-9f7f-c13672af58ac,2021-04-22,2,2,2,seed|convertible_note
95d0c170-5fc0-2c61-e32e-9276ee396604,11187cf4-f767-4ba2-a363-026db5188fba,2015-07-27,2,2,2,debt_financing|private_equity
ae6eb8da-ebb3-42be-9ee6-644a57af8755,f0184b63-f195-4c23-8849-c363dba40b6a,2019-10-09,2,2,2,grant|series_unknown
47b84763-9727-7cdf-b194-2742e3963147,a7e4d0be-040f-c404-9e63-1f48c543c497,2021-04-06,2,2,2,series_unknown|debt_financing
6d0363b8-edcf-07d2-dc50-cc15adda3ede,5b82449e-ff1b-e1fd-da74-2730fc99292b,2025-10-30,2,2,2,secondary_market|series_unknown
4f34520e-9f75-9e83-79c2-320c4c654719,ed7b9e37-69c2-9f42-5602-6e0de806e96f,2019-03-04,2,2,1,series_unknown
76c506a0-a56e-2f7b-9c15-2c4740ca51e1,8cd8b10d-d424-49f3-b835-c42d3c99e918,2022-06-14,2,2,1,series_b
3a1f2e3a-9a62-43f9-9261-5b58190532ce,43b9e775-b843-f194-fb96-d266684cfb53,2017-08-10,2,2,2,secondary_market|private_equity
ae6eb8da-ebb3-42be-9ee6-644a57af8755,77227db0-d5e9-1572-c307-240929fe6050,2021-10-06,2,2,2,series_unknown|grant
10e4667c-64b0-83b4-76de-0d91bb527017,84653b74-db97-542b-5f74-19ca0003daa8,2005-01-01,2,2,2,private_equity|debt_financing
331411f5-6b07-23bc-a3bb-fd9f5de7b44f,3d97ad1e-a093-460d-8620-dc92e2aae193,2020-02-10,2,2,1,grant
ae6eb8da-ebb3-42be-9ee6-644a57af8755,2b9395a2-db7d-b458-8ee7-0d912c608570,2021-06-16,2,2,2,grant|series_unknown
983675c3-2ee5-471f-6b57-c9e32a0369c1,3cfb352e-17da-4776-9538-545ed48ee148,2020-05-06,2,2,2,seed|convertible_note
ae6eb8da-ebb3-42be-9ee6-644a57af8755,0135ea6f-692f-452f-97d8-519ec5417adc,2022-06-15,2,2,2,grant|series_unknown
49c1b235-6fc0-f9a1-4671-40024c7148ff,620a727d-28f2-4786-9c9e-066aa5d77658,2020-10-28,2,2,2,seed|series_a
a1d43c19-ee2c-f21a-82f4-b640eee9d978,2f0d85e8-ec6c-44d3-a666-0ed6124c0d5d,2022-12-08,2,2,2,secondary_market|series_b
0db25fb5-7143-46f6-885d-dd4deb451d7f,16cf0a12-a730-4735-954a-959fb2dcef73,2015-01-01,2,2,2,series_unknown|debt_financing
47b84763-9727-7cdf-b194-2742e3963147,5ec85ee9-acdb-4760-9082-05b382c400f5,2020-02-19,2,2,2,series_a|seed
0b684049-5d6f-7e53-fcb9-6dd3bb9369d7,3d4501ca-390e-a618-52d7-27f7b60dfbd5,2021-02-25,2,2,2,series_unknown|debt_financing
8c054538-4241-f27f-d115-d8dbf666ad11,48f66271-2279-6d2d-210b-adb864370001,2016-09-15,2,2,2,seed|series_a
70e73eb9-665a-4d32-b3e6-5faf7beeb5ea,987f9700-07eb-4326-a61e-072fa282fc32,2025-11-19,2,2,2,series_unknown|debt_financing
1ad2ccc9-10c0-4bed-b95f-f7e7c00a59e8,529514db-2bcb-49d5-98ba-db2dbd88bf19,2025-12-05,2,2,2,post_ipo_equity|post_ipo_debt
8c5ff693-d08b-fce9-7829-236ebf2fe254,cb6561d8-8c10-ee5c-6ed5-fbfb2d8f2bd0,2024-09-25,2,2,2,series_e|secondary_market
c48f6f50-a2f4-3143-9a23-8d96c099d584,a665d023-6628-537e-09c7-6790f79a9244,2021-01-18,2,2,2,series_unknown|debt_financing
39041e62-6b24-ae8d-1347-4cea947e832c,3cfb352e-17da-4776-9538-545ed48ee148,2020-05-06,2,2,2,seed|convertible_note
809d0f70-9c3a-48ba-9c04-fc6e75edc6e5,29642c9b-9328-4d7d-8c04-0fb7e286d65e,2024-07-15,2,2,2,seed|grant
b1adc682-a37c-835c-6fe4-c878a5d9e9bb,d12954ac-d898-40c4-a71c-dcaa8177c7ab,2021-10-20,2,2,2,seed|angel
334d9aa5-ca75-457a-3d95-d2c074243acf,a24c6aec-a363-9e95-ad12-34ecf092d1dc,2021-10-11,2,2,1,series_a
728c8f95-e9eb-bcd2-d4bb-5f7e314b1ef8,ddd8d025-b93a-b52a-588a-f5510308c729,2025-07-11,2,2,2,post_ipo_debt|post_ipo_equity
1b65c6b5-9855-32ff-d12b-2bffcf38f979,f9d083f1-39cb-47b7-aae4-6cf9717c7a90,2016-01-14,2,2,2,debt_financing|series_unknown
5bbf5a7a-48c8-4739-963a-599ee3f23835,356ffa4a-84e4-4026-9bae-3a3b62ebc856,2020-10-20,2,2,2,pre_seed|seed
8dfdd5b0-7db5-b5b2-18b1-9ef2efc3fbde,dcde55b6-c84e-bc34-57b1-bb8d1cba8764,2017-10-30,2,2,2,series_a|debt_financing
3c62db15-4db8-016a-145e-dd1a06d168e2,8957c749-4d0b-4b91-ba9b-6007248e318a,2022-02-16,2,2,2,seed|series_a
52652f4d-581e-4ad5-9d06-b1b250a333cd,73001075-b53d-49c5-9f93-4781bd92de95,2024-09-24,2,2,2,debt_financing|series_unknown
e65d10c8-6188-4aa6-bd7e-21c1dd6f6dbf,923412db-8932-4c94-b05e-38e64f32b1a0,2022-07-14,2,2,2,series_a|debt_financing
ba80fcad-2fab-4d92-87f2-30fed15e6edb,861bb226-3e4e-8fd9-18df-3158eb0350e9,2025-06-05,2,2,2,series_unknown|debt_financing
4eee5e60-3b06-6fe8-cc2c-29119a96051d,4dce1545-2bb5-bd62-5175-b2b103661d24,2016-09-30,2,2,2,debt_financing|series_c
db18732a-39b9-4ddc-8b8d-e69f91203e4b,eedfb981-8554-4551-93b2-86bc93e84900,2025-08-20,2,2,2,series_a|series_unknown
2a2d1a51-f66d-46a8-8aae-b321fe2bf3c6,7fe7b6cb-b847-dfe7-1f3c-26f3cd45a31d,2022-02-15,2,2,2,series_unknown|debt_financing
4eee5e60-3b06-6fe8-cc2c-29119a96051d,7bf67a7e-b03e-9c1a-9067-83398e080ed8,2002-11-04,2,2,2,debt_financing|series_unknown
6b165271-9ec3-4769-a5b1-e320631bed6c,54f01d6d-a92e-4ba1-9307-eb81d3765174,2025-06-20,2,2,2,post_ipo_equity|post_ipo_debt
d5b9d6ac-97a8-1abf-c138-5c548d4acb38,daf04f65-8e37-431e-a86d-ea2abd5968fe,2025-07-31,2,2,2,post_ipo_debt|post_ipo_equity
0ffe91a4-1ea9-4614-8d3a-0a9ffbffbc66,46f494dc-6df1-46e4-952d-1d2eceb87cd3,2022-04-27,2,2,2,series_a|debt_financing
06059314-d10f-c088-30c8-5a71e40ef75d,5cdc52c3-9f6f-45b3-9036-0aabbb1de332,2022-03-14,2,2,2,series_a|debt_financing
b38c0fad-9df4-4eb9-a112-b3f69db4dace,d454323f-0652-4525-bf2e-10ad7150b0ec,2026-04-14,2,2,2,post_ipo_debt|post_ipo_equity
4840d48c-d8d1-07ab-ec79-ebc6151b9bc9,c24cfab7-a64f-487d-a098-e8ba6fe19a19,2021-03-15,2,2,2,series_a|seed
54569727-58c9-5d57-d09d-2e7b58b04007,c046f243-6b37-4586-a5f2-9a77000ea56f,2025-07-31,2,2,2,seed|angel
3197a4e9-38e5-47de-bba4-7b3499b71b5d,f505e767-2f4e-4eca-aad8-50828d08f61d,2024-10-08,2,2,2,series_d|series_unknown
96a0b0df-2798-216f-5f42-054aedc0c31f,59dd748f-413c-1250-ca94-37750578ec5b,2020-02-01,2,2,2,debt_financing|seed
aa73d429-aba1-53bc-4014-5b39ae700951,32bab06d-f2b6-d36f-ab1b-6856a4d72f63,2025-04-07,2,2,2,series_d|secondary_market
da04c69f-b826-4c9f-83c2-46fe376acb0a,4d817e61-3380-4a3c-80d5-ea49f6eb7620,2026-03-18,2,2,2,debt_financing|series_a
9bb90a35-ef1c-bd76-c707-18f0bf20ee43,b6d1f578-887f-4f43-8202-b1cde0a12fd6,2026-01-14,2,2,2,undisclosed|secondary_market
e147a350-d7cb-f468-3196-2fc5bb74841e,dd0e584e-1413-4358-aabc-d99635e41bb4,2020-09-07,2,2,2,debt_financing|series_b
21dc4314-d888-754b-1833-2d015f165c9a,2e0d4f51-347b-470a-9518-0955a21fe122,2021-09-09,2,2,2,debt_financing|private_equity
d697b467-e5a0-5355-e1a7-c94ba828d2dc,539e598a-11c1-2911-4111-a40f7e899c7b,2022-12-23,2,2,1,grant
e3eb47cb-cbf7-3dfa-bed2-3a30c2b010a8,ede15ec0-e9d0-b37d-3c89-9009837c24d4,2012-11-01,2,2,2,private_equity|debt_financing
708b54be-b1b5-4663-8590-9df2543d84fe,0093f1fa-e551-c513-4582-6cd7d5ca9ab3,2023-03-06,2,2,2,post_ipo_equity|post_ipo_secondary
99e23a81-b7f7-4862-b3ac-16c76e7fc594,593a310d-4973-48d1-95ed-85cbce2c5038,2023-07-20,2,2,2,debt_financing|series_unknown
c3609d80-fb88-4d80-bf52-79d9d3cacf96,c9e6d2b5-d32d-f5f7-b235-72d395541c2e,2025-05-09,2,2,2,post_ipo_debt|grant
42198573-aa87-a4fd-93f7-6072cbf4dc4b,1663e62f-2574-4c21-82d3-be708c345160,2022-01-18,2,2,2,series_a|debt_financing
cc21aed5-bafa-9a66-f521-835df11386a3,af37a97d-74f3-693f-11c4-3d526e7d175e,2017-02-27,2,2,2,post_ipo_equity|post_ipo_debt
e7f9136f-a486-4e3a-9fae-418cdf557e75,95f3af30-5ab5-bec4-26ae-1e2ee8ba6fd8,2024-05-30,2,2,2,series_unknown|secondary_market
59e41cb0-550d-49bb-a792-fae8b5873e3b,c6f38999-fcc1-4cd0-9ad4-3e63af04edf7,2024-02-19,2,2,2,debt_financing|seed
03100a6b-7933-4f5f-aa50-3f13c744e56d,d361fd73-ab8e-227d-13d5-26864ea4b988,2020-06-30,2,2,2,debt_financing|series_unknown
9aa041b9-d9f2-39e7-f056-a0f4d6294220,b69ea576-9d35-4491-847f-9f708f0cb052,2012-12-27,2,2,2,series_unknown|convertible_note
f0f10b24-2aa8-ebcd-f0ad-be79655b9da1,ecd34ff0-841f-bfa9-441b-2b6dfa09909d,2023-04-24,2,2,2,convertible_note|debt_financing
ae6eb8da-ebb3-42be-9ee6-644a57af8755,bb687def-57de-4f56-be17-e3aab9723dd7,2022-10-19,2,2,2,grant|series_unknown
bd90713b-9fa7-2936-5fdc-c57cec2460ee,0d1989b7-72d0-4ef8-b3c5-d4470d54412b,2025-10-28,2,2,2,series_a|seed
355f3d08-b0a4-abe3-9503-9dc697bc8f37,080f1dbc-025e-4ebb-8c25-7aa75743a850,2023-10-31,2,2,2,debt_financing|series_a
91af34c4-9b6e-406d-a53b-6853c0d983ae,f299d31c-ad82-4163-a18d-1803ebecf797,2026-04-30,2,2,2,seed|grant
0894da9b-aa44-1f13-7c70-d3ca31c33e19,9a9580db-4799-49e5-89bf-bf86f0c2da34,2023-11-09,2,2,2,series_a|debt_financing
f2eb29e4-11e1-4269-bc76-88982ef3338c,0bc60dc3-b283-46d3-8873-18acb3a3e487,2025-02-27,2,2,2,debt_financing|seed
8bb972b8-b030-4c6b-9a49-7e1fec5ea2a5,5cdc52c3-9f6f-45b3-9036-0aabbb1de332,2022-03-14,2,2,2,series_a|debt_financing
a160a96f-e6f0-47a8-9994-3e4d67d5d3bc,00970669-a0f0-8516-2d56-3929f0f74991,2018-06-20,2,2,2,seed|debt_financing
a4837389-2b54-1e73-5e83-d8ca7f984c2a,bc3c695f-d1ff-aa36-0594-5b5cf34d0583,2023-03-24,2,2,2,post_ipo_debt|post_ipo_equity
48b8080d-e116-5fa5-317e-7edc0f023319,23d85c4f-bf92-42e6-9b04-3e1fede22a16,2025-11-10,2,2,2,series_c|secondary_market
6d4a585b-6802-dc2c-c1e5-8b7cac2c5f89,808d09f9-416e-076a-b2d4-fe0f5718cb94,2021-04-08,2,2,2,secondary_market|series_e
5fbee553-f659-45c6-aa3b-2a7965371b29,83fcbd14-5300-4ffb-b3a8-12699e8d384a,2023-07-07,2,2,2,seed|pre_seed
ada6a485-ac13-c49d-c486-4a1d886c882a,c258113f-6800-e99f-2b36-bce3884f952f,2020-06-30,2,2,2,undisclosed|debt_financing
beadb218-e5fa-2686-bc95-4dfaa9acc2e8,8e9c1b61-5b6a-b416-aafe-6937e75b3dc2,2022-04-26,2,2,2,debt_financing|series_d
b47e70e6-0d98-de62-9ab0-786104c83a57,52279245-d87a-daef-4838-8bf239711fe2,2015-09-15,2,2,2,post_ipo_equity|post_ipo_debt
6b165271-9ec3-4769-a5b1-e320631bed6c,54f01d6d-a92e-4ba1-9307-eb81d3765174,2025-11-28,2,2,2,post_ipo_debt|post_ipo_equity
ac41030f-c20d-0060-3f0a-37f0eee13779,337dd524-7971-af4c-51c8-a0e853b7fc9a,2013-03-01,2,2,2,convertible_note|grant
6319a540-817e-586a-ef45-b41f28eb671c,13e159d1-7a2b-469f-9890-4f8f84c412ed,2023-11-07,2,2,2,debt_financing|private_equity
d3f1105c-8086-550a-b132-1b785f74ffa5,3dd63a76-3d82-8f27-bfa9-39e0c9b4b429,2019-06-20,2,2,2,series_d|debt_financing
1c53e2af-ce53-9c3e-a80c-0315b3d7cc6a,a24c6aec-a363-9e95-ad12-34ecf092d1dc,2021-10-11,2,2,1,series_a
e77388be-3485-1a38-8128-f77c5d57d600,5ae15453-2734-722e-d514-e08a7e50a44c,2021-02-15,2,2,2,series_a|convertible_note
3d0f359b-c0c7-4edb-a9b1-84ec2698126b,d768845a-da0c-56d9-817a-69ce1e858925,2019-07-10,2,2,2,series_b|debt_financing
c3609d80-fb88-4d80-bf52-79d9d3cacf96,e635038a-df67-4962-94fd-1166ab40a54f,2025-01-22,2,2,2,debt_financing|grant
8bde1407-5334-4026-9825-c3c1a9642c77,95f3af30-5ab5-bec4-26ae-1e2ee8ba6fd8,2024-05-30,2,2,2,series_unknown|secondary_market
de4f13fd-6394-64df-b2e4-11494ca1a316,16e1dfb3-0bd6-6aa9-d9cb-790e3f8de745,2013-09-04,2,2,2,series_a|debt_financing
5d98f331-124f-1cc2-e3c9-001a6fe2fbf1,9296f4b1-7656-4817-b6d4-c229ce088a26,2026-05-12,2,2,2,series_a|seed
f0cdef24-a8d2-46f8-9b62-f595e2fb785d,1ddcdede-90f5-4a4c-b017-a2cd04f796b6,2026-04-30,2,2,2,series_c|secondary_market
156b547e-8439-4113-91c6-ce6c2a218f58,961d3f5b-e322-2060-ee17-e9349f8ebf40,2023-04-24,2,2,2,series_c|debt_financing
ae00c6dd-ecfd-8a61-3515-0fa1a417392a,3ed1287a-2393-4b3e-97ac-277661367647,2026-04-08,2,2,2,post_ipo_debt|post_ipo_equity
76c64c78-7066-f7ab-72e8-3ba282be0a06,4600bc67-3933-47a0-a184-3258b69545e2,2015-09-22,2,2,2,post_ipo_equity|post_ipo_secondary
5ae1a9d8-adbf-8880-6d18-5527ea313aba,f9aa1ce7-27af-4d54-9b4b-56ecfd709a3c,2025-04-15,2,2,2,series_a|seed
ae6eb8da-ebb3-42be-9ee6-644a57af8755,09f96bfe-97b7-657f-bd75-673555e3a52d,2021-10-06,2,2,2,grant|series_unknown
ae6eb8da-ebb3-42be-9ee6-644a57af8755,94655b0c-15e5-1413-20c9-d67c93d59f0b,2023-01-11,2,2,2,series_unknown|grant
aa1891fa-646a-1c56-cdcd-507e4a4d6b5c,af37a97d-74f3-693f-11c4-3d526e7d175e,2017-02-27,2,2,2,post_ipo_equity|post_ipo_debt
4eee5e60-3b06-6fe8-cc2c-29119a96051d,292851b5-029c-45c2-9c5d-43287ddd3be7,2022-04-13,2,2,2,series_c|debt_financing
fa2c3aa1-645b-4636-bab8-6d6ec988f171,843fc834-b123-4c9b-ae4a-21a6c28b8326,2022-04-13,2,2,1,series_a
7475db43-36a9-414d-f7a9-b92b78bae47b,eb13d9f5-704c-4c1b-b3fb-35be761b7aad,2026-05-04,2,2,2,series_b|secondary_market
c3144da5-8618-2e95-3a13-60417220da5e,373fb5ff-5280-b1b0-7eec-5bfda0198b63,2024-12-18,2,2,2,grant|debt_financing
ae6eb8da-ebb3-42be-9ee6-644a57af8755,38515eed-9daa-4e6a-a000-149adc776cac,2019-10-09,2,2,2,grant|series_unknown
1eb37109-3b93-01a9-177f-fee2cb1bfcdc,78c3daae-572c-4b93-bcfb-6b1c63e269cc,2025-02-03,2,2,2,corporate_round|debt_financing
3d05140e-9b71-4268-a3a9-ab84f2cd1bd4,faa04487-c9b6-5db6-c856-6a7a3f8d7582,2026-01-22,2,2,2,series_d|secondary_market
53298b5c-80d0-669e-c833-f0c987377fd6,cf17205b-4f9a-9d72-3849-403cecab1f1b,2021-06-23,2,2,2,secondary_market|series_unknown
b4bda9bf-62cd-9569-43f5-6f179850b735,3c5740d3-383c-48ce-8bd7-2e948e570909,2025-05-07,2,2,2,seed|series_a
d420cb3c-c5c2-df2a-63db-4850847570c8,cbe5c7ad-3742-44bd-97e4-dfa82ba139d6,2026-03-31,2,2,2,series_b|debt_financing
bebd95b9-764f-0b4b-ac23-e9b3a802fb8a,29226f22-f7ab-4549-9012-ab674bb68e7f,2026-03-23,2,2,1,grant
0003f244-79d0-6178-353e-33dabaf3b2c6,9032a865-b9fc-4239-8a3d-4b625e1d50fd,2021-09-01,2,2,2,seed|series_a
63eb8719-2957-f55c-7504-e823fcfa503b,3a587d56-dca1-93b0-1077-0d2d411191b4,2006-09-19,2,2,2,debt_financing|series_unknown
ae6eb8da-ebb3-42be-9ee6-644a57af8755,08a4d3b6-fd52-42cc-a5c0-26cae1135c4b,2022-06-15,2,2,2,grant|series_unknown
2a2664e3-bd42-6dfc-1983-3e0c8690ac2a,511bcc36-932b-4fc8-b0f3-ffaab7ce4184,2026-04-27,2,2,2,seed|debt_financing
7316f156-6032-ec6e-b0cc-ac09dc8746af,6d977b1b-beb8-2f7f-9adf-badedc2defd8,2018-06-27,2,2,2,series_b|debt_financing
2663b77f-1047-b0ed-71b8-5a3d2f3ac719,d2bdb340-58d6-47bc-b2db-2344ee3f8170,2026-01-20,2,2,2,series_a|secondary_market
dfb845ef-b677-1098-cdbf-86c9bece1832,e896d62c-aec7-48f3-ac72-4bd9e8c22b37,2021-09-13,2,2,2,debt_financing|private_equity
5070088c-73e3-1b1d-f6fc-5255523f4dae,472293d8-b52c-439d-9b91-0c3f5911ee31,2022-08-18,2,2,2,series_b|secondary_market
9da42114-b627-6926-f3b7-fd07e23fc337,b0b626fd-c85c-4aec-9c1d-dcb7ca862bdb,2020-10-15,2,2,2,seed|series_a
9a447f07-9803-4e2b-969d-95f029bcb6e1,a665d023-6628-537e-09c7-6790f79a9244,2021-01-18,2,2,2,series_unknown|debt_financing
85ab95bb-c120-1efd-959b-6ef48c2a8994,856ad2fa-5aa4-7baa-5bbc-d5a1156d769c,2016-09-19,2,2,2,debt_financing|seed
52652f4d-581e-4ad5-9d06-b1b250a333cd,44d65c42-dcb0-450a-b309-f316dc84038d,2020-04-09,2,2,2,debt_financing|series_b
444051b9-5dff-2198-08a8-16fbd5081cb2,e715f238-e87b-4b91-9a64-6c8906f5f56b,2022-05-11,2,2,2,debt_financing|seed
ae6eb8da-ebb3-42be-9ee6-644a57af8755,e51aa994-7702-15f2-9548-2f63b6249aad,2023-09-12,2,2,2,series_unknown|grant
a6bc2256-2e31-4260-8f32-4d1adeee723a,158aff78-d98e-7efb-2860-32482747b001,2019-01-23,2,2,2,series_c|debt_financing
b9156425-676a-4ecd-a4bf-f49272252412,9332ef15-5d14-4165-8016-006e65b3d11e,2023-03-07,2,2,2,debt_financing|series_b
c341cbc3-7419-7ddc-da42-2bbc7a03ef41,41d7ebe4-0462-413d-aeda-b61939368b41,2021-10-04,2,2,2,series_a|seed
601b7406-93ac-1c61-019b-95f646ffe4b6,afe57624-2653-d16c-81ee-c12bdeb29f42,2019-01-01,2,2,2,convertible_note|series_b
823b46e0-87b3-545d-4df8-e8aebc07e3f1,0bad9b2c-d0b3-4644-af07-2a38c84c45ee,2020-12-23,2,2,2,series_a|secondary_market
01b78c00-b6e2-7cbc-8286-8d14d09d441e,37783db4-09d5-6681-24cf-ef99acce2279,2019-02-08,2,2,2,series_f|debt_financing
3a1f2e3a-9a62-43f9-9261-5b58190532ce,cb6561d8-8c10-ee5c-6ed5-fbfb2d8f2bd0,2024-09-25,2,2,2,series_e|secondary_market
60ca4a6d-4a51-4a10-8d48-e6a807fa84a4,251b949b-1e36-4e89-9c0e-776441d2ac62,2018-10-12,2,2,2,debt_financing|grant
7a42b564-4bb6-5864-6cdb-a0100008f3b3,0de3ef96-6aac-c11c-2c17-d8d599aea0c2,1998-08-12,2,2,2,series_a|debt_financing
ae6eb8da-ebb3-42be-9ee6-644a57af8755,fa0fdd59-dfc0-4caf-885a-34e4e6c3320f,2021-10-14,2,2,2,grant|series_a
73d69010-1075-5c2f-c09a-08bd1ea430a4,2cf1c658-9311-4528-8282-df3c2f99c962,2022-05-25,2,2,2,debt_financing|seed
319ec20c-4c37-4052-9110-b7649a05d146,3969d805-c5f2-26e3-09b8-403dd535c8a0,2017-03-28,2,2,2,series_unknown|debt_financing
7e95474f-1b0c-4143-884a-1a7c43c4f6e4,ff4b7db2-1c2a-4b00-1737-74ed09dabe06,2018-08-14,2,2,2,debt_financing|series_b
59e41cb0-550d-49bb-a792-fae8b5873e3b,d797a1a8-d205-412d-81c3-134b58f9b016,2023-05-04,2,2,2,series_a|debt_financing
17766aa6-2da1-c1eb-d14d-2277ae1f34c7,a557cbd8-fdb9-4fca-9df3-c4a6c7e72aad,2022-10-06,2,2,2,seed|series_a
ae6eb8da-ebb3-42be-9ee6-644a57af8755,6f890423-f43d-4b15-a9cd-8c2f95f3497c,2022-06-15,2,2,2,series_unknown|grant
07c807bd-aee4-4710-96df-183985b59224,f8f3eb91-f504-4f56-98ab-45d97f439c86,2021-07-15,2,2,2,series_unknown|secondary_market
cadc99ca-4985-ff81-9b44-fc93a9c02da8,961d3f5b-e322-2060-ee17-e9349f8ebf40,2023-04-24,2,2,2,series_c|debt_financing
1acb875b-a9d7-4cdb-ace2-e8ac2f47cbea,f0af9954-566d-4d18-bbe5-d2dd3fc23d09,2022-11-30,2,2,2,series_b|series_a
457a0d61-5f3a-6f9b-1cd7-eca0ad7335c2,ca9bd3d3-00c9-7481-fea5-b38258d82529,2017-10-19,2,2,2,private_equity|debt_financing
e9343798-ab9e-ab52-bd69-e91a021be3e7,48db0263-cb1a-4d89-a439-87b38a70f68f,2024-02-20,2,2,1,grant
5b992092-2bb0-4073-abbd-d13d5f5e5030,b69afaf6-518e-4d18-ba91-dafbce6efaaf,2022-08-12,2,2,2,seed|series_a
983675c3-2ee5-471f-6b57-c9e32a0369c1,03bfd10d-b761-4171-9f83-0c4f55fc1e5b,2020-05-14,2,2,2,seed|convertible_note
5b28f67a-8fd1-4f61-6fde-c5d92af09440,bbda72fa-9d75-491b-9e9e-bfd2fe83d93c,2012-10-30,2,2,2,grant|seed
bcc5adaa-4cd6-bb68-8b91-838f2eee1aa4,9de928a2-75d8-4817-bc82-17469f61d7aa,2018-07-05,2,2,2,debt_financing|private_equity
91660dc8-978e-137d-1cb1-13b781fb0895,af37a97d-74f3-693f-11c4-3d526e7d175e,2017-02-27,2,2,2,post_ipo_equity|post_ipo_debt
ae6eb8da-ebb3-42be-9ee6-644a57af8755,5f31ec0e-84cb-b9b9-d702-a97b70bf7ddb,2020-09-14,2,2,2,grant|series_unknown
d45aa8c9-902b-fbb2-9d95-aeddf6c5b00f,c2ed697f-6ae2-a83e-daa6-543915b12678,2021-10-07,2,2,2,secondary_market|series_f
4f57578c-438d-4882-b90d-e0597ad8d48b,7bace072-c9e3-4602-bb94-4dd55e4dc62f,2024-11-25,2,2,2,series_a|seed
9aa041b9-d9f2-39e7-f056-a0f4d6294220,1730e966-531b-4e1e-ac19-68caaa84f4bd,2004-03-31,2,2,2,debt_financing|series_unknown
eefb493e-8fd1-760a-b0db-64160c82ca86,6f5592c6-0459-8edd-6959-1be6f5ac5e15,2019-01-15,2,2,2,debt_financing|series_b
9581628e-6b3c-4f47-9d89-ee4b6c31135f,7b405c6c-a96e-4a3b-a556-c670d52fc436,2021-11-26,2,2,2,debt_financing|series_a
aaa1c927-048d-67e9-6df9-4ce609e67a68,dfc765b5-f1d6-46d1-af3e-a3203ec14b24,2018-05-11,2,2,2,series_unknown|corporate_round
0b3c5740-abac-4737-8c6a-6cf2c93edcc4,eba67aa3-8e1e-4068-9d5d-fc03923b8ac4,2020-03-10,2,2,1,seed
ae6eb8da-ebb3-42be-9ee6-644a57af8755,46bb636a-ca96-4d5f-8375-53d3e935590e,2021-10-06,2,2,2,grant|series_unknown
9606725e-e771-4fa9-8c21-91c3de814eb9,5d820c2a-63c5-4beb-8a80-10914f745ffd,2023-12-19,2,2,1,series_a
14396192-4718-4084-4017-378d4b41cf6f,636e83de-3d58-41d6-99c7-68a2ada10412,2021-03-09,2,2,1,series_c
0032d24f-2946-4ecb-a53b-8be257454850,4882bf20-5343-4693-9834-845168f59163,2020-10-20,2,2,2,series_unknown|debt_financing
a7f74753-ce67-43a2-b1ad-297522dff7c1,04ff612f-6bee-42d8-ad7b-3802d5fa9ad6,2023-09-26,2,2,2,seed|series_a
bcc5adaa-4cd6-bb68-8b91-838f2eee1aa4,aac959ac-5cb5-9438-3a95-f2607bd913ee,2018-07-03,2,2,2,debt_financing|private_equity
9bd3f498-c544-4088-853a-c3e978a0c123,05cd26bb-3f5b-4841-2614-4d54fa0a88ba,2021-05-12,2,2,2,series_b|debt_financing
03192d1e-2a2e-33d4-5eee-8f6fb1f9ab42,50b58209-5d86-4e4f-a27c-40ce1b6f670b,2022-10-19,2,2,2,series_b|series_a
95d0c170-5fc0-2c61-e32e-9276ee396604,bee7d30c-96e9-48cd-8944-3b5ed9f1d66b,2009-01-12,2,2,2,debt_financing|private_equity
e147a350-d7cb-f468-3196-2fc5bb74841e,4e524d32-cecc-222f-0bae-3db4a467bd68,2020-04-23,2,2,2,debt_financing|series_c
3bfb69a8-61b6-ec30-1512-73bd1ca35bc5,66723557-1f68-4ab6-ac0a-d321496a9192,2018-03-01,2,2,2,pre_seed|convertible_note
ffbd5886-88fa-211d-ea00-97338467a5fe,7960a3a4-13a1-4eee-92c1-dec1704d0ce8,2021-01-07,2,2,2,seed|debt_financing
cbd0c66d-978f-4954-8800-d06d13140b00,fc58f3cc-cc3c-493a-862b-508782b2abbf,2025-04-15,2,2,2,post_ipo_equity|post_ipo_debt
9078d9d0-eacd-43f9-9327-f6129ad71140,f89b4324-da0d-4b5c-9c64-8a4bc053f781,2023-03-08,2,2,2,grant|debt_financing
3f2388b6-50bd-48b4-85e0-dffd5314a0ac,7960a3a4-13a1-4eee-92c1-dec1704d0ce8,2021-01-07,2,2,2,seed|debt_financing
7fbfed1e-5444-45a4-bfb8-bb00dee08b8e,529514db-2bcb-49d5-98ba-db2dbd88bf19,2025-12-05,2,2,2,post_ipo_equity|post_ipo_debt
63eb8719-2957-f55c-7504-e823fcfa503b,c2fa7ff0-2d03-c1e4-4c8e-55936aa1dc3e,2008-02-08,2,2,2,debt_financing|series_unknown
d49d98d7-2e54-f14d-3a46-030b1f01c8a0,4af926d0-b308-4ee0-91b0-dc8ceefee982,2024-01-18,2,2,2,debt_financing|series_a
3b2c6043-142e-453c-8087-cb94ae0ddd53,15d724c1-856e-4ccc-b994-d16704e3400a,2026-01-08,2,2,1,series_b
5b28f67a-8fd1-4f61-6fde-c5d92af09440,ac65f06f-025b-3542-3109-16b3deaf6ff4,2012-11-17,2,2,2,debt_financing|grant
de9cd65b-a2af-44dc-ae47-a89e5542e73a,a665d023-6628-537e-09c7-6790f79a9244,2021-01-18,2,2,2,series_unknown|debt_financing
cfcf9756-792e-8575-4135-85b7e1358731,0cdcc8c6-2b6e-4dd7-96a7-6597bbc3f710,2021-03-10,2,2,2,pre_seed|debt_financing
a705497c-f54b-ec5d-9d6a-1951de507031,31afdccc-abe5-6037-c940-83f26b5d05aa,2013-09-27,2,2,2,series_unknown|debt_financing
9aa041b9-d9f2-39e7-f056-a0f4d6294220,56aea973-38bc-4ced-bd2a-0612232f2100,2004-03-31,2,2,2,debt_financing|series_unknown
2f9e2420-22ad-4ebe-9790-d26e5042499c,37d51ede-a881-4646-ae63-7dd3155132a8,2023-08-14,2,2,2,post_ipo_equity|post_ipo_debt
ae6eb8da-ebb3-42be-9ee6-644a57af8755,6835f233-2528-44f0-87ea-b722c55c1bf9,2021-10-06,2,2,2,series_unknown|grant
260cf8d8-1b0a-4288-8824-ffe2888b1119,5351ac5e-be6d-4530-8e88-aea5291c4001,2022-10-20,2,2,2,debt_financing|series_a
c50719bd-93ac-4ed7-96ae-99ac3b3a8beb,fb4f94a8-0696-829c-4bcd-8fcd284d4889,2013-04-01,2,2,2,seed|non_equity_assistance
efd513e9-c18c-4e04-b0fd-f9f1227c999c,1a356191-f955-4464-93ba-95fdded83261,2025-06-11,2,2,2,post_ipo_debt|post_ipo_equity
ae6eb8da-ebb3-42be-9ee6-644a57af8755,7695bb36-92e4-d80e-f2a0-3fc9f57b588a,2021-06-16,2,2,2,grant|series_unknown
bcc5adaa-4cd6-bb68-8b91-838f2eee1aa4,1c021fce-6811-42ab-9362-0b2ed16a090c,2022-08-05,2,2,2,private_equity|debt_financing
beadb218-e5fa-2686-bc95-4dfaa9acc2e8,94719107-fcf0-4940-8857-b4bb488e4686,2025-11-05,2,2,2,seed|series_a
33bd7450-6e9a-4feb-b70c-56cc87fef3d4,8d09a443-597d-4b7a-b945-07a547116346,2022-04-27,2,2,2,seed|debt_financing
474d8f04-9487-4651-9bb4-19adfb4c255a,8ae4c735-9dad-49a1-8641-348221e6552a,2024-11-05,2,2,2,debt_financing|seed
931f7202-91fd-ab26-c07d-06518289ef06,9fa9e41c-191d-88e1-ea29-3660064701ca,2021-01-07,2,2,2,series_d|debt_financing
39041e62-6b24-ae8d-1347-4cea947e832c,d0644096-7f63-401d-a627-b2f753929b97,2019-11-05,2,2,2,convertible_note|seed
c2c1e02f-ca5f-b5db-4fe5-de1f58afb4db,7073a12b-14e9-06da-f7a8-5bb919189970,2017-08-23,2,2,2,private_equity|secondary_market
d85bbe29-d925-648e-5057-63e9a32a9f41,158c80f9-1b7c-4618-9b8d-a58f6b025dd3,2024-08-12,2,2,2,debt_financing|grant
b6601cd2-d31a-a45c-043b-cdb933f01987,f09a51b6-388e-5724-f32c-b19192f5eba7,2022-07-07,2,2,2,series_unknown|debt_financing
f7fb2f9a-7136-42f1-98f5-2899693bbbf1,0dd47933-9ca7-4dd3-b540-e4d7d2dee00f,2024-02-29,2,2,2,debt_financing|grant
86742bac-1934-8ad1-2190-3a1cca668505,db48959f-2c61-438d-a8cf-7ee65eb82f4c,2026-02-04,2,2,2,series_a|seed
39041e62-6b24-ae8d-1347-4cea947e832c,66ff5f1c-fe19-4444-bc9a-499a9940a0dd,2020-05-25,2,2,2,convertible_note|pre_seed
ae6eb8da-ebb3-42be-9ee6-644a57af8755,07530b43-26f2-4f9b-96f6-dfdf77379b56,2020-10-07,2,2,2,grant|series_unknown
bcc5adaa-4cd6-bb68-8b91-838f2eee1aa4,61bea3d4-dace-4bd0-b35f-e74d211c0297,2023-02-08,2,2,2,private_equity|debt_financing
9445146b-42b2-625e-4a2e-e1293328f4ee,32b28bd5-2570-4676-845a-096944437f25,2023-06-19,2,2,2,seed|angel
c429049f-f5d4-453c-b862-9b297721eac9,9714a894-a704-43b7-b819-e43cc6d854ac,2023-10-10,2,2,1,seed
da7dace0-ea77-d4ee-4af6-7cedb69539e9,2334b328-6b75-450c-9999-c08c5dcc2143,2013-10-14,2,2,2,debt_financing|private_equity
d5895a94-0341-03e5-245d-2dddf0d3d76a,76fa340a-6dbb-4148-a270-d9e73c6a66b3,2023-11-20,2,2,2,debt_financing|angel
704baa25-5337-ecb0-71f7-f28c18ad3faa,f935c7d5-9623-47d6-b6ff-ba324121f7dd,2021-02-09,2,2,2,convertible_note|series_a
c75400d4-d5ae-2f92-4e99-aee6b9a39a4d,c041a5c2-fff8-6d3e-0b26-524d55786af2,2024-06-17,2,2,2,private_equity|debt_financing
0a790786-4a33-454c-ad14-7eb8ab085335,29fd6376-f7b3-45b4-835a-70251c5fa66b,2015-04-01,2,2,2,series_a|series_unknown
cf8773c6-46cf-4ea8-9d34-117587e4d565,4df0e7bb-98f2-42ca-92b4-6cac7e2e59a0,2024-09-09,2,2,2,debt_financing|private_equity
ae6eb8da-ebb3-42be-9ee6-644a57af8755,cb283ca6-08e7-4f66-b822-0ed80275cb6a,2021-10-06,2,2,2,grant|series_unknown
7397c674-b7b7-4b34-a27d-d83e1b1a7d1a,4452fcc4-3086-4824-b9eb-ee6879af406f,2025-08-26,2,2,2,private_equity|secondary_market
a2fc8fbe-32e1-3219-a3a8-665ae83f7243,404e1a02-ecd9-4adf-b153-637437881202,2021-11-04,2,2,2,private_equity|debt_financing
0686cdc6-d6e7-0417-8329-29b5c85afeef,6c037c33-91c9-4b0b-acf1-9ec0931884fd,2021-05-20,2,2,2,series_unknown|debt_financing
396f6843-085c-8c9f-6eee-432f5bdbc5ef,6f5592c6-0459-8edd-6959-1be6f5ac5e15,2019-01-15,2,2,2,debt_financing|series_b
02f87511-2b76-0f3d-7fed-109aba6dd5a5,fa0cc014-e365-2f66-f825-d7c39be1317e,2016-09-28,2,2,2,series_a|debt_financing
d656d52a-8324-322a-278a-632b82bdef2b,f67747d7-5cdc-42b3-a423-4837c4a13daf,2021-07-05,2,2,2,series_unknown|debt_financing
62272325-6323-4d7d-9b27-acc73bf99a5b,56bd8069-3e22-4337-bd94-ecb96a15cb5b,2026-05-14,2,2,2,post_ipo_debt|post_ipo_equity
86742bac-1934-8ad1-2190-3a1cca668505,6e3b9d67-7b78-4818-9b06-f66d3a45294c,2022-01-25,2,2,2,pre_seed|seed
98ca74ba-00a3-a00e-ffac-09c5304af6ae,a7e4d0be-040f-c404-9e63-1f48c543c497,2021-04-06,2,2,2,series_unknown|debt_financing
ae6eb8da-ebb3-42be-9ee6-644a57af8755,ebfcd9a6-74b7-5fba-64fc-48844f21f453,2021-10-06,2,2,2,grant|series_unknown
ae6eb8da-ebb3-42be-9ee6-644a57af8755,5bdaa725-a849-4e32-91ef-469703508699,2022-10-18,2,2,2,series_unknown|grant
809d0f70-9c3a-48ba-9c04-fc6e75edc6e5,dead05a9-1998-4d54-8a1b-d7472578d326,2025-02-17,2,2,2,grant|seed
b79987bb-c223-5488-fe95-e00318ebb012,89f58377-4779-c66f-4412-1902090e414d,2022-09-22,2,2,2,debt_financing|corporate_round
21ea852d-0a1c-161f-7076-e0ad86ee67a7,d37ac1f6-2a62-aa30-5b19-9a089208def9,2019-03-04,2,2,2,corporate_round|series_unknown
b1d3fab9-4370-ca0f-14e3-4ab6eedf39c5,72eec248-3152-99de-e4cd-20caf2040d01,2016-05-11,2,2,2,grant|series_c
40028379-69f8-6a3d-79a5-51713ddbdfb8,adada746-5237-427d-8267-22423a777d44,2019-01-01,2,2,2,debt_financing|grant
83b78419-7bbd-e479-e7e8-18e5a6f989b4,8b2727f5-85b9-e2cf-5459-1d8219b6729b,2023-11-22,2,2,2,debt_financing|series_unknown
ae6eb8da-ebb3-42be-9ee6-644a57af8755,167ee774-8075-46af-acdc-3978c6b62fe3,2022-03-23,2,2,2,grant|series_unknown
6b353f6d-2aa8-4347-a689-4b162208d810,10041d71-fc3d-4c5a-84a0-5fa72ee0564f,2025-12-02,2,2,2,grant|debt_financing
809d0f70-9c3a-48ba-9c04-fc6e75edc6e5,9d36f303-8800-4551-a677-783162acbe0c,2024-07-15,2,2,2,grant|seed
91bca022-0bb3-4091-b93f-4c47f57e1077,484154cc-0380-47f1-8a6b-af5a57b83eb1,2025-03-06,2,2,2,series_a|seed
5f409ae3-c646-476c-9b04-89e1d68bdbd9,98447bb4-1bc7-45d9-8040-e6f2f7be1951,2023-05-03,2,2,2,secondary_market|series_unknown
88e5aa7b-0334-2a9d-9811-9b976a082889,03ef8031-2efb-4fa6-0648-1b09ca50c1ab,2021-04-21,2,2,2,series_a|debt_financing
d59eb426-d788-41f5-baa9-72f6f03bb7e5,1f20287d-2401-4917-8949-db28c07e2c9e,2025-10-17,2,2,2,series_b|secondary_market
809d0f70-9c3a-48ba-9c04-fc6e75edc6e5,b89bd1ff-59c8-4b7b-b6e6-401081e89e13,2025-02-17,2,2,2,seed|grant
fe246ac4-6c08-acba-52bb-3d60d476ff8a,2d8ba49e-9f20-4705-938d-d49ba7816ec9,2019-10-09,2,2,2,series_unknown|debt_financing
63d87b66-09d5-4ec0-af3c-0297ca03cb25,b017e1b1-b956-4638-8946-82d4cf872e42,2022-09-27,2,2,2,pre_seed|seed
3ce8463c-89e9-4d62-ba36-84e754b883c4,373c865a-068e-45ff-bd8f-15c320281baf,2026-04-14,2,2,2,debt_financing|undisclosed
95d0c170-5fc0-2c61-e32e-9276ee396604,48934f2b-5d6d-4b67-8034-42180bcaf1d1,2025-05-06,2,2,2,private_equity|debt_financing
3d3dcf59-b917-492f-805e-78aa17b585f5,5d820c2a-63c5-4beb-8a80-10914f745ffd,2023-12-19,2,2,1,series_a
f81ad6c8-b2ba-410c-9a35-1a3cab070df3,cc910a43-d477-425e-aca0-d938be177eb6,2020-09-03,2,2,2,debt_financing|series_unknown
2558ea2b-4f14-4643-a168-c556033db774,cb63d72a-d21f-499b-a23a-df96b4e6660b,2025-07-07,2,2,2,series_b|secondary_market
3a1f2e3a-9a62-43f9-9261-5b58190532ce,024d26ed-e03c-e51b-08cd-0c7c1bc9ddd5,2021-12-20,2,2,2,series_g|secondary_market
d507fc23-cb37-43c7-9c29-7e3e0a4014b8,ad1e1acc-af6d-4020-a2fe-d8ae5501ab38,2023-12-05,2,2,2,debt_financing|series_a
12b4d9e2-0be0-f06f-c946-974e8996fda3,fa154d73-5cbc-47df-8ad3-0a138d1b1691,2016-04-08,2,2,2,series_unknown|debt_financing
83520b90-d44b-be79-e12e-7b31a537d1bd,b5ba10d6-655f-57f6-4910-07b302ab5b22,2024-01-08,2,2,2,series_unknown|grant
f011027b-377f-cb5f-d2cc-e511982e58de,b0662a5a-4e13-4231-9bd8-1bad3282ccf6,2021-08-09,2,2,2,private_equity|secondary_market
b88d2a1b-52ff-410c-96f5-e2181933a52e,ec0a83b3-124f-4eca-87f5-60bc6896f6b0,2022-06-14,2,2,2,series_unknown|debt_financing
2384bfbe-0685-49f1-658b-fd35d28061e1,ff38a37c-0957-df34-be76-a6a0c4b31026,2013-06-18,2,2,2,private_equity|debt_financing
7c5208c1-69dd-53e6-c7bb-2fb43c29f992,1cf54180-1c37-4920-a7ee-6a8a444910e3,2015-07-29,2,2,2,series_b|series_a
3000ba7f-dede-4d11-b7c7-a06b1dd0e5af,2e5d55fb-4dfd-4d95-bd40-f02e30b7ec66,2025-12-03,2,2,2,secondary_market|corporate_round
da7dace0-ea77-d4ee-4af6-7cedb69539e9,ce214fa6-64dc-4bbb-9afe-4f84165eb08f,2012-12-27,2,2,2,debt_financing|private_equity
809d0f70-9c3a-48ba-9c04-fc6e75edc6e5,d6767f99-6163-4973-ad24-dbea657955dd,2024-07-15,2,2,2,series_unknown|grant
1b65c6b5-9855-32ff-d12b-2bffcf38f979,837b3722-2591-4e65-95c6-96bda0effe70,2024-05-29,2,2,2,debt_financing|series_unknown
bcc5adaa-4cd6-bb68-8b91-838f2eee1aa4,54536da6-c959-49ac-8471-65723d139e06,2012-12-28,2,2,2,debt_financing|private_equity
b7e5a760-5146-449d-a574-2cb02252986c,d454323f-0652-4525-bf2e-10ad7150b0ec,2026-04-14,2,2,2,post_ipo_debt|post_ipo_equity
047ba9fd-6e73-4e21-a815-612637131ea5,d4997001-7e16-4701-a6de-eed0616843b8,2025-12-11,2,2,2,series_unknown|debt_financing
44e83e09-e15f-097a-7035-57dad4c5e02a,5351ac5e-be6d-4530-8e88-aea5291c4001,2022-10-20,2,2,2,debt_financing|series_a
22b52ec0-84ea-41df-9b7b-31958217d3b2,8df49b0d-9f96-4a29-ac1c-6c6a25978dd0,2024-05-20,2,2,2,grant|corporate_round
823b46e0-87b3-545d-4df8-e8aebc07e3f1,811b4b79-eb2b-80ec-1619-09b9906f5301,2017-09-28,2,2,2,seed|secondary_market
f13413ff-aea8-4839-bc9c-4092f39e1341,57a5729c-df9e-4d3d-b45e-a9c88f03813e,2023-11-09,2,2,2,seed|grant
eee223d0-8c2e-3195-820c-f9864460c548,a0ab5abf-c2b6-4d9b-a52e-37f410a3bd80,2025-07-17,2,2,2,debt_financing|grant
ae6eb8da-ebb3-42be-9ee6-644a57af8755,8244a5c9-51ca-4247-91ca-27e6f1d3504d,2021-06-16,2,2,2,grant|series_unknown
b060f559-e740-89f2-5ecc-cb00c4b01548,186ee3c8-4df6-4877-a5e3-44b8510434d1,2022-05-09,2,2,2,series_unknown|debt_financing
00e49595-f240-41b3-8f4b-a556550254d8,1454bcda-bed1-156b-1c39-996990e519f8,2022-12-28,2,2,2,series_a|debt_financing
be8bb6d9-359b-4bd5-9f91-2afbf83a0814,d0d7f5fd-96c9-58f1-0691-6e409e57b564,2026-02-13,2,2,2,secondary_market|series_f
d941a33a-d43a-4714-94f0-3d35198f36b3,ba8021fc-92b2-42e2-ad73-e0ce315fe992,2023-10-18,2,2,2,seed|grant
3860040f-32cb-5cfd-92df-d8f37f2ea70c,6f5592c6-0459-8edd-6959-1be6f5ac5e15,2022-08-25,2,2,2,debt_financing|series_unknown
47b84763-9727-7cdf-b194-2742e3963147,338944b8-c229-94d5-d630-4a4681a37d6c,1993-10-01,2,2,1,series_unknown
81bab347-e529-b863-a978-dbebf03012ce,998f97d6-8271-22d0-3e58-2432764e2cf0,2021-06-10,2,2,2,series_unknown|debt_financing
c7a7884f-b87c-4701-b0a5-26095c612e67,59092dfc-17d4-4dfc-8961-0693ca7f96e0,2025-10-05,2,2,2,series_b|secondary_market
9b627ed7-ed8a-470a-bb1f-a9ee73b1ad77,d727e344-e6ee-464e-aa02-0da419579345,2023-03-09,2,2,2,series_unknown|debt_financing
e7f9136f-a486-4e3a-9fae-418cdf557e75,b068dc87-b99f-c22d-c1a2-87f944dbb1e5,2025-11-04,2,2,2,series_f|secondary_market
c40189cd-74f7-6f4a-884b-e8d2e2862d86,61cfe46e-16bf-45b7-afac-04eafc91eb9a,2023-02-16,2,2,2,series_a|series_b
7efe1faa-04dd-3774-e084-88727a931ae0,7b5abe7a-b764-482d-9730-eee8830ad1c9,2021-09-08,2,2,2,convertible_note|secondary_market
f3aa61b3-a9ec-42bc-a239-b1da20e2f5af,00fbf527-5c5f-4976-a557-f60f905e2d31,2023-04-04,2,2,2,debt_financing|private_equity
e62cb6a0-f596-4aa9-ade1-46a47a1fea49,f8b297a6-9399-43d8-b863-39c38422db99,2022-06-20,2,2,2,grant|pre_seed
76c64c78-7066-f7ab-72e8-3ba282be0a06,96e6935d-9001-4112-beae-773d1d5ef0e7,2025-07-15,2,2,2,series_c|secondary_market
07d82047-c9b7-1328-137f-117dacaa50ef,afa60f0b-29f4-4b24-1bee-8bd18e8ced9b,2023-02-17,2,2,2,post_ipo_debt|post_ipo_equity
a2241b17-4bca-46f9-b5ab-dd319a067bb2,c2a87101-22a2-4980-b0c7-53596199e088,2024-07-22,2,2,2,private_equity|debt_financing
ccdc12fd-dd6f-44a5-8ae8-e8736ae8bacb,ae4554ed-3e44-41a9-96e6-fddb2570f025,2020-10-08,2,2,2,debt_financing|seed
d420cb3c-c5c2-df2a-63db-4850847570c8,971f55eb-eb19-85c0-f9aa-18d36be8718b,2021-04-29,2,2,2,grant|post_ipo_debt
efd8cb93-f082-521c-409d-ef778afb3ea5,1e10fc76-fb0a-a107-d7a5-f174fba7dddd,2026-02-23,2,2,2,post_ipo_equity|grant
ae6eb8da-ebb3-42be-9ee6-644a57af8755,e53afa90-b9b7-157f-54ca-5169fbd8d941,2020-01-08,2,2,2,grant|series_unknown
0caaa18f-916d-f2b2-35c1-d130e7b05e30,65b72f23-7324-4b18-86ab-d8b8e176cbe4,2020-10-07,2,2,2,convertible_note|seed
5d98f331-124f-1cc2-e3c9-001a6fe2fbf1,d87bb334-5922-4d64-99cb-f330158759ee,2022-03-22,2,2,2,series_b|series_a
809d0f70-9c3a-48ba-9c04-fc6e75edc6e5,2b0e244b-50fd-4224-ab51-49fbeabd3b35,2024-07-15,2,2,2,grant|seed
809d0f70-9c3a-48ba-9c04-fc6e75edc6e5,c79ae487-d53c-6cbc-7530-a1815a97c61a,2024-07-15,2,2,2,grant|series_unknown
a7c69d60-5083-08ef-937b-6cef93a9728c,c132c256-21c9-c5d3-cfcf-0a2a79ee0d3f,2025-09-24,2,2,2,debt_financing|grant
5c963164-8add-172c-5f9d-8d1f2dc44a53,01cc120d-c281-48c3-8d02-0e14c1aa10fe,2026-03-26,2,2,2,series_b|secondary_market
ae6eb8da-ebb3-42be-9ee6-644a57af8755,b5b58a63-5d2d-4b6a-bb66-e6ddb43ed1a8,2023-11-06,2,2,2,seed|grant
1b65c6b5-9855-32ff-d12b-2bffcf38f979,1e53f8b7-8645-efc8-c42a-43ee1b3fee2b,2017-05-09,2,2,2,debt_financing|series_unknown
52652f4d-581e-4ad5-9d06-b1b250a333cd,916108de-2c72-401c-9ba2-f7ae2d18351b,2021-04-26,2,2,2,series_b|debt_financing
b032ff0e-0e9e-793a-d651-fa69896b86f8,2c39259a-3bce-4b50-a8e8-39cb23714c9f,2023-05-19,2,2,2,post_ipo_debt|post_ipo_equity
afbcf6ab-6061-0f30-e86b-2e334b10f443,469fb194-03be-4871-80e2-981c42d69a45,2024-08-01,2,2,2,series_a|debt_financing
304173b9-c7a4-6305-9961-20239db03c87,04ff612f-6bee-42d8-ad7b-3802d5fa9ad6,2023-09-26,2,2,2,seed|series_a
6f20df52-6b80-47ef-b136-ab7f4aa303f6,6faacb25-fa19-48f1-acf5-f77f92d271c1,2024-10-15,2,2,2,post_ipo_equity|post_ipo_debt
23299de9-96e6-4c09-a120-ea469c139f07,5405c32f-19ee-4c2b-bf11-186b7206f556,2022-10-13,2,2,2,series_b|debt_financing
7ca09f5b-2e43-487b-8088-612814536df6,bebe6b12-d4d3-232d-9d4b-a70be15d61f7,2019-08-08,2,2,2,secondary_market|series_unknown
e9e7b997-5bf6-b4a4-9714-159782b8a8c3,3892260a-f001-a21b-eaa7-6d1d0baad803,2025-11-05,2,2,2,series_f|secondary_market
3e352423-06e5-8386-e0cd-a1ad452626a9,7f5fee94-6336-dcde-e6df-2fc7ed1951ab,2018-06-27,2,2,2,series_e|debt_financing
3be66065-1ba0-dc55-821f-32d9ab2d096c,27a6234f-224e-4f0d-b186-d65be3f160ed,2019-04-17,2,2,2,series_b|debt_financing
ae6eb8da-ebb3-42be-9ee6-644a57af8755,9832a9ce-d1cf-42ae-a394-0d0407744b4b,2021-10-06,2,2,2,grant|seed
ae6eb8da-ebb3-42be-9ee6-644a57af8755,5963f34f-1454-4a93-91ae-06ee0b1edf9a,2022-03-23,2,2,2,series_unknown|grant
9aa041b9-d9f2-39e7-f056-a0f4d6294220,783465cc-5f98-6579-7a7e-606fdacb4977,2012-08-01,2,2,2,series_b|debt_financing
3912723a-31fa-47ad-9006-a18f34ee710c,961d3f5b-e322-2060-ee17-e9349f8ebf40,2023-04-24,2,2,2,series_c|debt_financing
96c3a28e-d93f-4e2a-a511-08584a360cad,14317f76-d95e-4861-8e48-d0300e361d0c,2021-12-17,2,2,2,post_ipo_debt|post_ipo_equity
3a1f2e3a-9a62-43f9-9261-5b58190532ce,43bed2dc-aae5-4096-938b-191372e3da45,2020-03-05,2,2,2,secondary_market|private_equity
dd9a5f15-c8d9-46ac-bcbc-e6233c860419,28f68783-a327-197a-3aca-6cbc1e6ae693,2021-06-25,2,2,2,secondary_market|private_equity
aefa3a84-5193-00c3-5cbf-ec5ec2645672,54814919-9a8d-497b-bf71-90a23f744c98,2021-05-06,2,2,2,seed|debt_financing
649bec8f-2732-b53a-526b-1bd65b3fc577,16e1dfb3-0bd6-6aa9-d9cb-790e3f8de745,2013-09-04,2,2,2,series_a|debt_financing
9919d249-40ba-8176-7ddd-06cdd18b4251,529514db-2bcb-49d5-98ba-db2dbd88bf19,2025-12-05,2,2,2,post_ipo_equity|post_ipo_debt
2b1cfbe8-56f8-aa96-a8cb-341af85a1ccf,18df283f-3353-87a8-729d-a48e18feed66,2022-11-21,2,2,2,post_ipo_debt|post_ipo_equity
ac41030f-c20d-0060-3f0a-37f0eee13779,2c87633f-4bf3-6e1d-c82e-0227f235fc3e,2015-06-01,2,2,2,seed|grant
704baa25-5337-ecb0-71f7-f28c18ad3faa,584871a6-7311-4d96-8aaf-2e709a88ab09,2026-01-27,2,2,2,series_a|seed
809d0f70-9c3a-48ba-9c04-fc6e75edc6e5,adfb4f64-e8c2-4a95-8ff0-4efc72426d41,2023-06-19,2,2,2,series_unknown|grant
54826d4e-2f22-437b-9153-1b49421aef5e,274f290b-3c70-140b-693b-b69c02d0ddfd,2025-08-14,2,2,2,series_d|secondary_market
a02d3969-2526-77b4-538f-f753ce9af3c0,c1bec3fd-9ec1-a4eb-7715-5021845a71e1,2014-12-11,2,2,2,series_unknown|secondary_market
78844995-a8df-43c4-9e94-d186caa7fdd6,5b0257be-5d76-4080-a93e-c732efbcb78a,2021-11-26,2,2,2,series_a|seed
85a1fdfb-93eb-4888-9278-fc5ab0dbe38a,13e159d1-7a2b-469f-9890-4f8f84c412ed,2023-11-07,2,2,2,debt_financing|private_equity
4940df8e-32f0-4189-b23c-2391cdb25436,35cb08eb-863a-45d5-9c9e-7d8dafd505e8,2020-03-10,2,2,2,grant|debt_financing
96bc2997-a597-cebf-fb97-703ca18e1447,c2ed697f-6ae2-a83e-daa6-543915b12678,2021-10-07,2,2,2,secondary_market|series_f
d420cb3c-c5c2-df2a-63db-4850847570c8,1c599048-3da5-4d3d-a9cd-2013674241fd,2022-03-01,2,2,2,debt_financing|grant
3267dc46-7fc2-5ccc-c558-c7c38012c299,f350d6cd-8164-4ad3-a212-91489b30db32,2023-01-10,2,2,2,debt_financing|seed
ae6eb8da-ebb3-42be-9ee6-644a57af8755,9292b399-26e9-4bdb-a86c-b965224ba988,2021-10-06,2,2,2,grant|series_unknown
a80524bc-d772-2f8b-f3d6-d564cd06a286,be7303e2-bd6d-4747-8199-032ae6a75e1a,2026-01-20,2,2,2,series_b|secondary_market
9aa041b9-d9f2-39e7-f056-a0f4d6294220,d63c426c-1ca1-4997-8d2b-73f8066168ee,2016-03-30,2,2,2,debt_financing|series_unknown
e16016f7-6889-4c5f-9a7d-0c583e4b9891,a981f17a-c999-a973-d675-2f5fc092b620,2022-06-21,2,2,2,series_b|debt_financing
ae6eb8da-ebb3-42be-9ee6-644a57af8755,28a12abf-0e2e-4863-8b2a-ec74e8d58ee0,2019-10-09,2,2,2,grant|series_unknown
3b92413f-e5c3-4ce9-9de7-021431a37bd5,4c8af45a-403b-409e-ab4a-9bfc301edb86,2023-10-05,2,2,2,series_c|debt_financing
dcad8d78-5b66-77f7-db03-f37016aadd49,4586404c-040b-4cb9-b640-694aea2c5641,2024-04-18,2,2,2,series_c|secondary_market
f7faf3a9-5a63-4349-8423-206ec52b1cf4,d0d7f5fd-96c9-58f1-0691-6e409e57b564,2026-02-13,2,2,2,secondary_market|series_f
deea8f78-a62c-0e9e-1de1-cb1aa1c46675,3efe5d37-5198-628f-f376-fb453f84a862,2014-01-09,2,2,2,series_b|debt_financing
ae6eb8da-ebb3-42be-9ee6-644a57af8755,91097b17-9082-ddd3-8af0-8cbc5160ce93,2022-06-15,2,2,2,grant|series_unknown
3d180642-51d3-6949-6ca5-7b9cf94a29df,4f986750-a123-6129-52f1-5fbb471365c2,2017-12-19,2,2,2,series_d|secondary_market
b137564e-ba18-ce1d-83c9-cfa72e57996b,be7303e2-bd6d-4747-8199-032ae6a75e1a,2026-01-20,2,2,2,series_b|secondary_market
428bcf9d-64ca-f5ae-c354-bceafcc9d3d2,367ec43e-d434-4691-9d63-9baa63d4ceb5,2025-12-25,2,2,2,grant|debt_financing
809d0f70-9c3a-48ba-9c04-fc6e75edc6e5,6973dfd5-83ce-de4a-08a7-324ee8495c00,2024-07-15,2,2,2,series_unknown|grant
ab5832c6-339f-15d0-8279-2453bff004ea,924c8fb7-29aa-6bac-3816-32c946f11022,2025-02-27,2,2,2,debt_financing|corporate_round
02ac6de6-4c31-3265-eb61-4d210ce0bd1c,a55ddbef-3cbf-e15a-9e11-1bed9e85a9d3,2023-10-31,2,2,2,debt_financing|series_c
dbdafc98-7c6b-9cf1-b1bf-d3f590197dd1,ad137a13-cf48-4a05-917a-aed1727f25d6,2023-04-17,2,2,2,debt_financing|series_a
1104bdf1-8402-c3c6-d596-806add330059,8d36822e-5d71-4a92-91aa-12498bf440af,2021-03-16,2,2,2,debt_financing|series_unknown
6acfa7da-1dbd-936e-d985-cf07a1b27711,c69eaf90-387c-f248-cfa8-cae35ab6adad,2020-12-10,2,2,2,series_g|debt_financing
427aeab2-4255-ba63-af3b-1bfd04845589,c2fb8a41-cca6-489c-97bd-616251ca5a63,2021-04-07,2,2,2,debt_financing|series_a
809d0f70-9c3a-48ba-9c04-fc6e75edc6e5,3c2256e2-8636-4b41-b6e9-2cdc5c3cf8f3,2024-07-15,2,2,2,seed|grant
7cc2b94a-7159-4084-a48a-4bb3eec0cd43,5bd6028f-3970-776b-6e65-c4af0d992f6a,2025-03-27,2,2,2,debt_financing|grant
af6da4a5-6a3d-4e82-b95d-1c6998ba632c,83fcbd14-5300-4ffb-b3a8-12699e8d384a,2023-07-07,2,2,2,seed|pre_seed
901c3ad2-30a6-a5ce-61be-d45810cb515a,844979a2-27a1-4a82-923f-97fe73b1be95,2020-07-14,2,2,2,series_a|seed
ca58926d-984c-460b-9602-c17764e67ae8,4af926d0-b308-4ee0-91b0-dc8ceefee982,2024-01-18,2,2,2,debt_financing|series_a
ac41030f-c20d-0060-3f0a-37f0eee13779,fcdd7dd7-1367-7e76-75bc-88b62cdd3034,2015-01-01,2,2,2,grant|seed
b6f66d94-2342-7e2d-14a0-a2f4ed537238,a6b3a487-c17f-431a-b6c0-b7e4d9c4a3b7,2026-05-04,2,2,2,private_equity|debt_financing
cd7cc9a0-0f2b-13fc-cbc7-222a6b28fa95,ead104fd-8fef-43d4-95b4-80ba5b7ddb27,2025-08-06,2,2,2,series_a|secondary_market
81d916b3-0b21-1667-9964-6773d7412022,a1102c6c-1bc4-b6aa-c5f2-6c34bd4b2370,2022-04-07,2,2,2,debt_financing|series_e
809d0f70-9c3a-48ba-9c04-fc6e75edc6e5,013b1f0b-d9f1-4bd6-a734-12d2dc49dd9b,2024-07-15,2,2,2,grant|series_unknown
7dec18e4-cfa2-066d-a5a2-53ba8f6d215d,13e159d1-7a2b-469f-9890-4f8f84c412ed,2023-11-07,2,2,2,debt_financing|private_equity
283cf1b7-cf71-3a6c-6a59-8d16ea23e02e,a665d023-6628-537e-09c7-6790f79a9244,2021-01-18,2,2,2,series_unknown|debt_financing
b8cc84ee-07d2-71cf-dc80-8995baeb6b8a,319dc12d-137e-4da0-be13-0b153461615d,2021-11-01,2,2,2,debt_financing|series_unknown
069993e9-18b1-4eba-9e19-31bc2ac9e396,a2d710d2-a005-47f4-a78e-87df456fa9c7,2021-06-11,2,2,2,private_equity|debt_financing
3bd82f49-b44f-43e6-9259-fcf96f8c7180,f9da3e89-f3d2-40b6-81b2-f20949aa7822,2022-01-21,2,2,2,grant|convertible_note
9a77c578-63ee-3df6-4bb1-bbd13d4af758,45c9bfea-d2a2-56dc-6dda-bd6f20e35fb2,2025-08-06,2,2,2,corporate_round|convertible_note
edb9e66b-26b2-d71f-d82b-9effa3c19af6,c83e8e14-ece6-44d4-8284-c8368f421ab7,2024-06-18,2,2,2,seed|grant
cb5c5463-c4da-4385-9e22-ac4055b0348f,ddb8301c-0127-4023-a0b2-ab759c5257e8,2023-03-15,2,2,2,convertible_note|seed
7bff6ea7-6f6b-4d76-9f76-7556ce7327ec,41a82c03-5a6d-490a-9540-b4caf3dd3dcf,2024-03-05,2,2,2,post_ipo_equity|post_ipo_debt
4cf62df8-6725-4bb6-82e1-e01ce90b289a,7e368836-c0d9-4273-b2b3-6af7b00a21ed,2021-06-28,2,2,2,seed|pre_seed
e8487396-f60c-25f1-2bb5-bfcb4e0f4b66,173c5854-80f4-bd91-977d-dd4445cdf0fd,2020-03-06,2,2,2,series_d|debt_financing
4eee5e60-3b06-6fe8-cc2c-29119a96051d,d46a832f-fa21-6f5e-2fd4-b693aace65e7,2021-11-08,2,2,2,series_b|debt_financing
52393405-b767-429d-b4bd-9fc1312e5a6e,40522689-db33-4b71-888a-ff537ac52d05,2026-04-30,2,2,2,debt_financing|private_equity
439d7bbf-11ae-7ddf-1887-727188ac065d,483e69e4-de8f-b03e-1a7b-646cd22ab457,2016-02-06,2,2,2,convertible_note|pre_seed
83cbd7ed-cce6-3005-49a6-972a43dc631f,0be0634e-b785-45bb-802e-463e26488075,2025-07-22,2,2,2,private_equity|secondary_market
83e1d324-76e6-4841-b843-3e0e5a7c4f91,ce1606d1-fc19-4f40-b3ed-67079c3b5b10,2022-05-31,2,2,2,seed|series_a
2c747825-2789-5e63-ff59-473024c0fe48,6d30e022-42a9-4443-84c2-2d6a9c9ec954,2025-10-16,2,2,2,series_c|secondary_market
ba457eae-2f94-4604-896e-066a4f9088d8,e5e38d4e-b2df-4e6b-85a6-de3c64b067d5,2025-07-09,2,2,2,post_ipo_debt|post_ipo_equity
f6f889a7-af59-2363-8984-addadc4da1b2,2e2a8fa5-628b-7849-f2f4-c6f4458d9a38,2019-01-22,2,2,2,debt_financing|series_b
6db631ac-a589-435c-9143-d24e65b61f0b,d797a1a8-d205-412d-81c3-134b58f9b016,2023-05-04,2,2,2,series_a|debt_financing
835e0160-fede-0808-e9dc-6a7fa01fbc9a,a40f1dce-cddc-4db0-905b-0e3625e15f92,2022-05-25,2,2,2,private_equity|debt_financing
569fa35b-e92c-4c8b-a6e4-1031977c8694,a010850c-06b5-0f19-f9bd-16708915ac58,2025-10-27,2,2,2,series_e|secondary_market
bde5be40-84d3-6e44-b993-d22910c37589,31afdccc-abe5-6037-c940-83f26b5d05aa,2013-09-27,2,2,2,series_unknown|debt_financing
069993e9-18b1-4eba-9e19-31bc2ac9e396,ba46fc32-00f4-465f-db72-15fd2dfd0193,2021-06-11,2,2,2,post_ipo_debt|post_ipo_equity
2a2d1a51-f66d-46a8-8aae-b321fe2bf3c6,cb08d20c-bf93-4545-813a-db5be7939186,2021-11-24,2,2,2,debt_financing|seed
f72f3999-9da7-4e94-8768-f9efd4933b21,6eca667a-482b-424a-ac32-43fec6ec3094,2026-03-17,2,2,2,undisclosed|debt_financing
ae6eb8da-ebb3-42be-9ee6-644a57af8755,9fe4813e-3ed2-4d4b-8478-c2ac0336cbab,2021-12-15,2,2,2,series_unknown|grant
b08efc27-da40-505a-6f9d-c9e14247bf36,b2167c4c-e759-085e-155d-7c74a76522d0,2018-08-21,2,2,2,debt_financing|series_unknown
6b353f6d-2aa8-4347-a689-4b162208d810,77f3be5b-7105-bb6f-d9b5-dadc466f285a,2026-01-16,2,2,2,undisclosed|grant
809d0f70-9c3a-48ba-9c04-fc6e75edc6e5,50a0db6f-b3df-4ee0-95db-5d38cd8d77a6,2025-02-17,2,2,2,series_unknown|grant
2fe25bfa-d8e2-4969-9068-17db9456f39a,799a6319-e42b-4bf1-b9a7-4a40fde95353,2022-11-01,2,2,2,series_a|debt_financing
92e26b26-e5d6-47ce-9215-68d37f2129c1,f7dfa6af-7690-41f8-b403-6937606ed647,2026-05-04,2,2,2,secondary_market|private_equity
15185c3f-9fb3-8cde-a0b9-ec2ca0b43ff2,050a9a2a-4dd7-41c0-af87-9ff25b365b27,2025-11-04,2,2,2,series_a|seed
e970396c-1a0e-aa64-3cf3-6de014b615ed,8d1fdda9-fedb-4d7c-8cd8-c0934dd68134,2022-11-07,2,2,2,debt_financing|grant
6c93ebd7-3558-5603-daaf-074652d0e1bb,1bf185f9-573e-42b3-9ffd-49361a8329d5,2024-05-21,2,2,2,private_equity|secondary_market
74b1d125-9b96-3650-b101-5479295b064e,38f69f6a-64cf-4045-a94f-1068b33352bd,2023-06-13,2,2,2,grant|debt_financing
1930709b-9c11-48fa-8091-686f06b2edeb,23d85c4f-bf92-42e6-9b04-3e1fede22a16,2025-11-10,2,2,2,series_c|secondary_market
8074b3d3-3847-41f7-b31a-f11af79a8fd9,8d36822e-5d71-4a92-91aa-12498bf440af,2021-03-16,2,2,2,debt_financing|series_unknown
68b8b616-5e4c-0b9e-7e38-55f1cfc4170c,530961a7-4da9-46fa-88cb-306ddd09245d,2022-01-13,2,2,2,seed|debt_financing
ee84dc3c-d045-468c-b6b5-5039a38d4ae7,839b6d7a-6b0c-4a4b-bbd8-a64cd18ea6e5,2021-08-31,2,2,2,seed|secondary_market
5b8a7f59-cbdf-9756-5335-d38ff08c3236,8f26cd6b-74dc-4940-aaf9-5be4e9f45747,2020-05-07,2,2,2,series_unknown|debt_financing
3e3ae5e7-ef7e-4bf5-bd54-1d1d4203bd6a,1f20287d-2401-4917-8949-db28c07e2c9e,2025-10-17,2,2,2,series_b|secondary_market
8adadbfb-be63-6602-8ca0-b037397a7038,158ba6bb-3b7c-655f-bfca-df3be25b2f73,2000-02-10,2,2,2,convertible_note|corporate_round
42895b6c-d10b-4db8-b138-fb0525362316,53819ebc-849b-2479-955b-dc7015717840,2022-08-30,2,2,2,post_ipo_equity|post_ipo_secondary
a2fc8fbe-32e1-3219-a3a8-665ae83f7243,6d117188-b9f1-4c8f-85d4-d1f29306dcfd,2023-02-14,2,2,2,private_equity|debt_financing
dc0dd14a-8176-31b4-eaed-e78d724885b5,bb18c428-5b0c-9d4d-e175-02382de8f32a,2020-12-04,2,2,2,series_unknown|debt_financing
dcad8d78-5b66-77f7-db03-f37016aadd49,c2fb8a41-cca6-489c-97bd-616251ca5a63,2021-04-07,2,2,2,debt_financing|series_a
c1afb43b-7fda-1e9c-6781-83c3619caa05,8084e7ab-2af0-43cd-98f5-12bcd70cb038,2022-04-05,2,2,2,series_a|debt_financing
488ba4ee-7e9b-9c4f-6550-493232dfcf58,961d3f5b-e322-2060-ee17-e9349f8ebf40,2023-04-24,2,2,2,series_c|debt_financing
b4bbe64e-c694-c762-66cb-1d4141c68093,94719107-fcf0-4940-8857-b4bb488e4686,2025-11-05,2,2,2,seed|series_a
88e5aa7b-0334-2a9d-9811-9b976a082889,511bcc36-932b-4fc8-b0f3-ffaab7ce4184,2026-04-27,2,2,2,seed|debt_financing
64cb10e5-4446-b5e0-64ae-2fdd2262354e,8d9a9515-12e4-4dcc-8bba-9b77c1979e8b,2021-05-11,2,2,2,seed|series_a
1d8f63c7-34a1-84c9-4343-eb7b2ba13bba,22492622-391d-413e-9af1-ebdc70c2e0f6,2021-11-17,2,2,2,convertible_note|private_equity
f4b6ac46-169e-4fdf-b94e-595de12236c2,6712c055-6432-45b4-922f-4df57a4d2ec9,2023-04-26,2,2,2,grant|debt_financing
ae6eb8da-ebb3-42be-9ee6-644a57af8755,ee0c1ca4-2698-4612-9d71-ebd57df102fd,2021-10-06,2,2,2,grant|series_unknown
73289079-c5d3-48c6-9549-26bafe58b2bf,04ff612f-6bee-42d8-ad7b-3802d5fa9ad6,2023-09-26,2,2,2,seed|series_a
378343d5-85fb-4162-be93-154be488c452,c5ae1247-7dd3-d620-fcca-b201dfd9bb84,2024-03-28,2,2,1,debt_financing
8be283b9-3a90-4230-8f25-e0a458c50179,10f0f90c-001d-bf66-cc76-26616fe47df9,2024-06-06,2,2,2,seed|convertible_note
2c0626c9-3726-d108-9294-df04efa82796,52db922f-e0f4-ff82-db9e-a29ec5a75969,2010-06-29,2,2,2,private_equity|convertible_note
fb2f8884-ec07-895a-48d7-d9a9d4d7175c,b0b626fd-c85c-4aec-9c1d-dcb7ca862bdb,2020-10-15,2,2,2,seed|series_a
39041e62-6b24-ae8d-1347-4cea947e832c,0537c337-d460-474d-b325-7d9ceffc6875,2021-08-31,2,2,2,seed|convertible_note
ea148ca6-363d-04e4-c6eb-4219a3c5a076,241d31e6-e16c-46c7-8e56-466196cc1d3d,2018-04-26,2,2,2,seed|series_a
e104f62f-ce4e-c0bb-69d7-69e44448b4b5,72eec248-3152-99de-e4cd-20caf2040d01,2016-05-11,2,2,2,grant|series_c
b344a285-cf12-93d7-d669-857ab75be00e,1d8a4883-4fb2-e061-3a4c-579307c297df,2020-09-09,2,2,2,seed|series_a
809d0f70-9c3a-48ba-9c04-fc6e75edc6e5,01009d52-cbe3-4acc-b051-c314baa5ee02,2024-07-15,2,2,2,series_unknown|grant
ae6eb8da-ebb3-42be-9ee6-644a57af8755,13d7b2c4-7ded-4743-86a0-2b9b52998714,2021-10-06,2,2,2,seed|grant
4eee5e60-3b06-6fe8-cc2c-29119a96051d,4602b399-f236-e28d-a63d-2c04355dd4b1,2013-03-15,2,2,2,private_equity|debt_financing
ae6eb8da-ebb3-42be-9ee6-644a57af8755,ebb553fb-23c1-4d26-95a9-8e14a3c4e3d8,2022-03-23,2,2,2,series_unknown|grant
51b7619a-ed18-4a63-ae68-842fb9949bc7,fb3c76bf-70c1-404a-a4fb-3ea83419bce0,2024-10-04,2,2,2,grant|debt_financing
d370dc6d-d969-876f-bf24-dccf34b84a91,9714a894-a704-43b7-b819-e43cc6d854ac,2023-10-10,2,2,1,seed
e036a7a3-9d5b-44a0-a98b-0adf564778ad,4f6b09ad-e954-4826-914c-c1aa1e66eb76,2024-02-01,2,2,2,grant|debt_financing
c11dab5a-23d0-4e7a-a68f-56e6a86c555d,1bbaba45-b209-f3f8-ced0-d1e19a7f26c3,2025-04-30,2,2,2,private_equity|debt_financing
ae6eb8da-ebb3-42be-9ee6-644a57af8755,cfbf8059-45df-4d89-b2a2-80fee9c5d22e,2023-10-30,2,2,2,series_unknown|grant
bef5bd4b-72c6-7877-d7ab-8bbe43f7bda7,31275370-ee68-4dc7-a41b-e40fba2b4837,2022-04-01,2,2,2,convertible_note|secondary_market
3eda5c8e-c2e3-6bf8-dfe5-4e5cd8f95830,8d36822e-5d71-4a92-91aa-12498bf440af,2021-03-16,2,2,2,debt_financing|series_unknown
809d0f70-9c3a-48ba-9c04-fc6e75edc6e5,851ffaab-60ae-4bbe-a8d8-4c42e039e542,2024-09-24,2,2,2,series_unknown|grant
14396192-4718-4084-4017-378d4b41cf6f,cb2f3bda-cdcb-4479-a465-b98d8b76f1e1,2022-09-28,2,2,2,series_a|seed
ae6eb8da-ebb3-42be-9ee6-644a57af8755,8f68d547-900d-4f9a-a035-56a8ef95eda0,2022-03-23,2,2,2,grant|series_unknown
75bd8c65-b624-9689-b92d-da8a667632e8,45d2783b-8032-1e50-aa3c-9c11136b2b93,2008-01-16,2,2,2,debt_financing|series_unknown
cccb1993-c6a9-4f2c-8601-d6ec2dbdde78,23a29975-d14a-88cb-5188-25b07af9daf9,2025-02-13,2,2,2,debt_financing|convertible_note
d8775780-78ac-4881-9aa3-d879f30a4c56,0c38f0ed-c36f-4cd6-8fde-06608b53286b,2023-11-15,2,2,2,seed|pre_seed
8addcd7a-7627-8564-7842-99b2bd7ceabf,d69b3174-1eec-4a9b-8793-539847500bc2,2025-02-27,2,2,2,debt_financing|private_equity
cf3c2fe3-e65f-40e1-8e77-5602feff39ce,c9dc4213-8e3c-5140-93d0-2318b8ade55d,2024-08-05,2,2,2,post_ipo_debt|post_ipo_equity
7baef882-c097-4ce7-87ed-393b6c6da6e2,a8fcf55a-a8fd-58f9-741a-49edda111980,2023-01-27,2,2,2,post_ipo_debt|post_ipo_equity
46fd97c0-023d-6e8f-89b6-48d703b2f163,5b0257be-5d76-4080-a93e-c732efbcb78a,2021-11-26,2,2,2,series_a|seed
1fc074a8-9f78-4dee-ba4e-d3a7de3096b4,20834924-1c28-4e2f-90bf-d34b222ead45,2022-10-27,2,2,2,grant|pre_seed
ac9b6c92-70e6-e538-5733-6974fcc91ad4,32189e56-2ef3-491a-a63c-76da8f23cd10,2023-05-09,2,2,1,grant
faf3a4cf-14ce-abc3-2f84-6a30f682f323,6c037c33-91c9-4b0b-acf1-9ec0931884fd,2021-05-20,2,2,2,series_unknown|debt_financing
e05b5915-3646-13cf-12c5-f84c01358990,b368bac4-34ef-4c69-a69d-9aaa60137e60,2024-11-19,2,2,2,private_equity|debt_financing
e9eeabaa-b4ba-e58d-fbfb-3b2939cf7f74,faa04487-c9b6-5db6-c856-6a7a3f8d7582,2026-01-22,2,2,2,series_d|secondary_market
c2f95b9f-3ba5-10cd-6ff0-ff7d58223c45,c402d9c4-9a0a-4ff8-a2a5-aa33c8a51e67,2024-11-20,2,2,2,secondary_market|private_equity
30b3efdf-6024-804d-ea55-c4d1a8dfc86c,c1bec3fd-9ec1-a4eb-7715-5021845a71e1,2014-12-11,2,2,2,series_unknown|secondary_market
e970396c-1a0e-aa64-3cf3-6de014b615ed,463f87e4-9184-4321-b7c7-87c355eb2e6a,2022-11-07,2,2,2,grant|debt_financing
9db0b6bb-4b28-fa20-e2df-e2af6ebd3a3d,2f2af45d-712a-4641-b7c8-8c79126d80be,2026-02-04,2,2,2,series_d|secondary_market
60b80848-a3b4-53f2-2996-f0eac8f6c650,486b4b4f-d213-44b2-a7f6-625e411945ff,2026-03-31,2,2,2,series_a|grant
3c9bafa8-435e-4c1d-81db-00e8dc75c505,432e6f52-132b-4edc-8d90-0908e95ff554,2025-12-09,2,2,2,series_a|secondary_market
ee65258d-f77b-4003-8103-3f4f910ba503,83fcbd14-5300-4ffb-b3a8-12699e8d384a,2023-07-07,2,2,2,seed|pre_seed
b66114e0-49ca-ca9a-a337-f1d637e81a00,fcfaccdc-e4e0-2428-9614-e1eb78d72390,2025-11-17,2,2,2,post_ipo_equity|post_ipo_debt
809d0f70-9c3a-48ba-9c04-fc6e75edc6e5,d99c6c2a-23ce-432f-b1cf-b879e67409b7,2024-07-15,2,2,2,grant|series_unknown
af2b29ba-a413-7cab-caf6-1cb300c57964,b2b692ea-fe9e-4f8a-8878-1524cc5c4f94,2025-09-12,2,2,2,post_ipo_equity|post_ipo_secondary
ff7060f4-2dd8-413b-bb22-ea9a7b88458d,fc8a4b49-a219-4d3c-8e03-39c11ddc426c,2020-05-29,2,2,2,debt_financing|grant
9c75404d-f00a-4c28-986f-b6ae2305887d,b69afaf6-518e-4d18-ba91-dafbce6efaaf,2022-08-12,2,2,2,seed|series_a
75bd8c65-b624-9689-b92d-da8a667632e8,8036bf1b-e1a4-3e15-fdc2-04805ec8acbb,2014-09-18,2,2,2,series_unknown|debt_financing
d5df3873-7871-c608-0284-c74d0b555ccd,9296f4b1-7656-4817-b6d4-c229ce088a26,2026-05-12,2,2,2,series_a|seed
4bf8459e-3f54-00f8-de29-0de0bde9fb56,6bed94f1-2501-403c-aedf-22b219f4d700,2026-03-10,2,2,2,series_a|debt_financing
0003f244-79d0-6178-353e-33dabaf3b2c6,13469a29-7c62-41e8-8cd2-6830b71550b3,2025-09-10,2,2,2,series_a|seed
c3609d80-fb88-4d80-bf52-79d9d3cacf96,c9e6d2b5-d32d-f5f7-b235-72d395541c2e,2025-01-27,2,2,2,post_ipo_debt|grant
f600da11-039c-526c-62d6-79e8e58822fc,46f494dc-6df1-46e4-952d-1d2eceb87cd3,2022-04-27,2,2,2,series_a|debt_financing
809d0f70-9c3a-48ba-9c04-fc6e75edc6e5,3460aa38-bc35-4c9a-96e5-8b43eea01381,2024-07-15,2,2,2,seed|grant
2db14255-957c-4e46-adce-d1a0e68fca7b,88989b27-2597-40ce-ac76-b4866a492f9c,2020-09-14,2,2,2,debt_financing|private_equity
809d0f70-9c3a-48ba-9c04-fc6e75edc6e5,fcb65ff1-0b13-4756-a795-0e832f142dd3,2025-02-17,2,2,2,grant|series_unknown
c2099752-3a0c-a8fd-27b1-98ad23f60be8,24439d01-555b-4ff2-b190-aee4b2006b71,2020-03-20,2,2,2,angel|debt_financing
998c1635-e61a-487d-8637-3e1945b587f9,694d8765-dbcc-4b95-8b99-3f894785854c,2020-10-29,2,2,2,debt_financing|series_unknown
9b8e6193-d527-4146-8e39-6387b1ee36e8,7960a3a4-13a1-4eee-92c1-dec1704d0ce8,2021-01-07,2,2,2,seed|debt_financing
621c8d85-135d-076a-812c-9f35b59b50ce,a7e4d0be-040f-c404-9e63-1f48c543c497,2021-04-06,2,2,2,series_unknown|debt_financing
809d0f70-9c3a-48ba-9c04-fc6e75edc6e5,38494d9a-475d-4e2f-b1f4-f9eb5edbf131,2025-06-24,2,2,2,series_unknown|grant
8bde54c8-cef4-b0a9-d6e8-30a38f05af4a,5aff14f5-2d3c-bb94-8987-e0d9d45c2cad,2017-10-18,2,2,2,series_unknown|debt_financing
9839673b-ba93-ef75-c8b9-789c7c1116b0,6c037c33-91c9-4b0b-acf1-9ec0931884fd,2021-05-20,2,2,2,series_unknown|debt_financing
ae6eb8da-ebb3-42be-9ee6-644a57af8755,5850e7e2-944a-464c-9e65-ecfdbe1b08bd,2020-07-08,2,2,2,series_b|grant
33cf44a3-8d62-4788-b4b2-47de4a305aaf,5b0257be-5d76-4080-a93e-c732efbcb78a,2021-11-26,2,2,2,series_a|seed
3b130aed-5259-8dd1-d767-b6c05171a8ea,43c3a6ca-82e8-46f5-8853-2867e9ef6b5b,2021-10-22,2,2,2,series_b|series_a
ae6eb8da-ebb3-42be-9ee6-644a57af8755,17bbf3ef-28bf-275c-9871-4c5f29e89052,2022-03-23,2,2,2,grant|series_unknown
39041e62-6b24-ae8d-1347-4cea947e832c,80b6b68d-461d-4461-8dbf-bb87913f9fd1,2021-02-01,2,2,2,seed|convertible_note
eab04e4d-2de0-405e-9d39-9974cf62163c,ea2eaa89-e8aa-4f95-a878-bf5c32d9452d,2025-12-11,2,2,2,post_ipo_equity|post_ipo_debt
2a847ebd-bca0-4fb7-b500-245cd2f9123e,5d38ae70-45b7-f60b-d383-5e4d7c317b12,2023-11-14,2,2,2,debt_financing|series_b
f3124ba3-f45f-4130-8bbd-a6cbd85185d7,de21be40-5539-43df-8a7e-cc020680984a,2025-06-18,2,2,2,debt_financing|undisclosed
a46bdd8b-a495-5b8a-af67-5225c5d5a7a0,49705a7a-44f2-4e53-8bbd-0584cb2ea196,2023-05-04,2,2,2,series_a|seed
893ecb95-90bf-46a8-b17c-7ba3492f4f90,42e91f8a-de16-46cf-bb68-55ac75492025,2020-12-02,2,2,2,series_a|series_unknown
8f17ffe9-105a-8249-2660-6b7c7c029e2c,4e1c9740-1f68-4bad-a726-883ef9c63a9b,2021-07-29,2,2,2,series_a|seed
95d0c170-5fc0-2c61-e32e-9276ee396604,ee361b24-9379-402f-8690-718ffef2e43f,2024-01-25,2,2,2,private_equity|debt_financing
d83fc2b5-bf72-b7a1-7adf-f92be0bb5d8d,03546ed8-ae51-3814-878f-187ede715517,2024-09-24,2,2,2,post_ipo_debt|private_equity
0caaa18f-916d-f2b2-35c1-d130e7b05e30,6270ea9a-69e6-a156-b3fe-ba063d593776,2020-06-24,2,2,2,seed|convertible_note
f4054ae0-d294-50c2-37cf-539e3c0a8009,95076962-6557-2197-1599-60ca1b11a7bc,2022-02-17,2,2,2,secondary_market|private_equity
e147a350-d7cb-f468-3196-2fc5bb74841e,fd44cad4-ef8a-4579-8f8d-8f92bd11f94d,2022-06-29,2,2,2,series_a|debt_financing
8c420544-aa7c-46ba-8e75-1a44ad05e3ad,de20e4f7-e91e-c024-7604-7bbca81f2228,2020-09-02,2,2,2,series_d|debt_financing
0c0cb3fb-2819-427b-9a0a-5b19618e620e,fb97d622-db77-42af-a00e-2085407dab96,2025-10-23,2,2,2,post_ipo_secondary|post_ipo_equity
8f97ca42-2a10-ad92-a630-c37be05d9884,ad08fa35-a5d3-462e-959a-55f7b5a2e57b,2023-04-06,2,2,2,debt_financing|series_d
bfb443cb-9f40-e702-6d3f-0465440b8fd1,a665d023-6628-537e-09c7-6790f79a9244,2021-01-18,2,2,2,series_unknown|debt_financing
106fd88c-f3af-756c-a6b5-125c5cb94b5d,7beef7f2-dc05-4519-b4c2-82d9b87a9bfc,2022-03-15,2,2,2,series_b|debt_financing
a1d36882-8421-4675-9ad7-98e437b40369,15c4ddec-4fd9-4725-8695-e28f471886db,2025-01-14,2,2,2,debt_financing|series_unknown
9aa041b9-d9f2-39e7-f056-a0f4d6294220,39f65202-1f10-adb8-ad30-05773dbed1b9,1997-06-30,2,2,2,debt_financing|series_unknown
809d0f70-9c3a-48ba-9c04-fc6e75edc6e5,66561d05-e9f8-4179-bc3a-b14d8c41bba4,2024-07-15,2,2,2,grant|series_unknown
3c6e2c28-7bbd-8e82-74a4-510e60395372,17e40f23-b751-46cf-920b-b86c6cf86899,2022-06-13,2,2,2,debt_financing|corporate_round
f4d23688-2d8f-14fd-0178-65d285331a16,3bc1e8ee-cbb6-6a2a-3427-75c5595d773e,2006-09-26,2,2,2,private_equity|debt_financing
b0b062ad-0c52-bf61-d7a9-c62848d5b5d9,e4564255-dc74-49fb-b40b-a01dc0bdcb3d,2022-03-31,2,2,2,post_ipo_equity|post_ipo_debt
a4f183fa-62a3-b8aa-f0f7-8d211e7ca47d,d096a42e-12fa-4a83-8662-80ab68267465,2021-09-28,2,2,2,debt_financing|series_a
ac41030f-c20d-0060-3f0a-37f0eee13779,e92ebda6-5c8b-8e11-c995-5f049c1a6d00,2011-11-01,2,2,2,seed|grant
7d10db48-4be4-47b9-b59c-8b104285c18b,529514db-2bcb-49d5-98ba-db2dbd88bf19,2025-12-05,2,2,2,post_ipo_equity|post_ipo_debt
c75400d4-d5ae-2f92-4e99-aee6b9a39a4d,c37e637a-bcdd-8c95-b0f1-08c92a6ef024,2025-01-13,2,2,2,undisclosed|debt_financing
2d175f0b-d7d9-b386-e58e-5a25f3554efc,10538dce-c4b4-cf20-e1c6-7372eb12ea4a,2015-04-13,2,2,2,debt_financing|series_unknown
ae6eb8da-ebb3-42be-9ee6-644a57af8755,7ca926b0-e8c2-45f1-95ca-e637f8106072,2020-03-20,2,2,2,grant|series_unknown
8c14409f-80bd-4948-a527-bb153c30f381,9e1fb21c-85bf-38dd-1ce6-08e511065c3d,2022-11-24,2,2,2,convertible_note|debt_financing
9aa041b9-d9f2-39e7-f056-a0f4d6294220,822a6317-7d79-1ad0-77b8-bbb35c307430,2019-03-18,2,2,2,series_unknown|debt_financing
c4bdc9f3-5a75-3393-8d54-fec662761ec8,d9455717-6e85-447a-b231-b144941a677a,2024-07-17,2,2,2,series_unknown|debt_financing
102ac4ab-ad82-452a-ae71-28322adba050,4cd95e58-cab7-49f6-897c-7d35c1cff6ca,2023-04-13,2,2,2,series_unknown|debt_financing
ae6eb8da-ebb3-42be-9ee6-644a57af8755,8316e45c-208e-44e2-8129-650e95861a47,2020-05-19,2,2,2,grant|series_unknown
ae6eb8da-ebb3-42be-9ee6-644a57af8755,15bfc864-01fd-c8fe-eb36-7e75d7e62814,2021-10-06,2,2,2,grant|series_unknown
8fb0f072-6f07-4022-ad2c-880abded4c91,aae73012-6cae-432f-9284-5c4a4c098f4a,2022-11-17,2,2,2,debt_financing|equity_crowdfunding
bdb89d4d-6960-67bc-b1a2-2853681ebf62,09bf0669-0742-42db-88bf-4589c8cdb9d2,2022-07-07,2,2,2,series_a|debt_financing
837a6c91-4d5c-4f27-83cd-1532865f5bd3,32abed74-9be8-4582-9e4c-603e2ac3322f,2025-06-18,2,2,2,series_unknown|debt_financing
a0614eba-ca8d-464f-9034-363696b8926d,0e62dc44-c169-460c-a3e4-d3f51529d03d,2024-10-15,2,2,2,post_ipo_equity|post_ipo_debt
1ab3d6b4-e014-5a11-bdf6-fd66b818e644,7f5fee94-6336-dcde-e6df-2fc7ed1951ab,2021-12-09,2,2,2,series_f|debt_financing
4a97f042-2d36-c628-178a-afbb0945a362,241d31e6-e16c-46c7-8e56-466196cc1d3d,2018-04-26,2,2,2,seed|series_a
e5cf2c4d-8788-4299-9737-a171869ff590,344ee9d1-0913-418d-937d-f38a7a9f4fb0,2024-05-07,2,2,2,convertible_note|series_a
59e41cb0-550d-49bb-a792-fae8b5873e3b,2b6a0418-96b0-4846-a080-e27a1ae1fd4a,2024-01-09,2,2,2,convertible_note|series_b
b05733b2-9ee2-566d-a143-7340d016f2e5,8f1b5d66-55a1-a080-03f3-d8cdab690f0d,2022-09-22,2,2,2,series_unknown|secondary_market
8dd1a597-4fa2-0fc9-416c-596adca7e606,21e637c7-e4fd-4baf-9fca-c1025fdfa314,2021-11-08,2,2,2,corporate_round|debt_financing
5119c927-6a9f-4535-ad4f-be535ecb465e,a008b54a-f85c-83e0-0e81-1e3cefddb0e8,2019-11-05,2,2,2,series_c|debt_financing
52073b75-9f85-41b7-a1d9-e165919f4440,d727e344-e6ee-464e-aa02-0da419579345,2023-03-09,2,2,2,series_unknown|debt_financing
809d0f70-9c3a-48ba-9c04-fc6e75edc6e5,dff01769-7b08-44ef-9058-632bca5a1135,2024-07-15,2,2,2,seed|grant
ae632f7f-da81-c3d7-b171-412c5f0611ff,2a2e2886-bf13-44c6-b94b-20cf8a79aa5d,2026-04-10,2,2,2,debt_financing|private_equity
1090e5b7-9cdf-2e07-8e84-90864c3ae8e4,50b58209-5d86-4e4f-a27c-40ce1b6f670b,2022-10-19,2,2,2,series_b|series_a
a2fc8fbe-32e1-3219-a3a8-665ae83f7243,e1579c8b-41c8-4b1f-88fb-b9135b1a9ccb,2025-09-23,2,2,2,debt_financing|private_equity
ae6eb8da-ebb3-42be-9ee6-644a57af8755,a412487c-c4f0-8493-6b0d-c50d6d426899,2021-12-20,2,2,2,grant|series_unknown
0c867fde-2b9a-df10-fdb9-66b74f355f91,742ec517-fa08-4021-975a-c93771a7941e,2026-02-25,2,2,2,series_a|seed
beadb218-e5fa-2686-bc95-4dfaa9acc2e8,ce334730-45db-47dd-b242-a2d74b9304b6,2014-02-18,2,2,2,series_g|debt_financing
6db631ac-a589-435c-9143-d24e65b61f0b,2ece2064-54b5-4a2b-b022-75e31bb7a582,2022-11-03,2,2,2,series_b|debt_financing
52652f4d-581e-4ad5-9d06-b1b250a333cd,ee17e6a9-55d1-41cc-8853-bdc6baa6a806,2022-12-21,2,2,2,seed|debt_financing
9a447f07-9803-4e2b-969d-95f029bcb6e1,1f20287d-2401-4917-8949-db28c07e2c9e,2025-10-17,2,2,2,series_b|secondary_market
4ad04e56-97a8-b81a-f3a5-cb9a84919e9a,52631b44-8bc1-453a-b76c-68509d341e16,2022-03-16,2,2,2,pre_seed|non_equity_assistance
809d0f70-9c3a-48ba-9c04-fc6e75edc6e5,186db5a0-6091-468f-be12-4efdb47c4ab2,2025-02-17,2,2,2,seed|grant
95d0c170-5fc0-2c61-e32e-9276ee396604,5396da67-cea0-42a8-85ca-7de0cf8cbbb1,2019-02-01,2,2,2,debt_financing|private_equity
099a7a8c-1a87-5884-d6c8-89a2fd482797,c258113f-6800-e99f-2b36-bce3884f952f,2020-06-30,2,2,2,undisclosed|debt_financing
ae6eb8da-ebb3-42be-9ee6-644a57af8755,4b3d5974-93da-42d4-a3ed-5652b33a9712,2023-02-15,2,2,2,series_unknown|grant
16ae678d-43bc-564e-1945-a90079d20154,39538e6c-2150-4fd1-b271-ee5eed5a9389,2021-10-18,2,2,2,series_unknown|debt_financing
da7dace0-ea77-d4ee-4af6-7cedb69539e9,6ee2f21a-443e-406b-8e57-5753eeb70ded,2017-12-15,2,2,2,private_equity|debt_financing
30b3efdf-6024-804d-ea55-c4d1a8dfc86c,337c2964-d736-4a48-8216-c4bd7d1fd76d,2026-01-20,2,2,2,undisclosed|debt_financing
52073b75-9f85-41b7-a1d9-e165919f4440,585ef40c-8a0d-4a39-89bc-eaebb07ff26a,2023-01-24,2,2,2,series_c|debt_financing
cf253887-5eac-21a2-28d3-47db7311f7e9,d421f6a7-107b-4f08-938f-acd8fbcb1c37,2021-10-26,2,2,2,series_a|seed
4c04b49d-9ed6-4ec4-9bdc-8b8bd230a35e,83fcbd14-5300-4ffb-b3a8-12699e8d384a,2023-07-07,2,2,2,seed|pre_seed
ec998b7d-5310-44fc-ab31-0c1f577c2087,eb13d9f5-704c-4c1b-b3fb-35be761b7aad,2026-05-04,2,2,2,series_b|secondary_market
30bcdd65-41ce-122b-8ef3-52a187ed4bf9,cbe7a882-5c4d-19a4-bc9a-2f120302da24,2025-12-11,2,2,2,post_ipo_equity|post_ipo_debt
74b1d125-9b96-3650-b101-5479295b064e,22ec305e-0178-4f2b-88c3-2f3a02847b12,2024-12-18,2,2,2,grant|debt_financing
b032ff0e-0e9e-793a-d651-fa69896b86f8,1ae9c17e-b8b2-46f8-a1bb-7d548f747c89,2025-08-27,2,2,2,debt_financing|private_equity
809d0f70-9c3a-48ba-9c04-fc6e75edc6e5,313cd2dd-d04c-4345-81f5-067912727c9a,2024-07-15,2,2,2,seed|grant
ae6eb8da-ebb3-42be-9ee6-644a57af8755,05f75642-2478-47b1-a16e-ed665b8b6af8,2021-10-06,2,2,2,grant|series_unknown
aee47d3b-e06a-d516-6684-1d755ecbe99a,a630a2ce-9520-44c4-b1ca-f5801b3158b4,2008-07-17,2,2,2,debt_financing|grant
2540d5a0-c96d-423d-bede-bd4aa39512a4,ea53285e-ca52-408b-b8b8-72eea6ec3dc6,2025-09-04,2,2,2,series_unknown|secondary_market
9aa041b9-d9f2-39e7-f056-a0f4d6294220,522f8744-ba55-49ca-8160-b0f3b4906ba2,2017-03-01,2,2,2,debt_financing|series_a
3afb8ef5-2b6c-7788-7b38-53ecbb89d72e,6d30e022-42a9-4443-84c2-2d6a9c9ec954,2025-10-16,2,2,2,series_c|secondary_market
c2d9254f-d100-6229-380c-2490a34a52d3,6077eaed-a9de-cbf0-13bf-eb81a85db8e6,2019-12-11,2,2,2,series_b|debt_financing
fadaa2ca-f4c7-4807-afdd-f45502457939,388e396e-5d3c-4824-ae7e-f3c0ab0d6baa,2024-05-30,2,2,2,seed|debt_financing
87494950-a373-1de5-9a7a-5c873f48a489,59092dfc-17d4-4dfc-8961-0693ca7f96e0,2025-10-05,2,2,2,series_b|secondary_market
68b8b616-5e4c-0b9e-7e38-55f1cfc4170c,8467bf8c-7163-4da5-a612-0c073f7eb5bd,2022-10-20,2,2,2,debt_financing|series_a
ae6eb8da-ebb3-42be-9ee6-644a57af8755,69c1be8b-b4b6-445a-b449-a51e28533b75,2020-03-20,2,2,2,series_unknown|grant
4554f3b8-4e17-4cc9-8976-63e440f76f74,ed7b9e37-69c2-9f42-5602-6e0de806e96f,2019-03-04,2,2,1,series_unknown
75bd8c65-b624-9689-b92d-da8a667632e8,64197b0c-5741-ba79-bb33-869cd42d3fba,2016-11-17,2,2,2,debt_financing|series_unknown
42984ec1-24fd-dde7-7230-6c21ca402dc1,437b5397-7d9e-4d61-1f7a-087cc89e5607,2021-07-27,2,2,2,series_a|debt_financing
e9ff5f2f-6105-56bc-df92-c2981c89bac5,bb717b5b-a80d-84f6-b384-c9a9e002885f,2013-10-07,2,2,2,seed|debt_financing
809d0f70-9c3a-48ba-9c04-fc6e75edc6e5,ed963abf-24dd-4ddc-a24a-938bb3505f5e,2024-07-15,2,2,2,seed|grant
589fcc5e-5916-724e-1631-eb42c92f2303,7c97f9d7-dcd2-436a-bbd8-394d5dfcc663,2024-12-19,2,2,2,series_d|debt_financing
7be440dc-b88a-529c-7fdd-c885b6694d4d,fb469698-5deb-9571-812f-39a583762872,2025-11-12,2,2,2,series_unknown|secondary_market
ae6eb8da-ebb3-42be-9ee6-644a57af8755,b37a26cd-92c5-4f1d-bb11-e94d0a354abd,2022-03-23,2,2,2,grant|series_unknown
eee223d0-8c2e-3195-820c-f9864460c548,ce1b782c-f6a1-4437-9bbe-43f12e555479,2026-05-19,2,2,2,debt_financing|grant
edb9e66b-26b2-d71f-d82b-9effa3c19af6,741db4de-a8f7-46a5-a4a8-33144dfaa8b6,2024-06-18,2,2,2,pre_seed|grant
c3332511-a46e-4036-9fa1-c10d679ac197,5e775122-e401-483f-a639-07ec3d218109,2025-05-06,2,2,2,private_equity|debt_financing
6d4a585b-6802-dc2c-c1e5-8b7cac2c5f89,a010850c-06b5-0f19-f9bd-16708915ac58,2025-10-27,2,2,2,series_e|secondary_market
4e0d468f-9f29-b370-c20c-38f8e1c9b96c,faff96f2-a263-a531-408c-723c9f33ab78,2024-10-02,2,2,2,private_equity|secondary_market
ae6eb8da-ebb3-42be-9ee6-644a57af8755,2c8b12d6-5b7d-ed49-4972-ef5280ac6ca7,2023-06-26,2,2,2,series_unknown|grant
bed8689d-2768-457f-b6c5-d54384b44967,727255a3-10fc-fdbe-3dc2-1d43e22dd73f,2023-01-19,2,2,2,post_ipo_equity|post_ipo_debt
809d0f70-9c3a-48ba-9c04-fc6e75edc6e5,b5b847fb-5456-42ce-8cf5-82c85eb2c4c7,2024-07-15,2,2,2,grant|seed
1f455842-a528-5418-4737-3e3a0fabc3dc,d732174e-f352-1567-3f96-6a5b0ad322db,2020-01-31,2,2,2,debt_financing|private_equity
36409f11-4a22-2564-2708-5834206cf98c,24039c5a-16b3-4cec-bf68-b416aa51630f,2025-11-10,2,2,2,series_b|secondary_market
f96900bb-4948-4368-96fe-869d61b271eb,04ff612f-6bee-42d8-ad7b-3802d5fa9ad6,2023-09-26,2,2,2,seed|series_a
5097ae39-ebea-439b-8bf0-0a6f96c9a26a,f4d7f364-af7e-467a-8ebf-9aaba40e2d92,2021-04-20,2,2,2,series_c|debt_financing
39041e62-6b24-ae8d-1347-4cea947e832c,c61a40c5-fdca-4f76-abc5-8a85006f686b,2020-06-09,2,2,2,convertible_note|seed
40e3a7d4-6bf3-cabb-34ae-64c4f5bd46e7,df95b543-a31f-126e-9338-5ce789e574fa,2015-06-09,2,2,2,series_unknown|debt_financing
99e23a81-b7f7-4862-b3ac-16c76e7fc594,d361fd73-ab8e-227d-13d5-26864ea4b988,2020-06-30,2,2,2,debt_financing|series_unknown
ef0820e6-582f-901d-b94d-a87e5ca4660a,6f165a0f-01c7-4574-bc6c-04aa8c84c720,2022-12-06,2,2,2,seed|pre_seed
a6bc2256-2e31-4260-8f32-4d1adeee723a,de20e4f7-e91e-c024-7604-7bbca81f2228,2020-09-02,2,2,2,series_d|debt_financing
4864536d-721b-1d98-ea6b-8d06a3ba3222,27a6234f-224e-4f0d-b186-d65be3f160ed,2019-04-17,2,2,2,series_b|debt_financing
ce91bad7-b6d8-e56e-0f45-4763c6c5ca29,24039c5a-16b3-4cec-bf68-b416aa51630f,2025-11-10,2,2,2,series_b|secondary_market
d5df3873-7871-c608-0284-c74d0b555ccd,fad8e57f-5300-4e5d-9cbd-ecca4dff29b1,2025-10-16,2,2,2,series_h|secondary_market
cf253887-5eac-21a2-28d3-47db7311f7e9,7cbdd6a0-a379-41e6-8a06-2dc91c59c1f3,2022-11-15,2,2,2,seed|series_a
aa73d429-aba1-53bc-4014-5b39ae700951,84f83612-2662-debe-2e41-fe907ec1029f,2023-09-10,2,2,2,series_d|secondary_market
9aa041b9-d9f2-39e7-f056-a0f4d6294220,b82b2fcb-93a5-09aa-3996-0a2a1147c8ad,2011-06-30,2,2,2,seed|debt_financing
809d0f70-9c3a-48ba-9c04-fc6e75edc6e5,0428484c-6d74-4b01-92e7-4fc092e0b64a,2025-02-17,2,2,2,series_unknown|grant
40052224-a8cb-482a-81c6-3897f18e22cb,24d2813d-8c34-4ab6-ad53-627c27e6d4d0,2026-04-20,2,2,2,post_ipo_equity|post_ipo_debt
306890cd-1e04-4a94-9594-29d318b62ece,6f3b00c7-92e9-4574-a4d1-cf69f1f26660,2023-06-29,2,2,2,post_ipo_secondary|post_ipo_equity
8e4c22b2-7b4e-18e4-073a-42dab57e7c93,33eead84-0d46-00db-34ea-f083b3351b0d,2013-05-08,2,2,2,series_a|debt_financing
099ca8c3-f690-2f5d-7b68-e244adbe036a,c866b112-6333-9ff7-5954-09cb24c9e87c,2008-03-28,2,2,2,series_unknown|convertible_note
8991f13f-deba-4305-a770-e1e17c92e245,961d3f5b-e322-2060-ee17-e9349f8ebf40,2023-04-24,2,2,2,series_c|debt_financing
f2d268e6-0a8e-daba-78b5-af9099d4feb6,f0da576a-b625-442e-af81-1b11031a71ee,2022-09-01,2,2,2,debt_financing|private_equity
6d680af8-48ff-71c4-05af-1309d0f58ea5,f98f6e15-74d0-0855-258b-c98781716319,2025-09-09,2,2,2,private_equity|secondary_market
9aa041b9-d9f2-39e7-f056-a0f4d6294220,58331e5a-dd02-461d-bf17-7e6fb23da2c3,2006-05-31,2,2,2,debt_financing|series_unknown
9da42114-b627-6926-f3b7-fd07e23fc337,727b69af-5bf0-47dc-81dc-f19fa096ef59,2023-12-20,2,2,2,seed|pre_seed
386eb9bc-d8ae-2537-b5bd-534f14520ff3,c7d7123d-2521-4e6b-a230-594219c7411d,2023-07-10,2,2,1,seed
d1910504-20ca-4910-90ef-ec5f6aaef96d,ddb8301c-0127-4023-a0b2-ab759c5257e8,2023-03-15,2,2,2,convertible_note|seed
0cc8c2db-bd08-4edb-5f2d-3bfc1837bdd1,fad8e57f-5300-4e5d-9cbd-ecca4dff29b1,2025-10-16,2,2,2,series_h|secondary_market
28278ee8-7482-4685-89de-e465e27b1fc6,eba67aa3-8e1e-4068-9d5d-fc03923b8ac4,2021-10-11,2,2,1,series_a
39041e62-6b24-ae8d-1347-4cea947e832c,c2aa0078-cc97-442c-8801-ed23f897a9b3,2020-05-13,2,2,2,convertible_note|seed
bcc5adaa-4cd6-bb68-8b91-838f2eee1aa4,4662245a-4b70-5d42-cdf0-cde099c30e2e,2014-03-26,2,2,2,debt_financing|private_equity
fd80725f-53fc-7009-9878-aeecf1e9ffbb,9e1fb21c-85bf-38dd-1ce6-08e511065c3d,2022-01-05,2,2,2,convertible_note|debt_financing
a4d483d2-a1cb-4e1f-8efd-d3f1de3fcb9a,c705f0a9-92c9-466d-b415-f4d9cd1710cb,2026-03-04,2,2,2,private_equity|debt_financing
60a8d903-841f-c27b-a5dd-e44ab18c0808,a6709625-9fff-4569-b06d-c6d89430f346,2020-05-19,2,2,2,seed|non_equity_assistance
b09ab004-df11-4c04-b5b5-2cc547e467a3,98f38245-bcf6-0a4c-097e-40c0a28b16cc,2023-08-09,2,2,2,debt_financing|private_equity
a34c63f0-c277-3e4b-bbfc-1868ca81596d,338944b8-c229-94d5-d630-4a4681a37d6c,1993-10-01,2,2,1,series_unknown
823b46e0-87b3-545d-4df8-e8aebc07e3f1,a38c9480-05c2-9182-b553-fc2f20af1702,2021-09-30,2,2,2,series_b|secondary_market
680772bb-d024-a1d2-c374-1660d8abe7d2,9bde8307-af48-816c-826a-5233413b7e1a,2022-08-30,2,2,2,seed|debt_financing
4c8464fe-fd05-584a-e046-95fa64f450dd,5ea1685f-56fb-77db-97b0-a6f6a0534888,2014-05-27,2,2,2,series_unknown|debt_financing
7e23d865-52cf-9650-99d1-3c59ef034f66,39f80872-9597-4117-9725-fbbfc27292f0,2025-06-17,2,2,2,post_ipo_debt|post_ipo_equity
0019420f-bc97-4b73-ae7c-4d53a679430c,54f01d6d-a92e-4ba1-9307-eb81d3765174,2025-11-28,2,2,2,post_ipo_debt|post_ipo_equity
896dd8d3-71d9-f61d-3d5d-b303986fabb4,529514db-2bcb-49d5-98ba-db2dbd88bf19,2025-12-05,2,2,2,post_ipo_equity|post_ipo_debt
53298b5c-80d0-669e-c833-f0c987377fd6,fb469698-5deb-9571-812f-39a583762872,2025-11-12,2,2,2,series_unknown|secondary_market
544da83a-1f6f-1468-a5d3-c2c09b04ba4f,34825d8f-644a-4cdb-b23f-a2007b319f62,2015-11-17,2,2,2,private_equity|debt_financing
f3a550ca-dc96-b210-0f85-88fca746cbcb,e177f0f3-54cb-a0bd-638e-72c7317ab2df,2021-12-14,2,2,2,grant|series_unknown
39041e62-6b24-ae8d-1347-4cea947e832c,9611e370-d9a8-47e0-bde6-08b43e8aa559,2022-04-12,2,2,2,convertible_note|seed
e88b330f-972f-e090-d514-c3a1c7b89bdc,3ed8e8fd-0642-43ad-ac14-26d7521288fb,2026-05-05,2,2,2,series_b|series_a
809d0f70-9c3a-48ba-9c04-fc6e75edc6e5,f5038b65-f1b1-4555-a8ef-11fa96c00171,2026-02-18,2,2,2,series_unknown|grant
bfad96cd-0f22-856c-101b-16a23216f90b,b2167c4c-e759-085e-155d-7c74a76522d0,2018-08-21,2,2,2,debt_financing|series_unknown
823b46e0-87b3-545d-4df8-e8aebc07e3f1,e31a7c42-fd3d-4752-97c5-12093af2d7c9,2024-09-14,2,2,2,seed|secondary_market
2bf45954-67aa-46d7-a454-540cd5906f14,6d30e022-42a9-4443-84c2-2d6a9c9ec954,2025-10-16,2,2,2,series_c|secondary_market
0401b348-b6f5-4132-9c31-19ef5e5c6591,7e540fba-bc9b-4be3-88ba-690b656fbb91,2024-12-03,2,2,1,grant
4c2e47a8-03ea-4ef7-b0f7-2d35c9c0990f,50b58209-5d86-4e4f-a27c-40ce1b6f670b,2022-10-19,2,2,2,series_b|series_a
5b807532-1213-41fe-8bfc-7ddfaf286bf3,46ff643f-f78b-4cfc-a15a-ec9c9b149b2b,2025-10-21,2,2,2,series_a|seed
262a1594-38ab-48b1-9373-f767d93bda7c,0bad4118-0a53-ef73-8a54-11053c1803c1,2023-04-06,2,2,2,series_a|seed
62185e2b-ff50-4f7f-a899-b97a774305a5,57fc68a2-e16b-4910-a98f-958bfcf07aea,2025-05-16,2,2,2,debt_financing|seed
2d86b0fe-8e61-7ce4-caf6-23a3d71c209e,ad137a13-cf48-4a05-917a-aed1727f25d6,2023-04-17,2,2,2,debt_financing|series_a
a3e31985-3a7c-4923-f3c9-f6cc884fb613,94719107-fcf0-4940-8857-b4bb488e4686,2025-11-05,2,2,2,seed|series_a
1baf9018-d68a-4adc-b18c-8027c8d0ca3e,5cdc52c3-9f6f-45b3-9036-0aabbb1de332,2022-03-14,2,2,2,series_a|debt_financing
b8cc84ee-07d2-71cf-dc80-8995baeb6b8a,48a44739-0be2-264f-8e0b-952dbe357a1b,2014-06-01,2,2,2,private_equity|debt_financing
10b70cb4-fcd7-7b66-b0d9-49222f44ef40,72eec248-3152-99de-e4cd-20caf2040d01,2016-05-11,2,2,2,grant|series_c
dbb9f7d1-f1f0-d319-0ad4-1aa83f0be3b8,843fc834-b123-4c9b-ae4a-21a6c28b8326,2022-04-13,2,2,1,series_a
f07266d5-f4ae-3e2e-2350-d6c1c0d49e7c,aaa474ee-06e8-c8de-f06f-361b96c1385c,2016-10-10,2,2,2,debt_financing|series_unknown
96a0bf0e-a083-40fc-bbdc-6b109dda5fe3,c68ddb4f-844a-448c-bd85-af8e77b04f68,2025-10-08,2,2,2,series_b|secondary_market
bf5df344-efe2-4b49-be01-5e4f844bb825,5b0257be-5d76-4080-a93e-c732efbcb78a,2021-11-26,2,2,2,series_a|seed
c28c0d85-77cf-4ab8-b23b-aa05db600bdc,b5858620-7498-a5c7-2792-5ef25b0a4311,2010-06-01,2,2,2,seed|grant
62185e2b-ff50-4f7f-a899-b97a774305a5,f508a624-dc24-4aa5-a19b-0c03d8dc4c10,2025-05-16,2,2,2,seed|debt_financing
ff26904c-b4a3-bb61-7a54-fcd3375b2b3d,e39a34c0-2572-442c-9c12-1d6e9aa62cf3,2024-05-13,2,2,2,series_a|convertible_note
af2b29ba-a413-7cab-caf6-1cb300c57964,a665d023-6628-537e-09c7-6790f79a9244,2021-01-18,2,2,2,series_unknown|debt_financing
39041e62-6b24-ae8d-1347-4cea947e832c,4d3ed1ab-bfa5-402e-ad8c-162d6da75875,2022-02-14,2,2,2,seed|convertible_note
16181bce-98d0-aea3-c346-3e602902025c,277e5c0b-46f0-4aa6-91ce-ea29a3388925,2022-08-08,2,2,2,debt_financing|private_equity
8c5ff693-d08b-fce9-7829-236ebf2fe254,a54890d2-3532-4bfc-aa21-741fd75deebf,2026-01-09,2,2,2,private_equity|secondary_market
ad02a619-4e2b-4b25-a831-973142649079,7e368836-c0d9-4273-b2b3-6af7b00a21ed,2021-06-28,2,2,2,seed|pre_seed
d85bbe29-d925-648e-5057-63e9a32a9f41,86ebfd18-47fd-4bea-9905-a5639a559450,2021-12-17,2,2,2,series_unknown|debt_financing
ae6eb8da-ebb3-42be-9ee6-644a57af8755,92f81711-f041-4bfa-83e8-3eaab2d1089f,2020-08-06,2,2,2,series_unknown|grant
809d0f70-9c3a-48ba-9c04-fc6e75edc6e5,ece49bee-461e-4b4a-929e-b55ade867c24,2025-02-17,2,2,2,seed|grant
6788acf9-5c35-4495-8ec5-b914f81d1189,4c8af45a-403b-409e-ab4a-9bfc301edb86,2023-10-05,2,2,2,series_c|debt_financing
d8e2b711-8751-1af3-662f-82734b7d45c9,8c334b8e-fade-452d-bc0a-8a75a9b4565f,2026-01-14,2,2,1,grant
b6dbdf09-3558-d982-377d-1a953137b89b,0c4aa1f8-a1ba-df60-8205-3d3ab1353fcb,2006-02-10,2,2,2,debt_financing|private_equity
13f6961c-4971-f590-a629-dd6f1b35f3e5,ac5e9040-0e57-5774-bbf4-419d827bb3a5,2025-01-13,2,2,2,post_ipo_equity|post_ipo_debt
e4152fec-1a43-4f3f-baa3-8cb9b8828bac,8d1fdda9-fedb-4d7c-8cd8-c0934dd68134,2022-11-07,2,2,2,debt_financing|grant
174c091d-6884-7eee-61a5-61458c635a16,d6061fb9-7f76-1c3d-d928-31e9dfe57527,2021-06-17,2,2,2,secondary_market|series_f
da41c0ab-fac8-3cb1-7b94-6fa167b9c5ff,5247185f-aae2-4330-9b06-393d85ffe52c,2023-09-27,2,2,2,debt_financing|series_unknown
ae6eb8da-ebb3-42be-9ee6-644a57af8755,478d993a-304b-4b63-be8e-190c9c689f87,2020-08-06,2,2,2,grant|series_unknown
2035dafe-67a7-423c-b4e5-5de2f7305f1a,15245a4c-34dd-44a9-9a05-30f32a6aeeee,2021-10-22,2,2,2,series_b|series_a
772a0bef-2915-4075-b339-398b984b4f9d,d0d7f5fd-96c9-58f1-0691-6e409e57b564,2026-02-13,2,2,2,secondary_market|series_f
ae6eb8da-ebb3-42be-9ee6-644a57af8755,21e05b2c-049f-4867-ae2a-092267840781,2020-01-08,2,2,2,grant|series_unknown
b1e03e36-b935-b373-4a01-b667fe9e2f59,7dbb71b0-8ac9-6fdb-f802-28cbbfe3414d,2016-02-16,2,2,2,seed|debt_financing
d45aa8c9-902b-fbb2-9d95-aeddf6c5b00f,ac6e328c-51e9-fd3f-4f89-b7d8e59e4a6a,2024-12-12,2,2,2,series_g|secondary_market
aee47d3b-e06a-d516-6684-1d755ecbe99a,a14dd050-0ac5-2256-28b9-af37f6a0536f,2021-04-12,2,2,2,post_ipo_debt|post_ipo_equity
e5b16197-67a6-8fc3-f005-670a20021c33,e4564255-dc74-49fb-b40b-a01dc0bdcb3d,2022-03-31,2,2,2,post_ipo_equity|post_ipo_debt
d3c8ed94-46fd-ced5-21ff-ac21190fe555,04ff612f-6bee-42d8-ad7b-3802d5fa9ad6,2023-09-26,2,2,2,seed|series_a
a6235172-8d8b-bb42-405e-e206835069b7,cb63d72a-d21f-499b-a23a-df96b4e6660b,2025-07-07,2,2,2,series_b|secondary_market
73633ee4-ea65-2967-6c5d-9b5fec7d2d5e,28770e6d-0cc9-43ee-ae28-e00714746134,2019-08-22,2,2,2,series_unknown|seed
ae6eb8da-ebb3-42be-9ee6-644a57af8755,0422a1d9-7582-4164-87fc-551d9ac83825,2019-10-09,2,2,2,series_unknown|grant
51f47ee3-159e-8ffd-a9e4-c4e9da462079,b823f32d-71cf-4d21-878f-709f9335599e,2023-01-11,2,2,2,convertible_note|series_unknown
2c3f01ba-ae17-7382-b1bd-43580258b955,7faf2341-128f-0c5a-4e74-b0a55e07370d,2013-01-01,2,2,2,convertible_note|series_a
3b130aed-5259-8dd1-d767-b6c05171a8ea,3c8f3fab-79c6-4b99-9205-90da29e44e25,2020-06-17,2,2,2,series_a|angel
0af07c10-75ba-f907-59a5-a0f6fbc2420d,160a92a7-ebf0-40cc-b668-c1007eab5ddb,2024-04-25,2,2,2,seed|debt_financing
ce91bad7-b6d8-e56e-0f45-4763c6c5ca29,1bc4f84d-7cf3-4f2b-97b9-2a7c64ff485e,2024-06-18,2,2,2,series_a|seed
b8cc84ee-07d2-71cf-dc80-8995baeb6b8a,4586404c-040b-4cb9-b640-694aea2c5641,2024-04-18,2,2,2,series_c|secondary_market
1d45e316-828b-4f50-ae30-c44cf9c7e681,d66280cb-96df-4005-b6d7-c4a9d93b1c39,2021-06-03,2,2,2,debt_financing|seed
ae6eb8da-ebb3-42be-9ee6-644a57af8755,dbc29a80-e018-0a12-5f80-d56f5b49f54f,2022-03-23,2,2,2,grant|series_unknown
983675c3-2ee5-471f-6b57-c9e32a0369c1,c61a40c5-fdca-4f76-abc5-8a85006f686b,2020-06-09,2,2,2,convertible_note|seed
39041e62-6b24-ae8d-1347-4cea947e832c,667771be-cc0c-4321-b517-a8b7c5ea1147,2021-02-16,2,2,2,seed|convertible_note
ae6eb8da-ebb3-42be-9ee6-644a57af8755,2c831d21-483e-4c95-a6b8-84c2894ea473,2021-12-20,2,2,2,series_unknown|grant
86742bac-1934-8ad1-2190-3a1cca668505,b2167c4c-e759-085e-155d-7c74a76522d0,2018-08-21,2,2,2,debt_financing|series_unknown
f44f10c6-f3bb-6ded-6905-c926e98906ee,7a60054d-56ad-b130-3a5a-f7ccfcab30eb,2021-12-06,2,2,2,debt_financing|series_c
30d9504a-8f1c-4e04-86cf-f12b2ad611c2,eba67aa3-8e1e-4068-9d5d-fc03923b8ac4,2021-10-11,2,2,1,series_a
e2006571-6b7a-e477-002a-f7014f48a7e3,c866b112-6333-9ff7-5954-09cb24c9e87c,2008-03-28,2,2,2,series_unknown|convertible_note
612e4a8b-d5f5-4832-b5fa-c33a455ad9d6,59247d47-c6e2-4935-868c-e6c88f8b4a40,2024-09-06,2,2,2,post_ipo_equity|post_ipo_secondary
09539470-c53b-3eb0-d29f-aa5e7626eee8,6e021d3d-8c94-46f4-b818-123789700262,2022-06-14,3,3,1,grant
dbbeae89-a897-3a87-9d1b-93b8791d666e,6c117d8a-d98e-4f06-872e-d254c7069427,2023-06-09,2,2,2,private_equity|secondary_market
40e3a7d4-6bf3-cabb-34ae-64c4f5bd46e7,3ff858f8-38ff-3e90-b348-9309e9c6ce28,2015-01-26,2,2,2,private_equity|debt_financing
89b1b850-9b8e-cd52-1430-551dc97e5f56,27a6234f-224e-4f0d-b186-d65be3f160ed,2019-04-17,2,2,2,series_b|debt_financing
0aa97c3c-9113-2726-2a8a-f43f52b11654,e2959c00-6787-4652-8db3-21f0c38f432d,2024-06-25,2,2,2,convertible_note|secondary_market
ae6eb8da-ebb3-42be-9ee6-644a57af8755,3ee5b0da-3dfe-419a-8167-a5f9c4e68252,2020-05-19,2,2,2,grant|series_unknown
07f679c7-7c3b-b6eb-9382-b964bc8f32e4,c15da81d-bf37-5cea-8254-bc5767877a3a,2019-04-03,2,2,2,debt_financing|series_b
ae6eb8da-ebb3-42be-9ee6-644a57af8755,3e550189-1f5c-4918-b2f3-c6f83cc34ecd,2020-01-08,2,2,2,series_unknown|grant
9f4f9c3e-fa60-429b-91f1-eb53bc1e7713,90d3a101-3b0f-44f2-8911-9f4df12dcd8c,2024-02-26,2,2,2,post_ipo_equity|post_ipo_debt
f07266d5-f4ae-3e2e-2350-d6c1c0d49e7c,d249af01-d6ab-ce77-ed14-6059a32544e8,2021-06-29,2,2,2,private_equity|debt_financing
7079eded-aaaa-9b03-a30a-1b9425f96249,00fbf527-5c5f-4976-a557-f60f905e2d31,2023-04-04,2,2,2,debt_financing|private_equity
b32594d7-fe7d-3e78-7676-3f59e9d55374,df95b543-a31f-126e-9338-5ce789e574fa,2015-06-09,2,2,2,series_unknown|debt_financing
01b78c00-b6e2-7cbc-8286-8d14d09d441e,a4c0862b-35f7-29a2-a082-576a60054d95,2010-09-07,2,2,2,debt_financing|series_unknown
201d334c-4463-d56c-7737-435df78ae283,0bad4118-0a53-ef73-8a54-11053c1803c1,2023-04-06,2,2,2,series_a|seed
56464531-b153-4b43-9142-0d0278f054cc,88feee01-61f2-4458-96bf-9628868571bd,2026-05-05,2,2,2,debt_financing|undisclosed
305e1c3a-ccdf-c61d-b796-ea5661c0840a,31afdccc-abe5-6037-c940-83f26b5d05aa,2013-09-27,2,2,2,series_unknown|debt_financing
462b804f-1954-4be4-9d20-a301c78ff38b,b5542d8a-864d-4bd1-82a9-78f0062242d9,2021-06-03,2,2,2,seed|debt_financing
e6620663-7090-4d57-8f65-7d3dff5a0829,cafbf4be-2674-4020-a23a-c58af78fc863,2024-01-01,2,2,2,seed|debt_financing
bd101ee3-d11d-4eeb-a85e-326cd5008d66,44454c5e-e304-05db-8bad-3c28703b32a1,2022-02-16,2,2,2,debt_financing|seed
06e2e8c4-35b6-42d4-a7c5-951909770214,5a940f78-fd5e-4b70-b936-f11fa6248783,2025-09-29,2,2,2,series_d|secondary_market
4f5fa8bd-8653-cce5-58e6-ac686ed761b4,b35f080e-3b17-457c-ae9f-193629b2b98a,2021-08-04,2,2,2,series_unknown|debt_financing
0894da9b-aa44-1f13-7c70-d3ca31c33e19,4a778ebf-7854-4db1-b0ee-d926ca49f700,2023-12-18,2,2,2,private_equity|debt_financing
d063c848-eea4-453b-b68a-fc5325fbedc4,12455672-aa10-4791-82e1-b27813a14bff,2026-05-19,2,2,2,series_a|seed
bcc5adaa-4cd6-bb68-8b91-838f2eee1aa4,b3beb721-c0e5-fec1-25e8-05ace9d2d6b6,2012-06-04,2,2,2,private_equity|debt_financing
ae6eb8da-ebb3-42be-9ee6-644a57af8755,6e124eef-5d98-410c-bb56-ff7292fe92d7,2020-03-20,2,2,2,grant|series_unknown
a17c13e6-5ab1-46ac-92a2-2e89420d8550,f1942080-acc3-4588-a83f-95984e029a7f,2023-07-03,2,2,2,seed|debt_financing
979806b9-d487-24cc-53db-37b2c9799748,a892988d-b843-4fc9-84cd-ee67a2b54186,2024-01-15,2,2,2,debt_financing|private_equity
2bcd3143-66d4-448c-bae4-03a10aef2b87,710dd351-c14a-4322-a6d4-cfb72b0811d2,2022-08-18,2,2,2,series_b|convertible_note
adc3106c-d982-41b9-92a5-2e5e4b6e8e7f,1789a27c-ae99-4ca1-ada9-57b1da96c66f,2021-07-13,2,2,2,seed|series_a
3c62db15-4db8-016a-145e-dd1a06d168e2,61cfe46e-16bf-45b7-afac-04eafc91eb9a,2023-02-16,2,2,2,series_a|series_b
ae6eb8da-ebb3-42be-9ee6-644a57af8755,3c9dcb00-a4b4-422c-bc38-a3a59762f435,2020-03-20,2,2,2,series_unknown|grant
4b95c6fc-bec6-4fe7-ae40-cc9f71ed314e,c68ddb4f-844a-448c-bd85-af8e77b04f68,2025-10-08,2,2,2,series_b|secondary_market
28a5c4a3-ad52-d54b-32fb-b5cb3e85afa7,3cd357c7-b3bf-2788-c521-898b3c9bee19,2024-03-08,2,2,2,series_b|debt_financing
c463d4e3-e57f-4584-8af2-4aa4673e89cf,d727e344-e6ee-464e-aa02-0da419579345,2023-03-09,2,2,2,series_unknown|debt_financing
809d0f70-9c3a-48ba-9c04-fc6e75edc6e5,35d64727-7351-4db7-b62c-dcfa827298bc,2024-07-15,2,2,2,series_unknown|grant
05f24932-66b9-447a-8947-cedf4f2d7c2c,9fd7b0df-6b71-2dca-3fba-2645b77056d3,2021-09-27,2,2,2,series_b|convertible_note
7ea625ca-14f9-4f53-8416-20aaf8395ad9,5bfd3659-642b-f83a-eff0-fd6779c45fe0,2022-02-01,2,2,2,series_c|debt_financing
8db2e6c7-9f69-4f38-b169-4f6c21906c87,5cdc52c3-9f6f-45b3-9036-0aabbb1de332,2022-03-14,2,2,2,series_a|debt_financing
2cbea446-45a8-a1f9-1630-57a83c64821f,c15da81d-bf37-5cea-8254-bc5767877a3a,2019-04-03,2,2,2,debt_financing|series_b
d68c4169-d876-ba7f-c0ab-40fd2a36ba27,4586404c-040b-4cb9-b640-694aea2c5641,2024-04-18,2,2,2,series_c|secondary_market
b200c7d2-b173-9ae8-de2f-da1700c0e3c0,961d3f5b-e322-2060-ee17-e9349f8ebf40,2023-04-24,2,2,2,series_c|debt_financing
9aa041b9-d9f2-39e7-f056-a0f4d6294220,92ca0252-4eda-4459-b5a8-2f86da5e2174,2008-11-30,2,2,2,series_unknown|debt_financing
9aa041b9-d9f2-39e7-f056-a0f4d6294220,ecae9bc7-3619-4646-89b9-2759a1b32eb8,2000-03-31,2,2,2,debt_financing|series_unknown
39041e62-6b24-ae8d-1347-4cea947e832c,a0deef29-7395-5d71-e01c-9904fb9e9a4d,2017-01-18,2,2,2,convertible_note|pre_seed
e147a350-d7cb-f468-3196-2fc5bb74841e,dda4c017-e14c-06f6-22dd-418f1acc79d5,2020-10-22,2,2,2,series_c|debt_financing
05a36417-e653-a903-e76f-0d666a9848b7,a24c6aec-a363-9e95-ad12-34ecf092d1dc,2021-10-11,2,2,1,series_a
759533e8-e55b-7e2a-56d9-860e71b2d703,235cdf32-5fcd-7afa-7334-8f5a7ae7eeb0,2012-05-09,2,2,2,debt_financing|series_unknown
5e7c109d-9173-4555-a3fa-a13053b05e44,7cbdd6a0-a379-41e6-8a06-2dc91c59c1f3,2022-11-15,2,2,2,seed|series_a
e90e9293-c861-4800-850a-c80a74bdc264,4fc33ce4-3bd4-4d3c-84f0-9fcdf3383249,2025-06-02,2,2,2,debt_financing|series_unknown
ae6eb8da-ebb3-42be-9ee6-644a57af8755,70e5b28a-9951-447e-accf-916a93b09895,2020-01-08,2,2,2,grant|series_unknown
14307b2a-c0f5-7f59-f163-158babffa52b,1742b6ff-1d08-49da-a675-fa26c3cb6748,2024-09-13,2,2,2,secondary_market|corporate_round
c29eb660-49da-de0a-ea59-021c960f9927,f93317b8-b28a-4094-a863-80b653921527,1997-01-01,2,2,2,debt_financing|private_equity
40028379-69f8-6a3d-79a5-51713ddbdfb8,ffd4e9d0-1e4c-42e7-88f8-5b431419f3dc,2019-01-01,2,2,2,debt_financing|grant
8b43e1a2-43f2-433e-8c45-ae3e8fed5e0d,ce1606d1-fc19-4f40-b3ed-67079c3b5b10,2022-05-31,2,2,2,seed|series_a
cdb09945-a8fe-b235-8c4a-7d975a8f8f13,ef3c993c-fddb-44c0-bea1-ba35da74027b,2019-09-16,2,2,2,debt_financing|series_a
78c5903b-9e04-6247-0ba7-ceafc804b111,39f65202-1f10-adb8-ad30-05773dbed1b9,1997-06-30,2,2,2,debt_financing|series_unknown
b317f92c-6b57-a05d-940c-27804451efc6,727b69af-5bf0-47dc-81dc-f19fa096ef59,2023-12-20,2,2,2,seed|pre_seed
655e5a8a-3ae1-d3a2-8ff1-d5c5d2c08fad,c9b4f01c-3eea-4020-8eca-a05dc81256d4,2023-10-25,2,2,2,seed|series_a
60b80848-a3b4-53f2-2996-f0eac8f6c650,5d4dd88f-61f5-420a-9507-073552be6adb,2025-05-14,2,2,2,grant|post_ipo_equity
0c867fde-2b9a-df10-fdb9-66b74f355f91,d0314350-08a7-40be-93b8-729601859df3,2025-03-07,2,2,2,series_a|seed
809d0f70-9c3a-48ba-9c04-fc6e75edc6e5,4d995035-4094-478f-830c-7fc345639e26,2024-07-15,2,2,2,series_unknown|grant
e03b47e0-f25f-1e36-1314-bd65b6d16ee4,a974e057-3500-db67-568c-ddb14175afff,2018-04-18,2,2,2,series_b|debt_financing
8a80cddf-d0a9-9b91-ab9f-63582637484f,f27d2a50-0ebd-b17f-f74d-3e9ce35b4da0,2008-01-01,2,2,2,seed|debt_financing
edb9e66b-26b2-d71f-d82b-9effa3c19af6,7fc5540a-5659-414a-827e-99e95af213b9,2024-06-18,2,2,2,grant|series_unknown
3cf3d30d-e87b-4988-b461-afcd89d02023,685b926d-f10b-bacf-ce31-13ffcd31ef81,2026-04-27,2,2,2,series_unknown|debt_financing
45eb721d-646c-4f01-b003-3e6b8f2748ec,5b82449e-ff1b-e1fd-da74-2730fc99292b,2025-10-30,2,2,2,secondary_market|series_unknown
826f9fb8-0968-fd1c-0420-677dd29ca993,da2572ff-08e4-c6f2-b770-6859854dda17,2017-12-05,2,2,2,series_unknown|debt_financing
e7ceca41-c4b8-fd31-04b0-02f6a5d91e57,529514db-2bcb-49d5-98ba-db2dbd88bf19,2025-12-05,2,2,2,post_ipo_equity|post_ipo_debt
3afb8ef5-2b6c-7788-7b38-53ecbb89d72e,469c75d6-f7a8-19e3-2369-7445b5c4454d,2018-06-18,2,2,2,debt_financing|series_c
809d0f70-9c3a-48ba-9c04-fc6e75edc6e5,74c25217-cd25-4e66-b75c-88451cbd93ba,2024-07-15,2,2,2,series_unknown|grant
e8a2a373-e5fb-e91a-70e6-fe48d35e4c7c,a008b54a-f85c-83e0-0e81-1e3cefddb0e8,2019-11-05,2,2,2,series_c|debt_financing
8859fbab-9280-808e-b506-9b954c3e39eb,9a03072b-4dc6-4295-a649-15865e380604,2023-08-08,2,2,2,pre_seed|seed
60b901a2-0de4-4b27-ae3d-1b64fd1972a6,c743764d-9cbb-4056-a0b0-fa9b932b9908,2026-05-12,2,2,2,seed|pre_seed
f07266d5-f4ae-3e2e-2350-d6c1c0d49e7c,bbe9fdb9-fb52-48b6-a49d-d4b89120f414,2019-04-23,2,2,2,private_equity|debt_financing
983675c3-2ee5-471f-6b57-c9e32a0369c1,e295cedc-9b19-49a1-84c6-6a4600524162,2021-06-11,2,2,2,seed|convertible_note
196ab557-1245-4a13-9e52-7b2b82b48421,485c26f4-c1fc-4334-8bfe-ea0072d328be,2025-02-14,2,2,2,debt_financing|series_a
3e8bfe1e-9145-85cd-649c-4ef3c0fd1b56,868b3aa8-9274-d43a-60e6-1d9e014c447e,2017-10-03,2,2,2,series_unknown|debt_financing
bcc5adaa-4cd6-bb68-8b91-838f2eee1aa4,6bd55927-6182-4687-80f3-6c1998a3fcd9,2019-10-08,2,2,2,series_unknown|debt_financing
cda242b8-f043-836f-f5fa-f49e3ba23dea,2e2c900f-ea69-47ae-973e-dd143220423d,2022-01-19,2,2,2,seed|undisclosed
9db0b6bb-4b28-fa20-e2df-e2af6ebd3a3d,2eeabe58-65e3-fb30-250c-6b6044114b7b,2024-08-22,2,2,2,secondary_market|series_h
6ccc0325-040e-4eaa-bcf2-f92fcacf8748,46ff643f-f78b-4cfc-a15a-ec9c9b149b2b,2025-10-21,2,2,2,series_a|seed
2eb26c04-e053-474f-b0c1-de7a0895e102,81c87960-fe36-4b89-afb7-815776d9501b,2025-04-29,2,2,2,post_ipo_equity|post_ipo_debt
eba8f0b5-c2ae-78c7-ebba-c5606c495610,56b2a338-1f64-5ac0-1bb7-30b721dd1689,2024-07-17,2,2,2,secondary_market|private_equity
e8fc4d2f-dca4-4c73-b8c9-6f2c7baf1dc6,55a3fad8-0fd4-ec08-1834-6fa0b076159e,2022-06-07,2,2,2,private_equity|debt_financing
b5d0d7dd-cfc2-4c56-9ed4-847db73f8cee,12455672-aa10-4791-82e1-b27813a14bff,2026-05-19,2,2,2,series_a|seed
809d0f70-9c3a-48ba-9c04-fc6e75edc6e5,458caeda-343a-4a5c-bab4-418cf2b9afdc,2024-07-15,2,2,2,seed|grant
0db25fb5-7143-46f6-885d-dd4deb451d7f,0b71555d-2874-4b2a-a290-3ac314d73d0e,2016-01-01,2,2,2,series_unknown|debt_financing
39041e62-6b24-ae8d-1347-4cea947e832c,5b512569-f016-4967-afab-6e4254ae8387,2021-10-12,2,2,2,seed|convertible_note
ae6eb8da-ebb3-42be-9ee6-644a57af8755,e5768aff-dcc1-450c-b9ed-384b01be8747,2021-10-06,2,2,2,series_unknown|grant
6db631ac-a589-435c-9143-d24e65b61f0b,b66c9e96-1b74-5175-560b-87fea964e968,2020-01-01,2,2,2,series_b|debt_financing
809d0f70-9c3a-48ba-9c04-fc6e75edc6e5,4ac27258-c110-4e9f-946d-ca74b4f2ea47,2025-06-24,2,2,2,seed|grant
ae6eb8da-ebb3-42be-9ee6-644a57af8755,f8359fac-f31f-44cd-a036-31b1da963071,2021-06-16,2,2,2,grant|seed
3a1f2e3a-9a62-43f9-9261-5b58190532ce,5ef38ce1-9645-49f9-7f45-b076136949e6,2020-07-07,2,2,2,series_h|secondary_market
db273a22-bab0-4627-951c-04cb941d609f,04ff612f-6bee-42d8-ad7b-3802d5fa9ad6,2023-09-26,2,2,2,seed|series_a
ae6eb8da-ebb3-42be-9ee6-644a57af8755,09b99407-7a3c-42a6-a492-7ffdfee383d2,2019-10-09,2,2,2,grant|series_unknown
d4974159-c376-5f1b-93c5-0cc0c187423b,59092dfc-17d4-4dfc-8961-0693ca7f96e0,2025-10-05,2,2,2,series_b|secondary_market
d4729e14-3c11-2b66-d7c5-580b06ba0fcb,ab32ff43-a843-4c44-8d09-f011331c883f,2022-10-25,2,2,2,grant|undisclosed
809d0f70-9c3a-48ba-9c04-fc6e75edc6e5,e7b08ee1-2546-45b4-ba5f-d914faa7a5b8,2024-07-15,2,2,2,seed|grant
3cae090b-ed2d-95f8-79a9-e32ca480258f,0c4f065f-524f-fb08-8c17-305b43755705,2018-10-08,2,2,2,series_unknown|secondary_market
45247ba1-3514-3b1e-c688-810ad55796db,87db3079-0bde-46a7-8f7e-14228628e1e5,2023-02-01,2,2,2,debt_financing|seed
95d0c170-5fc0-2c61-e32e-9276ee396604,0b8ff5fe-9788-4d3c-86c0-eb4b469eb469,2005-11-08,2,2,2,private_equity|debt_financing
47c3ac5d-7134-4225-be7c-2fedd0538aa0,084baad7-d062-43b3-a7cf-c2a413b3c994,2026-01-23,2,2,2,debt_financing|grant
ae6eb8da-ebb3-42be-9ee6-644a57af8755,0e77f56c-34d5-4b97-9128-830392313c18,2025-10-30,2,2,2,grant|series_unknown
ae6eb8da-ebb3-42be-9ee6-644a57af8755,ddee3c2d-68c3-4d89-8cc7-170222a3f92b,2020-10-07,2,2,2,grant|series_unknown
b08efc27-da40-505a-6f9d-c9e14247bf36,24039c5a-16b3-4cec-bf68-b416aa51630f,2025-11-10,2,2,2,series_b|secondary_market
87204836-9464-0180-ebc2-aed6133c3cfe,6862eeef-81ae-4773-995f-3c5c3c241d94,2025-07-11,2,2,2,debt_financing|private_equity
4e83901b-d3a6-a053-3606-302645f0ed8b,bb06c586-aac4-4657-39d1-1e428f3f08da,2024-10-23,2,2,2,series_unknown|secondary_market
ea94f841-047d-4c56-825a-cdcbdd164202,50b58209-5d86-4e4f-a27c-40ce1b6f670b,2022-10-19,2,2,2,series_b|series_a
a76a7908-dddd-4aab-8d16-c38f9ef6bf07,7e368836-c0d9-4273-b2b3-6af7b00a21ed,2021-06-28,2,2,2,seed|pre_seed
8f38a080-b179-b726-5319-c98092201ba1,9c642645-7962-4876-bff1-b2b8d47eeb59,2026-02-04,2,2,2,post_ipo_equity|post_ipo_secondary
8520ebcc-7a1d-429f-921d-952c3426d99d,50b58209-5d86-4e4f-a27c-40ce1b6f670b,2022-10-19,2,2,2,series_b|series_a
46728ea4-725f-ba75-3654-bd70ed0c3ddc,11193f2f-7d6f-4333-8229-6d482545d0bf,2023-06-16,2,2,2,angel|series_unknown
c2f6c5c7-c016-4182-b409-f2176c7fdbab,d66280cb-96df-4005-b6d7-c4a9d93b1c39,2021-06-03,2,2,2,debt_financing|seed
db7fc4cc-48d2-5a42-5c02-e5e642b7e82e,645e9a02-1a96-4c07-b942-4caf16a50ba9,2026-02-11,2,2,2,undisclosed|debt_financing
86ecfb53-62af-436c-bd88-71165d27221c,faa04487-c9b6-5db6-c856-6a7a3f8d7582,2026-01-22,2,2,2,series_d|secondary_market
809d0f70-9c3a-48ba-9c04-fc6e75edc6e5,4586553b-5c46-4b17-aabf-b55964a1d0f2,2025-06-24,2,2,2,series_unknown|grant
809d0f70-9c3a-48ba-9c04-fc6e75edc6e5,79a298d2-01d2-4a21-a556-ca97e8ea65ef,2024-07-15,2,2,2,seed|grant
f9878689-b255-9a0a-062e-dc6a76cabd05,50c7f73a-dfdb-4e9c-977c-dc7c3051f01e,2022-11-02,2,2,2,series_unknown|grant
0784cf1f-7690-5f1a-40ce-4c2f7d70786c,ebc63a49-54c3-4222-bef2-ec559ca1e9cc,2023-07-10,2,2,2,private_equity|debt_financing
1e636aa3-95af-9195-94d7-da6cb73c84a2,61864077-fb0c-406f-b60b-bf83567de7ea,2022-05-01,2,2,1,grant
13079cd0-6c8f-4767-9849-b43e49b4bf79,ba85bdfd-8d83-121b-6f43-27d30d185374,2023-12-05,2,2,2,post_ipo_debt|post_ipo_equity
5ee30729-9690-4f88-ab84-6718544ba483,aa58e918-2a4d-4d7b-baba-bf5520559937,2023-02-22,2,2,2,series_unknown|debt_financing
8fb0f072-6f07-4022-ad2c-880abded4c91,539eeb88-f5f2-4e47-b994-4856348e7585,2019-04-02,2,2,2,angel|product_crowdfunding
a2fc8fbe-32e1-3219-a3a8-665ae83f7243,c21a9b8f-253b-077f-972d-9ef860ed6fc0,2026-02-11,2,2,2,debt_financing|private_equity
bcc5adaa-4cd6-bb68-8b91-838f2eee1aa4,7322bfa1-7dee-4560-829e-6b55e346da67,2023-04-18,2,2,2,debt_financing|private_equity
bcc5adaa-4cd6-bb68-8b91-838f2eee1aa4,ec0148d5-e750-400f-82bc-1ac4fc84ae2d,2021-06-30,2,2,2,private_equity|debt_financing
c067854f-4ee2-5e65-903c-84a52095d5da,9a9580db-4799-49e5-89bf-bf86f0c2da34,2023-11-09,2,2,2,series_a|debt_financing
2deb482b-379f-0a70-b0ce-9fb3881248a2,99f946b5-db7d-fadd-0f8e-06463e297a30,2014-07-14,2,2,2,seed|convertible_note
07d82047-c9b7-1328-137f-117dacaa50ef,d9da67a1-ef48-451e-9194-0eb3618ca73e,2020-06-10,2,2,2,convertible_note|debt_financing
6a43fd6d-dc70-f07b-077c-942b3bde9203,fdb11187-cb28-4c57-aa9d-d8831c5c5816,2026-03-18,2,2,2,debt_financing|private_equity
59e41cb0-550d-49bb-a792-fae8b5873e3b,b2a55db2-af35-455c-97b4-c7b0be842de6,2024-06-24,2,2,2,series_a|debt_financing
c7ca7ab1-a82f-9736-8140-c53ba04b034c,6d30e022-42a9-4443-84c2-2d6a9c9ec954,2025-10-16,2,2,2,series_c|secondary_market
b77dec60-40b6-6ae7-68d6-8286a75e8dfd,50b58209-5d86-4e4f-a27c-40ce1b6f670b,2022-10-19,2,2,2,series_b|series_a
bcc5adaa-4cd6-bb68-8b91-838f2eee1aa4,fc8163c5-c818-cf2b-91b0-7c43575d2380,2013-10-17,2,2,2,private_equity|debt_financing
a572d0cd-e17a-46d8-93e6-c33415249691,0611c598-8bc2-4ff9-923e-1e4ba742188a,2019-06-25,2,2,2,series_unknown|debt_financing
12bcd5e8-6152-f808-a0da-fc2f16cb6d16,94719107-fcf0-4940-8857-b4bb488e4686,2025-11-05,2,2,2,seed|series_a
c899c4c2-6d14-40e2-8643-b41d873d6a79,fada53cf-8459-5032-4623-daaba066278f,2025-06-24,2,2,2,debt_financing|grant
5fbf183e-1549-c5a4-e93d-3976a7a82cb0,5a940f78-fd5e-4b70-b936-f11fa6248783,2025-09-29,2,2,2,series_d|secondary_market
982ecea8-dc5f-4dd7-b588-ad609b2163ea,fc0a0d82-cbc9-494b-bb06-42958aca2fc7,2025-06-27,2,2,2,secondary_market|corporate_round
6c93ebd7-3558-5603-daaf-074652d0e1bb,e28e8248-9e9b-4b7a-a7c9-df0def817d44,2025-10-14,2,2,2,private_equity|debt_financing
def0889d-48cd-44a4-8975-8de9d6c63e1d,40522689-db33-4b71-888a-ff537ac52d05,2026-04-30,2,2,2,debt_financing|private_equity
a5c65633-7b2d-c597-31e4-f5af5e5c1c45,0fecd291-e197-4746-910c-134622b5a929,2023-01-25,2,2,2,debt_financing|private_equity
f4b702ec-b652-da8a-4f4d-b4f513c8b2c7,b41d2f5c-e22f-4b9b-a41b-e4031e6408a3,2021-12-06,2,2,2,private_equity|debt_financing
db477c1e-5c97-06b5-dab5-491e803d8990,fe211b91-42fa-a6fe-35e5-980642955b76,2005-02-05,2,2,2,seed|debt_financing
f7bb7ad3-49be-7346-9a31-c4f836500f66,16e1dfb3-0bd6-6aa9-d9cb-790e3f8de745,2013-09-04,2,2,2,series_a|debt_financing
afd154b4-dcb0-1eca-e3b6-1285f09606c1,6abda9a9-d02c-57ab-fa9f-a7f36cae2554,2019-10-16,2,2,2,series_unknown|debt_financing
bcc5adaa-4cd6-bb68-8b91-838f2eee1aa4,9bf1064a-0da5-4e8b-8782-f96647541687,2018-05-29,2,2,2,private_equity|debt_financing
9aa041b9-d9f2-39e7-f056-a0f4d6294220,88cde1da-c721-4971-9f33-9bbd7a37b69f,2001-01-31,2,2,2,debt_financing|series_unknown
cb54b03d-e004-4655-a219-8f6dcbc14d47,b7cace59-e406-44d7-b6f4-022096ac788a,2023-06-27,2,2,2,seed|series_a
7861ab01-63ea-b311-7925-1390b9e00f71,31afdccc-abe5-6037-c940-83f26b5d05aa,2013-09-27,2,2,2,series_unknown|debt_financing
d5df3873-7871-c608-0284-c74d0b555ccd,8957c749-4d0b-4b91-ba9b-6007248e318a,2022-02-16,2,2,2,seed|series_a
89f49421-fd8a-48d3-aca2-2922965a2225,9770b9d6-b2f9-4db4-957d-67b08ce41311,2022-07-18,2,2,2,post_ipo_equity|post_ipo_debt
17d0fd03-ea64-1018-97ba-2dbcd1f64d73,742ec517-fa08-4021-975a-c93771a7941e,2026-02-25,2,2,2,series_a|seed
dfd30aba-7ee1-4948-b44d-1c6e5aea2f6c,b25e2e52-aa42-4423-a1ed-0131110eb2e6,2025-05-21,2,2,2,seed|pre_seed
377a6180-d23c-468d-9f81-90ff9b76af5a,7960a3a4-13a1-4eee-92c1-dec1704d0ce8,2021-01-07,2,2,2,seed|debt_financing
b189bd9d-423c-e504-d9fb-9801b5f8a15e,766eec06-795d-0a3d-8ae5-c48498b83788,2011-03-24,2,2,2,series_a|debt_financing
9036dcf8-62bd-4f20-689e-cde51b9451ca,af37a97d-74f3-693f-11c4-3d526e7d175e,2017-02-27,2,2,2,post_ipo_equity|post_ipo_debt
34a45c75-b2cc-44d7-b1b2-409b87359bac,bb18c428-5b0c-9d4d-e175-02382de8f32a,2020-12-04,2,2,2,series_unknown|debt_financing
1b65c6b5-9855-32ff-d12b-2bffcf38f979,03e379ff-6ad8-3c9f-a0c5-cac11dc347d2,2014-06-24,2,2,2,debt_financing|series_unknown
bcc5adaa-4cd6-bb68-8b91-838f2eee1aa4,1f8b278d-cc71-a679-c3ad-db5ff6343721,2021-06-30,2,2,2,debt_financing|private_equity
13f6961c-4971-f590-a629-dd6f1b35f3e5,c379ac95-8194-e096-5265-5644b6498669,2025-05-12,2,2,2,post_ipo_equity|post_ipo_debt
473c465f-28d4-2568-c632-b2d5dd77c541,3d4501ca-390e-a618-52d7-27f7b60dfbd5,2021-02-25,2,2,2,series_unknown|debt_financing
7316f156-6032-ec6e-b0cc-ac09dc8746af,9dfebe3c-47b2-47fd-ab21-20edb33cfac7,2022-09-08,2,2,2,series_b|debt_financing
858da63b-4d0e-2806-f8a0-4b647ce9efb3,a524a40f-4ebf-4d2b-b015-50c94d95de94,2019-01-11,2,2,2,post_ipo_equity|post_ipo_debt
dbdafc98-7c6b-9cf1-b1bf-d3f590197dd1,b25e2e52-aa42-4423-a1ed-0131110eb2e6,2025-05-21,2,2,2,seed|pre_seed
5cad3164-5946-1b9a-9fa8-815e10cf7db1,a0ab5abf-c2b6-4d9b-a52e-37f410a3bd80,2025-07-17,2,2,2,debt_financing|grant
5a609789-6a04-8b22-4500-347440d025e9,a61019c3-4d65-96f2-65b9-4a350b71cbc0,2014-07-24,2,2,2,seed|convertible_note
304173b9-c7a4-6305-9961-20239db03c87,4a24a36d-d422-4c47-bc7d-3ffc3372bdd1,2023-06-27,2,2,2,seed|series_a
cf18d9b9-f9f0-4ffe-b22c-5f923c34dd0c,b8a68928-acc8-02e3-21f1-23c7e0451c82,2021-02-22,2,2,2,series_a|debt_financing
ae6eb8da-ebb3-42be-9ee6-644a57af8755,f2dbec85-9693-4d88-b352-8e01e8b8ec5b,2022-12-19,2,2,2,grant|series_unknown
d9b54477-e39a-4a61-8cda-fdef5b297b0f,98f42834-a074-47e1-bf55-e10591db6785,2023-08-08,2,2,2,seed|pre_seed
4c2df105-4363-4920-9022-e06ef3d52d42,f6aff8d6-1b69-49b8-b237-6a3f40234d0d,2024-03-01,2,2,2,grant|pre_seed
cb39a51a-4315-4dd9-b10d-4c3ecf97f8e4,ef205a8a-ce41-9b7f-6a62-f9bcfc58a8b3,2022-02-15,2,2,2,post_ipo_equity|post_ipo_debt
809d0f70-9c3a-48ba-9c04-fc6e75edc6e5,00e57413-3bff-4444-86d4-d47645939e54,2024-07-15,2,2,2,seed|grant
893374a9-2c43-414e-b7d8-d8d3d533dd01,54068a42-55e7-2ee2-c56b-05e45b230382,2019-09-30,2,2,2,post_ipo_debt|post_ipo_equity
2b1cfbe8-56f8-aa96-a8cb-341af85a1ccf,e2977c0a-0dcd-4340-aae0-bd8f183c70b0,2023-10-31,2,2,2,debt_financing|private_equity
e5d45b3d-f637-4007-96bf-7a017567827a,719d7c16-e05a-403a-a36b-0e18cc2c8ce1,2025-10-08,2,2,2,post_ipo_equity|post_ipo_debt
63eb8719-2957-f55c-7504-e823fcfa503b,d64ed83f-6d70-6b20-be66-902215975cfa,2004-02-06,2,2,2,debt_financing|series_unknown
9b5a3a46-0059-4550-8013-711371f33bfc,2b76a4d7-ef82-5d0f-d393-5465983ecf06,2012-12-19,2,2,2,debt_financing|seed
84c5275e-2a2f-e43a-1ff1-1a5f7c79975f,bfcf1bee-06b2-49ef-8b18-fdd3a2807b69,2022-04-05,2,2,2,debt_financing|series_unknown
26834bf2-fa95-4e8f-ab4b-3d2603a8fa2e,84f1d295-f04d-4fe6-a858-9a2e347fd599,2025-10-28,2,2,2,seed|series_a
1bde46d2-4e91-c93e-ed6c-807f82eae9e6,34e07118-7376-498b-8b46-9011a33e5b33,2021-03-03,2,2,2,convertible_note|series_d
ae6eb8da-ebb3-42be-9ee6-644a57af8755,cbdbdfee-af53-7376-dbea-cc0076fc2bcd,2019-12-18,2,2,2,grant|seed
ac884c0d-cfe1-4cc1-8ec3-00f6eff3f689,dd04e865-1777-496f-98e3-8af6ede5b0fb,2020-12-13,2,2,2,series_a|debt_financing
a0f73967-25fd-eda4-dc76-1e5b293c3a61,dff5cc2e-d459-adce-148b-a6df5f0ac411,2023-05-24,2,2,2,series_e|secondary_market
63eb8719-2957-f55c-7504-e823fcfa503b,d0687798-a1bb-1338-2f72-ceb207e11f47,2004-12-23,2,2,2,debt_financing|series_unknown
436b2c6a-9d6d-80e8-c11d-fa5d742d838c,91c8b8f3-ba75-da06-17cc-17d600a4c343,2021-03-22,2,2,2,post_ipo_equity|post_ipo_secondary
92f09ced-e449-6fb5-e09c-721acfd22913,c8d6386f-d690-bbaf-5898-3fe18c59d51f,2019-11-18,2,2,2,debt_financing|series_unknown
b0427344-6382-1eef-caf2-fa502329c5fd,5b82449e-ff1b-e1fd-da74-2730fc99292b,2025-10-30,2,2,2,secondary_market|series_unknown
321aaefe-527e-a56e-85cd-641bd83cd866,40925009-24b9-0365-9540-2790c221a75c,2015-12-18,2,2,2,seed|debt_financing
13f6961c-4971-f590-a629-dd6f1b35f3e5,334a991b-8d86-9dbb-34b3-9d93c62d8a01,2024-01-02,2,2,2,post_ipo_equity|post_ipo_debt
9294c36e-76cb-ea23-f95a-9d9dc64d3a70,7119654e-66d3-6617-13a8-09f99abdb9fa,2004-07-26,2,2,2,series_c|debt_financing
7079eded-aaaa-9b03-a30a-1b9425f96249,4a778ebf-7854-4db1-b0ee-d926ca49f700,2023-12-18,2,2,2,private_equity|debt_financing
e03a024f-92e0-4bed-bcf1-a6db1aff6d1e,da0253dd-1499-3a5b-9cd3-98cd3d55bc56,2021-11-23,2,2,2,pre_seed|debt_financing
e3a421b3-01f3-a8a8-e2fb-8deb51637259,b6135e72-e7b8-cb96-c187-f165462a3889,2025-07-21,2,2,2,private_equity|secondary_market
70db5de1-7334-d744-5e6d-31c9e3b8d764,e41702fa-2ab4-4979-adba-28126d97cea6,2015-06-04,2,2,2,series_unknown|debt_financing
39041e62-6b24-ae8d-1347-4cea947e832c,7c63b3e4-ed86-455d-bfec-c02fd5049b1a,2021-11-29,2,2,2,seed|convertible_note
7079eded-aaaa-9b03-a30a-1b9425f96249,b6aab11a-5f57-daf5-589e-23eb79fa5953,2022-01-18,2,2,2,private_equity|debt_financing
ae6eb8da-ebb3-42be-9ee6-644a57af8755,0e6254be-6895-4d90-8d96-42e7cc8d8238,2020-05-19,2,2,2,series_unknown|grant
02190372-1be0-4d2d-a359-8e40ef3e07c5,cb63d72a-d21f-499b-a23a-df96b4e6660b,2025-07-07,2,2,2,series_b|secondary_market
f4e0202f-923e-5c42-0725-e8260472b327,a7183e40-bac4-4c6a-9f5c-d35d6f5801d6,2016-05-04,2,2,2,private_equity|convertible_note
7e754cde-6a32-56fd-0f7d-bf60b737b64c,f636050d-b648-47de-8d67-5da984c462d6,2021-11-24,2,2,2,series_b|debt_financing
0fdebd90-aef5-4034-b1d9-488336d42743,13e159d1-7a2b-469f-9890-4f8f84c412ed,2023-11-07,2,2,2,debt_financing|private_equity
74b1d125-9b96-3650-b101-5479295b064e,0921d3a5-483e-43c6-a0fe-39e74a6769ea,2023-08-28,2,2,2,grant|debt_financing
f443c714-ba55-cac5-46b3-53d9c112f11e,f0cb8ad1-d9a5-0546-3c6a-20f7133a7010,2022-08-18,2,2,2,series_b|debt_financing
ddb96339-2d9e-442f-a8c6-30a5313390c9,5cdc52c3-9f6f-45b3-9036-0aabbb1de332,2022-03-14,2,2,2,series_a|debt_financing
809d0f70-9c3a-48ba-9c04-fc6e75edc6e5,5c77beb4-0edd-41cc-b0b4-6e16ebfcd89d,2024-07-15,2,2,2,series_unknown|grant
5a3b8788-ab8f-4c6a-ff27-603b164c712d,2a9a34ce-5891-418e-9391-5f44d629af1d,2023-09-11,2,2,2,post_ipo_equity|post_ipo_debt
9ba9c2e8-77a1-4aaf-b69b-5e3fd7203ed8,99777baf-03ae-4963-9e1d-8e284c65da53,2019-01-01,2,2,2,pre_seed|seed
81caee28-8f53-4018-88d9-dc715613f4f4,f299d31c-ad82-4163-a18d-1803ebecf797,2026-04-30,2,2,2,seed|grant
993351d3-3548-d482-13af-ef1598158b26,6559a49f-aaf7-448d-a91b-f463021e0568,2025-04-03,2,2,2,debt_financing|private_equity
68e651c8-ed6e-4d56-b31a-4451402a6bbf,4af926d0-b308-4ee0-91b0-dc8ceefee982,2024-01-18,2,2,2,debt_financing|series_a
4eee5e60-3b06-6fe8-cc2c-29119a96051d,7ef763cb-a819-26df-238a-78cd0e3a349a,2022-10-31,2,2,2,debt_financing|convertible_note
2a2d1a51-f66d-46a8-8aae-b321fe2bf3c6,dc1527af-2cd1-4ab0-966d-21ceea0d19b3,2023-12-13,2,2,2,debt_financing|series_unknown
a3f8e599-4ccc-1768-3818-22e0e6dd84d3,cf17205b-4f9a-9d72-3849-403cecab1f1b,2021-06-23,2,2,2,secondary_market|series_unknown
48a14cf3-e977-5c90-a640-ccc04e7f224e,27a6234f-224e-4f0d-b186-d65be3f160ed,2019-04-17,2,2,2,series_b|debt_financing
1ab3d6b4-e014-5a11-bdf6-fd66b818e644,076473b6-cad4-7fea-932d-df38696441da,2018-11-19,2,2,2,series_e|debt_financing
436bac32-5502-4e66-b1c8-bb8fdb700588,3d4501ca-390e-a618-52d7-27f7b60dfbd5,2021-02-25,2,2,2,series_unknown|debt_financing
576339f8-48d3-4fe9-8c49-c42fa10c0215,e715f238-e87b-4b91-9a64-6c8906f5f56b,2022-05-11,2,2,2,debt_financing|seed
9dc7095b-5b40-a72c-5755-66ec6a49877b,eba67aa3-8e1e-4068-9d5d-fc03923b8ac4,2021-10-11,2,2,1,series_a
ae6eb8da-ebb3-42be-9ee6-644a57af8755,8bd1d83a-07ba-4f8b-b06c-5ac709554453,2022-06-15,2,2,2,grant|series_unknown
acae8e01-859b-44af-72c2-c4dcacf64541,c1bec3fd-9ec1-a4eb-7715-5021845a71e1,2014-12-11,2,2,2,series_unknown|secondary_market
379d34b4-1937-9c30-35ca-55c4632348a9,aac66ea5-6853-4be9-02ad-d76ad727cc69,2020-08-10,2,2,2,post_ipo_equity|post_ipo_debt
38fc25f2-1ef2-57ea-665d-b0edb5b6a9b6,96648d18-43df-0cf8-2a99-acbad1f7008a,2020-07-01,2,2,2,post_ipo_debt|post_ipo_equity
ae6eb8da-ebb3-42be-9ee6-644a57af8755,9ce66fb4-ad52-496d-986f-24050b68db73,2020-05-19,2,2,2,series_unknown|grant
23299de9-96e6-4c09-a120-ea469c139f07,9bde8307-af48-816c-826a-5233413b7e1a,2022-08-30,2,2,2,seed|debt_financing
13ab85cb-f947-18b4-d9ad-2298e49c52c6,45d2783b-8032-1e50-aa3c-9c11136b2b93,2008-01-16,2,2,2,debt_financing|series_unknown
ee8d7fde-3d00-488f-bcb5-6bb8e7b875e2,b26676d7-1639-40c5-a6fd-4f5f9197f556,2023-06-21,2,2,2,debt_financing|corporate_round
1f18a6c1-ad5a-b0dc-ae50-6e84f63b94f2,b8af98a4-b42c-5f19-164d-0a0ac9c20590,2016-02-17,2,2,2,private_equity|debt_financing
beadb218-e5fa-2686-bc95-4dfaa9acc2e8,3c5740d3-383c-48ce-8bd7-2e948e570909,2025-05-07,2,2,2,seed|series_a
1971c507-80b6-4708-8e50-8e36bb65c5a2,3f38b90a-f27d-405b-bfc5-b2ec61611412,2026-02-17,2,2,2,series_a|seed
a2fc8fbe-32e1-3219-a3a8-665ae83f7243,c0afd704-b512-4969-b182-a3d77b3bbdd6,2026-01-06,2,2,2,private_equity|debt_financing
5fbf183e-1549-c5a4-e93d-3976a7a82cb0,784c2b69-9422-a270-3550-5d8c2e7a90e4,2021-10-28,2,2,2,secondary_market|private_equity
822897ce-8ef2-d0e5-d178-e7aad0e66bf0,2f2af45d-712a-4641-b7c8-8c79126d80be,2026-02-04,2,2,2,series_d|secondary_market
d83fc2b5-bf72-b7a1-7adf-f92be0bb5d8d,f98f6e15-74d0-0855-258b-c98781716319,2025-09-09,2,2,2,private_equity|secondary_market
87a41c65-4541-40e0-a332-b89b87add219,49e52ac5-0fc4-49ac-9e26-3394a80cdf90,2022-01-13,2,2,2,seed|debt_financing
87dbe0db-3015-7e9e-8665-af1cd6bdbff4,18aa0474-0640-447d-ae62-944f96ebd0f6,2024-01-03,2,2,2,series_b|debt_financing
45247ba1-3514-3b1e-c688-810ad55796db,773665c5-92e1-41e0-b30a-4eb11757327c,2024-03-16,2,2,2,debt_financing|angel
ae6eb8da-ebb3-42be-9ee6-644a57af8755,b2372ca7-3269-4d70-8770-d5b1dbede36c,2022-06-15,2,2,2,grant|series_unknown
5de782fd-2218-9139-be2e-0238ed4063a8,b11622a0-5c2b-3e6b-a5d1-fa4d4b1236e1,2013-06-21,2,2,2,non_equity_assistance|seed
fa97e074-f0ed-4a61-b14a-580366f8699d,6f165a0f-01c7-4574-bc6c-04aa8c84c720,2022-12-06,2,2,2,seed|pre_seed
ae6eb8da-ebb3-42be-9ee6-644a57af8755,d56ce7dc-ba58-46b9-a288-bc54e3097401,2022-06-15,2,2,2,series_unknown|grant
2d0a5bf0-e53e-9a07-2243-9bcd561421ec,f02593fd-ee80-4831-aac7-975ca689c8f4,2020-12-16,2,2,2,series_a|series_b
b3037993-4c35-4a1a-8ff2-554d07687592,fad8e57f-5300-4e5d-9cbd-ecca4dff29b1,2025-10-16,2,2,2,series_h|secondary_market
809d0f70-9c3a-48ba-9c04-fc6e75edc6e5,2fe12120-7cf6-4bdf-8be4-9fc5b652ae95,2024-07-15,2,2,2,grant|seed
7ec1e048-c17f-47f1-b7ae-714f74601624,f4515204-0599-46c2-8120-6d78e196c7e9,2024-01-22,2,2,2,pre_seed|debt_financing
b55d6d95-38ce-4387-9388-c36b374537a8,51f99ed1-9cef-4b23-947b-9bc33a8f0614,2024-10-22,2,2,2,post_ipo_equity|post_ipo_debt
d420cb3c-c5c2-df2a-63db-4850847570c8,f91b96a7-8bc8-b2ed-546a-4271391af96b,2021-07-07,2,2,2,grant|post_ipo_debt
649da6aa-5181-01ad-7e0e-f1ff54321886,fb74d5ca-b8ef-4b5f-a372-dadba388d49d,2021-11-17,2,2,2,seed|series_a
edb9e66b-26b2-d71f-d82b-9effa3c19af6,08e0db3a-e95c-4cd7-b07a-62ce63816fef,2024-06-18,2,2,2,seed|grant
e1199c4d-6eb3-474f-bf78-912d66b1a426,5b0257be-5d76-4080-a93e-c732efbcb78a,2021-11-26,2,2,2,series_a|seed
809d0f70-9c3a-48ba-9c04-fc6e75edc6e5,f48e0868-7305-4b3b-be7b-bec99bd96d9c,2025-02-17,2,2,2,seed|grant
ae6eb8da-ebb3-42be-9ee6-644a57af8755,e471a8b9-49ce-4993-9150-cbaaa8358c7e,2022-03-23,2,2,2,series_unknown|grant
ac41030f-c20d-0060-3f0a-37f0eee13779,cfb2a47b-83dc-6c73-ab7d-0553b56c7b2e,2013-09-01,2,2,2,grant|convertible_note
809d0f70-9c3a-48ba-9c04-fc6e75edc6e5,9aa56682-5d95-4bc8-bff9-b51fdcb48028,2025-02-17,2,2,2,grant|series_unknown
ae6eb8da-ebb3-42be-9ee6-644a57af8755,0c476ea3-c4c7-4a3a-b3d5-baf0ef88e4c8,2021-10-06,2,2,2,grant|series_unknown
525f5579-1f87-cf70-ff5a-9de397f6fa5d,a557cbd8-fdb9-4fca-9df3-c4a6c7e72aad,2022-10-06,2,2,2,seed|series_a
1b65c6b5-9855-32ff-d12b-2bffcf38f979,e41702fa-2ab4-4979-adba-28126d97cea6,2015-06-04,2,2,2,series_unknown|debt_financing
58d47018-5fef-4f97-8459-ed9f2e415217,df1b8c19-9f17-3f43-ad2f-084683d7a021,2023-05-10,2,2,2,convertible_note|debt_financing
06e630ab-9972-6fa7-6b05-3027da2c731f,6f5592c6-0459-8edd-6959-1be6f5ac5e15,2022-01-13,2,2,2,series_d|debt_financing
c91bfb71-2de5-48a9-8af8-356e79026c60,da73220d-37cf-4da1-b419-3d1d82941c3f,2021-08-27,2,2,2,series_a|debt_financing
9aa041b9-d9f2-39e7-f056-a0f4d6294220,24610916-e3b1-11c3-cf2a-4de8b7875b5f,2020-12-23,2,2,2,debt_financing|series_unknown
809d0f70-9c3a-48ba-9c04-fc6e75edc6e5,2cb2eefa-bf0c-4b84-813b-0016e8c23988,2024-07-15,2,2,2,grant|seed
281dc497-6a33-bad1-29f4-800b4e30ff9c,f1f47d80-dcee-1dbc-1844-d335f0fd5568,2009-03-27,2,2,2,debt_financing|seed
983675c3-2ee5-471f-6b57-c9e32a0369c1,27b01324-7c54-ff8b-95ca-a1b5981ef04b,2017-03-23,2,2,2,convertible_note|seed
d85bbe29-d925-648e-5057-63e9a32a9f41,6162dfe1-2c68-93ad-8161-b9b2887d2870,2022-10-20,2,2,2,debt_financing|grant
b8d4ddc5-9011-0bf5-0908-c5930cfef0f8,68daddf8-35c7-f2b0-ae0a-eb4e106d43db,2018-01-29,2,2,2,corporate_round|series_unknown
63eb8719-2957-f55c-7504-e823fcfa503b,0ad2fc2a-1aa8-0cce-c73c-a3a1798dedf8,2005-08-05,2,2,2,debt_financing|series_unknown
cada3582-d3e2-69d5-93bd-3a7229dd098d,eedfb981-8554-4551-93b2-86bc93e84900,2025-08-20,2,2,2,series_a|series_unknown
a2446b5e-2c49-8d15-6304-cbbcbb25fc52,e37dfd77-9077-40bb-b421-d1f91e70a653,2025-06-09,2,2,2,secondary_market|private_equity
ff2a52e3-3edd-66ca-0607-598d8d8b74c6,2917b570-5f5b-4430-e486-9836c2396944,2022-03-25,2,2,2,post_ipo_debt|post_ipo_equity
9aa041b9-d9f2-39e7-f056-a0f4d6294220,85eda74d-e203-dacc-7db5-641f91fc7c48,2018-03-02,2,2,2,series_b|debt_financing
d4a86572-92d6-400a-a66b-f751125dd06e,b2a55db2-af35-455c-97b4-c7b0be842de6,2024-06-24,2,2,2,series_a|debt_financing
edb9e66b-26b2-d71f-d82b-9effa3c19af6,7b8827d9-ad43-4578-92df-54ff9c3cf4fe,2024-06-18,2,2,2,pre_seed|grant
13f6961c-4971-f590-a629-dd6f1b35f3e5,de52ee60-e9bf-421f-90b1-31d4133ef717,2026-04-06,2,2,2,post_ipo_debt|post_ipo_equity
ba754e9b-f807-2c20-2ade-0d771f7bc3b3,67f68ee2-02e3-4f15-8f60-cfe8368bb403,2024-12-12,2,2,2,debt_financing|grant
bfad96cd-0f22-856c-101b-16a23216f90b,faa04487-c9b6-5db6-c856-6a7a3f8d7582,2026-01-22,2,2,2,series_d|secondary_market
36730990-f637-4bec-9de0-7298d3c39f45,529514db-2bcb-49d5-98ba-db2dbd88bf19,2025-12-05,2,2,2,post_ipo_equity|post_ipo_debt
9aa041b9-d9f2-39e7-f056-a0f4d6294220,73de20bd-362e-4bf8-9736-5ff8a3903677,2014-09-02,2,2,2,debt_financing|series_unknown
e523948c-71e4-4865-9c7a-1bb53d1f9b93,04ff612f-6bee-42d8-ad7b-3802d5fa9ad6,2023-09-26,2,2,2,seed|series_a
5941d68d-3ba5-fcc7-57bb-bd4ccacf02a3,24039c5a-16b3-4cec-bf68-b416aa51630f,2025-11-10,2,2,2,series_b|secondary_market
3bfb69a8-61b6-ec30-1512-73bd1ca35bc5,94807ab4-561d-40c1-a834-2ad676622e84,2017-07-12,2,2,2,pre_seed|convertible_note
edb9e66b-26b2-d71f-d82b-9effa3c19af6,3a121be7-7e40-48eb-8320-8da7667be151,2024-06-18,2,2,2,pre_seed|grant
34a9bb66-0984-8de0-e7fb-13e976b4a135,a24c6aec-a363-9e95-ad12-34ecf092d1dc,2021-10-11,2,2,1,series_a
6d4356b9-883e-6ff0-d170-b96759ecf5bf,45de56d3-d66b-17f6-86b5-1bb27833090b,2018-07-01,2,2,2,series_unknown|debt_financing
0465f459-4941-c01c-fd28-a3fa61d4e239,c69eaf90-387c-f248-cfa8-cae35ab6adad,2020-12-10,2,2,2,series_g|debt_financing
056b476b-5b82-0c6f-0c8b-5105cb6dcf7b,d3a96b74-5654-1564-dbf8-d7d7f3a9127e,2022-03-21,2,2,2,debt_financing|series_a
809d0f70-9c3a-48ba-9c04-fc6e75edc6e5,c61cb20c-d0d8-4a14-a7d6-42a859ee0f14,2024-07-15,2,2,2,grant|seed
396f6843-085c-8c9f-6eee-432f5bdbc5ef,c2ed697f-6ae2-a83e-daa6-543915b12678,2021-10-07,2,2,2,secondary_market|series_f
b32594d7-fe7d-3e78-7676-3f59e9d55374,20a46cae-85c4-5e0c-4e76-e079a05023a2,2016-12-06,2,2,2,post_ipo_equity|post_ipo_debt
9aa041b9-d9f2-39e7-f056-a0f4d6294220,16685eae-c5ef-4208-b80e-7b7a16296316,2009-07-31,2,2,2,series_unknown|debt_financing
18980ac4-7fe5-e890-17cd-f0e7ff77f630,cc2aa9dc-f214-0914-45d2-36d1ddc6edb8,2020-12-10,2,2,2,post_ipo_debt|post_ipo_equity
ae6eb8da-ebb3-42be-9ee6-644a57af8755,063c30bb-cf7e-45bc-a95d-a38ceb6f6b2c,2020-05-19,2,2,2,grant|series_unknown
f19f8210-62e9-443b-a5a8-753e61f4d1ad,7c381d23-e16d-4847-bb28-fa492c45aca9,2010-06-01,2,2,2,debt_financing|grant
2433a611-531b-4535-8768-d49776b0e432,3ba830bc-55e0-4bfc-9fbf-ef769588a60e,2023-09-07,2,2,2,seed|series_a
877a70c6-b6a3-4687-b191-cf3fa43fd868,fad77275-a96c-72b7-7fb1-e48ea29c8233,2021-03-15,2,2,2,post_ipo_debt|post_ipo_equity
ae6eb8da-ebb3-42be-9ee6-644a57af8755,9a6b5989-3367-482e-801b-e1eb9c534033,2021-06-16,2,2,2,seed|grant
c99de332-fc7e-49d0-8075-d696703f97ca,cdae0f2e-3804-4bec-ba35-cbee4caa05dd,2021-05-12,2,2,2,series_unknown|angel
52652f4d-581e-4ad5-9d06-b1b250a333cd,f73ad254-47f3-4ab8-b8e1-bf94cf94d63b,2021-03-29,2,2,2,series_a|debt_financing
a6bc2256-2e31-4260-8f32-4d1adeee723a,d361fd73-ab8e-227d-13d5-26864ea4b988,2020-06-30,2,2,2,debt_financing|series_unknown
acc2cc25-ef41-ce04-2b36-4841669c5339,762dda90-2bfd-4685-8678-c04515534725,2020-10-01,2,2,2,debt_financing|private_equity
859291f8-4a3d-449f-be32-c4754edb6d8e,529514db-2bcb-49d5-98ba-db2dbd88bf19,2025-12-05,2,2,2,post_ipo_equity|post_ipo_debt
c5e195b2-5210-4a42-a8d9-8b0468664383,c0afd704-b512-4969-b182-a3d77b3bbdd6,2026-01-06,2,2,2,private_equity|debt_financing
1328ea9b-b149-dd5d-073a-a847e4dd5ec9,68fedf81-1158-4b6e-af71-b52f81bb605b,2026-01-20,2,2,2,private_equity|debt_financing
e892a625-f601-e920-27d5-79d07073ca9c,46f394bd-b5db-4aab-9f5c-dcecb53bc26b,2025-02-19,2,2,2,grant|pre_seed
7efc1272-1f02-90fe-c4e4-6646d0b7c920,1ef88f8f-17d5-48b6-afb7-f6fb93a64a53,2023-02-16,2,2,2,seed|debt_financing
39041e62-6b24-ae8d-1347-4cea947e832c,4f7d0194-dfa1-4e98-893e-db65318f384f,2021-12-15,2,2,2,seed|convertible_note
ff26904c-b4a3-bb61-7a54-fcd3375b2b3d,c99246d6-a6d7-0671-f82b-3a6c39631bd0,2018-04-16,2,2,2,convertible_note|private_equity
3cae090b-ed2d-95f8-79a9-e32ca480258f,775257a5-f1ff-4f1e-b993-2e94cedcaec4,2022-09-06,2,2,2,debt_financing|corporate_round
0019420f-bc97-4b73-ae7c-4d53a679430c,54f01d6d-a92e-4ba1-9307-eb81d3765174,2025-06-20,2,2,2,post_ipo_equity|post_ipo_debt
05f65925-8df0-1c69-e1bf-bd5cfcfe986d,a24c6aec-a363-9e95-ad12-34ecf092d1dc,2021-10-11,2,2,1,series_a
dd8c3954-028a-0049-54c0-cd1f516232da,9bcbd28c-d50b-41cd-357a-29bd1f2193c4,2009-11-19,2,2,2,series_d|debt_financing
9aa041b9-d9f2-39e7-f056-a0f4d6294220,fb846d4c-a625-481d-89a7-b864485302e5,2014-09-30,2,2,2,series_a|debt_financing
5a3cf44f-59a0-fbb1-0f79-1b270f07f0dd,b0fbd30a-dd68-545e-dd13-2f7bf1ea95c3,2024-05-14,2,2,2,private_equity|secondary_market
ebdfbb84-9bc6-46cc-816f-7751119c531e,a524a40f-4ebf-4d2b-b015-50c94d95de94,2019-01-11,2,2,2,post_ipo_equity|post_ipo_debt
809d0f70-9c3a-48ba-9c04-fc6e75edc6e5,afa8585f-1951-4621-aaf7-94beff52511f,2025-06-24,2,2,2,seed|grant
ae6eb8da-ebb3-42be-9ee6-644a57af8755,527eed05-5e37-4814-8ab0-163503d6e239,2025-02-17,2,2,2,grant|series_unknown
c6efcc79-3687-6ca9-0902-15c47c93273d,1dcc31b6-4e8b-40d1-a372-86d5074a52c1,2023-02-17,2,2,2,undisclosed|debt_financing
983675c3-2ee5-471f-6b57-c9e32a0369c1,7c63b3e4-ed86-455d-bfec-c02fd5049b1a,2021-11-29,2,2,2,seed|convertible_note
ae6eb8da-ebb3-42be-9ee6-644a57af8755,182cf339-c849-46f7-b0cc-28d57daf5d2d,2020-05-19,2,2,2,grant|series_unknown
8b975741-713b-8bda-2b36-4f0067bd5473,e62c2bb7-f135-6285-1a87-d0145f36911c,2025-05-08,2,2,2,series_f|secondary_market
c2bbfa37-2043-6ea6-8ccc-a9427e60b77a,9a2e8674-862a-d50f-b5a1-af5b6ae6df5f,2017-08-07,2,2,2,series_d|debt_financing
ae6eb8da-ebb3-42be-9ee6-644a57af8755,51147bc1-7fb2-496a-8ea4-1eb3786f59d3,2021-06-16,2,2,2,seed|grant
033baffd-0c28-4589-8bac-6d92e61676bb,9be50967-54cf-4922-92e3-baf4ead9d03d,2025-06-27,2,2,2,corporate_round|secondary_market
321aaefe-527e-a56e-85cd-641bd83cd866,6a47b9d3-e99b-fd34-bb3c-c5b2316548ba,2012-11-14,2,2,2,series_a|debt_financing
7274e1ad-422e-9f56-02b4-88211b28ac62,d6061fb9-7f76-1c3d-d928-31e9dfe57527,2021-06-17,2,2,2,secondary_market|series_f
1cbc516e-b913-4af4-a475-94b70b18ef38,d53ad9c6-78c1-4198-81de-b989f00ce4c5,2020-03-26,2,2,2,corporate_round|convertible_note
9aa041b9-d9f2-39e7-f056-a0f4d6294220,ba3f81e1-0f5e-4e02-a63b-c4874ada4e3a,2015-03-13,2,2,2,debt_financing|series_unknown
9465140a-64db-3aac-c9d3-604f03122064,4d349458-aeb4-2c49-8634-b599b9d168bc,2014-08-11,2,2,2,debt_financing|series_a
809d0f70-9c3a-48ba-9c04-fc6e75edc6e5,19913528-7235-40ea-8632-46e707fc10cd,2024-07-15,2,2,2,grant|seed
46de5ad9-edfe-a1ed-95a1-d92f45bf7da0,d48b608d-1445-4503-a626-d3ccce5bb5e3,2025-10-23,2,2,2,series_c|secondary_market
809d0f70-9c3a-48ba-9c04-fc6e75edc6e5,e1814985-4f47-46f3-a9cb-bea94b37a55f,2025-02-19,2,2,2,seed|grant
71f7d0b6-c995-a534-b640-521598a7e184,05f07b2d-df5d-60bf-2d81-21cdd0edd795,2005-10-01,2,2,2,debt_financing|series_a
2a2664e3-bd42-6dfc-1983-3e0c8690ac2a,ee8cc8d1-6a57-426a-9dfb-23eadbe35cd1,2022-02-01,2,2,2,debt_financing|series_a
b32594d7-fe7d-3e78-7676-3f59e9d55374,31dc075f-2fed-6cc9-0a7b-7dd0a7059154,2020-06-16,2,2,2,debt_financing|series_b
940d41e4-57f4-4c94-941b-3f1d6180e78e,3c970ad8-4b7f-4c09-bdcb-9dd1ae9d82d6,2024-09-20,2,2,1,seed
29377ae9-82fd-4126-ae5c-ddb73b455f08,cc910a43-d477-425e-aca0-d938be177eb6,2020-09-03,2,2,2,debt_financing|series_unknown
efe2a361-0f8f-5b9f-b221-d171d880f857,93821b64-477f-40e7-a04d-ac5afee98ad8,2022-10-04,2,2,2,series_a|debt_financing
41fd694a-414b-6b78-ad46-ef9045e8a104,efa3140c-8e6b-4282-8d32-e3c764b7ae3e,2021-04-28,2,2,2,series_a|debt_financing
c1afb43b-7fda-1e9c-6781-83c3619caa05,54814919-9a8d-497b-bf71-90a23f744c98,2021-05-06,2,2,2,seed|debt_financing
d9f3c7cd-ba54-6871-0215-734c50e8b988,a96a7ba0-60b3-4c7f-bf34-78b09d2ebdc0,2017-09-08,2,2,2,debt_financing|private_equity
020a4436-9048-cc62-8c9e-11fb4b2dc995,a7ea3697-d69b-4efa-bb2d-6a33e12b156a,2024-06-04,2,2,2,grant|seed
2ca60277-8c8b-41d2-8383-7b7355be2cee,04ff612f-6bee-42d8-ad7b-3802d5fa9ad6,2023-09-26,2,2,2,seed|series_a
b1e347d3-ae2b-403f-4a72-7c9ffb23e25b,1dd6fe10-ee05-434d-b26c-05b7824f0e91,2023-11-08,2,2,2,private_equity|debt_financing
a4837389-2b54-1e73-5e83-d8ca7f984c2a,764fbea3-679f-2fc7-947b-81a4b1b54db6,2017-08-15,2,2,2,debt_financing|series_unknown
9baab2e4-d625-4bca-8875-fd6d8baf478f,d66280cb-96df-4005-b6d7-c4a9d93b1c39,2021-06-03,2,2,2,debt_financing|seed
33bbbc11-14c2-42e0-bf74-86958aae4fc0,697594e7-e0d6-1722-f909-76e1d5bbaeec,2023-12-20,2,2,2,private_equity|debt_financing
b814b1af-3a70-4015-aacf-ad9c45f8d6ab,be7303e2-bd6d-4747-8199-032ae6a75e1a,2026-01-20,2,2,2,series_b|secondary_market
0659f28f-2612-a01f-1b5a-9bc488036d1b,13e159d1-7a2b-469f-9890-4f8f84c412ed,2023-11-07,2,2,2,debt_financing|private_equity
72ac5c04-1a57-6e9d-9d1f-38050e687f2a,18f2234b-856f-4a0a-bced-8ec72aaed2db,2015-02-11,2,2,2,corporate_round|secondary_market
25571a2a-a420-48fa-b663-29513a21fd7d,bcb4383d-b4f0-40ab-a931-b0371c48c582,2022-12-12,2,2,2,debt_financing|series_unknown
4ee634c1-edfc-422b-9ec5-2e7535e829b3,b69afaf6-518e-4d18-ba91-dafbce6efaaf,2022-08-12,2,2,2,seed|series_a
08b1c307-1bd8-ee5a-a1c5-e258544b1475,52279245-d87a-daef-4838-8bf239711fe2,2015-09-15,2,2,2,post_ipo_equity|post_ipo_debt
d12a56ab-9357-6f4a-36d8-4fac70a298cb,c07235ae-b907-447a-8125-5476d3ad3f4b,2024-04-29,3,3,3,series_unknown|grant|debt_financing
82c9ea3c-3e24-462c-a875-3d009e349187,9332ef15-5d14-4165-8016-006e65b3d11e,2023-03-07,2,2,2,debt_financing|series_b
c6ea1817-1734-4e37-854b-dcff482ece62,06ba4f22-ba47-44da-8115-25b97cd283d4,2025-09-08,2,2,2,series_unknown|debt_financing
fb0498ec-9c42-da79-47cb-cb28cb595a8d,356ffa4a-84e4-4026-9bae-3a3b62ebc856,2020-10-20,2,2,2,pre_seed|seed
ae6eb8da-ebb3-42be-9ee6-644a57af8755,ed0294e7-0adb-47fa-a987-31cd41d141b6,2023-06-29,2,2,2,grant|series_unknown
809d0f70-9c3a-48ba-9c04-fc6e75edc6e5,e6c751b2-8f7a-4288-b9be-0dd6c6808b50,2024-07-15,2,2,2,grant|seed
1a89a0df-a150-658a-02a6-249d3911bf7f,ffe74ad7-43eb-bd06-32ad-19de354a67bd,2018-08-22,2,2,2,private_equity|secondary_market
e4d06b6d-d712-4baf-a733-063d47f54231,7cb75a59-9f80-4777-b181-431145c46cbc,2022-08-09,2,2,2,series_unknown|secondary_market
1f18a6c1-ad5a-b0dc-ae50-6e84f63b94f2,8686b8b6-10ec-4c28-a250-ae1ce761a810,2021-07-01,2,2,2,private_equity|debt_financing
809d0f70-9c3a-48ba-9c04-fc6e75edc6e5,af21a7a3-9939-40ed-808f-9f5c8d2cbeba,2024-07-15,2,2,2,series_unknown|grant
983675c3-2ee5-471f-6b57-c9e32a0369c1,20941aa8-ddb1-4f55-abe1-a90b60009be5,2021-02-01,2,2,2,seed|convertible_note
60a8d903-841f-c27b-a5dd-e44ab18c0808,8034891a-602b-4f8b-90cc-451c824f7198,2020-05-19,2,2,2,seed|non_equity_assistance
809d0f70-9c3a-48ba-9c04-fc6e75edc6e5,bfdd7c65-2595-4c59-beae-399000a84ae4,2024-07-15,2,2,2,seed|grant
0caaa18f-916d-f2b2-35c1-d130e7b05e30,216bf48d-669f-4216-d7d2-19fd0d62a994,2020-04-15,2,2,2,convertible_note|seed
ae6eb8da-ebb3-42be-9ee6-644a57af8755,58768cf2-1d29-f4c1-cfa0-dad69de2563f,2021-10-21,2,2,2,series_unknown|grant
ff7269dd-dc3f-4ddd-9455-81c530239858,529514db-2bcb-49d5-98ba-db2dbd88bf19,2025-12-05,2,2,2,post_ipo_equity|post_ipo_debt
40e3a7d4-6bf3-cabb-34ae-64c4f5bd46e7,c93ed743-f37e-01b7-c542-06e57c0c6be1,2017-06-05,2,2,2,series_c|debt_financing
dd1bc061-f569-4331-9043-5ff0da7dc706,3892260a-f001-a21b-eaa7-6d1d0baad803,2025-11-05,2,2,2,series_f|secondary_market
a28e6062-3e05-4113-9f60-9c74b8981a99,46f7f961-9523-94d0-bb48-c1c7a90ae108,2025-01-12,2,2,2,series_unknown|debt_financing
ae6eb8da-ebb3-42be-9ee6-644a57af8755,283cfc28-f180-4604-b005-cab6bf3d52ad,2022-10-14,2,2,2,grant|series_unknown
b7264da3-0417-c9fc-6827-59e78be8ec2d,93913e92-e331-3e52-c7f5-68848e6974ef,2024-08-06,2,2,2,grant|post_ipo_debt
e466c2a5-cd27-8385-6ece-a0483a34fc95,de20e4f7-e91e-c024-7604-7bbca81f2228,2020-09-02,2,2,2,series_d|debt_financing
931f7202-91fd-ab26-c07d-06518289ef06,8957c749-4d0b-4b91-ba9b-6007248e318a,2022-02-16,2,2,2,seed|series_a
d7d8d8dd-8b81-466b-850c-b81f7160bc3c,ebf84e07-5639-4f89-9385-91f02b952ab0,2025-10-03,2,2,2,secondary_market|series_b
1b98bc37-ae9f-435a-a3ee-26589297290f,76fa340a-6dbb-4148-a270-d9e73c6a66b3,2023-11-20,2,2,2,debt_financing|angel
71f1c900-d091-617f-5d93-7f8c3a6a3bca,9fa9e41c-191d-88e1-ea29-3660064701ca,2021-01-07,2,2,2,series_d|debt_financing
d6f5d4ec-8b52-4c76-8928-128de9f53d7e,6b9f87d5-56f6-4d1e-96b5-f986c1e3c1e5,2023-03-20,2,2,2,grant|series_unknown
c540fe96-b9d9-4529-a62f-a79ffe067c77,02566f4c-e2e6-197e-0ed0-ab86e984e743,2021-06-08,2,2,2,series_b|secondary_market
b0fc608d-ad8e-5e0a-36d1-008d1b4ca6da,04ff612f-6bee-42d8-ad7b-3802d5fa9ad6,2023-09-26,2,2,2,seed|series_a
260cf8d8-1b0a-4288-8824-ffe2888b1119,04ff612f-6bee-42d8-ad7b-3802d5fa9ad6,2023-09-26,2,2,2,seed|series_a
d420cb3c-c5c2-df2a-63db-4850847570c8,da0253dd-1499-3a5b-9cd3-98cd3d55bc56,2021-11-23,2,2,2,pre_seed|debt_financing
9baaa25e-01da-4b8f-8c0d-fa3be703eb7a,f8f3eb91-f504-4f56-98ab-45d97f439c86,2021-07-15,2,2,2,series_unknown|secondary_market
74575822-bc8e-0ed7-3117-0cc095a263b4,a010850c-06b5-0f19-f9bd-16708915ac58,2025-10-27,2,2,2,series_e|secondary_market
edb9e66b-26b2-d71f-d82b-9effa3c19af6,93bef900-28ea-41ca-b47a-49d66a500c9d,2024-06-18,2,2,2,seed|grant
8c5ff693-d08b-fce9-7829-236ebf2fe254,fb720a65-cd64-ffe9-a431-56dec571458c,2020-06-30,2,2,2,post_ipo_debt|post_ipo_equity
fcd0c596-99b3-f0ea-588e-cdbb3c82cb88,48f66271-2279-6d2d-210b-adb864370001,2016-09-15,2,2,2,seed|series_a
809d0f70-9c3a-48ba-9c04-fc6e75edc6e5,acc68cca-eb00-4fb1-a86d-0eea7251a1ac,2025-02-17,2,2,2,grant|series_unknown
13b033a4-00ae-41be-b6d1-340c90e8d5bc,0cb64635-8958-4207-8928-3dc69852bedd,2018-09-10,2,2,2,angel|debt_financing
57c773b4-f4f5-c726-d9e8-229811ca53a4,7610508c-2d8e-b0f7-b855-94c3eb93df91,2015-02-12,2,2,2,debt_financing|private_equity
c3c666a6-d073-1ad8-8e8b-5c146e625aff,d48b608d-1445-4503-a626-d3ccce5bb5e3,2025-10-23,2,2,2,series_c|secondary_market
861a644a-2310-872c-cbe6-b283db2615eb,1440c9d6-7fad-0cb8-900e-ae2d4dd8c649,2022-09-09,2,2,2,series_b|debt_financing
ae6eb8da-ebb3-42be-9ee6-644a57af8755,2f0978a9-224c-4f90-8100-072fb02193ff,2020-03-20,2,2,2,series_unknown|grant
d2a0d7d2-bb9a-413f-87d6-224749e3bf97,fa2ed0d8-3542-4445-95fb-b60c27aa74c5,2023-06-02,2,2,2,debt_financing|corporate_round
0c867fde-2b9a-df10-fdb9-66b74f355f91,437b5397-7d9e-4d61-1f7a-087cc89e5607,2021-07-27,2,2,2,series_a|debt_financing
6498b48d-674d-4dc5-0f2a-bcc038360656,c2fb8a41-cca6-489c-97bd-616251ca5a63,2021-04-07,2,2,2,debt_financing|series_a
1c73a41c-c935-419a-8b50-cb952dd98d41,ac27592a-7dd2-449c-962d-8c4c602e8284,2025-06-26,2,2,2,private_equity|debt_financing
ac41030f-c20d-0060-3f0a-37f0eee13779,dd31843b-eb45-77c8-cde9-e1ed41267542,2015-03-01,2,2,2,convertible_note|grant
f065b291-ae61-41db-9475-3713a3da36d4,b017e1b1-b956-4638-8946-82d4cf872e42,2022-09-27,2,2,2,pre_seed|seed
f30caf86-15aa-46bc-870d-0c3ac6b7e80f,8c91e9a6-1b19-4a84-8f13-8b5b83f0fdba,2026-03-30,2,2,2,post_ipo_debt|post_ipo_equity
45247ba1-3514-3b1e-c688-810ad55796db,71b42371-b350-4fc7-8df7-e1bfd81b4a2a,2025-03-07,2,2,2,debt_financing|angel
15d1a0ba-4572-4165-95da-edfe62b7455a,d2d4ebaf-66d1-c550-b0ea-53f1538345a1,2021-10-28,2,2,2,series_unknown|debt_financing
23e22440-4d2c-4f99-9b2c-948511ee29ad,f6af553c-39d4-4aa1-8a70-fe41a6889afe,2020-11-17,2,2,2,corporate_round|series_a
08ebf8ae-4acb-955c-02c5-305c0f470477,a24c6aec-a363-9e95-ad12-34ecf092d1dc,2021-10-11,2,2,1,series_a
39041e62-6b24-ae8d-1347-4cea947e832c,20941aa8-ddb1-4f55-abe1-a90b60009be5,2021-02-01,2,2,2,seed|convertible_note
8ca0a6a5-15ba-2e62-3d45-eac4cb4d41de,ce334730-45db-47dd-b242-a2d74b9304b6,2014-02-18,2,2,2,series_g|debt_financing
5d61ec8e-c12d-5e35-f035-915802e1f779,04ff612f-6bee-42d8-ad7b-3802d5fa9ad6,2023-09-26,2,2,2,seed|series_a
dbdafc98-7c6b-9cf1-b1bf-d3f590197dd1,f1ab1d48-1cdc-4ba8-b0b9-1c077e27d07e,2025-09-02,2,2,2,series_a|seed
dd5e0144-b22c-41e0-bb6f-6a55156ea599,620a727d-28f2-4786-9c9e-066aa5d77658,2020-10-28,2,2,2,seed|series_a
043d9e52-dcc0-0dd8-6074-206e42e20e13,1d8a4883-4fb2-e061-3a4c-579307c297df,2020-09-09,2,2,2,seed|series_a
39041e62-6b24-ae8d-1347-4cea947e832c,518d0cf4-25e1-47d0-88de-5a9301469260,2021-09-10,2,2,2,seed|convertible_note
5497b680-425e-4df2-b25e-a869149816c1,d0d7f5fd-96c9-58f1-0691-6e409e57b564,2026-02-13,2,2,2,secondary_market|series_f
e702ff0d-100c-4cd6-b5f4-ecae5c1e55e8,cb63d72a-d21f-499b-a23a-df96b4e6660b,2025-07-07,2,2,2,series_b|secondary_market
3aabde79-36dd-df3e-7ef1-644d0a2105aa,b7cace59-e406-44d7-b6f4-022096ac788a,2023-06-27,2,2,2,seed|series_a
983675c3-2ee5-471f-6b57-c9e32a0369c1,ddb62849-bc88-49d6-a1e3-b586926af308,2021-02-16,2,2,2,seed|convertible_note
4fae4543-f47c-f737-3ff4-c6f0e6fb2022,235cdf32-5fcd-7afa-7334-8f5a7ae7eeb0,2012-05-09,2,2,2,debt_financing|series_unknown
efeeae9b-e48a-db84-4e23-e803b8e52ca8,6ec06f99-0765-74e1-e10a-08bcb35c85b8,2021-12-20,2,2,2,private_equity|debt_financing
39041e62-6b24-ae8d-1347-4cea947e832c,6dad0aa8-2bb4-4e01-82e7-3dde1eb2c137,2021-03-24,2,2,2,seed|convertible_note
f0735e84-3ac7-49d7-8f6f-a406c909d511,437b5397-7d9e-4d61-1f7a-087cc89e5607,2021-07-27,2,2,2,series_a|debt_financing
0c867fde-2b9a-df10-fdb9-66b74f355f91,384cd482-54a9-46c9-b06e-720c528f5af2,2025-04-23,2,2,2,series_a|seed
39041e62-6b24-ae8d-1347-4cea947e832c,d8d40467-a858-4fd7-9f44-fd9c57ee6ba4,2023-03-06,2,2,2,seed|convertible_note
da7dace0-ea77-d4ee-4af6-7cedb69539e9,6d52f791-c701-4dde-9d47-79479d88a9e8,2016-12-23,2,2,2,debt_financing|private_equity
fe5a4983-a46a-2fc2-5633-e35e0a86b694,4a24a36d-d422-4c47-bc7d-3ffc3372bdd1,2023-06-27,2,2,2,seed|series_a
94e77637-7d6f-4738-8a21-19c5fe3b1f28,c24cfab7-a64f-487d-a098-e8ba6fe19a19,2021-03-15,2,2,2,series_a|seed
6246eb52-1595-468b-9781-c8457d9c09c2,529514db-2bcb-49d5-98ba-db2dbd88bf19,2025-12-05,2,2,2,post_ipo_equity|post_ipo_debt
da7dace0-ea77-d4ee-4af6-7cedb69539e9,6646568e-c7ab-4e06-41a1-e606f8d4eaad,2013-12-24,2,2,2,debt_financing|private_equity
ae6eb8da-ebb3-42be-9ee6-644a57af8755,35679955-92cb-4b77-90a6-f6313cddb762,2019-10-09,2,2,2,grant|series_unknown
dab026a4-842e-4a03-a565-49bbbaac25ae,2da88d7f-99d1-44c3-8158-810c28b1d1ed,2025-11-06,2,2,2,series_unknown|debt_financing
365843a2-33e2-a65f-6438-068cb7469700,64fa8e0a-2301-45eb-8859-7cb8ce416e7a,2024-12-13,2,2,2,grant|series_a
899e4ad2-b7ab-f59e-a944-4763879f269e,e6989ef9-05c1-43ff-a1e6-7b4bb94e3de0,2023-06-01,2,2,2,grant|post_ipo_debt
2ddb711c-98d7-fc2c-0623-2b146d3188a4,27a6234f-224e-4f0d-b186-d65be3f160ed,2019-04-17,2,2,2,series_b|debt_financing
40c3d188-cd08-8abb-0abf-ac214f6b7f46,b0662a5a-4e13-4231-9bd8-1bad3282ccf6,2021-08-09,2,2,2,private_equity|secondary_market
728c8f95-e9eb-bcd2-d4bb-5f7e314b1ef8,105359bd-4b3e-46f7-ad61-e65400c0998d,2024-11-22,2,2,2,post_ipo_equity|post_ipo_debt
e7c85d97-25ee-4989-8ad5-7bfead5ccbff,2f2af45d-712a-4641-b7c8-8c79126d80be,2026-02-04,2,2,2,series_d|secondary_market
ae4f83a8-4c9f-4ce4-a21c-10d1571d541b,e715f238-e87b-4b91-9a64-6c8906f5f56b,2022-05-11,2,2,2,debt_financing|seed
c4bdc9f3-5a75-3393-8d54-fec662761ec8,5bb605f2-b5ee-41dc-98f4-aba67173cd51,2025-06-18,2,2,2,series_b|debt_financing
876284dc-393b-55ec-50bb-f85579d8e7c3,c69eaf90-387c-f248-cfa8-cae35ab6adad,2020-12-10,2,2,2,series_g|debt_financing
0d7a3631-d2cc-4670-4956-165fd067154e,291fa52b-f37e-d2e7-43d7-580383fd41c6,2018-11-30,2,2,2,series_unknown|debt_financing
ae6eb8da-ebb3-42be-9ee6-644a57af8755,3dcdd415-2779-40fc-9f23-f92b2c9c04fb,2020-01-08,2,2,2,series_unknown|grant
9d005160-ab25-4359-bff5-1cdabcbe61e6,f64e7ad6-1e62-48a7-b088-180b39939dc9,2024-08-01,2,2,2,debt_financing|corporate_round
d1b8008c-bfbd-439c-8dd1-080d016cfe03,dda4c017-e14c-06f6-22dd-418f1acc79d5,2020-10-22,2,2,2,series_c|debt_financing
ae293ce2-1de9-42ea-aa23-ec8814dd2bf5,04ff612f-6bee-42d8-ad7b-3802d5fa9ad6,2023-09-26,2,2,2,seed|series_a
fce9e5e0-69e8-e995-d066-72270e41b640,b0662a5a-4e13-4231-9bd8-1bad3282ccf6,2021-08-09,2,2,2,private_equity|secondary_market
aefa3a84-5193-00c3-5cbf-ec5ec2645672,8d9a9515-12e4-4dcc-8bba-9b77c1979e8b,2021-05-11,2,2,2,seed|series_a
b3e49413-b161-1c44-dd77-27a2d79475f2,cd187c62-40b8-f65b-a3d6-eb02782c327c,2013-01-22,2,2,2,pre_seed|grant
68e181a5-29e7-4351-b306-3f4de252b434,50b58209-5d86-4e4f-a27c-40ce1b6f670b,2022-10-19,2,2,2,series_b|series_a
de433284-8874-a9fd-6ca4-0e3e7305cabe,8d81d37c-77de-1893-2fd3-065e174fb84d,2019-11-03,2,2,2,debt_financing|grant
306c50f1-4833-7663-8f62-b2543b22f5f0,f0a0b689-8e1e-4c9b-91e4-579918f9efbf,2022-07-27,2,2,2,series_unknown|debt_financing
48941588-bae3-87e6-6074-1652de877595,39196398-ac6d-c600-c35f-cb1e75188da5,2008-02-11,2,2,2,series_d|convertible_note
4155864e-cd06-01d1-7778-5bf77c502d16,d64d665b-b13b-b856-f334-d84f204100d4,2007-08-01,2,2,2,series_unknown|debt_financing
0b651833-0fa3-9c15-410d-52cb357cb77e,5b019976-060f-77c0-6396-58cb6b394381,2005-01-01,2,2,2,debt_financing|series_c
ae6eb8da-ebb3-42be-9ee6-644a57af8755,4bc0689c-c00e-2930-d6ee-6bfb08c719f5,2021-12-21,2,2,2,series_unknown|grant
809d0f70-9c3a-48ba-9c04-fc6e75edc6e5,ae0ca248-e972-4058-ad65-60a89b073005,2025-06-30,2,2,2,grant|series_unknown
6b165271-9ec3-4769-a5b1-e320631bed6c,9e1fb21c-85bf-38dd-1ce6-08e511065c3d,2022-01-05,2,2,2,convertible_note|debt_financing
9aa041b9-d9f2-39e7-f056-a0f4d6294220,4ba2b62f-26de-4a00-8d46-989c099e8379,2010-05-26,2,2,2,series_a|debt_financing
ae6eb8da-ebb3-42be-9ee6-644a57af8755,51f3659b-504e-a8d3-48fd-da58173f095e,2021-10-15,2,2,2,grant|series_unknown
79f9bfdc-48f6-d998-de32-862f0eee2524,94682cab-298c-497b-a050-8806540233fc,2023-01-03,2,2,2,non_equity_assistance|pre_seed
fe2dec9e-375d-f7d1-b12c-89a686744436,c6d295bf-39e9-4872-8b1f-8c7129d4070b,2022-01-11,2,2,2,series_unknown|debt_financing
fa8d70e7-18db-4ca1-94d0-9bace808c038,832b3fbf-eb42-4d72-a111-816ec39ced13,2016-06-06,2,2,2,debt_financing|undisclosed
23b60200-c4ed-f896-c730-193677717886,8f47bfca-72ce-441b-98b9-40bebdad26dc,2026-01-13,2,2,2,private_equity|debt_financing
9aa041b9-d9f2-39e7-f056-a0f4d6294220,5e320ca0-bd08-4553-974b-3b338415c2d7,2009-07-31,2,2,2,series_unknown|debt_financing
f51a817c-b855-ec29-9f45-cd8a20f44191,465bfc00-9cc4-496c-99d1-3877c9fe05a2,2011-02-23,2,2,2,debt_financing|series_unknown
03100a6b-7933-4f5f-aa50-3f13c744e56d,dda4c017-e14c-06f6-22dd-418f1acc79d5,2020-10-22,2,2,2,series_c|debt_financing
ae038311-13e7-1b4a-dcde-6759031012b5,a78c2c68-cb63-ba52-f81c-9044107077b7,2021-01-21,2,2,2,post_ipo_equity|post_ipo_debt
b2349e73-9f9b-a507-557c-634e0c528505,a4c0862b-35f7-29a2-a082-576a60054d95,2010-09-07,2,2,2,debt_financing|series_unknown
ae6eb8da-ebb3-42be-9ee6-644a57af8755,4f5091cf-4fb7-4efe-89e1-602d16e7c869,2021-06-16,2,2,2,grant|series_unknown
b08efc27-da40-505a-6f9d-c9e14247bf36,1df7028b-864a-4c76-b0f6-1b27c976428e,2025-08-10,2,2,2,series_c|secondary_market
809d0f70-9c3a-48ba-9c04-fc6e75edc6e5,29921858-3b66-46d5-81ff-d9132d91bbfa,2024-07-15,2,2,2,grant|seed
cc23fbb2-86f0-3ee1-494e-050176d24005,40106e88-cd14-e0c1-2775-d9f21d6af43f,2004-03-24,2,2,2,private_equity|debt_financing
c4bdc9f3-5a75-3393-8d54-fec662761ec8,3053497e-8f3a-8e23-d07e-666bfa088d50,2022-06-27,2,2,2,series_unknown|debt_financing
989aaf02-30e5-4be5-a9be-08ba517e19ca,c7f7cbcd-b490-4373-892d-71b7ea9aee8b,2025-03-26,2,2,2,secondary_market|corporate_round
c0f180c3-d058-4827-b0d1-87b625f66fe0,13469a29-7c62-41e8-8cd2-6830b71550b3,2025-09-10,2,2,2,series_a|seed
82903690-8b6a-44d0-9596-89813205b9cf,8cedb578-eb9e-44d0-8521-03b60521390a,2021-12-20,2,2,2,debt_financing|undisclosed
385488c1-01e7-4ba6-bc45-ff31f8ff6399,dd0e584e-1413-4358-aabc-d99635e41bb4,2020-09-07,2,2,2,debt_financing|series_b
aa73d429-aba1-53bc-4014-5b39ae700951,e62c2bb7-f135-6285-1a87-d0145f36911c,2025-05-08,2,2,2,series_f|secondary_market
b09ab004-df11-4c04-b5b5-2cc547e467a3,eff1d6d9-e657-127f-2860-84a1703d6bbe,2025-10-07,2,2,2,private_equity|debt_financing
d420cb3c-c5c2-df2a-63db-4850847570c8,30412f85-34ba-4c78-84a9-a5e2599bfe79,2026-02-24,2,2,2,series_a|grant
463cc2f8-1c4f-4690-8de8-c97ccd5ab35f,fb469698-5deb-9571-812f-39a583762872,2025-11-12,2,2,2,series_unknown|secondary_market
2fb750ce-1053-410b-bee7-9cc1b19be04f,8a2dc26e-7458-416e-8c5d-9d4b2366ef5d,2025-08-06,2,2,2,debt_financing|undisclosed
c1a8177e-22a1-41cb-b903-7b34f69fa251,1d732f9f-0107-4df6-aaec-360f378ba522,2024-10-22,2,2,2,debt_financing|private_equity
d37c75fb-83ab-9fc0-0e13-966efea9736d,c59b5526-0e39-bef2-4542-a2b2736a0cf6,2021-09-15,2,2,2,seed|grant
ae6eb8da-ebb3-42be-9ee6-644a57af8755,697a92f4-db7c-a3ee-a90f-352ddf471b1d,2021-10-06,2,2,2,series_unknown|grant
d90d9ad2-e33f-cd5f-466e-fb2399962076,daf04f65-8e37-431e-a86d-ea2abd5968fe,2025-07-31,2,2,2,post_ipo_debt|post_ipo_equity
7c1d2aa4-37fa-3fa7-6dae-221e38f5eb89,a557cbd8-fdb9-4fca-9df3-c4a6c7e72aad,2022-10-06,2,2,2,seed|series_a
09d332f6-ecb5-46c6-dcd6-4dc1f35d10a1,1663e62f-2574-4c21-82d3-be708c345160,2022-01-18,2,2,2,series_a|debt_financing
5d198922-93d7-43f1-baaa-3a50027a8c62,22258084-5c6f-433c-97ec-41bea24587ce,2025-02-19,2,2,2,pre_seed|seed
10ad69d2-413f-4c53-b953-0d94a1815202,1e5dd5c2-7724-4626-a1c5-24f84407fc33,2024-12-12,2,2,2,post_ipo_equity|post_ipo_debt
d4a7cc59-fd3b-463a-9e2c-72bd5677f370,b25e2e52-aa42-4423-a1ed-0131110eb2e6,2025-05-21,2,2,2,seed|pre_seed
b55d6d95-38ce-4387-9388-c36b374537a8,7980c09e-432e-5492-a305-27fa2cce30dd,2025-09-10,2,2,2,post_ipo_equity|post_ipo_debt
95e05910-ea33-7e11-afa6-818efc858b28,da3d42ac-6ac4-6e6c-a80a-021411284161,2014-07-21,2,2,2,post_ipo_equity|post_ipo_debt
7316f156-6032-ec6e-b0cc-ac09dc8746af,5cdc52c3-9f6f-45b3-9036-0aabbb1de332,2022-03-14,2,2,2,series_a|debt_financing
02aeb13c-0a42-2c08-3249-2e013d0608a5,3f38b90a-f27d-405b-bfc5-b2ec61611412,2026-02-17,2,2,2,series_a|seed
6fbceb1e-7793-272e-87ff-e7d0309bb589,d3240ecb-e411-4f5a-8133-503ddeb974a5,2024-06-27,2,2,2,series_unknown|debt_financing
ae6eb8da-ebb3-42be-9ee6-644a57af8755,1ce07677-5953-425a-adb6-a94c859e4a34,2021-10-06,2,2,2,grant|series_unknown
20cbcbee-5e41-450a-8dfa-df88c89310a3,10e83f29-6ac3-41da-8b18-78483f9b79a0,2025-12-01,2,2,2,post_ipo_equity|post_ipo_debt
45247ba1-3514-3b1e-c688-810ad55796db,0bc60dc3-b283-46d3-8873-18acb3a3e487,2025-02-27,2,2,2,debt_financing|seed
ea92b87d-3ca6-420b-ab74-5d5fc0d1da3c,6d30e022-42a9-4443-84c2-2d6a9c9ec954,2025-10-16,2,2,2,series_c|secondary_market
ee52d0b9-fe7b-252a-6234-6f03818351e9,6808f13e-25ee-98c7-d802-0bee94aa6d9b,2018-12-03,2,2,2,seed|convertible_note
bfad96cd-0f22-856c-101b-16a23216f90b,2f2af45d-712a-4641-b7c8-8c79126d80be,2026-02-04,2,2,2,series_d|secondary_market
247674a8-413f-187a-2b67-f80b350f3762,1663e62f-2574-4c21-82d3-be708c345160,2022-01-18,2,2,2,series_a|debt_financing
367d53ae-15f3-6a17-42c0-4ea6b782c9dc,602aaf25-a391-4aec-90c0-401dd6183e24,2019-10-03,2,2,2,debt_financing|private_equity
2b92a092-ba65-dc11-4264-d2339d571025,3ed8e8fd-0642-43ad-ac14-26d7521288fb,2026-05-05,2,2,2,series_b|series_a
9ebb7f19-5be6-6f74-0aea-a6c9fe2fd04f,27a6234f-224e-4f0d-b186-d65be3f160ed,2019-04-17,2,2,2,series_b|debt_financing
2c4efe47-1215-e4ac-777c-a8af79afc9b8,5bb605f2-b5ee-41dc-98f4-aba67173cd51,2025-06-18,2,2,2,series_b|debt_financing
c2bbc528-a12d-59f9-51e0-8f229e8e2078,334a991b-8d86-9dbb-34b3-9d93c62d8a01,2022-12-12,2,2,2,post_ipo_equity|post_ipo_debt
1169fab2-d091-0b9f-5f75-23ff3d423fb3,9221f0f6-3d61-2d74-42e1-f965f4cd8f54,2023-10-03,2,2,2,post_ipo_debt|post_ipo_equity
016cfba5-0935-4902-685e-8e0925ea7acc,d581fdb4-1265-69ad-5bdf-b7390e8c3f65,2019-02-18,2,2,2,series_d|debt_financing
20980b3c-5627-7ed1-6eca-8f111c65b652,cc910a43-d477-425e-aca0-d938be177eb6,2020-09-03,2,2,2,debt_financing|series_unknown
a514698e-89e5-4f4a-a672-ce2a193b4b6a,c2e2bcce-a737-e262-c9ed-486bfa3fee41,2019-10-10,2,2,2,post_ipo_debt|post_ipo_equity
ae6eb8da-ebb3-42be-9ee6-644a57af8755,a3ced8ae-bf4a-4ac6-9e8e-000ee244bbf9,2021-10-06,2,2,2,grant|series_unknown
ac41030f-c20d-0060-3f0a-37f0eee13779,d668c51b-c0e7-8d4d-4bc8-37aa2fbc241a,2014-06-01,2,2,2,convertible_note|seed
e9858041-6a0f-4512-b29b-6d92a83e3e45,38f5ea9e-aa68-4a2d-81c4-ff3aed514eaa,2021-05-27,2,2,2,seed|debt_financing
983675c3-2ee5-471f-6b57-c9e32a0369c1,456975fe-ea9c-4d8a-ae1b-a1125efd9aae,2022-04-08,2,2,2,pre_seed|convertible_note
c11dab5a-23d0-4e7a-a68f-56e6a86c555d,0d93338e-041e-cc59-8986-6b5198a7e591,2023-09-12,2,2,2,debt_financing|series_unknown
50689e2e-4412-00cf-ea36-1902099bd0b1,44454c5e-e304-05db-8bad-3c28703b32a1,2022-02-16,2,2,2,debt_financing|seed
ac41030f-c20d-0060-3f0a-37f0eee13779,b9c46a61-724e-ca52-610d-6b148c3d4fd8,2012-12-01,2,2,2,grant|seed
ae6eb8da-ebb3-42be-9ee6-644a57af8755,2285100b-b548-46d5-9436-3593788b9f60,2020-10-07,2,2,2,grant|series_unknown
51dab7e7-cfae-4e97-993a-6ab08969d0f6,b8251977-ceb0-2b6d-3a81-33bf431c10fc,2024-12-09,2,2,2,series_unknown|debt_financing
9b18ec38-56c6-4620-b235-ad5834d4ac4e,9714a894-a704-43b7-b819-e43cc6d854ac,2023-10-10,2,2,1,seed
6e69f3df-1814-4c21-ba47-ea3ecc14d9bd,604fe999-f315-45a6-bcf4-76bd140ff137,2026-02-27,2,2,2,debt_financing|seed
9aa041b9-d9f2-39e7-f056-a0f4d6294220,598f2055-bfce-4147-ab2b-fced7d2c0e03,2018-11-05,2,2,2,series_unknown|debt_financing
c899c4c2-6d14-40e2-8643-b41d873d6a79,8f7f1843-064f-43d5-b7fd-d8c7e54ea549,2025-06-24,2,2,2,grant|debt_financing
b32594d7-fe7d-3e78-7676-3f59e9d55374,4ba18856-ff56-49b4-8eb8-54bfb2fd2e0f,2021-08-19,2,2,2,series_a|debt_financing
31569fb8-fea5-976d-f046-97600475d130,5c6fd2e8-95ad-da2c-19d1-9881f4fe4bd8,2013-07-09,2,2,2,private_equity|debt_financing
a2fc8fbe-32e1-3219-a3a8-665ae83f7243,2c5adc6f-f7d6-48d4-aac6-436088a9defa,2021-01-06,2,2,2,debt_financing|private_equity
6a43fd6d-dc70-f07b-077c-942b3bde9203,c0e50333-ff76-4ed3-8a04-6fcea7fc689a,2024-10-14,2,2,2,debt_financing|seed
f70c0810-92fa-4737-90f9-b3b649dfd465,2f2af45d-712a-4641-b7c8-8c79126d80be,2026-02-04,2,2,2,series_d|secondary_market
40e3a7d4-6bf3-cabb-34ae-64c4f5bd46e7,2a0e4384-ecc4-890a-97e2-cb4b4f43093f,2017-07-17,2,2,2,post_ipo_equity|post_ipo_debt
8a1711ad-f655-46a9-969c-a893db88525d,704c273a-84f1-4afa-a8d9-f1517385c6e7,2022-11-18,2,2,2,post_ipo_debt|post_ipo_equity
3bd5c9ab-cc35-8292-b39e-8732648f460f,6abda9a9-d02c-57ab-fa9f-a7f36cae2554,2019-10-16,2,2,2,series_unknown|debt_financing
39041e62-6b24-ae8d-1347-4cea947e832c,e971cd26-1a8c-4e95-9b98-cc28f54a5d0e,2021-11-29,2,2,2,seed|convertible_note
81caee28-8f53-4018-88d9-dc715613f4f4,30c29072-6ea2-1a23-4bcc-82f28edcdbfb,2014-01-01,2,2,1,grant
ae6eb8da-ebb3-42be-9ee6-644a57af8755,01b399a5-d0d6-4cb2-8325-f845c8a0df01,2022-06-15,2,2,2,series_unknown|grant
809d0f70-9c3a-48ba-9c04-fc6e75edc6e5,33c1d2af-388c-4c70-94ad-683c7f54ce19,2025-02-17,2,2,2,grant|seed
1ab99a2c-0906-f574-5ebe-9459bb1d3267,40522689-db33-4b71-888a-ff537ac52d05,2026-04-30,2,2,2,debt_financing|private_equity
51144719-459c-4574-86f0-a6c1d0fd5c54,3d4032e6-6aff-45db-8e0d-5d2f97ee9f4d,2021-05-16,2,2,2,debt_financing|series_unknown
71dde8bc-cb08-4965-974e-be76da84fac5,fee778e5-198f-44df-b069-7a38d0393e4e,2025-05-20,2,2,2,post_ipo_equity|post_ipo_debt
aefa3a84-5193-00c3-5cbf-ec5ec2645672,6c037c33-91c9-4b0b-acf1-9ec0931884fd,2021-05-20,2,2,2,series_unknown|debt_financing
64134560-3c11-819c-d534-9156f872c57d,974d4cb7-9523-4730-af23-8523acf89bc2,2021-08-01,2,2,1,seed
edb9e66b-26b2-d71f-d82b-9effa3c19af6,deb8f1bd-ca4c-4f5e-a081-d20e9a849508,2024-06-18,2,2,2,seed|grant
edb9e66b-26b2-d71f-d82b-9effa3c19af6,6928a170-b866-46b0-8f8c-70fd63ea7b13,2024-06-18,2,2,2,seed|grant
3afb8ef5-2b6c-7788-7b38-53ecbb89d72e,3b669510-e877-495a-b556-df32441133da,2025-08-14,2,2,2,debt_financing|corporate_round
b36ffc2d-6895-1bee-a8ed-994cc1337b85,7cb75a59-9f80-4777-b181-431145c46cbc,2022-08-09,2,2,2,series_unknown|secondary_market
515d11b5-353b-b08a-c3c7-fc152cd8ab7c,c999f1b4-ac7f-3f69-e4e3-52f2b9e4f237,2015-06-18,2,2,2,series_a|debt_financing
c55ab36e-e238-80aa-3a70-4a423fb77213,14fbf6d2-9dd5-d5de-185d-c1fd02e2a83e,2024-06-05,2,2,2,secondary_market|series_e
ae6eb8da-ebb3-42be-9ee6-644a57af8755,b4809800-f403-6781-ef35-e404c2629ca4,2020-03-20,2,2,2,grant|series_unknown
41c927c8-5354-44ff-8b10-075e7a41706d,9296f4b1-7656-4817-b6d4-c229ce088a26,2026-05-12,2,2,2,series_a|seed
9ab9050f-d150-ecb5-c3c4-8425bdc2c259,77e5a570-3dc4-42f4-8d6a-0b4706d6de8d,2025-03-19,2,2,2,seed|pre_seed
ae6eb8da-ebb3-42be-9ee6-644a57af8755,7d4e69a3-2033-4246-be70-0a91da007dc9,2021-10-06,2,2,2,series_unknown|grant
39041e62-6b24-ae8d-1347-4cea947e832c,03bfd10d-b761-4171-9f83-0c4f55fc1e5b,2020-05-14,2,2,2,seed|convertible_note
ae6eb8da-ebb3-42be-9ee6-644a57af8755,b0dea6b0-6d21-453d-87da-2c8ed93230ee,2022-12-06,2,2,2,seed|grant
c75400d4-d5ae-2f92-4e99-aee6b9a39a4d,33eead84-0d46-00db-34ea-f083b3351b0d,2022-12-07,2,2,2,debt_financing|private_equity
1742fc01-c8ed-47c2-8b59-4054a4dba5fe,d0acb519-be21-4f39-a8f2-2e0a1a8c806e,2021-12-01,2,2,2,series_unknown|debt_financing
4d43a670-f216-4f1f-9ba6-1b6af32ef57e,93887540-91a4-84ce-2a2b-bbc369a7321e,2025-11-05,2,2,2,post_ipo_equity|post_ipo_debt
c28c0d85-77cf-4ab8-b23b-aa05db600bdc,c243b842-1e18-6711-39ac-cc66bcb825cf,2016-08-01,2,2,2,pre_seed|grant
f98d61fa-5672-5c33-d07f-a716be4929c3,13e159d1-7a2b-469f-9890-4f8f84c412ed,2023-11-07,2,2,2,debt_financing|private_equity
3ca5eb2f-0eed-a808-2354-12c35d397743,e6ec486b-ed1a-4817-ad2a-ec873d7dce94,2022-07-27,2,2,2,series_a|initial_coin_offering
809d0f70-9c3a-48ba-9c04-fc6e75edc6e5,63f4a0b3-400b-4bdc-ab2b-bcebc324e9a7,2024-07-15,2,2,2,series_unknown|grant
3d4ccf7b-d73d-44bc-a204-9d495a3be055,cbfeaa50-9d53-4821-9664-512f04565b62,2021-03-19,2,2,2,series_c|series_b
34a9bb66-0984-8de0-e7fb-13e976b4a135,787fce6d-4b72-4ecb-9928-526f3e02d363,2025-09-11,2,2,2,series_a|seed
06e630ab-9972-6fa7-6b05-3027da2c731f,76aef42d-7b08-4394-a76f-5b93a00624d2,2022-10-11,2,2,2,series_b|convertible_note
7468e6d9-c035-05d9-0133-f238f5308246,c8d6386f-d690-bbaf-5898-3fe18c59d51f,2019-11-18,2,2,2,debt_financing|series_unknown
b54a47e8-0a9c-438f-b6de-aec5418c57ee,ad137a13-cf48-4a05-917a-aed1727f25d6,2023-04-17,2,2,2,debt_financing|series_a
4eee5e60-3b06-6fe8-cc2c-29119a96051d,437a788e-a0c4-4de5-b034-392e1c25e9ff,2022-06-22,2,2,2,series_b|debt_financing
c28c0d85-77cf-4ab8-b23b-aa05db600bdc,304cec87-9db1-dc37-9319-3f3b7ebbf33b,2014-06-01,2,2,2,pre_seed|grant
4ede174d-3254-8602-e977-d9c0bfe34433,9fd7b0df-6b71-2dca-3fba-2645b77056d3,2021-09-27,2,2,2,series_b|convertible_note
0ca1be83-8850-4ffa-aeb3-3f30c5a1b358,ee9bf89a-dc41-4c7d-a40e-0c183f1aecfb,2024-10-23,2,2,2,series_c|debt_financing
95727ecd-4692-dfd8-b742-084ef2cc037d,fb98d64c-b1a3-414e-992a-f5c67466903b,2025-11-03,2,2,2,secondary_market|corporate_round
ae6eb8da-ebb3-42be-9ee6-644a57af8755,3a7f1837-2243-4539-8d98-fadc1920714f,2022-06-15,2,2,2,grant|series_unknown
858da63b-4d0e-2806-f8a0-4b647ce9efb3,923412db-8932-4c94-b05e-38e64f32b1a0,2022-07-14,2,2,2,series_a|debt_financing
ae6eb8da-ebb3-42be-9ee6-644a57af8755,04d74699-4979-8d07-b5d7-ee9f81e30f40,2021-10-06,2,2,2,series_unknown|grant
8cbccdaf-ed86-a12f-a2e9-82ac639cee00,388e396e-5d3c-4824-ae7e-f3c0ab0d6baa,2024-05-30,2,2,2,seed|debt_financing
55185328-26f2-742c-6d70-1651ac186c73,9332ef15-5d14-4165-8016-006e65b3d11e,2023-03-07,2,2,2,debt_financing|series_b
ae6eb8da-ebb3-42be-9ee6-644a57af8755,3a6da243-14ba-3da5-eca7-db6c3e826f9b,2021-10-06,2,2,2,grant|private_equity
f07266d5-f4ae-3e2e-2350-d6c1c0d49e7c,e93e57ae-ae96-4f4f-937b-0a2e1a52a5d3,2025-02-10,2,2,2,private_equity|debt_financing
9baab2e4-d625-4bca-8875-fd6d8baf478f,77e5a570-3dc4-42f4-8d6a-0b4706d6de8d,2025-03-19,2,2,2,seed|pre_seed
7d947a72-cacb-f9b2-1b7e-757b33fa09d8,a2b352ed-5121-d2a6-a115-0ee271449d01,2021-04-12,2,2,2,convertible_note|series_a
69bf118a-ef02-b2bd-4f60-01dcc27c0e1d,03826983-462f-45a7-ad21-f9c5d9df2a3e,2023-01-05,2,2,2,debt_financing|private_equity
ae6eb8da-ebb3-42be-9ee6-644a57af8755,ee1f758d-206f-45b5-9899-48f4793bfdc9,2022-03-23,2,2,2,series_unknown|grant
42b8dae7-3511-401d-980f-eb75a2a38aa9,c7e19d54-dad6-40dd-8d7e-552db5708061,2024-08-19,2,2,2,post_ipo_equity|post_ipo_debt
e403b3c7-fb2b-667b-4839-1b0522992927,fad8e57f-5300-4e5d-9cbd-ecca4dff29b1,2025-10-16,2,2,2,series_h|secondary_market
9e6222eb-2e06-42f7-9ddb-bf083228daca,8a4bea66-53be-4dcf-9737-633ae5b01d72,2023-02-27,2,2,2,pre_seed|grant
ae949e8e-0cbc-da49-afeb-0a386793ab54,ead104fd-8fef-43d4-95b4-80ba5b7ddb27,2025-08-06,2,2,2,series_a|secondary_market
4824e251-2232-8563-012d-ad031dfab341,3c970ad8-4b7f-4c09-bdcb-9dd1ae9d82d6,2024-09-20,2,2,1,seed
809d0f70-9c3a-48ba-9c04-fc6e75edc6e5,8d294a61-bfea-4561-a114-7141a4286160,2025-02-17,2,2,2,grant|seed
d420cb3c-c5c2-df2a-63db-4850847570c8,3bf5ddf4-aabd-468c-8622-b2016100bce5,2022-06-22,2,2,2,seed|debt_financing
809d0f70-9c3a-48ba-9c04-fc6e75edc6e5,f22bf122-8a4a-433e-9092-5c3d5fc3a4ae,2024-07-15,2,2,2,grant|series_unknown
14cc2cfc-8b47-8c9b-c02a-48c5bccd534c,66723557-1f68-4ab6-ac0a-d321496a9192,2018-03-01,2,2,2,pre_seed|convertible_note
7b83d4a0-0056-42fd-9b0c-3b76ec3ee2d0,c2643500-2b55-4236-9edf-508edd42f327,2025-01-30,2,2,2,debt_financing|seed
d7da091e-206a-4524-9aaf-88925de173fb,51b13026-155f-4f0e-8394-9416cb16df79,2023-11-28,2,2,2,debt_financing|private_equity
defb12d1-cad5-a610-62c1-2837ed79c059,02bdd41a-80a0-e002-7207-83045de3838b,2022-04-06,2,2,2,convertible_note|private_equity
9aa041b9-d9f2-39e7-f056-a0f4d6294220,6b3f500d-f927-40c0-a763-6b29033d6eea,2017-09-29,2,2,2,series_a|debt_financing
ae6eb8da-ebb3-42be-9ee6-644a57af8755,c0403832-6872-4d77-b6d1-803ae18f7c41,2020-05-19,2,2,2,grant|series_unknown
1787528e-7bd3-a500-ba86-ac55205e7e21,584871a6-7311-4d96-8aaf-2e709a88ab09,2026-01-27,2,2,2,series_a|seed
bcc5adaa-4cd6-bb68-8b91-838f2eee1aa4,1afff6e0-705e-fbd5-c029-57ad8cf3bfae,2012-12-28,2,2,2,debt_financing|private_equity
1aa4ff99-3eea-d9ba-1b1f-4392786c8cc7,3ad7d9e1-9499-b846-90ad-ce4c47780923,2020-11-25,2,2,2,debt_financing|private_equity
9b5a3a46-0059-4550-8013-711371f33bfc,aecf9daf-7a24-9fd4-7599-df4a41dd4a65,2015-10-02,2,2,2,seed|debt_financing
c631111a-6bbd-c92b-c567-0ef2abc512d3,727b69af-5bf0-47dc-81dc-f19fa096ef59,2023-12-20,2,2,2,seed|pre_seed
ae6eb8da-ebb3-42be-9ee6-644a57af8755,b221d987-e2f5-4a1b-9ff0-92f3715ef426,2020-05-19,2,2,2,grant|series_unknown
39041e62-6b24-ae8d-1347-4cea947e832c,e295cedc-9b19-49a1-84c6-6a4600524162,2021-06-11,2,2,2,seed|convertible_note
79e76528-1714-a7b2-4045-ec001104d9a7,cb3444d7-d909-d581-090e-7000563e67b6,2026-04-27,2,2,2,post_ipo_equity|post_ipo_debt
3f2b031a-e682-44bd-ad8c-4039112f98b2,ca9bd3d3-00c9-7481-fea5-b38258d82529,2017-10-19,2,2,2,private_equity|debt_financing
b05733b2-9ee2-566d-a143-7340d016f2e5,abbd0957-a0e2-e0ba-913a-1f5da9cbe01c,2024-10-02,2,2,2,secondary_market|convertible_note
b1f0c02f-7307-4f72-a641-fa038c328e30,9c04bffd-f8d1-4cbf-9dea-27f6871b7f08,2021-01-20,2,2,2,series_d|series_e
f19f8210-62e9-443b-a5a8-753e61f4d1ad,2c4caa55-ca1b-4d66-bd45-e6f2c21ecc35,2010-07-01,2,2,2,debt_financing|grant
ae6eb8da-ebb3-42be-9ee6-644a57af8755,091e3ba3-b955-2a78-0426-8b629d1fffd9,2022-03-23,2,2,2,grant|seed
f2cfb5b1-e362-46c3-b72f-6348c884673c,4aeaa14e-9751-4e65-a8d0-16f6de82827b,2024-05-09,2,2,2,debt_financing|secondary_market
3e250325-d100-40cc-b7f1-09b135bcfe2a,b0b626fd-c85c-4aec-9c1d-dcb7ca862bdb,2020-10-15,2,2,2,seed|series_a
00e49595-f240-41b3-8f4b-a556550254d8,cc910a43-d477-425e-aca0-d938be177eb6,2020-09-03,2,2,2,debt_financing|series_unknown
cb667858-e5b4-4744-81ca-23514ae6afc3,1efbb17d-e029-4e93-aacc-208fa9833927,2025-11-19,2,2,2,series_unknown|secondary_market
ae6eb8da-ebb3-42be-9ee6-644a57af8755,a563c1f5-7dd3-8e2a-89d7-13ac2a251543,2022-10-19,2,2,2,grant|series_c
9761da9c-b7ac-26c6-d522-db289a3b8c68,94719107-fcf0-4940-8857-b4bb488e4686,2025-11-05,2,2,2,seed|series_a
f065b291-ae61-41db-9475-3713a3da36d4,6d30e022-42a9-4443-84c2-2d6a9c9ec954,2025-10-16,2,2,2,series_c|secondary_market
e99cfc71-8c9d-e5e6-0593-cb82ed79df33,84f31321-f53f-4a9f-80f0-5864d0fbbf9b,2023-11-07,2,2,2,series_a|debt_financing
ac41030f-c20d-0060-3f0a-37f0eee13779,8af1713e-b10d-7659-1efc-15468fc73445,2013-03-01,2,2,2,seed|convertible_note
2cbea446-45a8-a1f9-1630-57a83c64821f,d2d4ebaf-66d1-c550-b0ea-53f1538345a1,2021-10-28,2,2,2,series_unknown|debt_financing
8d3b388a-8e85-bea5-44ab-1ff23bbe1043,04ff612f-6bee-42d8-ad7b-3802d5fa9ad6,2023-09-26,2,2,2,seed|series_a
8f442cfa-7704-3e3d-cd78-0c4ad171f5e6,46f7f961-9523-94d0-bb48-c1c7a90ae108,2025-01-12,2,2,2,series_unknown|debt_financing
687d073d-cf32-47e7-86c3-21aaf5410ae8,1669c1e8-b831-4c3b-a493-e2ccf76056b8,2021-04-07,2,2,2,series_a|seed
689982a1-85c0-109a-1ee5-cc3d4e2a1065,8e9bbdff-dc7e-4cb3-8a46-6d8b6af21128,2019-07-25,2,2,2,debt_financing|series_unknown
ae6eb8da-ebb3-42be-9ee6-644a57af8755,aca455db-7e32-009b-3417-9bb059f98552,2022-12-19,2,2,2,grant|post_ipo_equity
0bb10663-bb70-4975-a40f-71407162e42a,04ff612f-6bee-42d8-ad7b-3802d5fa9ad6,2023-09-26,2,2,2,seed|series_a
ae6eb8da-ebb3-42be-9ee6-644a57af8755,8424d9fb-e6ee-49e4-8287-1cb38e0fe276,2020-03-20,2,2,2,grant|series_unknown
626292a0-1789-4d50-93a3-e9dea6c0964e,c641de03-3d10-4bae-9b9a-4682f33c6e33,2021-02-22,2,2,2,pre_seed|grant
9c7dcfac-b8eb-4232-8fe0-b617be7a8634,5852ce5f-d546-4a8a-96da-63e6e75c1cf1,2025-05-23,2,2,2,private_equity|debt_financing
dd9b11f1-6631-571e-1c98-c2dbfbb4f926,4af926d0-b308-4ee0-91b0-dc8ceefee982,2024-01-18,2,2,2,debt_financing|series_a
2a2d1a51-f66d-46a8-8aae-b321fe2bf3c6,4c369d93-f8cd-4524-b565-7879e9c2e4e3,2021-09-14,2,2,2,debt_financing|series_unknown
f3b067c5-501e-6b48-e834-0fa966f4e295,562700c8-1bf4-1d42-1720-a81cb8edbd78,2015-09-21,2,2,1,series_a
473d64c4-d7b5-4853-bb98-d71392bdf6df,ad08fa35-a5d3-462e-959a-55f7b5a2e57b,2023-04-06,2,2,2,debt_financing|series_d
620ddee9-92cf-4505-9124-1319f57fec11,a4d7ebe6-bb86-4489-99f4-54ec370596d6,2022-12-29,2,2,2,series_a|private_equity
b8cc84ee-07d2-71cf-dc80-8995baeb6b8a,e7871c59-b577-4ad3-b038-25200721388b,2017-04-01,2,2,2,debt_financing|series_unknown
566958e0-ef8b-d17f-b174-53512a0e04af,ddb8301c-0127-4023-a0b2-ab759c5257e8,2023-03-15,2,2,2,convertible_note|seed
809d0f70-9c3a-48ba-9c04-fc6e75edc6e5,6b4f8b01-5858-450f-8d64-fc3f77d01f2f,2025-06-24,2,2,2,seed|grant
2a2d1a51-f66d-46a8-8aae-b321fe2bf3c6,7cf47e13-f06c-448b-8e07-05238105189a,2022-06-22,2,2,2,debt_financing|seed
3931f5c3-e4b1-4fdb-b1a5-e37ee96f45ff,ddc19a9a-a444-46d7-9ec8-23a1f97f15c7,2018-11-22,2,2,2,debt_financing|convertible_note
47c3ac5d-7134-4225-be7c-2fedd0538aa0,9f8b57d0-6f14-483e-8114-ed8227b29100,2026-01-23,2,2,2,grant|debt_financing
321aaefe-527e-a56e-85cd-641bd83cd866,2e2a8fa5-628b-7849-f2f4-c6f4458d9a38,2019-01-22,2,2,2,debt_financing|series_b
1b65c6b5-9855-32ff-d12b-2bffcf38f979,abd4ca7f-1d64-4e42-a65a-b636512d44d2,2015-09-14,2,2,2,series_unknown|debt_financing
adc3106c-d982-41b9-92a5-2e5e4b6e8e7f,a311dc92-d11e-4b57-9246-e04bf9fc48bb,2021-09-15,2,2,2,series_a|seed
42984ec1-24fd-dde7-7230-6c21ca402dc1,5c908842-9a38-4bc4-9e49-8c90220f32b8,2023-02-02,2,2,2,series_a|seed
a6235172-8d8b-bb42-405e-e206835069b7,1936db09-738d-4608-aa3c-fc0535a104e3,2022-09-14,2,2,2,series_unknown|debt_financing
67c780e8-72b9-4153-8e4a-5c97265d0d69,bc4ceb75-c16d-45df-86d8-aacb2605533c,2021-11-22,2,2,2,series_a|debt_financing
d70b3ca0-7cd4-b5ba-9ffa-88447101fecd,48f66271-2279-6d2d-210b-adb864370001,2016-09-15,2,2,2,seed|series_a
69bf130e-1575-4651-9c41-a29f09107aa4,8cd8b10d-d424-49f3-b835-c42d3c99e918,2022-06-14,2,2,1,series_b
d0d0ab0a-b817-fe8e-2c2d-7317e1f70bb1,89db0aac-a423-46c0-8fbb-dfbe8907b772,2023-07-19,2,2,2,series_unknown|debt_financing
62185e2b-ff50-4f7f-a899-b97a774305a5,07be6e94-b9f5-4f5d-a7c0-6af702eebb56,2025-05-16,2,2,2,debt_financing|seed
b0da80a8-e830-2dfb-e87d-9ccb1c09e729,9c04bffd-f8d1-4cbf-9dea-27f6871b7f08,2021-01-20,2,2,2,series_d|series_e
67291481-c2d2-459f-ac2e-c45200ea5e20,e5485970-5ef7-4691-a127-5e8ac17a5568,2026-04-15,2,2,2,series_a|seed
043d9e52-dcc0-0dd8-6074-206e42e20e13,e5485970-5ef7-4691-a127-5e8ac17a5568,2026-04-15,2,2,2,series_a|seed
855a0a1b-c53f-68f1-fa75-c06e14fa0de1,67b35d6c-922a-36de-be10-546b84014224,2026-04-27,2,2,2,private_equity|secondary_market
5941d68d-3ba5-fcc7-57bb-bd4ccacf02a3,04ff612f-6bee-42d8-ad7b-3802d5fa9ad6,2023-09-26,2,2,2,seed|series_a
d6b1c84d-8ab0-cd1d-e1b7-7e0db2e81c8d,237e1983-207f-406e-8a36-6224cda35410,2024-07-10,2,2,2,convertible_note|series_unknown
1545bff2-fe20-6dfc-5f9e-04f978fa96e0,e62c2bb7-f135-6285-1a87-d0145f36911c,2025-05-08,2,2,2,series_f|secondary_market
b77dec60-40b6-6ae7-68d6-8286a75e8dfd,8c0c466e-1656-43ce-a3ce-e1bfb2434c9d,2022-01-01,2,2,2,seed|series_a
ae6eb8da-ebb3-42be-9ee6-644a57af8755,9b7f422a-0f99-4f6c-bcb0-22e35dd58a0c,2020-05-19,2,2,2,grant|series_unknown
c4f1ec13-5311-4bf4-b2d3-c61e8c844b25,4ddf1ede-7730-4904-8b84-b7563b79bf3f,2021-02-05,2,2,2,series_a|series_b
d0649c39-d492-6082-6adf-3096c01b9972,a4c87483-21d1-f708-8ae8-70957d1d4c0a,2013-10-22,2,2,2,series_unknown|debt_financing
ae6eb8da-ebb3-42be-9ee6-644a57af8755,b9a198ba-bf97-496b-905a-b29a9662aa7e,2022-10-05,2,2,2,grant|series_unknown
b5e0d6a9-24bc-f750-8996-7238bf047c04,03ef8031-2efb-4fa6-0648-1b09ca50c1ab,2021-04-21,2,2,2,series_a|debt_financing
a8478414-38c1-4084-a2a3-4074f6feae95,3d4501ca-390e-a618-52d7-27f7b60dfbd5,2021-02-25,2,2,2,series_unknown|debt_financing
45247ba1-3514-3b1e-c688-810ad55796db,286ed58a-0194-4ffb-b829-2fc6b6c2f851,2025-01-17,2,2,2,debt_financing|series_unknown
785e9f8b-41d4-42e0-9803-8fe8b1f332f1,832b3fbf-eb42-4d72-a111-816ec39ced13,2016-06-06,2,2,2,debt_financing|undisclosed
73b0bbc6-0109-8e4b-27ee-18d4fd23cd3a,bb717b5b-a80d-84f6-b384-c9a9e002885f,2013-10-07,2,2,2,seed|debt_financing
d07de277-455b-45f2-8c2d-95d9f2ed3f0b,04ff612f-6bee-42d8-ad7b-3802d5fa9ad6,2023-09-26,2,2,2,seed|series_a
ae6eb8da-ebb3-42be-9ee6-644a57af8755,f945e493-5cb0-4ff8-b4ac-f4bbb307175c,2019-10-09,2,2,2,grant|series_unknown
39041e62-6b24-ae8d-1347-4cea947e832c,e97cd29d-2a12-4bd5-904b-e411088ce107,2021-12-15,2,2,2,seed|convertible_note
eab808a2-f884-b2a4-5620-2445bd0fb6d3,bf941eee-23c4-1a6d-fe1e-87f071a0618a,2021-09-20,2,2,2,post_ipo_debt|post_ipo_equity
a7aebaf0-24de-a953-0245-0f438383d89d,d3a96b74-5654-1564-dbf8-d7d7f3a9127e,2022-03-21,2,2,2,debt_financing|series_a
335f6d16-d440-ce2e-1ad5-9ae15e2f8ecf,a6e75f1d-3e0a-4a45-92c4-d38f8ba5387f,2024-10-16,2,2,2,private_equity|debt_financing
3972ffdf-393d-2e17-5433-59a53d157d75,567d20e0-c5f8-783d-31d4-d73e55c026f6,2016-10-28,2,2,2,convertible_note|seed
f07266d5-f4ae-3e2e-2350-d6c1c0d49e7c,45549905-e483-45c2-9e25-cc332af8f2fc,2012-12-13,2,2,2,debt_financing|private_equity
39041e62-6b24-ae8d-1347-4cea947e832c,40c1ca20-c430-4295-9377-6097032ff87d,2021-03-08,2,2,2,seed|convertible_note
2824337d-4677-dddf-80bc-588fd6691955,3d4032e6-6aff-45db-8e0d-5d2f97ee9f4d,2021-05-16,2,2,2,debt_financing|series_unknown
4b960937-4b71-46d2-a61f-52c137501be3,965653f2-5db5-ae55-7990-95540896df18,2019-09-04,2,2,2,series_a|secondary_market
809d0f70-9c3a-48ba-9c04-fc6e75edc6e5,f4296814-e1ca-4ae2-81ef-65219df9d2b5,2024-07-15,2,2,2,grant|seed
ad933125-9b18-016c-53de-ef099b71d1f3,14fbf6d2-9dd5-d5de-185d-c1fd02e2a83e,2024-06-05,2,2,2,secondary_market|series_e
44e83e09-e15f-097a-7035-57dad4c5e02a,37cd5020-1cf6-e308-73be-cd12ceccac6a,2022-02-10,2,2,2,debt_financing|series_a
9aa041b9-d9f2-39e7-f056-a0f4d6294220,8650b719-cb12-3b71-3fd5-fd5075b3fe93,2012-05-21,2,2,2,series_a|debt_financing
4eee5e60-3b06-6fe8-cc2c-29119a96051d,b02d71d6-08a4-e310-55da-f945be80d9c8,2017-08-17,2,2,2,series_b|debt_financing
0784cf1f-7690-5f1a-40ce-4c2f7d70786c,ea8d342b-f589-f12f-8f11-a4e3b6a82fb1,2024-04-03,2,2,2,private_equity|debt_financing
bcc5adaa-4cd6-bb68-8b91-838f2eee1aa4,2b07c399-da6c-41e4-9ee0-a133e359cfdf,2010-07-30,2,2,2,private_equity|debt_financing
88e5aa7b-0334-2a9d-9811-9b976a082889,0ca25e78-632c-d751-a16b-f9e18210f346,2022-08-17,2,2,2,seed|debt_financing
9ae6e81a-c583-4f0f-9113-d8d8d6277e2e,f138f479-6f4c-4a01-a228-95bea2b463d4,2021-03-10,2,2,2,seed|debt_financing
9cab3313-9ff6-c519-39d8-fee46c1e58ae,1a356191-f955-4464-93ba-95fdded83261,2025-06-11,2,2,2,post_ipo_debt|post_ipo_equity
5fbf183e-1549-c5a4-e93d-3976a7a82cb0,8116883b-dee5-867d-de15-4d51e72dece0,2025-06-04,2,2,2,private_equity|secondary_market
c6f5107f-30a5-494a-b99f-3f4fa09b519b,157de95e-dd92-4ca1-b3ad-c999c128e58b,2025-04-30,2,2,2,private_equity|debt_financing
e05b5915-3646-13cf-12c5-f84c01358990,875f128d-6db7-4f22-abb7-dd06e4c19719,2025-01-14,2,2,2,debt_financing|series_unknown
09539470-c53b-3eb0-d29f-aa5e7626eee8,3686c690-4d2c-46c6-a714-b8090f56b1fe,2011-03-20,2,2,1,grant
59557b3b-366b-d65c-ab22-ce8cf7b392a0,df95b543-a31f-126e-9338-5ce789e574fa,2015-06-09,2,2,2,series_unknown|debt_financing
147479eb-da10-4332-adc4-0282fca6efd9,712506de-90e4-4692-9be9-a0c024f49002,2026-01-01,2,2,2,series_d|secondary_market
5c30c6a8-9a32-f5da-e65d-09c5b02c78b7,8e9c1b61-5b6a-b416-aafe-6937e75b3dc2,2022-04-26,2,2,2,debt_financing|series_d
81506613-689a-9679-bccb-cc3d0dec2353,9332ef15-5d14-4165-8016-006e65b3d11e,2023-03-07,2,2,2,debt_financing|series_b
8bde54c8-cef4-b0a9-d6e8-30a38f05af4a,e584eb1e-dd8a-e65c-222e-5ff5946da8a6,2017-03-14,2,2,2,series_a|debt_financing
9db0b6bb-4b28-fa20-e2df-e2af6ebd3a3d,b8bcdf0d-0b3c-4af4-ad66-d057b5ffe27e,2022-05-18,2,2,2,seed|grant
59e41cb0-550d-49bb-a792-fae8b5873e3b,ec69b689-1236-4e46-bfce-7332600ed574,2024-01-03,2,2,2,seed|debt_financing
def0889d-48cd-44a4-8975-8de9d6c63e1d,e112229f-7f86-4c86-a747-170c6f0ca049,2025-04-02,2,2,2,private_equity|debt_financing
34a9bb66-0984-8de0-e7fb-13e976b4a135,f0af9954-566d-4d18-bbe5-d2dd3fc23d09,2022-11-30,2,2,2,series_b|series_a
9bf4723f-10c0-a554-bd01-ff80f90cd592,80c821a2-6e8a-4d5f-a052-ccae7c7a5978,2022-07-28,2,2,2,series_a|secondary_market
0b15883f-c21d-b257-816f-8ca7ebc37cba,4ba18856-ff56-49b4-8eb8-54bfb2fd2e0f,2021-08-19,2,2,2,series_a|debt_financing
17f4a4b9-6ad9-4cba-a45f-a18d996d9f37,04ff612f-6bee-42d8-ad7b-3802d5fa9ad6,2023-09-26,2,2,2,seed|series_a
29314972-e4e8-7545-a8a7-dca11d4519d2,3e0d0e61-ea03-406e-8a16-3daedd040f50,2021-05-12,2,2,2,seed|pre_seed
af6da4a5-6a3d-4e82-b95d-1c6998ba632c,04ff612f-6bee-42d8-ad7b-3802d5fa9ad6,2023-09-26,2,2,2,seed|series_a
a4dc567e-2a7c-470f-b71a-24ec26b590d1,47f3ceab-e707-4426-b825-d9ed3cc4a97a,2024-03-05,2,2,2,debt_financing|seed
08a58b44-6476-4b7d-8d87-50b64e5bc577,d63035dd-f05c-4124-aca1-cc5d88a7932a,2025-11-14,2,2,2,series_a|secondary_market
ae6eb8da-ebb3-42be-9ee6-644a57af8755,9f5efda2-8f1f-4f24-b1da-0328be79be33,2022-10-21,2,2,2,series_unknown|grant
728c8f95-e9eb-bcd2-d4bb-5f7e314b1ef8,08d04215-4575-4ccb-a697-67cc577166ab,2026-05-05,2,2,2,post_ipo_debt|post_ipo_equity
baf47757-6ebe-45f7-85b0-222acffb2dd8,51b13026-155f-4f0e-8394-9416cb16df79,2023-11-28,2,2,2,debt_financing|private_equity
fe2dec9e-375d-f7d1-b12c-89a686744436,1f46a80c-5079-bffd-4d32-ab774db0947d,2014-10-06,2,2,2,post_ipo_debt|post_ipo_equity
ae6eb8da-ebb3-42be-9ee6-644a57af8755,802c58d2-df72-4177-8f34-03ccd11a4176,2020-03-20,2,2,2,grant|series_unknown
983675c3-2ee5-471f-6b57-c9e32a0369c1,a93a301a-1390-48ff-9f7f-c13672af58ac,2021-04-22,2,2,2,seed|convertible_note
af02e825-596e-4a2f-bf57-36a5feabc7f2,456a261c-eaa9-4470-8c14-17678337dba5,2024-07-16,2,2,2,series_unknown|debt_financing
e8db05ed-6b48-9b54-e746-2f140dcc94be,03ef8031-2efb-4fa6-0648-1b09ca50c1ab,2021-04-21,2,2,2,series_a|debt_financing
a2fc8fbe-32e1-3219-a3a8-665ae83f7243,72d4d95f-34d5-4677-8c57-ee29c91de94d,2022-12-20,2,2,2,debt_financing|private_equity
0c867fde-2b9a-df10-fdb9-66b74f355f91,7119654e-66d3-6617-13a8-09f99abdb9fa,2004-07-26,2,2,2,series_c|debt_financing
9eb25cfe-ec10-46d2-9de3-9af02f7a9e66,eba67aa3-8e1e-4068-9d5d-fc03923b8ac4,2021-10-11,2,2,1,series_a
89f49421-fd8a-48d3-aca2-2922965a2225,2650acbe-0c7f-4ceb-9645-7a362f762acb,2025-01-27,2,2,2,post_ipo_equity|post_ipo_debt
cf519a39-a921-4265-8b52-cd7d3385d7cd,cd89acd8-426b-4b69-9eed-aafaa292fe6d,2022-03-29,2,2,2,debt_financing|series_unknown
baf47757-6ebe-45f7-85b0-222acffb2dd8,9041b6e5-7ad7-4d61-bc65-b0b8ca2004a6,2025-03-25,2,2,2,private_equity|debt_financing
da7dace0-ea77-d4ee-4af6-7cedb69539e9,1d751da4-045e-4f5f-ee61-806f6dc38b89,2015-09-07,2,2,2,debt_financing|private_equity
0d25fb47-2f12-3718-85a0-2b99ad3c61c8,c2c4c27f-f185-49a1-b418-26e258d158db,2020-04-08,3,3,3,series_unknown|debt_financing|secondary_market
183b7440-5b36-1e31-20e8-cdee91336a58,ebf84e07-5639-4f89-9385-91f02b952ab0,2025-10-03,2,2,2,secondary_market|series_b
144bfa24-2bde-ddd5-07c1-2120993746f7,46ff643f-f78b-4cfc-a15a-ec9c9b149b2b,2025-10-21,2,2,2,series_a|seed
7508d92c-c0b5-45e1-ac1c-725e7c6ff20a,2917b570-5f5b-4430-e486-9836c2396944,2022-03-25,2,2,2,post_ipo_debt|post_ipo_equity
39041e62-6b24-ae8d-1347-4cea947e832c,27b01324-7c54-ff8b-95ca-a1b5981ef04b,2017-03-23,2,2,2,convertible_note|seed
809d0f70-9c3a-48ba-9c04-fc6e75edc6e5,281c77b5-eed8-4c94-a5f5-bf1062ff71ac,2025-02-17,2,2,2,grant|series_unknown
bcd478a8-ae94-4548-9a6d-0e8ff36f4c65,015ec651-1d1c-4bf7-bd63-0ff02e894094,2015-12-21,2,2,2,grant|debt_financing
32f76584-ac98-a77f-d6b7-36f0f6072291,deae30c6-3fac-40ad-8e96-b7f788668c26,2019-02-12,2,2,2,grant|debt_financing
64727da5-59d8-2d8a-eda8-06e1a9d71916,757a7122-e60c-cd90-562a-8e54633eb001,2019-09-12,2,2,2,debt_financing|series_unknown
70503993-5927-4256-a30a-c0ac1a7b6b99,40c1ca20-c430-4295-9377-6097032ff87d,2021-03-08,2,2,2,seed|convertible_note
dee278b0-4397-2f21-818f-4820f5c2703d,1cf54180-1c37-4920-a7ee-6a8a444910e3,2015-07-29,2,2,2,series_b|series_a
9a447f07-9803-4e2b-969d-95f029bcb6e1,10656fcf-3d9e-4e78-9c28-59114506a15d,2024-12-18,2,2,2,secondary_market|series_e
a6235172-8d8b-bb42-405e-e206835069b7,96bdef7b-f008-446b-8c54-313261a1de2a,2024-08-07,2,2,2,debt_financing|series_unknown
332c2f11-8348-c2b0-ae23-525ebbb25c7e,c2fa48cb-3db9-483a-a2a9-eb1ced57fa0c,2025-06-09,2,2,2,secondary_market|series_c
a9cea439-29fc-4f5d-9064-69128c475a22,f74bb59f-7571-4e9f-bfd2-2daaa852742c,2023-09-01,2,2,2,post_ipo_equity|post_ipo_debt
60a8d903-841f-c27b-a5dd-e44ab18c0808,e5a3ba47-4229-49a7-90da-9d60f678c200,2020-05-19,2,2,2,seed|non_equity_assistance
ae6eb8da-ebb3-42be-9ee6-644a57af8755,c53895c9-1203-486c-b531-b1355a375cfd,2020-10-07,2,2,2,grant|series_unknown
cbe2994a-a102-4ba2-935e-202a8c03b701,8515d346-31ef-42e4-b924-96a0f0905833,2020-05-04,2,2,2,series_a|private_equity
a74f341c-c07a-540c-5e99-bc48678011d2,b8efb560-0763-36d9-b3cb-01afd13c958e,2018-01-05,2,2,2,corporate_round|debt_financing
02bed7d6-08f8-4d63-8302-9462a9c26ed5,e51cf886-8256-4d6f-b297-320ba03cdad9,2025-04-01,2,2,2,debt_financing|seed
3a1f2e3a-9a62-43f9-9261-5b58190532ce,1eb37109-3b93-01a9-177f-fee2cb1bfcdc,2017-12-28,2,2,2,secondary_market|private_equity
44f66fe5-7da6-422d-9fc7-8afebf2b509d,c0fbf7ce-7771-447d-8fe5-aff445cd25cb,2021-07-19,2,2,2,corporate_round|debt_financing
8d5c7e48-82da-3025-dd46-346a31bab86f,a010850c-06b5-0f19-f9bd-16708915ac58,2025-10-27,2,2,2,series_e|secondary_market
79e301b1-678f-8f16-509b-eaa72d27edf8,e3100d63-21a6-d594-ad2f-6024c699f43d,2012-12-19,2,2,2,private_equity|debt_financing
809d0f70-9c3a-48ba-9c04-fc6e75edc6e5,94032d6e-6000-41af-a766-574f226cb8d4,2024-07-15,2,2,2,seed|grant
ae6eb8da-ebb3-42be-9ee6-644a57af8755,943a55c3-243c-49c7-94ad-717aa4f95f73,2020-05-19,2,2,2,grant|series_unknown
9aa041b9-d9f2-39e7-f056-a0f4d6294220,8fe7bb94-22db-4cb3-b368-3658e6327bb9,2016-12-30,2,2,2,debt_financing|series_a
29715599-a745-4199-abb6-bbd2e8387894,da0e6fc2-6bb6-ac7e-0e24-48b098464afe,2026-05-29,2,2,2,secondary_market|private_equity
7becf4cb-4a67-5ad8-1c67-5a2d7763f9b8,b69afaf6-518e-4d18-ba91-dafbce6efaaf,2022-08-12,2,2,2,seed|series_a
5125c2d1-8a1c-29ec-9be7-2185d1370d07,88ac058d-4561-1c9c-d490-e6c989eefb6b,2026-01-13,2,2,2,post_ipo_equity|post_ipo_debt
c3609d80-fb88-4d80-bf52-79d9d3cacf96,5bef53d7-7e47-405a-829b-8b7ab558c75e,2023-01-12,2,2,2,grant|debt_financing
d455fcd6-1154-4854-8db7-f8ab3d421e9d,b4c1e6e2-05f6-d567-0e7b-f2751b023086,2024-08-09,2,2,2,post_ipo_equity|post_ipo_debt
c2f95b9f-3ba5-10cd-6ff0-ff7d58223c45,024d26ed-e03c-e51b-08cd-0c7c1bc9ddd5,2021-12-20,2,2,2,series_g|secondary_market
d0300e46-047e-4d47-9f3d-69137794d58c,589fd50b-9979-4fae-11fd-89ae985c06a3,2025-05-14,2,2,2,secondary_market|corporate_round
f61d0f9b-0b03-e0fe-9a1c-f1645285540c,a623ede5-71c8-4b7b-983e-f1cefca7511c,2019-01-29,2,2,2,series_unknown|debt_financing
f5270d55-0c64-fa05-14ee-a2ef107e8070,998f97d6-8271-22d0-3e58-2432764e2cf0,2021-06-10,2,2,2,series_unknown|debt_financing
a2241b17-4bca-46f9-b5ab-dd319a067bb2,8d256ace-1704-4fc1-b589-b911e34272c4,2024-09-03,2,2,2,private_equity|debt_financing
6c93ebd7-3558-5603-daaf-074652d0e1bb,c1f07235-170e-4980-ba43-cda316809266,2023-09-15,2,2,2,debt_financing|series_a
00e49595-f240-41b3-8f4b-a556550254d8,d361fd73-ab8e-227d-13d5-26864ea4b988,2020-06-30,2,2,2,debt_financing|series_unknown
343a0c91-d3b9-80fa-2330-cfde495decf1,14d3a702-873a-48ae-9da1-f12cddd53f56,2022-03-04,2,2,2,angel|seed
75ab1e6a-4abd-decf-a330-db2e6c18fad3,f600cb6e-21a1-44c3-aa08-9aa5216f15ae,2024-06-19,2,2,2,pre_seed|grant
b137564e-ba18-ce1d-83c9-cfa72e57996b,5a940f78-fd5e-4b70-b936-f11fa6248783,2025-09-29,2,2,2,series_d|secondary_market
32f76584-ac98-a77f-d6b7-36f0f6072291,bbff1491-4a30-f34c-d23f-f74d33ed3f54,2019-03-13,2,2,2,grant|debt_financing
90e9d6df-cc1c-402a-8e62-8d57ab682862,a2b17b1f-c6b0-4d23-88c1-ff2f333c5fdb,2023-05-10,2,2,2,post_ipo_debt|post_ipo_equity
ae6eb8da-ebb3-42be-9ee6-644a57af8755,c3e0564b-10d0-4399-9852-aa8d9aff8eb5,2022-06-15,2,2,2,grant|series_unknown
aefe6d7a-9e25-0734-1313-ccebe488b901,241d31e6-e16c-46c7-8e56-466196cc1d3d,2018-04-26,2,2,2,seed|series_a
bcc5adaa-4cd6-bb68-8b91-838f2eee1aa4,2e319b3b-62cf-4e81-af1e-b4079f35d99f,2019-08-12,2,2,2,private_equity|debt_financing
3fa8c086-4fbd-4650-a691-8062a8613826,f862dbea-6608-4295-a8f7-b55d9c1f9b09,2024-10-14,2,2,2,series_unknown|debt_financing
e466c2a5-cd27-8385-6ece-a0483a34fc95,4e524d32-cecc-222f-0bae-3db4a467bd68,2020-04-23,2,2,2,debt_financing|series_c
4eee5e60-3b06-6fe8-cc2c-29119a96051d,e3dc4021-a27f-4dfe-8dcb-50bd1db1dff6,2022-04-28,2,2,2,series_a|debt_financing
c1eb0c7f-f90e-e484-2e87-a5b9c3fb3267,7da365d3-a2dd-4fb6-bacc-9b103be06e58,2022-09-27,2,2,2,series_b|series_a
586a8597-220c-37f0-c19d-59d1dd009fdf,5b82449e-ff1b-e1fd-da74-2730fc99292b,2025-10-30,2,2,2,secondary_market|series_unknown
4eee5e60-3b06-6fe8-cc2c-29119a96051d,3e3e8816-c3b9-43a7-9ed7-2d3eb35fa254,2021-06-29,2,2,2,series_c|debt_financing
c37ee01a-3e36-45cf-9ebb-f38ba4e3f2b8,e715f238-e87b-4b91-9a64-6c8906f5f56b,2022-05-11,2,2,2,debt_financing|seed
1b65c6b5-9855-32ff-d12b-2bffcf38f979,6704e3ca-2028-4d85-8390-08b2268357a2,2024-04-25,2,2,2,debt_financing|private_equity
809d0f70-9c3a-48ba-9c04-fc6e75edc6e5,26e67999-f74c-4e49-8685-13102ff13ae0,2024-07-15,2,2,2,seed|grant
828aa6d7-2db4-4620-ab38-a27d02ee7d28,7745b212-927b-4d9b-80af-2e97445bf9c1,2022-11-14,2,2,2,post_ipo_equity|post_ipo_debt
ba8aa7be-8d09-4387-99a5-9d4234ad05cf,04ff612f-6bee-42d8-ad7b-3802d5fa9ad6,2023-09-26,2,2,2,seed|series_a
1a89a0df-a150-658a-02a6-249d3911bf7f,9194cadf-2fae-4fb0-895f-e46d7e2a4af6,2022-08-04,2,2,2,series_unknown|debt_financing
eb436581-654f-dff4-1fbd-b82a133a1098,8cd8b10d-d424-49f3-b835-c42d3c99e918,2022-06-14,2,2,1,series_b
069bf7ff-c97f-b515-884e-e774b384776a,9082ec38-ca7d-4cd1-a405-2f19c8aaf303,2026-02-19,2,2,2,series_unknown|grant
756b8f3d-7384-9d07-d109-40173657f659,ff605411-8ede-543b-c8ad-df25e70d1bc5,2021-07-13,2,2,2,debt_financing|private_equity
809d0f70-9c3a-48ba-9c04-fc6e75edc6e5,e0247478-958c-47d6-9fcb-a7ada8cc064b,2024-07-15,2,2,2,grant|series_unknown
9aa041b9-d9f2-39e7-f056-a0f4d6294220,859a2a0d-ce5a-42d7-bcdf-72bdc07cf1ba,2021-06-28,2,2,2,debt_financing|series_unknown
cdb09945-a8fe-b235-8c4a-7d975a8f8f13,efc486d6-e958-4cf3-b0f5-4ecfd12eff86,2022-04-19,2,2,2,post_ipo_equity|post_ipo_debt
a17c13e6-5ab1-46ac-92a2-2e89420d8550,afb449d9-48de-44c9-a791-101e40bc216a,2023-11-22,2,2,2,debt_financing|seed
493ae1c4-0eb8-46e2-a3f9-2c60c21a8e70,59092dfc-17d4-4dfc-8961-0693ca7f96e0,2025-10-05,2,2,2,series_b|secondary_market
8043395b-13b8-0d22-3228-4b30fb90cf7c,d66280cb-96df-4005-b6d7-c4a9d93b1c39,2021-06-03,2,2,2,debt_financing|seed
83b78419-7bbd-e479-e7e8-18e5a6f989b4,5cdc52c3-9f6f-45b3-9036-0aabbb1de332,2022-03-14,2,2,2,series_a|debt_financing
02449ebe-b919-cc6b-5b4a-075cc1bfcc8f,27a6234f-224e-4f0d-b186-d65be3f160ed,2019-04-17,2,2,2,series_b|debt_financing
826a923c-a90c-b01d-144d-140a976e7657,b2167c4c-e759-085e-155d-7c74a76522d0,2018-08-21,2,2,2,debt_financing|series_unknown
41ea4b69-ec10-c3cc-5e52-aaf4d64bb453,a4c0862b-35f7-29a2-a082-576a60054d95,2010-09-07,2,2,2,debt_financing|series_unknown
47dbd749-0c17-4538-b888-43c0f68c0148,aa00952a-8bbd-40ca-ab9f-055f44274d0e,2024-03-26,2,2,2,series_b|secondary_market
e2006571-6b7a-e477-002a-f7014f48a7e3,874ccba8-d3cc-4052-87fc-e908c595abac,2022-04-26,2,2,2,seed|series_a
62185e2b-ff50-4f7f-a899-b97a774305a5,09cd6019-2f8a-6e00-f84a-cd0d259f25fe,2025-05-16,2,2,2,debt_financing|seed
66a625e2-217d-cb02-edf4-deb1ba546d17,34f0b036-9271-401e-9d76-dd9692765207,2021-05-03,2,2,2,post_ipo_equity|post_ipo_debt
71595368-3ba8-41f0-ac1e-088653caa9e8,50b58209-5d86-4e4f-a27c-40ce1b6f670b,2022-10-19,2,2,2,series_b|series_a
849c07a0-8df2-402c-8a9c-55071f7504a5,080f1dbc-025e-4ebb-8c25-7aa75743a850,2023-10-31,2,2,2,debt_financing|series_a
dccfed1d-e9f4-4f48-82d3-5d6eac84509a,3ed8e8fd-0642-43ad-ac14-26d7521288fb,2026-05-05,2,2,2,series_b|series_a
58004871-8c31-7b6b-b7de-d31443879c5f,2f2af45d-712a-4641-b7c8-8c79126d80be,2026-02-04,2,2,2,series_d|secondary_market
ae6eb8da-ebb3-42be-9ee6-644a57af8755,989597ef-d1ae-cfb2-88b7-70c9af0dc076,2020-03-20,2,2,2,grant|series_unknown
f6f889a7-af59-2363-8984-addadc4da1b2,fad8e57f-5300-4e5d-9cbd-ecca4dff29b1,2025-10-16,2,2,2,series_h|secondary_market
ae6eb8da-ebb3-42be-9ee6-644a57af8755,bcee8a8c-0a6e-40bc-8fec-f0545a3857f4,2019-10-09,2,2,2,grant|series_unknown
3da54cb4-9432-3d96-7b76-f9a34eca502e,c2a58539-e25c-8f83-ffe3-a2d9808a8e88,2018-12-11,2,2,2,series_e|debt_financing
7d10db48-4be4-47b9-b59c-8b104285c18b,8f4cfad1-1d28-1105-13d0-f2a99121872e,2025-06-17,2,2,2,post_ipo_equity|post_ipo_debt
632c572f-d93c-49cc-9edb-9152039df7ed,8084e7ab-2af0-43cd-98f5-12bcd70cb038,2022-04-05,2,2,2,series_a|debt_financing
afd348a3-827a-c84b-a084-5b0350552559,155468e2-2f09-34f6-6a5d-dbc40d409cdd,2021-01-02,2,2,2,series_unknown|debt_financing
803f03b4-14e5-4229-980e-1a4dcfbdfc41,b25e2e52-aa42-4423-a1ed-0131110eb2e6,2025-05-21,2,2,2,seed|pre_seed
5d5be717-5bba-bf93-f066-7eb600fc664e,7f5fee94-6336-dcde-e6df-2fc7ed1951ab,2021-12-09,2,2,2,series_f|debt_financing
a82c3579-2ba6-ded7-0973-a75128fec6b0,b6135e72-e7b8-cb96-c187-f165462a3889,2025-07-21,2,2,2,private_equity|secondary_market
0003f244-79d0-6178-353e-33dabaf3b2c6,50b58209-5d86-4e4f-a27c-40ce1b6f670b,2022-10-19,2,2,2,series_b|series_a
73633ee4-ea65-2967-6c5d-9b5fec7d2d5e,23d85c4f-bf92-42e6-9b04-3e1fede22a16,2025-11-10,2,2,2,series_c|secondary_market
ae6eb8da-ebb3-42be-9ee6-644a57af8755,21b2cf07-8310-48c7-a490-9fbd5eaf3f2d,2023-10-30,2,2,2,grant|seed
91a66c7a-92ca-f91a-4283-bbfd8a09c842,937dc376-a8f3-9e7c-2d64-024a1949a0f2,2022-04-13,2,2,2,debt_financing|corporate_round
9aa041b9-d9f2-39e7-f056-a0f4d6294220,a0e345e4-c946-0427-8288-bf688cdabc9b,2015-05-27,2,2,2,series_a|debt_financing
0659f28f-2612-a01f-1b5a-9bc488036d1b,98ecabe9-dc3f-415c-aab2-9ecaae28f14b,2021-05-18,2,2,2,debt_financing|series_c
ce91bad7-b6d8-e56e-0f45-4763c6c5ca29,244dcf44-0f90-10a4-33db-2675787d2319,2023-04-14,2,2,2,series_unknown|debt_financing
ced53ef8-c334-4992-b36c-e6f90c422fbd,a4bffc4e-da5b-8d6b-dff7-b72268ab281e,2021-03-10,2,2,2,debt_financing|secondary_market
3c62db15-4db8-016a-145e-dd1a06d168e2,db48959f-2c61-438d-a8cf-7ee65eb82f4c,2026-02-04,2,2,2,series_a|seed
e8b678cb-3d56-4659-8199-5f4bf39a3408,f02593fd-ee80-4831-aac7-975ca689c8f4,2020-12-16,2,2,2,series_a|series_b
20e978cb-19bc-d896-e623-f0fdad90a1b2,18aa0474-0640-447d-ae62-944f96ebd0f6,2024-01-03,2,2,2,series_b|debt_financing
63eb8719-2957-f55c-7504-e823fcfa503b,da0f12ee-ed70-462e-be47-0b12d198b7be,2025-06-02,2,2,2,private_equity|debt_financing
993351d3-3548-d482-13af-ef1598158b26,95076962-6557-2197-1599-60ca1b11a7bc,2022-02-17,2,2,2,secondary_market|private_equity
42e0e37d-8c19-8e2c-c230-fb6850945db2,29638286-711a-46d5-ab17-53343c8bac86,2022-10-07,2,2,2,series_unknown|debt_financing
b32594d7-fe7d-3e78-7676-3f59e9d55374,678c4acf-99ff-4f66-b9b9-540bed79ee0b,2023-03-02,2,2,2,series_unknown|debt_financing
e2006571-6b7a-e477-002a-f7014f48a7e3,844979a2-27a1-4a82-923f-97fe73b1be95,2020-07-14,2,2,2,series_a|seed
0253f1a6-fa3e-4975-80b3-1a0eb8713ce9,b7cace59-e406-44d7-b6f4-022096ac788a,2023-06-27,2,2,2,seed|series_a
809d0f70-9c3a-48ba-9c04-fc6e75edc6e5,f638413e-4105-4113-833a-36f6fad4cbb2,2024-07-15,2,2,2,grant|series_unknown
bcc5adaa-4cd6-bb68-8b91-838f2eee1aa4,95318948-a925-63fb-0981-112d9aceffe6,2012-08-10,2,2,2,private_equity|debt_financing
ae6eb8da-ebb3-42be-9ee6-644a57af8755,d3931283-911f-4c54-af1e-625cd58551f1,2021-06-16,2,2,2,grant|series_unknown
ea702215-d506-4cd5-be2b-339460e96380,90fe860c-0906-4c9e-84bd-f1db6142718c,2017-01-26,2,2,2,series_e|debt_financing
8e7677d7-d55b-cd97-a783-acbf4270a71d,bb18c428-5b0c-9d4d-e175-02382de8f32a,2020-12-04,2,2,2,series_unknown|debt_financing
1153d33d-b5a2-4930-111f-83679537f4f5,d52d56de-6537-4e4c-87fc-38c5898b0a31,2023-10-03,2,2,2,series_unknown|grant
4398a960-dad3-0d3d-717d-8a015196ce5c,e6a9093b-4da7-4f18-a60f-ecfd656f4105,2024-02-12,2,2,2,private_equity|debt_financing
6db631ac-a589-435c-9143-d24e65b61f0b,82ca1dfb-a6ec-36b0-f990-4877a227701e,2025-01-07,2,2,2,debt_financing|series_unknown
d9f3c7cd-ba54-6871-0215-734c50e8b988,13675ab1-cf79-4cec-a7c9-fb0431a05dba,2021-05-05,2,2,2,seed|debt_financing
57c773b4-f4f5-c726-d9e8-229811ca53a4,35a7ee2d-946c-4bdb-ba6c-4d10631a29d5,2022-08-25,2,2,2,private_equity|debt_financing
d515fa65-6703-4c1f-9bd4-6a86502df4d2,8b8a1181-11a4-4973-a3e8-23c9ff182235,2021-09-06,2,2,2,series_unknown|debt_financing
ea4a01e6-8626-bce1-0e17-08ab3103eb6f,1c812754-ea2e-4591-929e-79ce4257b638,2019-12-12,2,2,2,seed|convertible_note
8c420544-aa7c-46ba-8e75-1a44ad05e3ad,dda4c017-e14c-06f6-22dd-418f1acc79d5,2020-10-22,2,2,2,series_c|debt_financing
ae6eb8da-ebb3-42be-9ee6-644a57af8755,f8ee41ee-11a9-43bd-8a6b-a64f7e2c6787,2022-12-19,2,2,2,seed|grant
dd5a452f-7061-2c11-370f-da8b3710e2f3,59092dfc-17d4-4dfc-8961-0693ca7f96e0,2025-10-05,2,2,2,series_b|secondary_market
b32594d7-fe7d-3e78-7676-3f59e9d55374,9fa9e41c-191d-88e1-ea29-3660064701ca,2021-01-07,2,2,2,series_d|debt_financing
6bc63a55-60c3-91bc-c059-2c60bf916de3,efc486d6-e958-4cf3-b0f5-4ecfd12eff86,2022-04-19,2,2,2,post_ipo_equity|post_ipo_debt
0465f459-4941-c01c-fd28-a3fa61d4e239,5b82449e-ff1b-e1fd-da74-2730fc99292b,2025-10-30,2,2,2,secondary_market|series_unknown
0b105988-5b46-9260-40a8-e9b8bc42db35,8d36822e-5d71-4a92-91aa-12498bf440af,2021-03-16,2,2,2,debt_financing|series_unknown
ab5832c6-339f-15d0-8279-2453bff004ea,80144412-7b4c-41fb-bd56-cbbb70288227,2022-08-04,2,2,2,post_ipo_equity|post_ipo_debt
9fef8071-43d5-85c7-17cf-ee202bbc970c,31afdccc-abe5-6037-c940-83f26b5d05aa,2013-09-27,2,2,2,series_unknown|debt_financing
c6f5b296-1801-407c-86f8-ab1ea8b51cc0,d35818df-3c4c-4730-8a53-a4ca2854be33,2022-10-17,2,2,2,post_ipo_equity|post_ipo_debt
9aa041b9-d9f2-39e7-f056-a0f4d6294220,368d9350-e811-45bb-b072-2c4c09e15075,2020-05-18,2,2,2,debt_financing|series_unknown
45605665-f2e6-ab80-f4e2-7ad0d8dec366,43c3a6ca-82e8-46f5-8853-2867e9ef6b5b,2021-10-22,2,2,2,series_b|series_a
7468e6d9-c035-05d9-0133-f238f5308246,ac6e328c-51e9-fd3f-4f89-b7d8e59e4a6a,2024-12-12,2,2,2,series_g|secondary_market
95d0c170-5fc0-2c61-e32e-9276ee396604,576153a1-ae08-f62e-057a-bbb1ea1ccec4,2011-06-28,2,2,2,debt_financing|private_equity
1acb875b-a9d7-4cdb-ace2-e8ac2f47cbea,04ff612f-6bee-42d8-ad7b-3802d5fa9ad6,2023-09-26,2,2,2,seed|series_a
684674bb-7c69-4bb6-86cf-1781f56334c9,05cd26bb-3f5b-4841-2614-4d54fa0a88ba,2021-05-12,2,2,2,series_b|debt_financing
ae6eb8da-ebb3-42be-9ee6-644a57af8755,de272bf2-456f-4530-ab99-4df81dfe6df2,2020-08-06,2,2,2,grant|series_unknown
f011027b-377f-cb5f-d2cc-e511982e58de,14fbf6d2-9dd5-d5de-185d-c1fd02e2a83e,2024-06-05,2,2,2,secondary_market|series_e
d1e6dbfe-cbee-cf3d-cf13-0059baca75a2,37783db4-09d5-6681-24cf-ef99acce2279,2019-02-08,2,2,2,series_f|debt_financing
08c1ea5f-d386-adbf-b306-48c80204a54c,426f65cb-07a7-4616-ae87-1a8c5db85c20,2024-11-08,2,2,2,grant|debt_financing
d0861cd7-47bc-6a30-7d6c-082f021c0b56,37783db4-09d5-6681-24cf-ef99acce2279,2019-02-08,2,2,2,series_f|debt_financing
e05b5915-3646-13cf-12c5-f84c01358990,882f30e6-e0d6-42c5-b832-e1cd62ef4c70,2024-12-02,2,2,2,debt_financing|series_unknown
a2fc8fbe-32e1-3219-a3a8-665ae83f7243,b37bffb6-0e33-40af-82a6-39140f2df9bf,2026-04-28,2,2,2,private_equity|debt_financing
54e6b91c-bca3-4b98-61f0-d33bcd359a3e,83fcbd14-5300-4ffb-b3a8-12699e8d384a,2023-07-07,2,2,2,seed|pre_seed
baf47757-6ebe-45f7-85b0-222acffb2dd8,8984d244-e1c5-4753-9a22-244228df58eb,2024-05-28,2,2,2,debt_financing|private_equity
9aa041b9-d9f2-39e7-f056-a0f4d6294220,e8eee128-459d-42cb-d7c8-963d86a1e55c,2013-08-13,2,2,2,debt_financing|series_a
aec3ddc2-68ff-4cbc-abec-8e650612a441,0abd6d87-8500-ec32-c7a3-ea4546e52091,2025-11-03,2,2,2,debt_financing|grant
47b84763-9727-7cdf-b194-2742e3963147,d732174e-f352-1567-3f96-6a5b0ad322db,2020-01-31,2,2,2,debt_financing|private_equity
a6c255b1-8449-4c5f-b2fd-72c63962e127,727b69af-5bf0-47dc-81dc-f19fa096ef59,2023-12-20,2,2,2,seed|pre_seed
a6b82cc4-66c3-4dd0-8b51-68d7e05f91ef,00fbf527-5c5f-4976-a557-f60f905e2d31,2023-04-04,2,2,2,debt_financing|private_equity
52f1475b-82cb-49fe-b2a3-ac7fd0acc2d8,54f01d6d-a92e-4ba1-9307-eb81d3765174,2025-11-28,2,2,2,post_ipo_debt|post_ipo_equity
983675c3-2ee5-471f-6b57-c9e32a0369c1,667771be-cc0c-4321-b517-a8b7c5ea1147,2021-02-16,2,2,2,seed|convertible_note
e7b38f24-7f42-45ce-9848-5593df58f70b,301bce04-1610-4369-a9db-29de9623e65f,2022-10-06,2,2,2,seed|pre_seed
809d0f70-9c3a-48ba-9c04-fc6e75edc6e5,0d6fab81-29a8-4d12-93ff-91ace5515f63,2024-07-15,2,2,2,grant|series_unknown
c3609d80-fb88-4d80-bf52-79d9d3cacf96,e635038a-df67-4962-94fd-1166ab40a54f,2025-07-16,2,2,2,debt_financing|grant
ae6eb8da-ebb3-42be-9ee6-644a57af8755,fc064c48-ae01-4ebb-b9be-454ad4578c0f,2019-10-09,2,2,2,grant|series_unknown
3e686cd5-5054-4bbf-836c-192bce0e9053,cf6d1b6d-38ff-4e7d-9689-148de02992bb,2026-05-04,2,2,2,post_ipo_debt|grant
ae6eb8da-ebb3-42be-9ee6-644a57af8755,b526c9fb-e94a-48fa-a165-f1088e11e572,2019-10-09,2,2,2,grant|series_unknown
983675c3-2ee5-471f-6b57-c9e32a0369c1,0537c337-d460-474d-b325-7d9ceffc6875,2021-08-31,2,2,2,seed|convertible_note
9aa041b9-d9f2-39e7-f056-a0f4d6294220,6b8ad12d-4c96-45b0-a8c8-a3c97f7d3e7b,2018-02-08,2,2,2,debt_financing|series_a
343a0c91-d3b9-80fa-2330-cfde495decf1,e660b91e-8bed-4eb1-87a1-6f5ac69fd897,2018-08-13,2,2,1,series_b
ee17319e-f5ee-9c9a-6500-edf82b4fbf05,3ed8e8fd-0642-43ad-ac14-26d7521288fb,2026-05-05,2,2,2,series_b|series_a
0659f28f-2612-a01f-1b5a-9bc488036d1b,0a15d975-1795-796b-7da7-f621065bc8bb,2020-10-27,2,2,2,series_unknown|debt_financing
f07266d5-f4ae-3e2e-2350-d6c1c0d49e7c,762dda90-2bfd-4685-8678-c04515534725,2020-10-01,2,2,2,debt_financing|private_equity
47db0368-6d65-8c14-81a3-130ea8c29b40,915c9b66-0b5f-4271-8e9e-e765c8575bfd,2026-05-26,2,2,2,series_e|secondary_market
ae6eb8da-ebb3-42be-9ee6-644a57af8755,65520ebf-3bc2-400f-9088-fc6f5284e5bb,2022-03-23,2,2,2,grant|series_unknown
fb42dca9-709f-3234-e0ee-7039369de57c,4c8af45a-403b-409e-ab4a-9bfc301edb86,2023-10-05,2,2,2,series_c|debt_financing
9aa041b9-d9f2-39e7-f056-a0f4d6294220,b7af80c4-5394-4e72-9c5f-96783c17f01b,2013-12-13,2,2,2,series_unknown|debt_financing
4de9f548-cf7e-2ec9-a605-ce1197646abb,04ff612f-6bee-42d8-ad7b-3802d5fa9ad6,2023-09-26,2,2,2,seed|series_a
8e576c5e-c2e7-4a61-9073-b760aa318dd7,117089c0-d89c-4441-b6d4-4d476cfe2b21,2025-11-13,2,2,2,post_ipo_equity|post_ipo_debt
c75400d4-d5ae-2f92-4e99-aee6b9a39a4d,b0e99615-82f6-d22e-e29b-70ea22613fb5,2020-10-27,2,2,2,series_g|debt_financing
bc4f9c1b-eb9b-f60b-edd3-44d1a141a403,961d3f5b-e322-2060-ee17-e9349f8ebf40,2023-04-24,2,2,2,series_c|debt_financing
829263bd-4e17-4556-a149-0ac269507a73,a87c831f-c1e9-442f-849b-34f18e38c887,2023-05-30,2,2,1,grant
d21a6a03-e3a0-06fc-55b7-0dc62a7228d4,bed408c9-696a-45a5-b51d-fd06c9eacb5c,2020-10-05,2,2,2,series_a|debt_financing
63eb8719-2957-f55c-7504-e823fcfa503b,05a5c1f1-bc12-73ea-00fd-0ff58bfa40fd,2004-02-10,2,2,2,series_unknown|debt_financing
34a9bb66-0984-8de0-e7fb-13e976b4a135,5bfd3659-642b-f83a-eff0-fd6779c45fe0,2022-02-01,2,2,2,series_c|debt_financing
f05ad8c7-4c1a-6fe8-58e1-27905b9b12d3,2687f68a-16b8-09f0-b9f9-9a916bb2e4d2,2013-10-02,2,2,2,series_unknown|debt_financing
c3609d80-fb88-4d80-bf52-79d9d3cacf96,e635038a-df67-4962-94fd-1166ab40a54f,2026-01-22,2,2,2,grant|debt_financing
b06889ed-2894-97ad-0f28-74579f9bc9b0,799a6319-e42b-4bf1-b9a7-4a40fde95353,2022-11-01,2,2,2,series_a|debt_financing
106e0558-fca3-4a99-bb82-b95045551a8a,a596de66-c366-4c07-90bf-df1cc16406e1,2023-10-06,2,2,2,pre_seed|debt_financing
a9510682-b08f-464a-b99a-45d741fb50cc,cba71e95-aa95-45bc-b8c7-38d55ac200b7,2026-04-16,2,2,2,grant|debt_financing
983675c3-2ee5-471f-6b57-c9e32a0369c1,80b6b68d-461d-4461-8dbf-bb87913f9fd1,2021-02-01,2,2,2,seed|convertible_note
bcd63538-5c6d-0366-a511-ceaddc3e60b4,15e5f78b-bf1e-4eb9-a31c-4fdf4b0d9a26,2022-06-08,2,2,2,series_a|seed
ae6eb8da-ebb3-42be-9ee6-644a57af8755,9d361b0a-f357-4569-8de6-8bb4121e6633,2022-06-08,2,2,2,grant|series_unknown
809d0f70-9c3a-48ba-9c04-fc6e75edc6e5,308545c6-5862-49a7-bf5e-77010f450a89,2025-06-24,2,2,2,seed|grant
57f8f8c4-a8df-78d6-d09c-1caf95582d35,ed253c33-ef43-4bac-bec3-8e4770e5283b,2013-09-05,2,2,2,private_equity|debt_financing
12e47989-16ec-4d2e-8bb7-89829e1e9a3c,c28b11e0-92a6-423c-bbdb-2ac2d5a1b472,2025-09-29,2,2,2,secondary_market|private_equity
9aa041b9-d9f2-39e7-f056-a0f4d6294220,6f1b499e-a6d6-3b7f-e6ca-e9e8e3f4b1c9,2003-07-31,2,2,2,debt_financing|series_unknown
a260b84a-d6c8-2df0-5e00-b92f51b94955,5616d53e-d67a-4c84-9dfd-3f700f9769f7,2025-04-02,2,2,2,private_equity|debt_financing
016bc7a7-93eb-9f60-a6df-905b0bd2e18f,ad08fa35-a5d3-462e-959a-55f7b5a2e57b,2023-04-06,2,2,2,debt_financing|series_d
ae6eb8da-ebb3-42be-9ee6-644a57af8755,62db1d70-feaa-4038-a223-d5206c3c72b6,2023-03-30,2,2,2,grant|series_unknown
9da42114-b627-6926-f3b7-fd07e23fc337,83fcbd14-5300-4ffb-b3a8-12699e8d384a,2023-07-07,2,2,2,seed|pre_seed
9d2d3c40-fcef-4e65-847c-ba68d57b9400,b6a8c2c4-b78d-4aec-96e8-a532afa1da53,2015-01-01,2,2,2,debt_financing|private_equity
ea3e643f-a0c0-d2ce-166f-78a6cd88b94d,ed81a1ee-8849-44d8-9e96-254ae4c49163,2025-04-30,2,2,2,debt_financing|grant
ae6eb8da-ebb3-42be-9ee6-644a57af8755,176cfb0f-4faf-6ade-e76b-269656612fbc,2021-06-16,2,2,2,series_unknown|grant
cee4abef-8d9f-02e1-682e-d226fcf00106,9aaae923-1930-e309-239e-a91f0114fa74,2016-07-04,2,2,2,debt_financing|series_a
ef0a0674-d0a5-12da-60d5-42090e4a5077,6abda9a9-d02c-57ab-fa9f-a7f36cae2554,2019-10-16,2,2,2,series_unknown|debt_financing
6da41174-121b-59c1-1393-1e67b686b9bf,5351ac5e-be6d-4530-8e88-aea5291c4001,2022-10-20,2,2,2,debt_financing|series_a
ba89da31-627d-4c02-bfb2-866cea64f3e3,d35ecb64-7934-4cb7-b25b-84c3cc2d7df1,2024-12-11,2,2,2,corporate_round|debt_financing
b128d531-5cbd-9c79-f006-09bf7d33a238,40106e88-cd14-e0c1-2775-d9f21d6af43f,2004-03-24,2,2,2,private_equity|debt_financing
aefa3a84-5193-00c3-5cbf-ec5ec2645672,856ad2fa-5aa4-7baa-5bbc-d5a1156d769c,2016-09-19,2,2,2,debt_financing|seed
a934eadd-65f2-4c08-9be7-51dad523dd2c,330d4dd5-cf14-49c6-aca4-5d0729e631c9,2021-09-21,2,2,2,series_c|series_d
dfbfcd04-db34-8a5d-ced8-629f4ff8d01e,af1f8c75-21f3-4829-a0a1-acad6004bc12,2008-01-01,2,2,2,private_equity|debt_financing
bcc5adaa-4cd6-bb68-8b91-838f2eee1aa4,dda6625b-aa87-ba0a-c262-66f57f3d3964,2014-08-25,2,2,2,debt_financing|private_equity
d420cb3c-c5c2-df2a-63db-4850847570c8,1ef88f8f-17d5-48b6-afb7-f6fb93a64a53,2023-02-16,2,2,2,seed|debt_financing
36409f11-4a22-2564-2708-5834206cf98c,584871a6-7311-4d96-8aaf-2e709a88ab09,2026-01-27,2,2,2,series_a|seed
75bd8c65-b624-9689-b92d-da8a667632e8,cb1f4211-cbe9-71ec-3cd3-704fd90e701c,2017-11-29,2,2,2,series_unknown|debt_financing
ae6eb8da-ebb3-42be-9ee6-644a57af8755,0940a49a-4fc7-40c8-a0aa-cd4e74c8d2c6,2020-07-29,2,2,2,grant|series_unknown
1601ab0b-87bb-5ee5-9545-c289d4f706cf,49705a7a-44f2-4e53-8bbd-0584cb2ea196,2023-05-04,2,2,2,series_a|seed
c55ab36e-e238-80aa-3a70-4a423fb77213,c46b3c45-8740-f2cc-d8e0-ecb024e8a330,2018-06-26,2,2,2,series_b|debt_financing
6431b524-2eac-47ba-8f8d-9eb3617b9fd0,efb57f26-b420-366e-e3df-7a34997f3a35,2012-08-08,2,2,2,debt_financing|grant
983675c3-2ee5-471f-6b57-c9e32a0369c1,e971cd26-1a8c-4e95-9b98-cc28f54a5d0e,2021-11-29,2,2,2,seed|convertible_note
d303a2de-0cb4-4e23-86ad-6cb49b09a7ed,9332ef15-5d14-4165-8016-006e65b3d11e,2023-03-07,2,2,2,debt_financing|series_b
107d5853-db1b-4425-9c7e-3638c27d45d8,e48d2bd1-24d6-496c-a75b-568d47547baf,2021-05-04,2,2,2,series_a|secondary_market
5db64f8d-b56c-73eb-2480-bf82a1903aee,1ddcdede-90f5-4a4c-b017-a2cd04f796b6,2026-04-30,2,2,2,series_c|secondary_market
300532e7-2b61-354d-33f3-1439166464ee,6239e49b-83c3-0000-d66d-615719253f8c,2021-06-30,2,2,2,debt_financing|series_a
877a70c6-b6a3-4687-b191-cf3fa43fd868,63715858-5b90-4803-b8d7-7d84401fce3d,2024-01-04,2,2,2,secondary_market|undisclosed
809d0f70-9c3a-48ba-9c04-fc6e75edc6e5,a8582757-5954-4dd5-aa47-8a9cae187c72,2024-07-15,2,2,2,seed|grant
fb8d57c4-eb30-d2e3-ac69-b62cc0f27bbf,562700c8-1bf4-1d42-1720-a81cb8edbd78,2015-09-21,2,2,1,series_a
ae6eb8da-ebb3-42be-9ee6-644a57af8755,02049fd3-b777-4a14-9237-46f655104edc,2022-03-23,2,2,2,series_unknown|grant
809d0f70-9c3a-48ba-9c04-fc6e75edc6e5,82449def-2690-4973-b9d1-cf1e5963ea41,2024-07-15,2,2,2,grant|series_unknown
edb9e66b-26b2-d71f-d82b-9effa3c19af6,543513fb-9107-4331-a660-8d517e4abb67,2024-06-18,2,2,2,grant|pre_seed
a9461070-a0f0-af9a-f43e-60d916671f19,a010850c-06b5-0f19-f9bd-16708915ac58,2025-10-27,2,2,2,series_e|secondary_market
0db76b4e-f6f1-4a50-5e4b-503a97ca3d83,a74d9fec-ea39-4c1d-b557-278074a5d7f1,2016-07-01,2,2,2,pre_seed|grant
b0a1d000-4a7a-e468-7303-502939971185,7beef7f2-dc05-4519-b4c2-82d9b87a9bfc,2022-03-15,2,2,2,series_b|debt_financing
eb317705-62b1-49b8-8a65-e940c7464a89,15d724c1-856e-4ccc-b994-d16704e3400a,2026-01-08,2,2,1,series_b
ca0683e7-86ce-a93a-ea35-48081b42cb2b,ca4f1951-a04c-49e7-8b1d-992d6b1b9745,2020-01-17,2,2,2,pre_seed|grant
2676f279-69c9-d880-ebb5-df51e476005e,b7ca8497-6308-7ab2-24bc-75150fab87cc,2021-08-31,2,2,2,series_unknown|debt_financing
d3184029-74d8-7e6c-717b-84ac89d0a837,024d26ed-e03c-e51b-08cd-0c7c1bc9ddd5,2021-12-20,2,2,2,series_g|secondary_market
40fd4132-c7d1-3aab-0f11-3d5cc6c61588,0185c15e-0dba-4292-6e76-f3c2513697ab,2024-05-22,2,2,2,post_ipo_equity|post_ipo_debt
6e143053-ce51-4906-c65e-0908afb5481f,677d6b04-aaa8-4d80-b377-0b09e2351aba,2026-02-10,2,2,2,debt_financing|grant
faa4aece-ef3a-af62-6607-a580b7f56df6,0fecd291-e197-4746-910c-134622b5a929,2023-01-25,2,2,2,debt_financing|private_equity
e2006571-6b7a-e477-002a-f7014f48a7e3,a010850c-06b5-0f19-f9bd-16708915ac58,2025-10-27,2,2,2,series_e|secondary_market
aec3ddc2-68ff-4cbc-abec-8e650612a441,d85bbe29-d925-648e-5057-63e9a32a9f41,2018-03-08,2,2,2,debt_financing|grant
2d635bad-e7ad-aa9c-733b-ea9553c7874d,9a9580db-4799-49e5-89bf-bf86f0c2da34,2023-11-09,2,2,2,series_a|debt_financing
f7dc84ae-eaa5-4951-9d8c-ba392741bcdc,43772176-b34f-4c24-9e61-9d53c179c07e,2022-06-30,2,2,2,convertible_note|seed
809d0f70-9c3a-48ba-9c04-fc6e75edc6e5,2662727d-24aa-4b7e-844d-6db49f28ce90,2024-07-15,2,2,2,seed|grant
ae6eb8da-ebb3-42be-9ee6-644a57af8755,d27d08b2-c719-9216-533d-dd71e362b185,2020-10-07,2,2,2,grant|series_unknown
809d0f70-9c3a-48ba-9c04-fc6e75edc6e5,7dfcf13a-db5e-406d-843e-20c25b65c596,2025-07-24,2,2,2,grant|series_unknown
ae6eb8da-ebb3-42be-9ee6-644a57af8755,198e64d0-1f8c-464c-8b60-351dc873c1e1,2020-05-19,2,2,2,grant|series_unknown
9537204f-664b-4b00-929b-f5e1775c2a9d,f80c467c-117a-4aff-99bd-d591ac3537ce,2025-05-13,2,2,2,series_unknown|secondary_market
430ec782-ebb9-4241-59b4-4c5357f44d43,03ef8031-2efb-4fa6-0648-1b09ca50c1ab,2021-04-21,2,2,2,series_a|debt_financing
a4f8328e-a8c9-4014-8318-1b9cfc16b699,77cc5f3f-4041-5237-cf0f-b821b932e828,2019-08-27,2,2,2,convertible_note|debt_financing
e16016f7-6889-4c5f-9a7d-0c583e4b9891,d2d4ebaf-66d1-c550-b0ea-53f1538345a1,2021-10-28,2,2,2,series_unknown|debt_financing
a2137651-c6b4-4c99-87b0-b31b061b2cde,46ff643f-f78b-4cfc-a15a-ec9c9b149b2b,2025-10-21,2,2,2,series_a|seed
c13d65cd-6920-4cfc-8dba-fc52220ffa6e,8b2727f5-85b9-e2cf-5459-1d8219b6729b,2023-11-22,2,2,2,debt_financing|series_unknown
631a5d5a-0726-7438-1bc4-ba52e97062c8,1e665763-df5c-d6ce-39fb-9f38c049fb4b,2019-03-14,2,2,2,post_ipo_equity|post_ipo_debt
34a9bb66-0984-8de0-e7fb-13e976b4a135,8e9c1b61-5b6a-b416-aafe-6937e75b3dc2,2022-04-26,2,2,2,debt_financing|series_d
acddc982-f23b-b2c6-6025-3e9efbfd6ed4,43af5d83-d094-4eae-ad0c-a650908bc108,2025-09-08,2,2,2,seed|pre_seed
b8cc84ee-07d2-71cf-dc80-8995baeb6b8a,d4a5ee28-10a5-496a-aeba-9931ae634d17,2015-03-01,2,2,2,debt_financing|series_unknown
edb9e66b-26b2-d71f-d82b-9effa3c19af6,927fafc7-8fca-4d48-bc3f-92c08aaa0955,2024-06-18,2,2,2,series_unknown|grant
14396192-4718-4084-4017-378d4b41cf6f,43c3a6ca-82e8-46f5-8853-2867e9ef6b5b,2021-10-22,2,2,2,series_b|series_a
9db0b6bb-4b28-fa20-e2df-e2af6ebd3a3d,1df7028b-864a-4c76-b0f6-1b27c976428e,2025-08-10,2,2,2,series_c|secondary_market
91b443d2-561b-4541-aaa4-57c12185dc0e,8b2727f5-85b9-e2cf-5459-1d8219b6729b,2023-11-22,2,2,2,debt_financing|series_unknown
e4152fec-1a43-4f3f-baa3-8cb9b8828bac,463f87e4-9184-4321-b7c7-87c355eb2e6a,2022-11-07,2,2,2,grant|debt_financing
7ec1e048-c17f-47f1-b7ae-714f74601624,3fb9d495-70a1-b558-d282-6237bd912819,2019-01-20,2,2,2,debt_financing|series_a
eefb493e-8fd1-760a-b0db-64160c82ca86,d6061fb9-7f76-1c3d-d928-31e9dfe57527,2021-06-17,2,2,2,secondary_market|series_f
da7dace0-ea77-d4ee-4af6-7cedb69539e9,a209516e-c5d7-4dc5-bf82-a30798691600,2017-06-13,2,2,2,private_equity|debt_financing
39e6ad18-504f-fde9-1eb0-f4825a9b24d2,04ff612f-6bee-42d8-ad7b-3802d5fa9ad6,2023-09-26,2,2,2,seed|series_a
94c2fe47-ad3d-d5ff-0e79-27bcfa5db658,371c606b-fccf-d466-95e3-e9bfcada9e0a,2020-08-11,2,2,2,debt_financing|seed
809d0f70-9c3a-48ba-9c04-fc6e75edc6e5,bbc403fc-9dee-473d-9f98-279cf4af4582,2023-06-27,2,2,2,seed|grant
74b1d125-9b96-3650-b101-5479295b064e,7374d7a5-86ec-4ba3-987c-4399f5700cda,2024-12-30,2,2,2,debt_financing|grant
77d2c08f-4427-d205-9423-05cdacc2f7ae,d66280cb-96df-4005-b6d7-c4a9d93b1c39,2021-06-03,2,2,2,debt_financing|seed
5d98f331-124f-1cc2-e3c9-001a6fe2fbf1,ead104fd-8fef-43d4-95b4-80ba5b7ddb27,2025-08-06,2,2,2,series_a|secondary_market
4de58ca3-4fcc-eac4-93b8-f097d6e47ff1,b9df85bf-d243-4336-abe7-90e4bbbf8eb7,2023-03-14,2,2,2,series_c|debt_financing
6c97e88a-4e7f-6433-d3ed-73e7bd62b473,5bb0a90b-ce82-4f47-9740-b4753ae1fba8,2022-11-17,2,2,2,debt_financing|series_b
bcc5adaa-4cd6-bb68-8b91-838f2eee1aa4,e016d8d8-155e-4f5e-b34a-8f550c96d4a1,2021-11-19,2,2,2,debt_financing|private_equity
b18358ef-3ed6-1916-e045-98a9a6e939a5,2f2af45d-712a-4641-b7c8-8c79126d80be,2026-02-04,2,2,2,series_d|secondary_market
6f83ddd7-d637-61f8-06b2-438a0037605f,742ec517-fa08-4021-975a-c93771a7941e,2026-02-25,2,2,2,series_a|seed
edb9e66b-26b2-d71f-d82b-9effa3c19af6,784721ba-8524-4e49-b4d3-71e701bba5f9,2024-06-18,2,2,2,pre_seed|grant
dc7c0b8f-c8ae-46d1-a4b2-3c780dfcebc5,1e07e46a-bb7c-4986-940c-f61c595f2018,2024-01-22,2,2,2,seed|debt_financing
b68c993c-4cbf-4339-b8b5-6c2eb430835b,a01265b3-eeb1-4e43-a509-4797572f4a4f,2024-12-04,2,2,2,debt_financing|series_unknown
d14178d0-6ef7-4d8a-b14c-eabe665b1d40,cb63d72a-d21f-499b-a23a-df96b4e6660b,2025-07-07,2,2,2,series_b|secondary_market
c011c069-6253-448f-b958-cd9e748a9396,961d3f5b-e322-2060-ee17-e9349f8ebf40,2023-04-24,2,2,2,series_c|debt_financing
edb9e66b-26b2-d71f-d82b-9effa3c19af6,68cd5f19-fdf6-4b53-95c0-58c12a08fbff,2024-06-18,2,2,2,pre_seed|grant
0812e67e-d94d-27e0-8112-8f63c7337271,84065235-3d24-4e2d-b341-4e4e82dbc1a8,2022-05-02,2,2,2,convertible_note|seed
0894da9b-aa44-1f13-7c70-d3ca31c33e19,00fbf527-5c5f-4976-a557-f60f905e2d31,2023-04-04,2,2,2,debt_financing|private_equity
91ca6919-84d0-43fe-8470-1e205cb4e1e4,14fa06fd-8ef4-4e6d-83d0-a6cb9795436b,2023-12-13,2,2,2,secondary_market|corporate_round
43af1819-8a09-4ebb-a21a-dd51c5536253,cd442233-f9db-439c-bdb8-30ab6ff8ad2f,2024-11-12,2,2,2,series_unknown|debt_financing
dd98eb97-159e-a11b-8d80-c30387874e11,832b3fbf-eb42-4d72-a111-816ec39ced13,2016-06-06,2,2,2,debt_financing|undisclosed
c6f5107f-30a5-494a-b99f-3f4fa09b519b,61a10836-2e0f-bf71-943e-f71be12dd963,2021-08-31,2,2,2,debt_financing|private_equity
aa73d429-aba1-53bc-4014-5b39ae700951,c2ed697f-6ae2-a83e-daa6-543915b12678,2021-10-07,2,2,2,secondary_market|series_f
8e57f238-f156-c4e8-f1da-6e40e5ec5bf2,3d4501ca-390e-a618-52d7-27f7b60dfbd5,2021-02-25,2,2,2,series_unknown|debt_financing
c50719bd-93ac-4ed7-96ae-99ac3b3a8beb,eca628d0-331e-f2e6-85fa-fe0ea42d866d,2013-04-01,2,2,2,seed|non_equity_assistance
5adf83d7-237f-47cc-a2f7-a6b794e0bb6d,907088ea-5968-4fdf-af05-71e7427b6a63,2023-11-22,2,2,2,grant|debt_financing
ae6eb8da-ebb3-42be-9ee6-644a57af8755,721f3f6a-e5ec-4ba5-9aa0-752c1fee55c5,2019-10-09,2,2,2,grant|series_unknown
7468e6d9-c035-05d9-0133-f238f5308246,4c8af45a-403b-409e-ab4a-9bfc301edb86,2023-10-05,2,2,2,series_c|debt_financing
cbcae328-6143-e6a2-15ef-d8b736ca9fff,d2fb0281-82d4-8f36-f108-c75e59a6857f,2023-05-18,2,2,2,post_ipo_equity|post_ipo_secondary
fb8d57c4-eb30-d2e3-ac69-b62cc0f27bbf,77575225-3213-4164-9f9b-c22a973ce7f2,2024-04-18,2,2,2,series_a|seed
31f7a03f-1bcb-6a46-7a5f-285995660a6e,a32021b1-ff06-47aa-8642-fff3376d9882,2023-08-21,2,2,2,post_ipo_equity|post_ipo_debt
e19774d3-1184-4171-894e-eccfee473e7d,7ee8a9db-0eca-4331-aab4-51f0d97a4255,2025-10-29,2,2,2,seed|pre_seed
5fdb76c9-b98e-173c-5c3a-f265b305d073,d3bc5f45-e4c5-4a81-86e2-716fc8eb63c1,2021-12-06,2,2,2,series_unknown|debt_financing
c2f6c5c7-c016-4182-b409-f2176c7fdbab,54814919-9a8d-497b-bf71-90a23f744c98,2021-05-06,2,2,2,seed|debt_financing
34cdde3b-bf3d-4b9f-a7ac-537bb27d34a0,14d3a702-873a-48ae-9da1-f12cddd53f56,2022-03-04,2,2,2,angel|seed
b5d0d7dd-cfc2-4c56-9ed4-847db73f8cee,6abda9a9-d02c-57ab-fa9f-a7f36cae2554,2019-10-16,2,2,2,series_unknown|debt_financing
ce5acf62-6eb7-ee46-33de-092141b1d316,4586404c-040b-4cb9-b640-694aea2c5641,2024-04-18,2,2,2,series_c|secondary_market
08aef47a-6a5b-4961-8a2a-237e556b5772,7bace072-c9e3-4602-bb94-4dd55e4dc62f,2024-11-25,2,2,2,series_a|seed
b7c000b8-0b00-9936-7e3f-7954f1af2949,c866b112-6333-9ff7-5954-09cb24c9e87c,2008-03-28,2,2,2,series_unknown|convertible_note
7c1d2aa4-37fa-3fa7-6dae-221e38f5eb89,b0b626fd-c85c-4aec-9c1d-dcb7ca862bdb,2020-10-15,2,2,2,seed|series_a
5d56d23f-24e2-d25d-8e9f-d42950d0fc61,89a9b4a2-b82a-3644-8ba7-5adfb24840ea,2025-12-03,2,2,2,private_equity|secondary_market
63eb8719-2957-f55c-7504-e823fcfa503b,b367ae6e-3d1d-916c-ce43-62bef775d2d6,2006-07-19,2,2,2,debt_financing|series_unknown
9aa041b9-d9f2-39e7-f056-a0f4d6294220,b14c0528-857a-4a2f-9719-43ea6fc5bb28,2020-04-17,2,2,2,series_unknown|debt_financing
a934eadd-65f2-4c08-9be7-51dad523dd2c,18aa0474-0640-447d-ae62-944f96ebd0f6,2024-01-03,2,2,2,series_b|debt_financing
9aa041b9-d9f2-39e7-f056-a0f4d6294220,b4f471ca-ff3f-481d-ea62-c70c368fd6fd,2009-12-31,2,2,2,debt_financing|series_unknown
8c5ff693-d08b-fce9-7829-236ebf2fe254,df95b543-a31f-126e-9338-5ce789e574fa,2015-06-09,2,2,2,series_unknown|debt_financing
30b3efdf-6024-804d-ea55-c4d1a8dfc86c,50d4b4f6-e422-4362-420a-8f238095c01a,2012-04-04,2,2,2,debt_financing|private_equity
14330040-598c-f69f-1f97-de02982e60d0,1ac1d33d-1139-48b2-8f8e-3ed395b762d1,2023-09-13,2,2,1,post_ipo_debt
d4385f9a-140a-7a31-81e0-71d0f6306212,fad8e57f-5300-4e5d-9cbd-ecca4dff29b1,2025-10-16,2,2,2,series_h|secondary_market
60b5dade-24ed-84b0-99e2-1ecda554a1ab,c9b4f01c-3eea-4020-8eca-a05dc81256d4,2023-10-25,2,2,2,seed|series_a
f57c0a98-995f-4556-a1cb-2eaca293a638,0071d53d-3ed4-49ed-a96a-7f0daa026c99,2025-11-17,2,2,2,post_ipo_debt|grant
09539470-c53b-3eb0-d29f-aa5e7626eee8,508e6aa4-a356-4f40-b098-60dfdf7725a2,2008-03-17,2,2,1,grant
6c77a474-1ddf-4b0e-b60f-2db4e94c8cbd,94719107-fcf0-4940-8857-b4bb488e4686,2025-11-05,2,2,2,seed|series_a
802324da-0c7e-4f32-a160-375ae3f9cfd3,2e2c900f-ea69-47ae-973e-dd143220423d,2022-01-19,2,2,2,seed|undisclosed
772b1ec7-8ddc-6b37-8511-d32de4310e62,ac27592a-7dd2-449c-962d-8c4c602e8284,2025-06-26,2,2,2,private_equity|debt_financing
728c8f95-e9eb-bcd2-d4bb-5f7e314b1ef8,e5dd8626-c8a7-4756-96ab-204c6d963262,2025-11-03,2,2,2,post_ipo_debt|post_ipo_equity
c75400d4-d5ae-2f92-4e99-aee6b9a39a4d,675cc279-50bc-45cd-9cac-5c62f5d3b242,2025-12-19,2,2,2,private_equity|debt_financing
06d57d6d-ae56-45e5-b4fe-ce4f036b95c4,ad137a13-cf48-4a05-917a-aed1727f25d6,2023-04-17,2,2,2,debt_financing|series_a
12d8db99-9c6c-42d3-8dab-138aff1f0fb5,e48d2bd1-24d6-496c-a75b-568d47547baf,2021-05-04,2,2,2,series_a|secondary_market
34625d12-5cbc-3dbd-8e7b-e48ede95909b,1dff7363-a63b-4326-82e0-65616aa9c3f0,2022-07-15,2,2,2,grant|debt_financing
515d11b5-353b-b08a-c3c7-fc152cd8ab7c,5bfd3659-642b-f83a-eff0-fd6779c45fe0,2022-02-01,2,2,2,series_c|debt_financing
1787528e-7bd3-a500-ba86-ac55205e7e21,d0314350-08a7-40be-93b8-729601859df3,2025-03-07,2,2,2,series_a|seed
65bbca2e-bf1c-4e94-ab4a-5cb8ce07dad2,9aaae923-1930-e309-239e-a91f0114fa74,2016-07-04,2,2,2,debt_financing|series_a
adc3106c-d982-41b9-92a5-2e5e4b6e8e7f,9942f12f-3a4d-413b-a8c5-b306c70a8589,2024-06-05,2,2,2,series_a|seed
8b7d7461-ea35-4a8c-965c-ebbb37fba1c7,611ccb7a-d568-47f8-b525-f13fecc88562,2024-07-11,2,2,2,seed|angel
4add494d-242c-4a9c-bad0-8923d140aa18,36e806af-5dbf-4519-8fa4-00297135aa24,2025-10-24,2,2,2,seed|debt_financing
a6caf3cb-9fac-b175-3e47-591ea84f93c7,2687f68a-16b8-09f0-b9f9-9a916bb2e4d2,2013-10-02,2,2,2,series_unknown|debt_financing
3d0f359b-c0c7-4edb-a9b1-84ec2698126b,6f95616c-2bce-0cdd-fb4d-2e603763b423,2021-06-23,2,2,2,series_unknown|debt_financing
8a700a29-e124-4be9-93d9-6b56f9b0d560,5a7be4f7-5323-4279-a57c-19b032297cfc,2025-12-29,2,2,2,convertible_note|series_unknown
36409f11-4a22-2564-2708-5834206cf98c,874ccba8-d3cc-4052-87fc-e908c595abac,2022-04-26,2,2,2,seed|series_a
1f37a3e7-02b1-390d-eba7-a03cf1d5e75e,bd4293d7-3baf-4ea8-a2cc-aae66ccea2ec,2022-03-07,2,2,2,series_a|seed
b527e1c2-3c31-4e32-8b06-ebfde71156b2,efa3140c-8e6b-4282-8d32-e3c764b7ae3e,2021-04-28,2,2,2,series_a|debt_financing
b4ac760f-fcab-6a2c-b902-b5d66d37a4bf,8957c749-4d0b-4b91-ba9b-6007248e318a,2022-02-16,2,2,2,seed|series_a
60e249a6-d553-72a8-3b85-20407462624e,a0deef29-7395-5d71-e01c-9904fb9e9a4d,2017-01-18,2,2,2,convertible_note|pre_seed
d5dead24-097f-4d60-88f1-1c63c117648b,ead104fd-8fef-43d4-95b4-80ba5b7ddb27,2025-08-06,2,2,2,series_a|secondary_market
931f7202-91fd-ab26-c07d-06518289ef06,531e80d5-4c91-b603-7d6a-25801cc92021,2022-05-17,2,2,2,series_unknown|debt_financing
16181bce-98d0-aea3-c346-3e602902025c,914e07e6-2ccd-a143-52b9-2e81cb5eabba,2012-07-16,2,2,2,private_equity|debt_financing
ae6eb8da-ebb3-42be-9ee6-644a57af8755,f55f9387-69d8-4450-9e47-f4e875612d31,2021-10-06,2,2,2,grant|series_unknown
809d0f70-9c3a-48ba-9c04-fc6e75edc6e5,12a876a9-0b85-3456-b5bb-277e131b1496,2024-07-15,2,2,2,grant|series_unknown
eac47318-7d6b-d0e1-553a-05bb0065731d,808d09f9-416e-076a-b2d4-fe0f5718cb94,2021-04-08,2,2,2,secondary_market|series_e
4eee5e60-3b06-6fe8-cc2c-29119a96051d,023dc02a-e990-5ad1-f539-17e9ef039288,2013-10-02,2,2,2,series_d|debt_financing
b09ab004-df11-4c04-b5b5-2cc547e467a3,9f8fadec-5fbc-ca91-028e-9f2659ccefdb,2022-08-02,2,2,2,debt_financing|private_equity
4353263b-4005-e257-3735-7da28f33aeb9,f7c67ed4-f4de-4c02-82a6-c18ed4f5d45d,2023-03-20,2,2,2,series_a|debt_financing
4a1554a7-a748-4ba2-82a5-35b3ee598639,faa04487-c9b6-5db6-c856-6a7a3f8d7582,2026-01-22,2,2,2,series_d|secondary_market
4eee5e60-3b06-6fe8-cc2c-29119a96051d,303a687d-893c-1820-853e-21a9f6c18334,2021-06-23,2,2,2,series_d|debt_financing
da7dace0-ea77-d4ee-4af6-7cedb69539e9,326b62a3-3c17-4e26-92b6-1b1eaf9b8d72,2014-06-18,2,2,2,private_equity|debt_financing
39041e62-6b24-ae8d-1347-4cea947e832c,456975fe-ea9c-4d8a-ae1b-a1125efd9aae,2022-04-08,2,2,2,pre_seed|convertible_note
4e0d468f-9f29-b370-c20c-38f8e1c9b96c,a010850c-06b5-0f19-f9bd-16708915ac58,2025-10-27,2,2,2,series_e|secondary_market
069bf7ff-c97f-b515-884e-e774b384776a,53c7e35a-2078-bb61-b1a3-215976c14f1b,2014-02-06,2,2,2,grant|debt_financing
59e41cb0-550d-49bb-a792-fae8b5873e3b,215de3a1-bf22-fbfb-3c39-f0e69520bcd6,2024-09-27,2,2,2,series_unknown|debt_financing
02f87511-2b76-0f3d-7fed-109aba6dd5a5,37f6ac1a-d481-4793-aa72-90980f08f6b0,2024-01-24,2,2,2,series_unknown|debt_financing
5ae313cb-2f15-c3a5-c9a0-7e86cb8a5c4e,f9413fe5-a2a6-4343-89fd-a6d756fe6bdc,2018-01-30,2,2,2,non_equity_assistance|pre_seed
ae00c6dd-ecfd-8a61-3515-0fa1a417392a,c68c582a-91d1-45a0-8d2c-b878fc408c4f,2025-08-29,2,2,2,private_equity|debt_financing
2a2d1a51-f66d-46a8-8aae-b321fe2bf3c6,098f33e3-e8af-414a-90ef-6b762044f607,2022-12-07,2,2,2,pre_seed|debt_financing
d85c9cd9-fa00-31bb-cfaa-3b5f9dd118ad,bbb8e389-7e41-64e7-b0d9-5b048055cec8,2017-02-01,2,2,2,grant|seed
0c867fde-2b9a-df10-fdb9-66b74f355f91,91a04b10-e638-4282-8faa-0d1b94df24da,2023-02-21,2,2,2,series_a|seed
74b1d125-9b96-3650-b101-5479295b064e,f042f9de-6c03-4674-8d8a-3a445867c484,2022-11-02,2,2,2,grant|debt_financing
506a6dc6-63df-49ee-bd68-a861b49302a0,9e1fb21c-85bf-38dd-1ce6-08e511065c3d,2022-01-05,2,2,2,convertible_note|debt_financing
ae6eb8da-ebb3-42be-9ee6-644a57af8755,30cf9508-7402-4ccf-aa04-ed0c1bb77c72,2021-10-06,2,2,2,grant|series_unknown
d85c9cd9-fa00-31bb-cfaa-3b5f9dd118ad,7ec75e8e-88d3-d27e-d9f4-65d483537d4b,2016-04-01,2,2,2,seed|grant
f58715d5-80e0-3eda-b57d-4ba0d797f902,df95b543-a31f-126e-9338-5ce789e574fa,2015-06-09,2,2,2,series_unknown|debt_financing
b8cc84ee-07d2-71cf-dc80-8995baeb6b8a,35a7c67b-8a3c-436f-a99f-94d53583c615,2022-09-01,2,2,2,series_unknown|debt_financing
46728ea4-725f-ba75-3654-bd70ed0c3ddc,98773f11-efc1-4d22-bbb0-6409a3774cc3,2021-03-08,2,2,2,series_b|series_a
8addcd7a-7627-8564-7842-99b2bd7ceabf,744b2664-4ea2-d086-6fbb-127b86317fbe,2023-11-29,2,2,2,private_equity|debt_financing
1ab2f472-1d02-d930-2c78-48aada555d71,bc086b35-efc3-4c2b-b5af-e4ae2de0976c,2019-09-23,2,2,2,corporate_round|convertible_note
387c78bd-4567-c145-f09d-3bbeddaf22bc,ad08fa35-a5d3-462e-959a-55f7b5a2e57b,2023-04-06,2,2,2,debt_financing|series_d
b08efc27-da40-505a-6f9d-c9e14247bf36,32bab06d-f2b6-d36f-ab1b-6856a4d72f63,2025-04-07,2,2,2,series_d|secondary_market
cf814ef9-7a8d-451f-b1a9-24cde7a0e125,529514db-2bcb-49d5-98ba-db2dbd88bf19,2025-12-05,2,2,2,post_ipo_equity|post_ipo_debt
174c091d-6884-7eee-61a5-61458c635a16,ba526d31-99f2-4e82-8a06-f593fdb75ab8,2022-03-23,2,2,2,series_a|secondary_market
a2fc8fbe-32e1-3219-a3a8-665ae83f7243,d61876c0-7e4d-4a5d-9cc8-f8a93f9f2c0d,2025-11-19,2,2,2,private_equity|debt_financing
116045ad-9af7-4b2f-9b5c-b51a84a31604,a5127bb0-2f68-4a9c-87d7-2a85ba8f9eef,2026-04-21,2,2,2,series_a|seed
34a9bb66-0984-8de0-e7fb-13e976b4a135,c866b112-6333-9ff7-5954-09cb24c9e87c,2008-03-28,2,2,2,series_unknown|convertible_note
da7dace0-ea77-d4ee-4af6-7cedb69539e9,be1abda4-5146-4034-8fb9-f9980c8e0711,2021-01-25,2,2,2,debt_financing|private_equity
39041e62-6b24-ae8d-1347-4cea947e832c,ecbfce9e-6e4e-4433-b659-04d0b5b322c7,2022-06-16,2,2,2,convertible_note|seed
9ab9050f-d150-ecb5-c3c4-8425bdc2c259,03ef8031-2efb-4fa6-0648-1b09ca50c1ab,2021-04-21,2,2,2,series_a|debt_financing
3a1bfccf-9cfb-4b46-8d6b-0c1c7240b4b9,9296f4b1-7656-4817-b6d4-c229ce088a26,2026-05-12,2,2,2,series_a|seed
263656a0-5922-b42f-eeff-34f61fe4eff8,48f66271-2279-6d2d-210b-adb864370001,2016-09-15,2,2,2,seed|series_a
2a847ebd-bca0-4fb7-b500-245cd2f9123e,710dd351-c14a-4322-a6d4-cfb72b0811d2,2022-08-18,2,2,2,series_b|convertible_note
4eee5e60-3b06-6fe8-cc2c-29119a96051d,20fbbb16-f367-011f-15b7-378f50b416e9,2022-05-09,2,2,2,series_d|debt_financing
5f179d40-9f32-672f-ef1e-aade22c090b4,d6061fb9-7f76-1c3d-d928-31e9dfe57527,2021-06-17,2,2,2,secondary_market|series_f
d0cdfdc0-517d-ce18-4a74-194f506bccad,efa3140c-8e6b-4282-8d32-e3c764b7ae3e,2021-04-28,2,2,2,series_a|debt_financing
6d4356b9-883e-6ff0-d170-b96759ecf5bf,f2d90981-e772-43c1-a568-281ea5546c0c,2015-08-07,2,2,2,private_equity|debt_financing
f354accf-d9c0-4ce0-8910-a8a4694cd397,a0a79ba3-ee5b-4017-a64b-28a38262843a,2025-08-01,2,2,2,debt_financing|undisclosed
809d0f70-9c3a-48ba-9c04-fc6e75edc6e5,7cf4d59d-92dc-467b-b46b-9739531a2e21,2024-07-15,2,2,2,grant|series_unknown
ea04e312-c564-0aaf-db7b-1923bd58378f,7f097e79-4b4f-4e5e-cc2e-ffb96f19e8d1,2019-06-27,2,2,2,debt_financing|series_c
9c0cfe51-4799-42d0-b2e2-73bc85d789d6,afa1e548-5b10-4a58-b05d-be14ecd9c46d,2025-08-30,2,2,1,pre_seed
ae6eb8da-ebb3-42be-9ee6-644a57af8755,89e69e0b-2b2c-1e56-374b-f81db60ee271,2021-10-06,2,2,2,grant|series_unknown
275df2fa-33a2-424e-8a4c-588af656d527,18aa0474-0640-447d-ae62-944f96ebd0f6,2024-01-03,2,2,2,series_b|debt_financing
d9f3c7cd-ba54-6871-0215-734c50e8b988,a96a7ba0-60b3-4c7f-bf34-78b09d2ebdc0,2026-05-11,2,2,2,debt_financing|private_equity
8dc1ba14-74c4-4ffb-9cbf-5ae7dbad0d54,1d732f9f-0107-4df6-aaec-360f378ba522,2024-10-22,2,2,2,debt_financing|private_equity
a5f38d6f-1166-44df-aaf6-45aaa7a68972,3ed8e8fd-0642-43ad-ac14-26d7521288fb,2026-05-05,2,2,2,series_b|series_a
41c136e7-2f8d-48c1-bc42-222a474223d3,7127ae49-897f-498b-b392-66c3b116d7a3,2021-08-12,2,2,2,pre_seed|seed
4b95c6fc-bec6-4fe7-ae40-cc9f71ed314e,1df7028b-864a-4c76-b0f6-1b27c976428e,2025-08-10,2,2,2,series_c|secondary_market
c9c2db23-a59a-4df5-b951-8b7f9414a5e2,0a428c4d-fd27-4367-8eb0-6114f2b4970b,2021-04-22,2,2,2,seed|debt_financing
3f286d0c-0c99-649c-15cb-85dfd43268cc,143f6565-d2fa-4192-9a07-657bbf8a1c74,2023-06-07,2,2,2,debt_financing|series_a
8a31543d-66e2-6e29-811e-1b33a2da6d64,6c4ce6d4-b279-579a-ad8c-3e8e5fde3d25,2004-07-02,2,2,2,series_d|series_c
ae6eb8da-ebb3-42be-9ee6-644a57af8755,8f95dfa8-4caa-bf8b-2866-ae89ec07beac,2021-10-06,2,2,2,grant|series_unknown
d1b8008c-bfbd-439c-8dd1-080d016cfe03,a59383b0-3e30-4d77-8d5b-1a86646031f2,2025-04-03,2,2,2,series_unknown|debt_financing
123976a5-0513-37f7-55e3-5dbe229b9ecb,eba67aa3-8e1e-4068-9d5d-fc03923b8ac4,2021-10-11,2,2,1,series_a
809d0f70-9c3a-48ba-9c04-fc6e75edc6e5,d844baf3-fc64-4f1c-a738-58e64c8dfe53,2025-02-17,2,2,2,grant|series_unknown
f81ad6c8-b2ba-410c-9a35-1a3cab070df3,1f20287d-2401-4917-8949-db28c07e2c9e,2025-10-17,2,2,2,series_b|secondary_market
17766aa6-2da1-c1eb-d14d-2277ae1f34c7,6e3b9d67-7b78-4818-9b06-f66d3a45294c,2022-01-25,2,2,2,pre_seed|seed
3c62db15-4db8-016a-145e-dd1a06d168e2,844979a2-27a1-4a82-923f-97fe73b1be95,2020-07-14,2,2,2,series_a|seed
ae6eb8da-ebb3-42be-9ee6-644a57af8755,b26347df-342b-40af-bcff-56b7ad0076bc,2020-05-19,2,2,2,grant|series_unknown
430ec782-ebb9-4241-59b4-4c5357f44d43,4f97e088-cfa2-4737-8322-284e813b5949,2024-09-11,2,2,2,series_unknown|initial_coin_offering
185e18e9-5824-ef0f-cba0-664a00926ccd,13469a29-7c62-41e8-8cd2-6830b71550b3,2025-09-10,2,2,2,series_a|seed
6b44de1b-39eb-4c91-8391-866bf07f22a3,04ff612f-6bee-42d8-ad7b-3802d5fa9ad6,2023-09-26,2,2,2,seed|series_a
983675c3-2ee5-471f-6b57-c9e32a0369c1,9611e370-d9a8-47e0-bde6-08b43e8aa559,2022-04-12,2,2,2,convertible_note|seed
16045545-aab3-f3e7-f1c7-6b64ec20b1ea,9d2d052e-4721-26af-c991-4e95fdac7f01,2018-06-07,2,2,2,series_a|debt_financing
ae6eb8da-ebb3-42be-9ee6-644a57af8755,38cabe62-c773-460d-b531-372c4840b8ec,2021-10-28,2,2,2,grant|series_unknown
a75cdf0e-c2cd-8e04-acb1-62e08b2b259e,bfaae6aa-3b3d-43bd-b547-e03662eead3e,2022-01-01,2,2,1,grant
cb3fd543-f231-6909-7bcc-af87bee7ba3b,5482d38d-12dc-4e5a-a68d-402df9e27b04,2021-04-22,2,2,2,debt_financing|series_a
17d626a7-27a7-a51b-9337-3839f8ed055e,bf341433-c595-1d16-6b76-a72ce84948d0,2020-08-03,2,2,2,post_ipo_debt|post_ipo_equity
85960076-7ede-7ff7-6fd3-ff261aff41ab,83fcbd14-5300-4ffb-b3a8-12699e8d384a,2023-07-07,2,2,2,seed|pre_seed
00e49595-f240-41b3-8f4b-a556550254d8,4e524d32-cecc-222f-0bae-3db4a467bd68,2020-04-23,2,2,2,debt_financing|series_c
7ca09f5b-2e43-487b-8088-612814536df6,fa6c38f7-4178-7920-911a-84359136a93b,2019-01-11,2,2,2,secondary_market|series_a
00daca16-8311-454b-84e0-24a40d16be9c,8084e7ab-2af0-43cd-98f5-12bcd70cb038,2022-04-05,2,2,2,series_a|debt_financing
1a89a0df-a150-658a-02a6-249d3911bf7f,d63af02c-4325-492a-b870-50cb27caa0ca,2020-11-02,2,2,2,debt_financing|private_equity
f97209d2-2fa1-48ed-85c7-dc142bea4715,66b37d8b-0392-1900-2867-23c4eafc7d28,2016-07-19,2,2,2,seed|series_a
8b8d96f8-9dfe-b27a-8f57-7d266a051dc9,89a9b4a2-b82a-3644-8ba7-5adfb24840ea,2025-12-03,2,2,2,private_equity|secondary_market
ae6eb8da-ebb3-42be-9ee6-644a57af8755,c250cd7e-1041-48e8-8012-7596436142ca,2025-07-01,2,2,2,seed|grant
c0192b74-35a0-f688-a494-0426eac5b07d,59dd748f-413c-1250-ca94-37750578ec5b,2020-02-01,2,2,2,debt_financing|seed
b4bbe64e-c694-c762-66cb-1d4141c68093,24039c5a-16b3-4cec-bf68-b416aa51630f,2025-11-10,2,2,2,series_b|secondary_market
2bf95e11-96e0-4081-91ed-6b3836bc5803,0be3f92d-0e42-4f22-92b2-39a2592d5169,2021-09-22,2,2,2,series_c|series_unknown
2817dddf-c547-a392-2fcb-b98f2c3e0ff1,e6ecbdc8-72b5-4e98-a339-56f43e4daa62,2022-06-30,2,2,2,series_unknown|debt_financing
c0d0e5c7-0741-6dd5-e48a-917790db9136,80a04870-ec94-fbfa-010e-fcd2054798ae,2021-06-21,2,2,2,debt_financing|series_a
470c062d-2a9a-ebfd-00ad-c94e8fcdb9d3,a6e75f1d-3e0a-4a45-92c4-d38f8ba5387f,2024-10-16,2,2,2,private_equity|debt_financing
043d9e52-dcc0-0dd8-6074-206e42e20e13,b2167c4c-e759-085e-155d-7c74a76522d0,2018-08-21,2,2,2,debt_financing|series_unknown
52cd82f6-9afe-4a4c-920b-e92776ea55e2,529514db-2bcb-49d5-98ba-db2dbd88bf19,2025-12-05,2,2,2,post_ipo_equity|post_ipo_debt
809d0f70-9c3a-48ba-9c04-fc6e75edc6e5,8beed765-57e1-42c3-a891-577fefa35d85,2024-07-15,2,2,2,series_unknown|grant
c250ecc2-4f96-b21b-4485-23245263a764,4af926d0-b308-4ee0-91b0-dc8ceefee982,2024-01-18,2,2,2,debt_financing|series_a
63eb8719-2957-f55c-7504-e823fcfa503b,1c228f85-47fe-1985-d361-a2f50429dbcf,2025-12-04,2,2,2,debt_financing|private_equity
7e4f64cc-ea5c-48e7-a54a-3f8e1c29d0c5,da0e6fc2-6bb6-ac7e-0e24-48b098464afe,2026-05-29,2,2,2,secondary_market|private_equity
9fe1f9e3-3045-cdfb-9d4d-cd85177b92f2,ebf84e07-5639-4f89-9385-91f02b952ab0,2025-10-03,2,2,2,secondary_market|series_b
5a4bbbc7-c7f3-4dc8-a0da-56ebd4e9122f,15c4ddec-4fd9-4725-8695-e28f471886db,2025-01-14,2,2,2,debt_financing|series_unknown
ae6eb8da-ebb3-42be-9ee6-644a57af8755,546dc9e4-f20d-4aa5-9ca8-b4366291b291,2021-10-06,2,2,2,series_unknown|grant
b8cc84ee-07d2-71cf-dc80-8995baeb6b8a,f43699e8-3d2f-4441-b027-c6d46335c45b,2021-05-01,2,2,2,debt_financing|private_equity
809d0f70-9c3a-48ba-9c04-fc6e75edc6e5,3db58b44-fb69-40a7-9654-e8cd1ecce7d9,2025-02-17,2,2,2,series_unknown|grant
da7dace0-ea77-d4ee-4af6-7cedb69539e9,65446c40-4850-4ae8-8fc8-d1c6a939613b,2020-01-16,2,2,2,private_equity|debt_financing
1c73a41c-c935-419a-8b50-cb952dd98d41,9a9580db-4799-49e5-89bf-bf86f0c2da34,2023-11-09,2,2,2,series_a|debt_financing
4fe71a59-a00e-4271-a1fd-14699c55aaec,f8f3eb91-f504-4f56-98ab-45d97f439c86,2021-07-15,2,2,2,series_unknown|secondary_market
02da9fa3-029b-4e50-8072-e7d277d5e7af,e6ec486b-ed1a-4817-ad2a-ec873d7dce94,2022-07-27,2,2,2,series_a|initial_coin_offering
6132a54d-be19-7acc-8a87-1b3941cab288,b0b626fd-c85c-4aec-9c1d-dcb7ca862bdb,2020-10-15,2,2,2,seed|series_a
9aa041b9-d9f2-39e7-f056-a0f4d6294220,292a2f35-b3ea-f8c9-f5ed-ae4f0aab0dc9,2012-08-06,2,2,2,series_b|debt_financing
bcc5adaa-4cd6-bb68-8b91-838f2eee1aa4,234f7af7-62ea-451a-a865-c2c2c16e9a34,2023-03-20,2,2,2,debt_financing|private_equity
411e125e-9946-3880-8158-5c1ab88a8c15,a95f3bc9-94ee-4cd3-8a96-84696b0bcf84,2020-01-01,2,2,2,series_unknown|debt_financing
6b79f38d-f5e2-2ffc-6359-fd01b952301a,815b6c48-ead1-4495-954b-6fad015723f5,2024-10-30,2,2,2,series_unknown|debt_financing
eeab3931-7ad7-20df-ec2e-4ad9d61b25a7,c68ddb4f-844a-448c-bd85-af8e77b04f68,2025-10-08,2,2,2,series_b|secondary_market
809d0f70-9c3a-48ba-9c04-fc6e75edc6e5,df6134c2-2b5a-4529-8b28-9e2772424c32,2025-02-17,2,2,2,grant|series_unknown
1a192970-af60-4d75-aae0-5781a3e906de,4af926d0-b308-4ee0-91b0-dc8ceefee982,2024-01-18,2,2,2,debt_financing|series_a
355f3d08-b0a4-abe3-9503-9dc697bc8f37,5351ac5e-be6d-4530-8e88-aea5291c4001,2022-10-20,2,2,2,debt_financing|series_a
00e37992-994f-4bee-a53e-9836c737a8b7,ca519fb1-c164-44c5-9265-b81d3ae7b262,2019-09-25,2,2,2,seed|debt_financing
5fbf183e-1549-c5a4-e93d-3976a7a82cb0,95f3af30-5ab5-bec4-26ae-1e2ee8ba6fd8,2024-05-30,2,2,2,series_unknown|secondary_market
40028379-69f8-6a3d-79a5-51713ddbdfb8,aa036d66-99de-46b4-800e-e14deebc6d97,2020-01-01,2,2,1,grant
809d0f70-9c3a-48ba-9c04-fc6e75edc6e5,5a4944a6-5029-45fe-804f-10e0b265a32b,2025-02-17,2,2,2,seed|grant
d8af35dc-9cf5-2e99-3864-0fd2e9e9a913,127f5d35-d3f7-4552-8213-d2f05afd8093,2025-05-14,2,2,2,undisclosed|debt_financing
a705497c-f54b-ec5d-9d6a-1951de507031,a4c0862b-35f7-29a2-a082-576a60054d95,2010-09-07,2,2,2,debt_financing|series_unknown
ae6eb8da-ebb3-42be-9ee6-644a57af8755,398847c2-41c4-4464-a4cd-e3485fe1792c,2021-10-06,2,2,2,grant|series_unknown
3e701c58-6362-4643-90db-dbdcc7de5fc8,03ef8031-2efb-4fa6-0648-1b09ca50c1ab,2021-04-21,2,2,2,series_a|debt_financing
3b98c9f3-7939-4deb-a42a-175dcf13b21a,c258113f-6800-e99f-2b36-bce3884f952f,2020-06-30,2,2,2,undisclosed|debt_financing
4eee5e60-3b06-6fe8-cc2c-29119a96051d,6abda9a9-d02c-57ab-fa9f-a7f36cae2554,2019-10-16,2,2,2,series_unknown|debt_financing
835fd2a4-008d-3079-c85c-39360b6788f6,c0b9febb-d8ba-443d-a062-5f91a5780f04,2022-11-21,2,2,2,pre_seed|grant
f6fd471e-feec-9711-e4c7-7ac431deac3a,e5d3262a-5479-455f-9f08-29cd346ae6b7,2022-03-03,2,2,2,corporate_round|debt_financing
ae6eb8da-ebb3-42be-9ee6-644a57af8755,84a4e549-5383-4cb1-bb71-c7a51374825e,2022-03-23,2,2,2,grant|seed
d420cb3c-c5c2-df2a-63db-4850847570c8,d8e28320-ab09-43f5-a248-12a058a6b9be,2024-02-26,2,2,2,debt_financing|series_c
334d9aa5-ca75-457a-3d95-d2c074243acf,9aaae923-1930-e309-239e-a91f0114fa74,2016-07-04,2,2,2,debt_financing|series_a
809d0f70-9c3a-48ba-9c04-fc6e75edc6e5,92150060-63a9-4ac9-80ac-41a56de11ca5,2025-06-24,2,2,2,grant|series_unknown
1266b85b-8528-fc8f-0345-3a8cfc9a3cf5,1a2880ab-774a-4c52-9c3a-7c9944961407,2022-10-18,2,2,2,post_ipo_debt|post_ipo_equity
2ab55bb4-e2e1-8d0f-7ef0-f23cce98d828,db48959f-2c61-438d-a8cf-7ee65eb82f4c,2026-02-04,2,2,2,series_a|seed
e5e0a58d-5967-4de6-b47a-52c1f2302a26,472293d8-b52c-439d-9b91-0c3f5911ee31,2022-08-18,2,2,2,series_b|secondary_market
04a54454-d94a-0aba-ddc8-474567d96c2a,04ff612f-6bee-42d8-ad7b-3802d5fa9ad6,2023-09-26,2,2,2,seed|series_a
b0c88c02-dbad-4172-8cab-61bb981d67d8,fbf042df-46cf-4184-baf2-fdae62b4120a,2025-11-11,2,2,2,seed|debt_financing
2da43d4c-2e57-4782-b35f-c1f8faf03d39,9714a894-a704-43b7-b819-e43cc6d854ac,2023-10-10,2,2,1,seed
39041e62-6b24-ae8d-1347-4cea947e832c,557fe079-5208-4c0b-ac7b-f466d74c23c9,2020-11-23,2,2,2,seed|convertible_note
d85134a5-cb5b-4de7-84b1-d0ea1310849a,3c5dd546-a7ae-40c8-8109-dfb8a6d74f66,2025-10-22,2,2,2,series_unknown|secondary_market
122addb9-5538-4f5e-ace2-f2a8e7eef3be,3c5dd546-a7ae-40c8-8109-dfb8a6d74f66,2025-10-22,2,2,2,series_unknown|secondary_market
902deab4-ec41-68ce-d9df-c0c959578176,71e10d11-f640-4de0-ad23-43bfe8e4f711,2025-06-18,2,2,2,series_a|seed
4cb367dd-07a1-4d8d-8008-9b76f04b64c5,30352518-c602-47cc-828a-a395fafdee3b,2022-09-04,2,2,2,pre_seed|debt_financing
9928c272-1fd0-4845-af8f-8bd70c3b7015,ead104fd-8fef-43d4-95b4-80ba5b7ddb27,2025-08-06,2,2,2,series_a|secondary_market
1328ea9b-b149-dd5d-073a-a847e4dd5ec9,51b13026-155f-4f0e-8394-9416cb16df79,2023-11-28,2,2,2,debt_financing|private_equity
495e8c5a-f6ad-fccf-9b5a-d51f42587a8b,31753835-2f77-4360-bbcd-6c6a39cae79d,2024-10-08,2,2,2,grant|seed
c3609d80-fb88-4d80-bf52-79d9d3cacf96,e635038a-df67-4962-94fd-1166ab40a54f,2025-04-23,2,2,2,grant|debt_financing
4d5ccd0e-38e4-0537-1adf-b332a73e5ebe,c6c6c5e3-6ab3-45d8-8229-c7c13d43f4b1,2026-05-11,2,2,2,private_equity|secondary_market
9aa041b9-d9f2-39e7-f056-a0f4d6294220,de929699-ec60-41ef-91db-b2e25af2a704,2014-02-28,2,2,2,series_unknown|debt_financing
444051b9-5dff-2198-08a8-16fbd5081cb2,26aa4b46-2551-93ee-dd25-2d19438ed728,2018-03-07,2,2,1,seed
edb9e66b-26b2-d71f-d82b-9effa3c19af6,a296e997-c47b-4e9b-87cb-0f6da7e5b28e,2024-06-18,2,2,2,grant|pre_seed
e9c76e80-2ba0-4d84-a7b8-d0c20e856192,742ec517-fa08-4021-975a-c93771a7941e,2026-02-25,2,2,2,series_a|seed
ae6eb8da-ebb3-42be-9ee6-644a57af8755,96eaf959-bb67-40cc-afdc-0156b676c744,2022-06-15,2,2,2,grant|seed
ae6eb8da-ebb3-42be-9ee6-644a57af8755,9092f7d3-e70e-464b-8e69-ee2069107b6d,2022-03-23,2,2,2,grant|series_unknown
75e0b98f-f5cc-3fd0-3c7b-ba3792b88653,85160e37-9816-42ab-b65f-54851d6255a4,2023-09-06,2,2,2,debt_financing|private_equity
dbdafc98-7c6b-9cf1-b1bf-d3f590197dd1,dc1527af-2cd1-4ab0-966d-21ceea0d19b3,2023-12-13,2,2,2,debt_financing|series_unknown
401a6e32-15ad-2130-45a2-9fa886afa3a7,998f97d6-8271-22d0-3e58-2432764e2cf0,2021-06-10,2,2,2,series_unknown|debt_financing
f19f8210-62e9-443b-a5a8-753e61f4d1ad,ac0ed033-b766-4edd-9917-4d2fcf817f2f,2010-09-01,2,2,2,debt_financing|grant
da7dace0-ea77-d4ee-4af6-7cedb69539e9,5dbcc48e-7a6c-4fde-ae4c-f7ac2f86b04e,2014-06-03,2,2,2,debt_financing|private_equity
f19f8210-62e9-443b-a5a8-753e61f4d1ad,1e264a17-ad38-4a39-94b9-182e80e18665,2011-08-01,2,2,2,debt_financing|grant
bcc5adaa-4cd6-bb68-8b91-838f2eee1aa4,9d4616d9-f1f6-4a9d-8f5b-1a3cb25314d4,2016-11-17,2,2,2,series_unknown|debt_financing
2bf8b9c1-2ac7-4d16-bdc7-3606ea779988,b1946db8-fd55-43ae-a856-e1b2d4be9269,2025-06-17,2,2,2,debt_financing|grant
311ea57a-ab94-993c-33f8-6225a0d8698e,839b6d7a-6b0c-4a4b-bbd8-a64cd18ea6e5,2021-08-31,2,2,2,seed|secondary_market
f4b702ec-b652-da8a-4f4d-b4f513c8b2c7,2522c01a-65f1-4ff1-a32e-f6d269c121b2,2026-04-02,2,2,2,private_equity|debt_financing
3e3d4960-9e06-4bf7-892e-d54e4aebe4b2,4586404c-040b-4cb9-b640-694aea2c5641,2024-04-18,2,2,2,series_c|secondary_market
ae6eb8da-ebb3-42be-9ee6-644a57af8755,f7e6a800-fbdd-4f6b-b5e4-726848d76558,2022-06-15,2,2,2,grant|series_unknown
c0192b74-35a0-f688-a494-0426eac5b07d,a557cbd8-fdb9-4fca-9df3-c4a6c7e72aad,2022-10-06,2,2,2,seed|series_a
289a3dae-5f5f-434a-b36f-828a03e61214,04ff612f-6bee-42d8-ad7b-3802d5fa9ad6,2023-09-26,2,2,2,seed|series_a
a984978f-a0a7-2a1d-32af-90a7092266a9,a892988d-b843-4fc9-84cd-ee67a2b54186,2024-01-15,2,2,2,debt_financing|private_equity
06e630ab-9972-6fa7-6b05-3027da2c731f,40ff5ed1-d14c-4e2a-091b-23c63afe1f14,2021-02-11,2,2,2,series_unknown|debt_financing
f2eb29e4-11e1-4269-bc76-88982ef3338c,a2270c68-68d9-4863-858b-a2341e4cca86,2025-03-13,2,2,2,debt_financing|undisclosed
ae6eb8da-ebb3-42be-9ee6-644a57af8755,f0bacb09-ff6c-4af0-97c5-3e3471afe282,2022-12-20,2,2,2,series_unknown|grant
41e71793-b8b2-51a5-98cb-dd8f7b2e5fdb,84f1d295-f04d-4fe6-a858-9a2e347fd599,2025-10-28,2,2,2,seed|series_a
ad46a11a-fec5-76a9-33f0-0265302190c5,cd442233-f9db-439c-bdb8-30ab6ff8ad2f,2024-11-12,2,2,2,series_unknown|debt_financing
e970396c-1a0e-aa64-3cf3-6de014b615ed,608d3fd6-b50b-ddc6-dbb3-be534cd23198,2015-10-13,2,2,2,debt_financing|private_equity
809d0f70-9c3a-48ba-9c04-fc6e75edc6e5,d54e7b3e-7a01-4561-83b9-dabe07b875f6,2024-07-15,2,2,2,grant|series_unknown
799ea0ba-92b9-ceda-d294-efbbc80db162,47f3ceab-e707-4426-b825-d9ed3cc4a97a,2024-03-05,2,2,2,debt_financing|seed
76a2f22f-3b47-a91b-3e4c-d50323e43e4e,5f18b5a7-a853-015e-caee-35a4203a4725,2014-12-21,2,2,2,debt_financing|series_unknown
318c4449-fe17-2a4f-7822-d3731b470fa9,a4feb9f0-673b-4a18-a99e-c71ae69b6830,2021-10-14,2,2,2,private_equity|debt_financing
b4805119-6bb6-4697-a36b-a5ddb23101e6,915c9b66-0b5f-4271-8e9e-e765c8575bfd,2026-05-26,2,2,2,series_e|secondary_market
dbbeae89-a897-3a87-9d1b-93b8791d666e,e78eb69d-db7e-4876-a2f4-641f4f60e23b,2021-08-12,2,2,2,secondary_market|series_unknown
4f71f88a-3d94-4ace-8e91-f283c142905c,636e83de-3d58-41d6-99c7-68a2ada10412,2021-03-09,2,2,1,series_c
72099790-f25f-7d86-d040-407c812b5dd1,a3add3a4-1760-1dd1-6b32-72e97da2fe44,2004-05-20,2,2,2,private_equity|secondary_market
0423aec1-220b-6cf5-bb0b-20ede452bf87,71e10d11-f640-4de0-ad23-43bfe8e4f711,2025-06-18,2,2,2,series_a|seed
ef65f5c8-a2e1-b544-aa82-3da0b72b912e,d9cd0b56-098a-f57c-5ca8-efb4f64b848b,2017-07-21,2,2,2,series_a|debt_financing
c90c0ba5-6ab8-4fd8-81dc-185308ae38bd,65446c40-4850-4ae8-8fc8-d1c6a939613b,2020-01-16,2,2,2,private_equity|debt_financing
3349007f-8eb5-6157-d85e-bf50321f4b4b,44d65c42-dcb0-450a-b309-f316dc84038d,2020-04-09,2,2,2,debt_financing|series_b
f7c4b31e-36e4-b760-cb53-239b939027bf,88fe04e0-f76f-49b2-80ad-80d247ec1039,2022-05-17,2,2,2,seed|debt_financing
06893ce0-22dd-4f5a-97ae-ece1baad03b5,fb97d622-db77-42af-a00e-2085407dab96,2025-10-23,2,2,2,post_ipo_secondary|post_ipo_equity
f07266d5-f4ae-3e2e-2350-d6c1c0d49e7c,4f3cdc6a-de90-44d4-b872-25798e1ad90f,2016-11-03,2,2,2,debt_financing|private_equity
16914aa2-1303-ad20-60b8-84871adb50e1,34e07118-7376-498b-8b46-9011a33e5b33,2021-03-03,2,2,2,convertible_note|series_d
ae6eb8da-ebb3-42be-9ee6-644a57af8755,ef382bf4-b76d-4df8-bd15-656c1e9daf6e,2022-04-28,2,2,2,series_unknown|grant
34a9bb66-0984-8de0-e7fb-13e976b4a135,fad8e57f-5300-4e5d-9cbd-ecca4dff29b1,2025-10-16,2,2,2,series_h|secondary_market
4c04b49d-9ed6-4ec4-9bdc-8b8bd230a35e,c743764d-9cbb-4056-a0b0-fa9b932b9908,2026-05-12,2,2,2,seed|pre_seed
7e93d8e0-766d-b212-11d8-cdebaff58372,72eec248-3152-99de-e4cd-20caf2040d01,2016-05-11,2,2,2,grant|series_c
22c94121-b0c4-44c6-a3d0-9e7afdcf23ea,1ff327c2-b852-46b5-b396-49067c4fd507,2024-02-29,2,2,2,post_ipo_debt|post_ipo_equity
caffb191-8714-4f99-b6e3-af6851aa8429,7f5fee94-6336-dcde-e6df-2fc7ed1951ab,2021-12-09,2,2,2,series_f|debt_financing
dfc3a91c-4827-4dcd-835e-6ffac33e6111,4f7d4b8e-5a5b-3cd8-3fdc-33503e603a10,2021-01-04,2,2,2,corporate_round|debt_financing
809d0f70-9c3a-48ba-9c04-fc6e75edc6e5,e44d509f-9a9b-4fbb-8cbd-a582864aae11,2026-02-17,2,2,2,grant|seed
ae6eb8da-ebb3-42be-9ee6-644a57af8755,7e4b5a94-ea46-dc0b-8fa6-470798aa137c,2021-12-20,2,2,2,post_ipo_equity|grant
809d0f70-9c3a-48ba-9c04-fc6e75edc6e5,a750b87d-bd58-4b0f-b4e9-678cc7309ef8,2025-06-24,2,2,2,series_unknown|grant
ae6eb8da-ebb3-42be-9ee6-644a57af8755,1e6cf81a-a2ae-c5dd-83b9-b4b7ddb8b497,2021-06-29,2,2,2,series_c|grant
00e49595-f240-41b3-8f4b-a556550254d8,dda4c017-e14c-06f6-22dd-418f1acc79d5,2020-10-22,2,2,2,series_c|debt_financing
92b1182e-3f98-ba90-80ad-8c58c1777201,e715f238-e87b-4b91-9a64-6c8906f5f56b,2022-05-11,2,2,2,debt_financing|seed
58737023-2a6f-7550-c99f-32355e2bf218,c2c4c27f-f185-49a1-b418-26e258d158db,2020-04-08,3,3,3,series_unknown|debt_financing|secondary_market
3af5c645-b18d-4a09-9ccf-8fa074fad152,18b838af-b35f-46a6-bc7c-e222b49d2ba9,2014-09-24,2,2,2,debt_financing|grant
664ee1d7-94a3-40df-8d2a-32036cc00f04,9ec66d27-8898-8c9e-9a98-4ec044a01131,2016-07-01,2,2,2,series_a|debt_financing
9aa041b9-d9f2-39e7-f056-a0f4d6294220,d63c426c-1ca1-4997-8d2b-73f8066168ee,2015-04-20,2,2,2,series_unknown|debt_financing
ccea758e-32a1-47c7-9bf4-0ce422804a96,aa66f022-85ec-4bcd-8cd9-e6c74e58220e,2024-12-19,2,2,2,grant|seed
4a79f483-4cd5-4540-8ed0-e6aa7f55e2b5,27e677f4-7913-4fb7-a53f-a319e0985e74,2024-08-20,2,2,2,debt_financing|angel
edb9e66b-26b2-d71f-d82b-9effa3c19af6,a1d9c3ce-97b8-4aef-9998-91628b9f6e29,2024-06-18,2,2,2,seed|grant
fe03c587-b1e4-9d44-fd24-e244a170274c,4d56240a-2752-4100-96c7-0992f6f546c1,2025-01-21,2,2,2,private_equity|secondary_market
10e4a6a5-2521-33d3-5521-08c70a03739d,9aaae923-1930-e309-239e-a91f0114fa74,2016-07-04,2,2,2,debt_financing|series_a
7cf3b509-8930-3499-5e39-22d58916f2f6,1dfdeaf3-23fc-4ad0-bc2a-f2bc3bddbe07,2024-07-10,2,2,2,grant|debt_financing
ca1ea362-982c-4a71-9e91-d734d0d2a29f,6b43d9e1-7966-4e2e-8a83-32e98db34b94,2024-03-04,2,2,2,post_ipo_equity|post_ipo_debt
5491c217-7d6f-f9a8-4561-31ee7c3bb6ad,87f307ef-3890-4f34-8703-e6ac2e95a0d0,2025-06-24,2,2,2,series_unknown|debt_financing
64dee987-5c19-5031-5e8b-a3bc0992a372,04ff612f-6bee-42d8-ad7b-3802d5fa9ad6,2023-09-26,2,2,2,seed|series_a
a02d3969-2526-77b4-538f-f753ce9af3c0,3074db4c-b43a-922c-c027-800e3a149a5c,2021-08-12,2,2,2,series_e|secondary_market
4806bc4a-b195-e864-af38-8a9f8cff5b95,b25e2e52-aa42-4423-a1ed-0131110eb2e6,2025-05-21,2,2,2,seed|pre_seed
edb9e66b-26b2-d71f-d82b-9effa3c19af6,a31b2f04-8d3c-433a-9fe7-2fa5124afcb6,2024-06-18,2,2,2,grant|series_unknown
179c0beb-a33a-f2af-c401-c496b2e83806,04ff612f-6bee-42d8-ad7b-3802d5fa9ad6,2023-09-26,2,2,2,seed|series_a
ea195d94-2d59-4855-abb9-a70a28517e59,59092dfc-17d4-4dfc-8961-0693ca7f96e0,2025-10-05,2,2,2,series_b|secondary_market
452e64cc-1395-a3e6-fcb1-2591a71fbd7c,b7488e56-799f-4f25-80c8-af452693c25a,2022-01-19,2,2,2,private_equity|debt_financing
34625d12-5cbc-3dbd-8e7b-e48ede95909b,ea8c95d7-d478-4dfe-bdf6-445aa23725b8,2025-01-07,2,2,2,grant|debt_financing
528ecca5-3df3-4524-a1b1-ae1ecfd0491f,8d36822e-5d71-4a92-91aa-12498bf440af,2021-03-16,2,2,2,debt_financing|series_unknown
b68c993c-4cbf-4339-b8b5-6c2eb430835b,9f4b2c9f-08db-4faf-a3df-00a6327cbc14,2024-07-25,2,2,2,series_unknown|debt_financing
354ea739-d761-4243-a18c-4e749815e66a,4586404c-040b-4cb9-b640-694aea2c5641,2024-04-18,2,2,2,series_c|secondary_market
e71a19b9-0195-a6e2-c185-e5f55c6958ff,cff73cc3-6fde-e4e6-9898-9130eb99a901,2016-06-28,2,2,2,seed|grant
809d0f70-9c3a-48ba-9c04-fc6e75edc6e5,5081d7cf-84e0-9a6a-cf0f-12b0a300863c,2024-07-16,2,2,2,post_ipo_equity|grant
0f1ae2eb-e0b6-b918-6c4a-b6f494453ddd,8cd8b10d-d424-49f3-b835-c42d3c99e918,2022-06-14,2,2,1,series_b
72b58bcb-f4ed-63bf-2400-00e6bf68e54f,a864e002-3ba2-4929-a3b3-e71669ea9857,2022-09-30,2,2,2,debt_financing|seed
ed1e5c08-b6b5-4943-a9cc-22ac5167f928,710dd351-c14a-4322-a6d4-cfb72b0811d2,2022-08-18,2,2,2,series_b|convertible_note
67038f2d-b238-417b-898a-53a45f331228,373c865a-068e-45ff-bd8f-15c320281baf,2026-04-14,2,2,2,debt_financing|undisclosed
b0a1d000-4a7a-e468-7303-502939971185,6f5592c6-0459-8edd-6959-1be6f5ac5e15,2019-01-15,2,2,2,debt_financing|series_b
809d0f70-9c3a-48ba-9c04-fc6e75edc6e5,db8399b9-686f-4391-8e7f-8071d5246625,2025-02-17,2,2,2,seed|grant
01e9ec0c-d6f4-c5b7-b885-fda11c7f945f,7f5fee94-6336-dcde-e6df-2fc7ed1951ab,2021-12-09,2,2,2,series_f|debt_financing
809d0f70-9c3a-48ba-9c04-fc6e75edc6e5,db5365e0-f1c9-437a-aa47-74c5e5b4cbec,2024-07-15,2,2,2,grant|seed
809d0f70-9c3a-48ba-9c04-fc6e75edc6e5,165b8b84-0c1a-42e3-aa97-d9204b06d32e,2025-02-17,2,2,2,grant|seed
91a911e7-5379-296b-db12-ef9996af1010,e41702fa-2ab4-4979-adba-28126d97cea6,2015-06-04,2,2,2,series_unknown|debt_financing
983675c3-2ee5-471f-6b57-c9e32a0369c1,e97cd29d-2a12-4bd5-904b-e411088ce107,2021-12-15,2,2,2,seed|convertible_note
6cba771c-1d7d-46ec-850b-9d10076333a6,50b58209-5d86-4e4f-a27c-40ce1b6f670b,2022-10-19,2,2,2,series_b|series_a
d7438013-ae43-4cc0-b3ad-2db191f08623,0bc962e8-4250-42a1-bdfd-a9dd11f984c1,2025-09-08,2,2,2,debt_financing|grant
98d72d95-d4c1-44df-9172-f888341f0d03,7bace072-c9e3-4602-bb94-4dd55e4dc62f,2024-11-25,2,2,2,series_a|seed
7c07694d-4f6a-4ec1-8c56-fd0bb4b2a388,3ed8e8fd-0642-43ad-ac14-26d7521288fb,2026-05-05,2,2,2,series_b|series_a
1b3dd516-57b0-485c-b778-362ab6917ca8,06b38672-4f71-9abf-4e6a-963efd272566,2024-08-19,2,2,2,post_ipo_debt|post_ipo_equity
ff26904c-b4a3-bb61-7a54-fcd3375b2b3d,1176695a-76c8-4d86-80b5-bd08f836d8c1,2024-02-26,2,2,2,series_a|debt_financing
39041e62-6b24-ae8d-1347-4cea947e832c,ddb62849-bc88-49d6-a1e3-b586926af308,2021-02-16,2,2,2,seed|convertible_note
edb9e66b-26b2-d71f-d82b-9effa3c19af6,ef899660-bdde-4efe-abd5-58166dba7bfa,2024-06-18,2,2,2,seed|grant
3afb8ef5-2b6c-7788-7b38-53ecbb89d72e,6f5592c6-0459-8edd-6959-1be6f5ac5e15,2022-01-13,2,2,2,series_d|debt_financing
2a2d1a51-f66d-46a8-8aae-b321fe2bf3c6,2d02a8ab-7c5e-6e17-c28f-102d83988dc4,2022-06-07,2,2,2,series_b|debt_financing
69f556c8-8a3e-f9c1-adf3-239c08440c1a,5616d53e-d67a-4c84-9dfd-3f700f9769f7,2025-04-02,2,2,2,private_equity|debt_financing
17691570-42d6-4b86-aff2-88f417d8f580,4fbeed2a-2326-45f0-a819-c9dd66318bbd,2022-11-30,2,2,2,series_a|grant
1331bfdf-28f4-43b1-854f-e57d9a6510fe,83fcbd14-5300-4ffb-b3a8-12699e8d384a,2023-07-07,2,2,2,seed|pre_seed
809d0f70-9c3a-48ba-9c04-fc6e75edc6e5,466a6607-48d4-4c71-ad75-c5825e23a273,2025-02-17,2,2,2,grant|series_unknown
ae6eb8da-ebb3-42be-9ee6-644a57af8755,da70949c-a9ed-4558-9ea0-fab3c4a51314,2022-11-02,2,2,2,private_equity|grant
e147a350-d7cb-f468-3196-2fc5bb74841e,4fad1461-8e78-4ef4-a33a-ca1729edaedb,2024-03-27,2,2,2,debt_financing|series_c
809d0f70-9c3a-48ba-9c04-fc6e75edc6e5,9389602b-e4fa-4a4e-b524-ffc32d5a1d7d,2025-02-17,2,2,2,grant|seed
ae6eb8da-ebb3-42be-9ee6-644a57af8755,8d5d5622-4e95-41ab-9590-3d107152b08d,2019-10-09,2,2,2,grant|series_unknown
50f0207e-5919-4d75-8656-e638d38a2d01,4957e823-f663-4af0-8aa6-114f63e26416,2025-10-24,2,2,2,secondary_market|corporate_round
edb9e66b-26b2-d71f-d82b-9effa3c19af6,ca35b4b3-9a2d-41af-8171-4354dd17dd75,2024-06-18,2,2,2,grant|series_unknown
11418228-b455-46c9-9d64-4b25204ad3c5,faa04487-c9b6-5db6-c856-6a7a3f8d7582,2026-01-22,2,2,2,series_d|secondary_market
f7665d90-8128-2f56-3136-e1842867c6d2,1cb4043d-07d4-42ae-9308-74f6a88736c5,2020-10-14,2,2,2,private_equity|debt_financing
478daf2c-25c8-abc4-151f-f4a4c9bb85f8,48f66271-2279-6d2d-210b-adb864370001,2016-09-15,2,2,2,seed|series_a
0ab984e9-7413-addd-0b09-7fd5fdef4150,f62c22a4-386a-7a22-bb55-1310531e05d6,2018-07-30,2,2,2,seed|grant
d6598180-584e-4d64-9dff-6189bb4a0b30,3f38b90a-f27d-405b-bfc5-b2ec61611412,2026-02-17,2,2,2,series_a|seed
94cdd78e-e731-833a-0c85-6893fc695c51,4c371ee4-f3a4-40e2-bbda-59aa1fa083cd,2024-07-10,2,2,2,post_ipo_equity|post_ipo_secondary
59e41cb0-550d-49bb-a792-fae8b5873e3b,2358810e-56ed-6dd8-83b8-1199b612d0ba,2020-10-21,2,2,2,debt_financing|series_c
ecad6842-6626-ea4c-83d9-5309a2ab68a4,856ad2fa-5aa4-7baa-5bbc-d5a1156d769c,2016-09-19,2,2,2,debt_financing|seed
809d0f70-9c3a-48ba-9c04-fc6e75edc6e5,06e5b8c4-9831-43d3-9322-015ff8a5b518,2025-02-17,2,2,2,series_unknown|grant
473d941f-4ce5-48a2-3ead-d26de5c6d1e3,bb18c428-5b0c-9d4d-e175-02382de8f32a,2020-12-04,2,2,2,series_unknown|debt_financing
809d0f70-9c3a-48ba-9c04-fc6e75edc6e5,45602257-cc0a-4dcf-89c5-8d6ef122a2fb,2024-07-15,2,2,2,pre_seed|grant
8f17ffe9-105a-8249-2660-6b7c7c029e2c,59dd748f-413c-1250-ca94-37750578ec5b,2020-02-01,2,2,2,debt_financing|seed
77ea42a4-51df-85ca-d179-7d2bdc41a3f2,af37a97d-74f3-693f-11c4-3d526e7d175e,2017-02-27,2,2,2,post_ipo_equity|post_ipo_debt
9db0b6bb-4b28-fa20-e2df-e2af6ebd3a3d,01cc120d-c281-48c3-8d02-0e14c1aa10fe,2026-03-26,2,2,2,series_b|secondary_market
7e5b6aa0-aff6-6186-e437-75033cae2ad4,af37a97d-74f3-693f-11c4-3d526e7d175e,2017-02-27,2,2,2,post_ipo_equity|post_ipo_debt
adb05647-0184-4534-84ea-4109652cd605,3d4501ca-390e-a618-52d7-27f7b60dfbd5,2021-02-25,2,2,2,series_unknown|debt_financing
90a5af81-c63d-4c69-8c85-f5bbd9d513f6,84f31321-f53f-4a9f-80f0-5864d0fbbf9b,2023-11-07,2,2,2,series_a|debt_financing
9bf1bf3a-7948-af19-02b9-08c4e69f00c8,07e10b16-05cb-4a27-81a9-990aaa5370e3,2022-08-11,2,2,2,private_equity|debt_financing
32f76584-ac98-a77f-d6b7-36f0f6072291,42910aa9-52de-a22d-e348-69b7053a983f,2025-03-13,2,2,2,grant|debt_financing
17766aa6-2da1-c1eb-d14d-2277ae1f34c7,e3862b53-f737-402f-9cda-30cfe4ef7a39,2023-07-19,2,2,2,series_a|seed
ae6eb8da-ebb3-42be-9ee6-644a57af8755,9420267a-50cd-4c09-999b-850c890170bb,2021-10-06,2,2,2,grant|series_unknown
f6a3df1b-7f7c-c517-b1d0-5441069dd097,26aa4b46-2551-93ee-dd25-2d19438ed728,2019-11-27,2,2,1,seed
d5df3873-7871-c608-0284-c74d0b555ccd,94719107-fcf0-4940-8857-b4bb488e4686,2025-11-05,2,2,2,seed|series_a
c3277a44-1c2b-7c11-0e1d-fca0ae59d97c,fcb9ef8b-5f84-e30b-148e-c2e64f114c19,2017-05-12,2,2,2,seed|convertible_note
70db5de1-7334-d744-5e6d-31c9e3b8d764,050a9a2a-4dd7-41c0-af87-9ff25b365b27,2025-11-04,2,2,2,series_a|seed
d85c9cd9-fa00-31bb-cfaa-3b5f9dd118ad,cdc3a155-6a3c-db95-6145-b98771145cf4,2017-05-01,2,2,2,pre_seed|grant
edb9e66b-26b2-d71f-d82b-9effa3c19af6,e31e67f6-ef3c-425f-a818-03f75ae2bba4,2024-06-18,2,2,2,grant|seed
00952a01-c477-93d9-a222-26f275c4a287,94719107-fcf0-4940-8857-b4bb488e4686,2025-11-05,2,2,2,seed|series_a
72076a2d-58fd-493e-8114-e7e4c17d6590,727b69af-5bf0-47dc-81dc-f19fa096ef59,2023-12-20,2,2,2,seed|pre_seed
ae6eb8da-ebb3-42be-9ee6-644a57af8755,2c7672ba-4e2b-3499-ff52-d189764ddf13,2021-06-03,2,2,2,grant|series_unknown
1dacb305-a9a4-519f-8fac-59f25ea0d4c5,c1bec3fd-9ec1-a4eb-7715-5021845a71e1,2014-12-11,2,2,2,series_unknown|secondary_market
ae6eb8da-ebb3-42be-9ee6-644a57af8755,6a430d97-4d12-aa48-51d5-83ac80c3c67e,2020-06-10,2,2,2,grant|series_unknown
fa75f247-1594-407d-a489-2a6601167d7b,d63035dd-f05c-4124-aca1-cc5d88a7932a,2025-11-14,2,2,2,series_a|secondary_market
dc9420cf-909f-8824-250a-be887efacc6b,8be5cd2e-681c-4e45-ad66-4cb730128a31,2023-01-10,2,2,2,seed|debt_financing
7a262e55-2e74-da70-04e6-aa9aeb939e9a,e4564255-dc74-49fb-b40b-a01dc0bdcb3d,2022-03-31,2,2,2,post_ipo_equity|post_ipo_debt
0b85a667-a440-4e6c-b69d-a9cb24c23142,be7303e2-bd6d-4747-8199-032ae6a75e1a,2026-01-20,2,2,2,series_b|secondary_market
894e0ebb-a6da-4532-8149-126ec0548e51,eda462bb-1c90-4bd7-838f-8bcc25714db1,2021-11-12,2,2,2,debt_financing|corporate_round
ae6eb8da-ebb3-42be-9ee6-644a57af8755,3a6d129c-2d86-9997-10e8-05a4f59e8fc9,2022-06-15,2,2,2,grant|series_unknown
6330d28e-9d27-449b-b3a8-5a79bf5dd12b,36ed20f6-5e18-4827-9c78-6abfacbb1c4e,2021-09-02,2,2,2,debt_financing|seed
45247ba1-3514-3b1e-c688-810ad55796db,ef8b40b4-8df1-4680-b67b-70d4cec6b3c3,2023-03-14,2,2,2,debt_financing|angel
1ed5d5a8-f69b-aeef-2fcb-d0a88360ba73,b56ea8a6-4dc9-4fa3-88bb-f052ee547492,2021-08-05,2,2,2,seed|debt_financing
42e0e37d-8c19-8e2c-c230-fb6850945db2,93745d6a-b387-4687-a357-8a53b7a82ad0,2023-01-12,2,2,2,debt_financing|series_unknown
809d0f70-9c3a-48ba-9c04-fc6e75edc6e5,bb3727f9-af37-4f68-acaf-eb76f5f6fc75,2025-06-24,2,2,2,grant|series_unknown
899c84a9-0a65-49a8-9d55-0c7d3d2f7d79,345ae4ea-ee6e-472b-aa12-3bd119352213,2024-08-02,2,2,2,corporate_round|secondary_market
e05b5915-3646-13cf-12c5-f84c01358990,c73aaef7-b48b-1a97-e744-0091cb453df3,2025-08-19,2,2,2,series_unknown|debt_financing
621c8d85-135d-076a-812c-9f35b59b50ce,a557cbd8-fdb9-4fca-9df3-c4a6c7e72aad,2022-10-06,2,2,2,seed|series_a
a2fc8fbe-32e1-3219-a3a8-665ae83f7243,098459e2-e423-434b-8377-0fcf9025ec1f,2025-05-22,2,2,2,private_equity|debt_financing
260f1100-e85e-5fd7-2152-75bf41b92f08,bb717b5b-a80d-84f6-b384-c9a9e002885f,2013-10-07,2,2,2,seed|debt_financing
1c5cdcbf-f57d-e8f2-0e0d-1d19f221c499,2e2c900f-ea69-47ae-973e-dd143220423d,2022-01-19,2,2,2,seed|undisclosed
7e7f4948-7756-401f-8c18-fb54454fbe51,c68ddb4f-844a-448c-bd85-af8e77b04f68,2025-10-08,2,2,2,series_b|secondary_market
a2fc8fbe-32e1-3219-a3a8-665ae83f7243,c0e4e79b-328e-40be-a60a-e77625ba24e5,2023-11-28,2,2,2,private_equity|debt_financing
23cdc874-bb58-4926-9ef3-f7f96e1b06eb,ba4604e1-fa69-40ee-9ce5-5cd9caf2cf3c,2024-03-13,2,2,2,series_unknown|debt_financing
7be2e8e4-10b7-4b90-a82f-4069f100d430,05cd26bb-3f5b-4841-2614-4d54fa0a88ba,2021-05-12,2,2,2,series_b|debt_financing
45247ba1-3514-3b1e-c688-810ad55796db,b6a941a9-f431-4fe0-be35-c1f5a8efc34d,2023-01-05,2,2,2,seed|debt_financing
62185e2b-ff50-4f7f-a899-b97a774305a5,e7502697-9782-42d8-9da2-851503726b33,2025-05-16,2,2,2,seed|debt_financing
41c136e7-2f8d-48c1-bc42-222a474223d3,961d3f5b-e322-2060-ee17-e9349f8ebf40,2023-04-24,2,2,2,series_c|debt_financing
41c86641-6ba3-467d-be6f-7809dc2ba8e0,8bcec3c2-7e12-4a21-bfe2-94a959e4f6c6,2022-11-14,2,2,2,seed|debt_financing
e87cf6ca-6e00-7ceb-a129-40382b882323,be7303e2-bd6d-4747-8199-032ae6a75e1a,2026-01-20,2,2,2,series_b|secondary_market
c2bbfa37-2043-6ea6-8ccc-a9427e60b77a,eab915a8-f414-64e0-5138-c5f341596a5b,2016-06-15,2,2,2,debt_financing|private_equity
564ec4f9-6f6b-fb2e-7f3b-0a1858b2f2d4,784c2b69-9422-a270-3550-5d8c2e7a90e4,2021-10-28,2,2,2,secondary_market|private_equity
bb48b54a-516d-6b34-6cfe-73beeb288984,005ceae2-d3b3-4d8c-a34d-ea63972dbeec,2022-03-08,2,2,2,seed|debt_financing
9aa31be4-5ff2-30e8-34b5-612ee6437339,18aa0474-0640-447d-ae62-944f96ebd0f6,2024-01-03,2,2,2,series_b|debt_financing
fc44e369-537b-4d83-8ca9-ed82d881e003,ec69b689-1236-4e46-bfce-7332600ed574,2024-01-03,2,2,2,seed|debt_financing
62185e2b-ff50-4f7f-a899-b97a774305a5,833fb30e-8295-0eed-db52-b816eece1be3,2025-05-16,2,2,2,debt_financing|seed
cedd6a2d-2300-dc78-1509-e4091018c69e,ce334730-45db-47dd-b242-a2d74b9304b6,2014-02-18,2,2,2,series_g|debt_financing
73633ee4-ea65-2967-6c5d-9b5fec7d2d5e,12455672-aa10-4791-82e1-b27813a14bff,2026-05-19,2,2,2,series_a|seed
a02d3969-2526-77b4-538f-f753ce9af3c0,a010850c-06b5-0f19-f9bd-16708915ac58,2025-10-27,2,2,2,series_e|secondary_market
1fafb89e-bb17-89df-5f44-af155d39b998,bb18c428-5b0c-9d4d-e175-02382de8f32a,2020-12-04,2,2,2,series_unknown|debt_financing
da7dace0-ea77-d4ee-4af6-7cedb69539e9,8f518585-406c-4b37-affb-50eef99195fd,2014-10-24,2,2,2,debt_financing|private_equity
284bd8f7-a0d1-488e-948a-1c535be7d012,a99583f7-2cac-45c3-9b00-794ab019a088,2024-12-31,2,2,2,post_ipo_debt|post_ipo_equity
01b78c00-b6e2-7cbc-8286-8d14d09d441e,3dd63a76-3d82-8f27-bfa9-39e0c9b4b429,2019-06-20,2,2,2,series_d|debt_financing
39041e62-6b24-ae8d-1347-4cea947e832c,84065235-3d24-4e2d-b341-4e4e82dbc1a8,2022-05-02,2,2,2,convertible_note|seed
cffa1c29-197c-5eef-ebd2-4e50be9cc7c3,c68a1069-1e0d-4620-bb0e-4c046c252158,2021-04-21,2,2,2,post_ipo_debt|post_ipo_equity
0c867fde-2b9a-df10-fdb9-66b74f355f91,f52eef6a-6620-4bef-af3d-1a7d0d0a8b63,2025-10-28,2,2,2,series_c|secondary_market
4fae4543-f47c-f737-3ff4-c6f0e6fb2022,d732174e-f352-1567-3f96-6a5b0ad322db,2020-01-31,2,2,2,debt_financing|private_equity
baccd44b-ce44-4c7f-a07c-7189560a71f8,9136c99f-63f2-4d85-a51d-e7317813da0b,2026-01-26,2,2,2,seed|debt_financing
cc51568f-d28f-b908-6f34-bd7e05086672,b5b5664a-6832-4333-a017-2786cc2cc651,2022-06-13,2,2,2,debt_financing|corporate_round
d420cb3c-c5c2-df2a-63db-4850847570c8,ef647630-b02d-4548-a52a-088d7636431f,2022-04-12,2,2,2,grant|debt_financing
ae6eb8da-ebb3-42be-9ee6-644a57af8755,e1e541cb-81ad-40b4-bd6f-164ab0beb64a,2024-04-30,2,2,2,series_a|grant
ae6eb8da-ebb3-42be-9ee6-644a57af8755,164c5bf4-1f17-4606-b78b-d371ef673481,2020-08-06,2,2,2,grant|series_unknown
4eee5e60-3b06-6fe8-cc2c-29119a96051d,eacf503c-c64a-9314-1ab2-fa442d52ae30,2018-04-20,2,2,2,series_a|debt_financing
a6e4c995-d4e0-4a12-87c9-fd1cfd0b556a,2a2e2886-bf13-44c6-b94b-20cf8a79aa5d,2026-04-10,2,2,2,debt_financing|private_equity
809d0f70-9c3a-48ba-9c04-fc6e75edc6e5,251c73fa-9199-489b-b9d0-cc6785c7a2c0,2025-02-17,2,2,2,grant|series_unknown
8bf5e4a8-accc-4a3a-ae15-3776fa380de2,aade36aa-ad23-466b-ba28-cda3e1db1446,2024-01-25,2,2,2,debt_financing|grant
aea9eb43-4856-038f-45f9-58cd3630bb5a,4c8af45a-403b-409e-ab4a-9bfc301edb86,2023-10-05,2,2,2,series_c|debt_financing
c11dab5a-23d0-4e7a-a68f-56e6a86c555d,69870018-0c0c-4324-a0cb-4e521a1659f5,2022-02-08,2,2,2,post_ipo_debt|post_ipo_equity
196669a5-54cf-d918-08a1-052da4568700,a512cea9-d426-4849-8de3-08d57083dc31,2020-03-17,2,2,2,series_a|seed
cd4f115d-b191-47d5-895b-3c193959cef4,033f3d42-330f-4e84-aa23-2d96983dfe0e,2025-06-05,2,2,2,seed|debt_financing
ae6eb8da-ebb3-42be-9ee6-644a57af8755,7997a22f-47c2-4aea-9378-5f268e40932c,2025-06-24,2,2,2,grant|seed
d420cb3c-c5c2-df2a-63db-4850847570c8,9b2d0a31-e510-4ac5-a345-3d32463670d5,2023-10-15,2,2,2,debt_financing|grant
c26e8779-a9b2-4e4f-a83a-a48ba9d4568c,98773f11-efc1-4d22-bbb0-6409a3774cc3,2021-03-08,2,2,2,series_b|series_a
8b8902a0-8b33-4dd4-965d-8e9f5a6fb1e0,b068dc87-b99f-c22d-c1a2-87f944dbb1e5,2025-11-04,2,2,2,series_f|secondary_market
60910773-f714-41d1-8804-4dfb7190ab3b,8e482a06-4e74-23a8-cb50-b01e80b1b40b,2024-11-04,2,2,2,post_ipo_debt|post_ipo_equity
d1b8008c-bfbd-439c-8dd1-080d016cfe03,f1411499-fc52-4dd4-b8f0-f30c287bc510,2024-11-13,2,2,2,series_b|debt_financing
a04473bd-a15b-40f1-8e1c-6f5bc5518c90,4bff557b-99b2-46d7-b51b-d31a8001ad0d,2025-06-16,2,2,2,debt_financing|series_a
b40cbcc8-f242-4439-b21e-d747f2b07ff1,91b39690-c7de-eb00-c40b-76e4a5b08bf5,2019-09-10,2,2,2,series_c|debt_financing
d7977af0-e640-d016-b248-a9232780db63,72eec248-3152-99de-e4cd-20caf2040d01,2016-05-11,2,2,2,grant|series_c
b09ab004-df11-4c04-b5b5-2cc547e467a3,a46e6750-2279-4d1c-af49-623d6becdf1c,2026-05-05,2,2,2,debt_financing|private_equity
fdbc48dd-0be3-8cd7-1df3-87720b23533f,529514db-2bcb-49d5-98ba-db2dbd88bf19,2025-12-05,2,2,2,post_ipo_equity|post_ipo_debt
62e93687-5ca5-436a-aafd-1ef0b785d433,c09eff17-7aa5-45b7-9345-d094657d6ac0,2021-07-23,2,2,2,seed|debt_financing
60b5dade-24ed-84b0-99e2-1ecda554a1ab,5773e0ed-5876-4994-82d3-924806b087c2,2025-10-29,2,2,2,series_a|seed
8de955a3-8cc0-4792-b8e7-40e840d182f1,727b69af-5bf0-47dc-81dc-f19fa096ef59,2023-12-20,2,2,2,seed|pre_seed
ae6eb8da-ebb3-42be-9ee6-644a57af8755,e6f83d9e-6828-2ef1-9b43-eb024bca8133,2020-03-20,2,2,2,grant|series_unknown
88726a87-5a43-a63e-80b3-3507058ee1da,cd442233-f9db-439c-bdb8-30ab6ff8ad2f,2024-11-12,2,2,2,series_unknown|debt_financing
ae6eb8da-ebb3-42be-9ee6-644a57af8755,8b65fd36-4f40-4da4-ad75-448bacedb367,2021-06-16,2,2,2,series_unknown|grant
78524f68-a071-431c-8b47-c0c63089bf13,02e997e0-f2f0-458e-a12b-dc6eb691f163,2022-04-18,2,2,2,debt_financing|private_equity
8c420544-aa7c-46ba-8e75-1a44ad05e3ad,d361fd73-ab8e-227d-13d5-26864ea4b988,2020-06-30,2,2,2,debt_financing|series_unknown
84e45eb1-4a2a-19e5-8868-6def7d0fc049,3892260a-f001-a21b-eaa7-6d1d0baad803,2025-11-05,2,2,2,series_f|secondary_market
809d0f70-9c3a-48ba-9c04-fc6e75edc6e5,ff6c7671-63fb-4027-8aaf-9b9a14ef8bb4,2024-07-15,2,2,2,seed|grant
4694e022-88ec-4423-b3e8-84b31c02b9a6,924c8fb7-29aa-6bac-3816-32c946f11022,2025-02-27,2,2,2,debt_financing|corporate_round
b6d30560-e117-4ec3-8b8c-7b0a7825867e,b65acc77-5368-4a20-5874-0b30b2b701ca,2025-08-25,2,2,2,series_d|debt_financing
63eb8719-2957-f55c-7504-e823fcfa503b,95873a86-eeb2-5c34-b7d2-5d6556d7381b,2001-03-20,2,2,2,series_unknown|debt_financing
577f8b63-91de-465d-ac2a-e111d3eb1b2b,5a940f78-fd5e-4b70-b936-f11fa6248783,2025-09-29,2,2,2,series_d|secondary_market
f54165c5-ad26-4efc-a9be-4b91affad6df,94719107-fcf0-4940-8857-b4bb488e4686,2025-11-05,2,2,2,seed|series_a
7aff19f6-92ba-4180-8f1a-4bc205fd3894,3b99a4e2-7db2-4d0d-b76d-275f85d6c62f,2024-12-31,2,2,2,secondary_market|corporate_round
3860040f-32cb-5cfd-92df-d8f37f2ea70c,26795a15-62ff-4a91-8610-d4bb2d2773e1,2020-07-21,2,2,2,series_a|debt_financing
7d57a47c-b60a-b14a-9854-9edc54556430,44215afc-7a70-492f-8818-2a33f3896268,2022-01-12,2,2,2,series_e|debt_financing
47b84763-9727-7cdf-b194-2742e3963147,27a6234f-224e-4f0d-b186-d65be3f160ed,2019-04-17,2,2,2,series_b|debt_financing
bb112084-44b0-238d-48c4-d188ee673989,bb971d77-d7b8-a3c3-6925-c418077e5d3c,2025-09-22,2,2,2,private_equity|secondary_market
9baab2e4-d625-4bca-8875-fd6d8baf478f,47f3ceab-e707-4426-b825-d9ed3cc4a97a,2024-03-05,2,2,2,debt_financing|seed
e9343798-ab9e-ab52-bd69-e91a021be3e7,81f1fce4-0c47-4357-a411-428c33c41aba,2023-07-10,2,2,1,grant
b6e5fec6-35f4-df51-ffdc-9923c850572b,356ffa4a-84e4-4026-9bae-3a3b62ebc856,2020-10-20,2,2,2,pre_seed|seed
a14dd050-0ac5-2256-28b9-af37f6a0536f,388110b2-d1c4-7894-3c83-07d6e2d5b504,2022-11-17,2,2,2,corporate_round|debt_financing
809d0f70-9c3a-48ba-9c04-fc6e75edc6e5,b3e94d62-a70f-4b74-ab6b-74a3b072eac2,2024-07-15,2,2,2,grant|series_unknown
cdb09945-a8fe-b235-8c4a-7d975a8f8f13,8f60dbdc-6a57-4afd-baef-00198b952477,2026-05-04,2,2,2,debt_financing|private_equity
d420cb3c-c5c2-df2a-63db-4850847570c8,c641de03-3d10-4bae-9b9a-4682f33c6e33,2021-02-22,2,2,2,pre_seed|grant
ae6eb8da-ebb3-42be-9ee6-644a57af8755,5875de20-1e95-2762-2f08-cfcf14c01a1b,2020-08-12,2,2,2,series_a|grant
809d0f70-9c3a-48ba-9c04-fc6e75edc6e5,a44b4851-3dea-44a9-9794-a97542c389d2,2025-02-17,2,2,2,grant|series_unknown
3860040f-32cb-5cfd-92df-d8f37f2ea70c,3939e9c1-1a89-3c09-b1b1-5a666ad09135,2020-03-05,2,2,2,series_unknown|debt_financing
fe5a4983-a46a-2fc2-5633-e35e0a86b694,1e074f2c-9fa3-4c41-960d-33354561e865,2023-07-19,2,2,2,series_a|seed
26af4c51-a0e7-9a61-5105-98a2d500753e,bfd5182e-8b77-f328-fbd5-2d531ed12f41,2011-03-25,2,2,2,debt_financing|series_unknown
629794fe-f893-5b43-c197-a61f830b3792,5a9505e0-2b2e-d829-adaa-336b735bb3fa,2019-11-01,2,2,2,secondary_market|corporate_round
4155864e-cd06-01d1-7778-5bf77c502d16,6e4643cb-5ce1-45a3-9a8d-b777c2d25c29,2003-01-01,2,2,2,debt_financing|seed
d420cb3c-c5c2-df2a-63db-4850847570c8,ff67c8a2-fb18-4cf8-803d-64739fa838aa,2021-06-08,2,2,2,seed|grant
93e7ba38-6b46-85cd-29b3-e096479f24d0,d779a019-986d-4737-b42f-e15b751c9b3d,2026-02-11,2,2,1,grant
b68c993c-4cbf-4339-b8b5-6c2eb430835b,feeac2e6-3b49-4e72-a661-cea1f0483dc6,2023-05-18,2,2,2,seed|debt_financing
809d0f70-9c3a-48ba-9c04-fc6e75edc6e5,2a4d59e9-8065-4170-9f04-e96f0060b940,2024-07-15,2,2,2,grant|seed
dd1c8579-571a-9a9a-8a9f-c210b2b4c16c,af37a97d-74f3-693f-11c4-3d526e7d175e,2017-02-27,2,2,2,post_ipo_equity|post_ipo_debt
16a187ac-c005-48d1-a097-fa88091e3e37,ccf28953-5f48-40ec-bca2-32f840f64357,2024-10-22,2,2,2,series_a|debt_financing
2cce805e-bf84-243f-c6b0-b46f7a9ee30f,c2fb8a41-cca6-489c-97bd-616251ca5a63,2021-04-07,2,2,2,debt_financing|series_a
6dcfff3f-68c2-0ef5-0ded-15ddb827c24e,01bd22ab-7388-96f9-fcfb-0f1d5746abce,2004-03-02,2,2,2,series_a|convertible_note
a32d3c4c-fbea-9fe9-8f49-9fd968657b9c,710dd351-c14a-4322-a6d4-cfb72b0811d2,2022-08-18,2,2,2,series_b|convertible_note
ae6eb8da-ebb3-42be-9ee6-644a57af8755,65b0c20b-6edc-463e-a0ba-09e46c3c9c69,2020-05-19,2,2,2,grant|series_unknown
f33ed4c1-23bc-4db6-a886-b0940749ac38,134dd8c1-511d-4511-9bbc-4b1c0acf0cf9,2026-04-09,2,2,2,debt_financing|undisclosed
3b6f694f-7e19-0865-656b-475bfcbb7ee5,5d8c8426-32e8-6ef3-d264-a542c4a6f91a,2014-04-09,2,2,2,post_ipo_equity|post_ipo_debt
da03e068-e1d0-598a-dbc3-6f88a9eafea9,8084e7ab-2af0-43cd-98f5-12bcd70cb038,2022-04-05,2,2,2,series_a|debt_financing
00e49595-f240-41b3-8f4b-a556550254d8,1448bb17-4350-d74e-e3d4-18db2c24a29e,2020-11-16,2,2,2,series_b|debt_financing
6cbb730f-a592-43a7-9991-fdc99fb64f22,e48d2bd1-24d6-496c-a75b-568d47547baf,2021-05-04,2,2,2,series_a|secondary_market
2d0a5bf0-e53e-9a07-2243-9bcd561421ec,04ff612f-6bee-42d8-ad7b-3802d5fa9ad6,2023-09-26,2,2,2,seed|series_a
ae6eb8da-ebb3-42be-9ee6-644a57af8755,ef47c365-1d3c-45bc-9f9f-90a3b47f7d07,2022-03-23,2,2,2,grant|series_unknown
ce278192-2cbb-4a52-ab0d-88af8da10535,e48d2bd1-24d6-496c-a75b-568d47547baf,2021-05-04,2,2,2,series_a|secondary_market
b618133c-c440-41c7-af71-4b58c62e2188,2f2af45d-712a-4641-b7c8-8c79126d80be,2026-02-04,2,2,2,series_d|secondary_market
0d61a451-35de-61b5-e5ed-53927f614d8b,be7303e2-bd6d-4747-8199-032ae6a75e1a,2026-01-20,2,2,2,series_b|secondary_market
77180283-27f0-e51e-9f6a-e36df91a4505,2eeabe58-65e3-fb30-250c-6b6044114b7b,2024-08-22,2,2,2,secondary_market|series_h
9aa041b9-d9f2-39e7-f056-a0f4d6294220,3764d534-8326-4bdf-b690-3be83b5190c5,2016-12-27,2,2,2,series_b|debt_financing
97632f2d-f6e6-468d-9123-f5580dddb877,9555c850-e4b4-49e8-b33c-d76dfd7a7718,2026-01-12,2,2,2,debt_financing|private_equity
c3609d80-fb88-4d80-bf52-79d9d3cacf96,c9e6d2b5-d32d-f5f7-b235-72d395541c2e,2026-01-21,2,2,2,grant|debt_financing
1b65c6b5-9855-32ff-d12b-2bffcf38f979,360c4f30-4e3a-3759-3d03-ffeba10f19ab,2013-05-28,2,2,2,debt_financing|series_unknown
2615f8ba-1efc-436d-9970-9ab52b7fb942,daeb6cfa-b82d-479a-afcf-52c69008c998,2011-04-27,2,2,2,private_equity|debt_financing
8c46b070-6836-bdce-fbb0-bcd232c70c39,39538e6c-2150-4fd1-b271-ee5eed5a9389,2021-10-18,2,2,2,series_unknown|debt_financing
41a1d6a6-5b54-8b37-de2d-c66238657234,5d820c2a-63c5-4beb-8a80-10914f745ffd,2023-12-19,2,2,1,series_a
a4ac9271-871a-479d-a226-bb5a1e2d1971,03ad821f-fd48-478d-a7e5-31c0e56fcdb2,2021-06-27,2,2,2,series_d|secondary_market
809d0f70-9c3a-48ba-9c04-fc6e75edc6e5,211699b2-f13b-49de-a655-7cab0b1528b8,2024-07-15,2,2,2,grant|seed
5225800d-a14d-4f5a-adee-12b3543656ef,f24d17f0-ce77-4d4e-93c7-394dceaeb4fd,2020-12-15,2,2,2,series_unknown|initial_coin_offering
e7c56d40-a8ce-76d3-ee2d-41226c66af70,16e1dfb3-0bd6-6aa9-d9cb-790e3f8de745,2013-09-04,2,2,2,series_a|debt_financing
b0da80a8-e830-2dfb-e87d-9ccb1c09e729,1669c1e8-b831-4c3b-a493-e2ccf76056b8,2021-04-07,2,2,2,series_a|seed
3afb8ef5-2b6c-7788-7b38-53ecbb89d72e,4dce1545-2bb5-bd62-5175-b2b103661d24,2016-09-30,2,2,2,debt_financing|series_c
dbbeae89-a897-3a87-9d1b-93b8791d666e,bbde881e-83f8-5271-63aa-72607590bde9,2021-03-30,2,2,2,secondary_market|series_unknown
df6861fc-d38d-491b-8298-9b654664361a,437b5397-7d9e-4d61-1f7a-087cc89e5607,2021-07-27,2,2,2,series_a|debt_financing
ae6eb8da-ebb3-42be-9ee6-644a57af8755,b106eb1f-ad21-459b-97e6-dea1dda6347a,2020-05-19,2,2,2,series_unknown|grant
809d0f70-9c3a-48ba-9c04-fc6e75edc6e5,eec391cf-3e7c-42a0-b370-738b3f9942ff,2024-07-15,2,2,2,grant|series_unknown
d420cb3c-c5c2-df2a-63db-4850847570c8,1c7c3770-cb60-c11f-ee7c-a95b27ead431,2023-10-04,2,2,2,post_ipo_debt|grant
da7dace0-ea77-d4ee-4af6-7cedb69539e9,650b4354-37fd-7168-b58b-b2087135b085,2016-08-30,2,2,2,debt_financing|private_equity
c6efcc79-3687-6ca9-0902-15c47c93273d,8cca0f2e-d495-43ef-a790-a015e754e2d6,2023-03-16,2,2,2,seed|debt_financing
c75400d4-d5ae-2f92-4e99-aee6b9a39a4d,aba8203e-b54c-4ede-bf45-25992ad00c3a,2025-09-08,2,2,2,private_equity|debt_financing
2384bfbe-0685-49f1-658b-fd35d28061e1,0c4aa1f8-a1ba-df60-8205-3d3ab1353fcb,2006-02-10,2,2,2,debt_financing|private_equity
45ce21a0-0d1b-1b56-6794-1c3e12f2afd6,68ce37d1-b6f5-b71e-453b-0d46c306a125,2022-02-24,2,2,2,debt_financing|series_unknown
64ac6aee-a4e6-487b-7281-d4196c6edfe7,4a778ebf-7854-4db1-b0ee-d926ca49f700,2023-12-18,2,2,2,private_equity|debt_financing
fe5a4983-a46a-2fc2-5633-e35e0a86b694,a5d4aa16-e6fb-4422-810a-37e4ab994f54,2023-10-24,2,2,2,series_a|seed
809d0f70-9c3a-48ba-9c04-fc6e75edc6e5,dc0e68fc-5390-4389-aa45-eefb9f7add56,2025-02-17,2,2,2,series_unknown|grant
62185e2b-ff50-4f7f-a899-b97a774305a5,61ef0308-a5c6-4caf-8afb-53e60938d448,2025-05-16,2,2,2,debt_financing|seed
e8b59833-9a8d-4b90-a5b6-5d9570b4e1be,9dfc9e4d-684d-497a-8584-b8cafd3a1605,2021-08-12,2,2,2,seed|debt_financing
6df7730c-981c-41df-5821-c81dbc4ae1fe,5cc3c300-d3ac-446e-88d6-e24f371c20d8,2022-04-15,2,2,2,pre_seed|debt_financing
52652f4d-581e-4ad5-9d06-b1b250a333cd,020de5b5-1319-4f73-9e3e-4e6c1e1a885e,2022-08-04,2,2,2,debt_financing|seed
d0300e46-047e-4d47-9f3d-69137794d58c,008de5bd-9d73-0b0b-3733-b3cae04a803f,2025-05-14,2,2,2,corporate_round|secondary_market
00e49595-f240-41b3-8f4b-a556550254d8,5e5c2314-242c-4745-a952-1008c8bd287f,2021-06-23,2,2,2,seed|debt_financing
ae6eb8da-ebb3-42be-9ee6-644a57af8755,5238e2d1-5a6b-4478-a7ad-5eb53719f35b,2022-10-05,2,2,2,grant|series_unknown
809d0f70-9c3a-48ba-9c04-fc6e75edc6e5,708a7db3-6355-4e1f-b9d1-1145ce0f1e2a,2022-10-19,2,2,2,series_unknown|grant
8ea8c684-7d91-4d89-a939-a9899b2a8813,d0228da9-a3e7-457f-b045-183d224ff43c,2022-01-31,2,2,2,series_b|debt_financing
aaa0725a-fe2c-4501-84e7-f10575a7764b,8d4e241c-3390-4a94-8e64-3e6e55232d4c,2025-08-27,2,2,2,grant|debt_financing
d894275e-de01-418d-a7d4-0c7b458fae90,7960a3a4-13a1-4eee-92c1-dec1704d0ce8,2021-01-07,2,2,2,seed|debt_financing
9aa041b9-d9f2-39e7-f056-a0f4d6294220,2fb6406f-83c4-41a2-a8ae-6d45faa1ed72,2015-11-04,2,2,2,series_unknown|debt_financing
e8db05ed-6b48-9b54-e746-2f140dcc94be,1663e62f-2574-4c21-82d3-be708c345160,2022-01-18,2,2,2,series_a|debt_financing
02f87511-2b76-0f3d-7fed-109aba6dd5a5,a55129ec-1a19-a13f-360f-4f8dfaaf5253,2019-06-11,2,2,2,series_b|debt_financing
ae6eb8da-ebb3-42be-9ee6-644a57af8755,95543255-8d8e-4b4b-acf3-0f860036e17b,2022-12-29,2,2,2,grant|series_unknown
16b628c4-1df7-4041-b30c-c6e06a7737bf,14fbf6d2-9dd5-d5de-185d-c1fd02e2a83e,2024-06-05,2,2,2,secondary_market|series_e
c4bdc9f3-5a75-3393-8d54-fec662761ec8,d0bbd193-c741-4d96-8ad2-d40478eeeff8,2025-12-18,2,2,2,series_unknown|debt_financing
6df7730c-981c-41df-5821-c81dbc4ae1fe,ffe32b46-5164-4d2a-8097-d4cf320a2649,2023-01-27,2,2,2,debt_financing|angel
931f7202-91fd-ab26-c07d-06518289ef06,17ef24e5-ae1b-4079-a2a5-3515d9c9ffe0,2025-04-23,2,2,2,private_equity|debt_financing
cf895c70-ada4-4cda-8cfa-71d936a2fba9,14bc7618-bfb8-4c23-ae0e-7d33b37ebb0d,2022-05-09,2,2,2,debt_financing|seed
dc9420cf-909f-8824-250a-be887efacc6b,7c9e6d25-8cf0-80a5-dfd6-d1a21337534d,2023-09-19,2,2,2,debt_financing|seed
05acf77b-14a9-463e-937c-f0e7152eb6b8,ef8f2d16-10b5-421c-b3e1-f5aeb84784c8,2026-04-07,2,2,2,corporate_round|debt_financing
809d0f70-9c3a-48ba-9c04-fc6e75edc6e5,135e8bc7-1d31-4123-995d-c80cfccd63ed,2025-02-17,2,2,2,grant|series_unknown
809d0f70-9c3a-48ba-9c04-fc6e75edc6e5,6abc0400-9339-efaa-47de-ad0b0f7dc750,2024-07-15,2,2,2,grant|seed
03100a6b-7933-4f5f-aa50-3f13c744e56d,f04e818d-01e2-4d9d-bf86-1d04c6a1dae7,2021-12-13,2,2,2,debt_financing|series_unknown
c57716f0-d3b3-b0a5-ad83-64f8b25a760a,b7cace59-e406-44d7-b6f4-022096ac788a,2023-06-27,2,2,2,seed|series_a
8a8d492f-2196-65e3-d616-ec3b287b3a52,9aaae923-1930-e309-239e-a91f0114fa74,2016-07-04,2,2,2,debt_financing|series_a
c34710c3-3e4a-8ec3-e31f-2b3b91880f02,98447bb4-1bc7-45d9-8040-e6f2f7be1951,2023-05-03,2,2,2,secondary_market|series_unknown
8ea4648c-0b42-09a0-bfdd-2712317161b5,6d30e022-42a9-4443-84c2-2d6a9c9ec954,2025-10-16,2,2,2,series_c|secondary_market
d0649c39-d492-6082-6adf-3096c01b9972,79d58bad-ca08-cf0d-36fb-918f677647e9,2010-07-13,2,2,2,debt_financing|series_unknown
4ca6cfbe-0eba-2bb5-88a7-d4c00235bd7d,28e93d62-59cb-4012-8d54-1c03f7b1aae2,2024-06-18,2,2,2,series_b|series_a
a6235172-8d8b-bb42-405e-e206835069b7,b0a78229-d2bf-4e9a-839a-1aa97808c2e4,2022-07-11,2,2,2,series_a|debt_financing
d300b754-8f03-f143-a083-09c355f716ba,6bed94f1-2501-403c-aedf-22b219f4d700,2026-03-10,2,2,2,series_a|debt_financing
d1b8008c-bfbd-439c-8dd1-080d016cfe03,9140b431-89ef-4346-847f-d00d9c8f3f3c,2024-09-24,2,2,2,series_unknown|debt_financing
cd5ff56f-3bde-44d2-9387-f1d5baf1db9e,44454c5e-e304-05db-8bad-3c28703b32a1,2022-02-16,2,2,2,debt_financing|seed
2ec8f6c0-aa66-4336-a86f-0aae7b0472c2,fe088d9d-3892-e0d5-9c27-cb0e0fdce561,2023-06-22,2,2,2,grant|post_ipo_debt
467c04e8-580c-cefa-8d51-f2eb42ab0844,50b58209-5d86-4e4f-a27c-40ce1b6f670b,2022-10-19,2,2,2,series_b|series_a
224c03e9-800a-7522-6722-c87a9e3cf694,44d6d7c9-4082-48c9-8f7f-325a5556df63,2023-07-07,2,2,2,post_ipo_equity|post_ipo_secondary
6db631ac-a589-435c-9143-d24e65b61f0b,3cd357c7-b3bf-2788-c521-898b3c9bee19,2024-03-08,2,2,2,series_b|debt_financing
ae6eb8da-ebb3-42be-9ee6-644a57af8755,c201fb9b-256b-49d5-959e-bfff530f23d8,2021-10-06,2,2,2,grant|series_unknown
3ab0b309-7b6f-3777-40ef-02ea997b4d36,af37a97d-74f3-693f-11c4-3d526e7d175e,2017-02-27,2,2,2,post_ipo_equity|post_ipo_debt
b10d4457-e3e2-492d-9679-d04ebfcc8101,bcc0f948-abaa-43f8-9be6-10c7badd2298,2024-05-17,2,2,2,corporate_round|grant
f97bdb11-ea39-a8b2-13ee-137fb8638016,54814919-9a8d-497b-bf71-90a23f744c98,2021-05-06,2,2,2,seed|debt_financing
5564e1ee-7112-40c6-8af3-599206902f56,38486240-8b69-474e-9538-d1daede1c876,2024-09-19,2,2,2,corporate_round|secondary_market
a371f950-8ed4-0b82-e42c-503a780fc67e,a7e4d0be-040f-c404-9e63-1f48c543c497,2021-04-06,2,2,2,series_unknown|debt_financing
3cae090b-ed2d-95f8-79a9-e32ca480258f,f8f3eb91-f504-4f56-98ab-45d97f439c86,2021-07-15,2,2,2,series_unknown|secondary_market
a2fc8fbe-32e1-3219-a3a8-665ae83f7243,059defd9-a5c9-4f3c-9206-2884265f4271,2021-04-07,2,2,2,debt_financing|private_equity
0d1a939e-b9bd-76ad-3264-51d4901d5cc0,fad8e57f-5300-4e5d-9cbd-ecca4dff29b1,2025-10-16,2,2,2,series_h|secondary_market
123976a5-0513-37f7-55e3-5dbe229b9ecb,eba67aa3-8e1e-4068-9d5d-fc03923b8ac4,2020-03-10,2,2,1,seed
edb9e66b-26b2-d71f-d82b-9effa3c19af6,54305e7b-2549-4f2a-9f35-73800ce3f162,2024-06-18,2,2,2,series_unknown|grant
ae6eb8da-ebb3-42be-9ee6-644a57af8755,328ad536-e78f-0014-9711-18b858394f2f,2022-06-09,2,2,2,series_unknown|grant
4b01e1b2-d703-c1d1-d671-a9c819b2d45e,d732174e-f352-1567-3f96-6a5b0ad322db,2020-01-31,2,2,2,debt_financing|private_equity
d5df3873-7871-c608-0284-c74d0b555ccd,f52eef6a-6620-4bef-af3d-1a7d0d0a8b63,2025-10-28,2,2,2,series_c|secondary_market
ddda3d22-c629-4f96-b6e8-883901852fb4,68acde90-cfcf-4d45-91df-571b1bd8a32a,2022-02-11,2,2,2,post_ipo_equity|post_ipo_debt
44896376-25f2-6968-bd9c-02758fd4a16e,eba67aa3-8e1e-4068-9d5d-fc03923b8ac4,2021-10-11,2,2,1,series_a
84c5275e-2a2f-e43a-1ff1-1a5f7c79975f,1dd6fe10-ee05-434d-b26c-05b7824f0e91,2023-11-08,2,2,2,private_equity|debt_financing
7b80cd7d-ce42-2516-d816-23db6d9d2e93,46f494dc-6df1-46e4-952d-1d2eceb87cd3,2022-04-27,2,2,2,series_a|debt_financing
983675c3-2ee5-471f-6b57-c9e32a0369c1,c2aa0078-cc97-442c-8801-ed23f897a9b3,2020-05-13,2,2,2,convertible_note|seed
2339d639-581b-690d-668d-f11ad904471d,a5490443-7a10-412b-84bd-a25e67e39870,2024-05-22,2,2,2,debt_financing|series_a
224e0d60-57bf-788a-33e0-c80065a5c588,b6135e72-e7b8-cb96-c187-f165462a3889,2025-07-21,2,2,2,private_equity|secondary_market
12dcff68-a3f2-c2cc-d3de-dd56f4f10b51,59dd748f-413c-1250-ca94-37750578ec5b,2020-02-01,2,2,2,debt_financing|seed
f065b291-ae61-41db-9475-3713a3da36d4,46f494dc-6df1-46e4-952d-1d2eceb87cd3,2022-04-27,2,2,2,series_a|debt_financing
d85c9cd9-fa00-31bb-cfaa-3b5f9dd118ad,72135380-23a8-16a2-087a-5d35b59ce4aa,2016-11-01,2,2,2,grant|seed
c62cd788-46cb-12e9-ecd4-bdf797140dea,698094db-a9f9-4700-8d66-bb57c982365b,2019-03-04,2,2,2,series_unknown|debt_financing
d83fc2b5-bf72-b7a1-7adf-f92be0bb5d8d,c4396463-b910-f125-3f0b-6c3857a58b42,2026-03-26,2,2,2,series_g|debt_financing
b2d0a0cb-3de9-bd0a-32ed-eb8b5d3543ba,e41702fa-2ab4-4979-adba-28126d97cea6,2015-06-04,2,2,2,series_unknown|debt_financing
8fb21a05-da03-f9f5-23ec-93c15ae1f840,29638286-711a-46d5-ab17-53343c8bac86,2022-10-07,2,2,2,series_unknown|debt_financing
edb9e66b-26b2-d71f-d82b-9effa3c19af6,656adba2-f010-4019-99e9-755b4e04bc93,2024-06-18,2,2,2,pre_seed|grant
aefa3a84-5193-00c3-5cbf-ec5ec2645672,d66280cb-96df-4005-b6d7-c4a9d93b1c39,2021-06-03,2,2,2,debt_financing|seed
e9eeabaa-b4ba-e58d-fbfb-3b2939cf7f74,4ce622ab-49a4-c418-5a10-b6f43e926290,2022-12-06,2,2,2,series_unknown|debt_financing
a7952437-2398-a644-0104-e264785354dc,973dbbc6-7b85-4fc3-bbea-887c6f622ca7,2022-02-08,2,2,2,series_c|debt_financing
f133fa26-0469-b818-52b0-32ea046c3961,27a6234f-224e-4f0d-b186-d65be3f160ed,2019-04-17,2,2,2,series_b|debt_financing
47401509-58be-4e5c-a125-d4a4fdd8642d,28450ef3-76d8-4446-84ce-eec4a97c08cc,2023-01-11,2,2,2,series_unknown|debt_financing
e9b9f4db-721a-d30f-bbfc-ebc5aa381456,6c4ce6d4-b279-579a-ad8c-3e8e5fde3d25,2004-07-02,2,2,2,series_d|series_c
3e352423-06e5-8386-e0cd-a1ad452626a9,7f5fee94-6336-dcde-e6df-2fc7ed1951ab,2021-12-09,2,2,2,series_f|debt_financing
4eee5e60-3b06-6fe8-cc2c-29119a96051d,d611a5d0-a591-e69e-4d66-3bbb32cd9707,2022-11-15,2,2,2,series_e|debt_financing
c9a0b0b4-648d-4972-bddc-1b10708897bd,aadf564e-0399-4205-95af-e9d194e0ee86,2026-04-29,2,2,2,private_equity|debt_financing
a2ec420f-70dc-2ab5-a6d8-724bb30c82b8,f0a0b689-8e1e-4c9b-91e4-579918f9efbf,2022-07-27,2,2,2,series_unknown|debt_financing
68b8b616-5e4c-0b9e-7e38-55f1cfc4170c,f636050d-b648-47de-8d67-5da984c462d6,2021-11-24,2,2,2,series_b|debt_financing
ae6eb8da-ebb3-42be-9ee6-644a57af8755,730fe108-a037-4a43-9abb-5c0d85fa0f77,2019-10-09,2,2,2,grant|series_unknown
43b80395-d656-d3ed-9367-c3f10b61dde2,3f38b90a-f27d-405b-bfc5-b2ec61611412,2026-02-17,2,2,2,series_a|seed
da7dace0-ea77-d4ee-4af6-7cedb69539e9,7fe55955-0440-436b-a647-7fcfad109cc7,2014-09-26,2,2,2,debt_financing|private_equity
c10d8903-d199-90d5-d046-965c571b6007,eadafeb7-2f24-4c1a-91f3-39a78b875cc1,2025-06-09,2,2,2,series_b|debt_financing
049b6ed0-d9bd-235b-d88b-dbc24cf38ccd,a974e057-3500-db67-568c-ddb14175afff,2018-04-18,2,2,2,series_b|debt_financing
98712891-0256-4d11-a588-cea7f73397af,59092dfc-17d4-4dfc-8961-0693ca7f96e0,2025-10-05,2,2,2,series_b|secondary_market
5d1cdb15-8f50-4d71-b16a-8520fe004984,bffc5790-e9c4-4374-8ded-52015ffa91dd,2024-07-29,2,2,2,private_equity|debt_financing
10ff4a7e-b9c9-fcde-ffb9-822c0b679b52,f7cb865e-0133-42e3-85d2-2b88ba2b9d6f,2023-04-03,2,2,2,private_equity|debt_financing
33f3da82-c16c-4d2d-87ec-51d23308c4c3,01cc120d-c281-48c3-8d02-0e14c1aa10fe,2026-03-26,2,2,2,series_b|secondary_market
1b65c6b5-9855-32ff-d12b-2bffcf38f979,9e47f17f-a351-4e35-9a4a-bdd0d71088cd,2024-04-23,2,2,2,debt_financing|private_equity
5e1de79b-0e20-438b-b941-2e6277825715,6239e49b-83c3-0000-d66d-615719253f8c,2021-06-30,2,2,2,debt_financing|series_a
aa978289-a0e0-8e2d-9db1-537203f28e62,7cbdd6a0-a379-41e6-8a06-2dc91c59c1f3,2022-11-15,2,2,2,seed|series_a
da7dace0-ea77-d4ee-4af6-7cedb69539e9,6e97b191-5169-9feb-f368-351bb4cbfe90,2010-08-31,2,2,2,private_equity|debt_financing
7bd48a3e-43e6-4d99-b9dd-830858bf5cca,04ff612f-6bee-42d8-ad7b-3802d5fa9ad6,2023-09-26,2,2,2,seed|series_a
84c5275e-2a2f-e43a-1ff1-1a5f7c79975f,58120588-e8b9-e6f8-f478-2d5000933d05,2026-01-14,2,2,2,post_ipo_equity|post_ipo_debt
50f19f4e-d348-481a-bead-7cb181428a17,fb469698-5deb-9571-812f-39a583762872,2025-11-12,2,2,2,series_unknown|secondary_market
a2fc8fbe-32e1-3219-a3a8-665ae83f7243,61452e70-cc49-0860-e4e9-21c77671ebf7,2019-01-08,2,2,2,private_equity|debt_financing
40d3f950-dc60-4cea-8b96-c7bfd7233e5c,5d68a538-9be5-4d46-8f28-f7f6da9f9b91,2022-09-07,2,2,2,secondary_market|debt_financing
da7dace0-ea77-d4ee-4af6-7cedb69539e9,7e89326e-b32f-4370-8f9b-e2c84eac619d,2018-11-15,2,2,2,debt_financing|private_equity
809d0f70-9c3a-48ba-9c04-fc6e75edc6e5,afa8585f-1951-4621-aaf7-94beff52511f,2025-10-22,2,2,2,series_unknown|grant
15f45e20-6485-4ba3-92fa-01ac0fec85f0,54068a42-55e7-2ee2-c56b-05e45b230382,2019-09-30,2,2,2,post_ipo_debt|post_ipo_equity
ddc159ad-7007-1f51-9878-92dd4f1310c8,7cb75a59-9f80-4777-b181-431145c46cbc,2022-08-09,2,2,2,series_unknown|secondary_market
6efb9171-a87b-212d-f399-b0613da7b1c9,23d85c4f-bf92-42e6-9b04-3e1fede22a16,2025-11-10,2,2,2,series_c|secondary_market
d49796ea-005f-4a34-b6b2-3c6041cec2c9,32b28bd5-2570-4676-845a-096944437f25,2023-06-19,2,2,2,seed|angel
c301ed04-45c4-d20f-0f05-6ea8d1f6cd94,eab915a8-f414-64e0-5138-c5f341596a5b,2016-06-15,2,2,2,debt_financing|private_equity
fa2a5572-f143-4df4-97d9-0b92c2eab020,94719107-fcf0-4940-8857-b4bb488e4686,2025-11-05,2,2,2,seed|series_a
52e8f5bd-47bf-2254-92c9-296ce5212430,3892260a-f001-a21b-eaa7-6d1d0baad803,2025-11-05,2,2,2,series_f|secondary_market
b5b5e9fc-b429-9942-9bd3-44086ce67a43,f0265877-9c3a-ef70-6ece-e0438bf29b86,2022-06-07,2,2,2,post_ipo_debt|post_ipo_equity
809d0f70-9c3a-48ba-9c04-fc6e75edc6e5,a55482c0-343d-4922-9435-4f11406e2289,2025-02-17,2,2,2,grant|series_unknown
9a2af95f-6fee-ccaf-b38e-12f7234de784,b5542d8a-864d-4bd1-82a9-78f0062242d9,2021-06-03,2,2,2,seed|debt_financing
308fb2fa-4610-0909-1d34-17216d007b21,50a04cf8-76b2-3aa0-17b9-277c4210b2e4,2021-03-03,2,2,2,series_a|seed
ae6eb8da-ebb3-42be-9ee6-644a57af8755,648ae812-5b01-4eba-a86b-785715c1be75,2019-10-09,2,2,2,grant|series_unknown
b32594d7-fe7d-3e78-7676-3f59e9d55374,263fa2b9-3923-92ab-3a6b-0b012dd5bb79,2018-07-02,2,2,2,post_ipo_debt|post_ipo_equity
809d0f70-9c3a-48ba-9c04-fc6e75edc6e5,3008d5bd-92e1-4a9e-9f55-9380eb75d3f7,2025-02-17,2,2,2,seed|grant
34a9bb66-0984-8de0-e7fb-13e976b4a135,12455672-aa10-4791-82e1-b27813a14bff,2026-05-19,2,2,2,series_a|seed
b5b5e9fc-b429-9942-9bd3-44086ce67a43,3af41be9-d662-e47d-edc9-346f845386af,2019-06-26,2,2,2,post_ipo_debt|post_ipo_equity
52652f4d-581e-4ad5-9d06-b1b250a333cd,68c4e3b7-39f1-4289-9813-d4ab12f2986f,2019-12-18,2,2,2,series_b|debt_financing
66b3e08f-0d4b-4bd7-ac71-852cc43cdd8b,ed81a1ee-8849-44d8-9e96-254ae4c49163,2025-04-30,2,2,2,debt_financing|grant
fc6a20f3-300e-36c5-f550-748070f5b231,16973cc4-26f2-485d-9a78-8741c177e6c2,2024-09-25,2,2,2,post_ipo_equity|post_ipo_debt
5b4aad70-e34f-4fc7-864b-6a2dbf0d0cdd,1f20287d-2401-4917-8949-db28c07e2c9e,2025-10-17,2,2,2,series_b|secondary_market
40d8113b-874e-415c-a2bb-315c7195c9cc,961d3f5b-e322-2060-ee17-e9349f8ebf40,2023-04-24,2,2,2,series_c|debt_financing
809d0f70-9c3a-48ba-9c04-fc6e75edc6e5,da7cf865-c8af-4cf9-8fd6-b871211f4b67,2025-02-17,2,2,2,series_unknown|grant
809d0f70-9c3a-48ba-9c04-fc6e75edc6e5,07636cf2-4eb9-49ca-8d57-05522ddb6ba5,2026-02-19,2,2,2,series_unknown|grant
d29973c3-95ec-691d-defd-6a6ba713c72a,7cbdd6a0-a379-41e6-8a06-2dc91c59c1f3,2022-11-15,2,2,2,seed|series_a
beadb218-e5fa-2686-bc95-4dfaa9acc2e8,b2167c4c-e759-085e-155d-7c74a76522d0,2018-08-21,2,2,2,debt_financing|series_unknown
b4bda9bf-62cd-9569-43f5-6f179850b735,241d31e6-e16c-46c7-8e56-466196cc1d3d,2018-04-26,2,2,2,seed|series_a
bcc5adaa-4cd6-bb68-8b91-838f2eee1aa4,bc970a2a-dea5-1997-2b76-8de8269df817,2016-01-15,2,2,2,private_equity|debt_financing
27ac2565-656f-47f8-8d15-32c1e269565e,b1a56883-71fb-468e-b0c2-69dd452a7ce8,2026-03-19,2,2,2,series_a|seed
60b5dade-24ed-84b0-99e2-1ecda554a1ab,f52eef6a-6620-4bef-af3d-1a7d0d0a8b63,2025-10-28,2,2,2,series_c|secondary_market
6a43fd6d-dc70-f07b-077c-942b3bde9203,eabb6bc7-e2bb-471c-98f0-4450c8d7e5d3,2024-10-30,2,2,2,private_equity|debt_financing
e01409d4-d902-d4af-9e04-f7d8219c7c2c,5bfd3659-642b-f83a-eff0-fd6779c45fe0,2022-02-01,2,2,2,series_c|debt_financing
ae6eb8da-ebb3-42be-9ee6-644a57af8755,06ed2318-81ff-4a13-c18e-0eb38d707e89,2019-10-09,2,2,2,grant|series_unknown
72433a0e-ca4e-476f-af52-1e8680f4643d,04ff612f-6bee-42d8-ad7b-3802d5fa9ad6,2023-09-26,2,2,2,seed|series_a
768d9c8d-366f-c1a0-1c72-0e923162268f,5405cec1-c139-4261-b50f-30776dc887ac,2023-01-30,2,2,2,private_equity|debt_financing
4b01e1b2-d703-c1d1-d671-a9c819b2d45e,bb971d77-d7b8-a3c3-6925-c418077e5d3c,2025-09-22,2,2,2,private_equity|secondary_market
ffa27f5a-333d-e159-fafb-dde5c1a4e0ce,5b82449e-ff1b-e1fd-da74-2730fc99292b,2025-10-30,2,2,2,secondary_market|series_unknown
8c1207b5-dce7-dd47-7e91-e5198b6e939d,8bd73e71-e094-66c5-e406-817d2b04737d,2017-02-01,2,2,2,private_equity|debt_financing
809d0f70-9c3a-48ba-9c04-fc6e75edc6e5,3b399f9e-adf7-851b-b9b1-f4121ba2d586,2025-02-17,2,2,2,series_unknown|grant
6f0a02fa-74c4-899e-29d1-025eeaa01420,9dd72527-b038-4129-9128-9d99bbb5dd07,2023-03-30,2,2,2,series_d|secondary_market
01ad6c2a-c6a9-3b8c-8eb8-a05f1a136464,9747e185-cbcc-45f6-8006-caad2570253e,2024-12-19,2,2,2,grant|seed
6a43fd6d-dc70-f07b-077c-942b3bde9203,904f5a58-2785-41d6-b54e-292697928c34,2026-03-18,2,2,2,private_equity|debt_financing
809d0f70-9c3a-48ba-9c04-fc6e75edc6e5,6276a4f4-ea59-4c28-9b19-87bf40c896fa,2025-06-24,2,2,2,series_unknown|grant
51f66f74-70c0-40e9-8115-cb961733644a,6ffe932f-f0cc-483e-ba0b-e0d5d694d869,2025-07-28,2,2,2,seed|secondary_market
14396192-4718-4084-4017-378d4b41cf6f,330d4dd5-cf14-49c6-aca4-5d0729e631c9,2021-09-21,2,2,2,series_c|series_d
d5002f1e-ed0d-2ac7-6831-69731c8ad8e1,080cc07c-20b5-4df7-8f53-df929b994f63,2024-10-28,2,2,2,seed|pre_seed
51f47ee3-159e-8ffd-a9e4-c4e9da462079,f7c25dbb-677b-4af7-a276-996d0d755003,2020-11-13,2,2,2,debt_financing|series_unknown
a2fc8fbe-32e1-3219-a3a8-665ae83f7243,a73542c4-b4e6-4336-8a12-ce40b6ddef8d,2024-01-03,2,2,2,private_equity|debt_financing
d5df3873-7871-c608-0284-c74d0b555ccd,f9aa1ce7-27af-4d54-9b4b-56ecfd709a3c,2025-04-15,2,2,2,series_a|seed
3cae090b-ed2d-95f8-79a9-e32ca480258f,4bd538d8-2d4f-40bc-bba7-f97b5f913e13,2021-07-12,2,2,2,series_c|secondary_market
8bde1407-5334-4026-9825-c3c1a9642c77,b84a8637-a0a7-4d8d-a7c8-891df92008b8,2026-01-06,2,2,2,private_equity|secondary_market
17d0fd03-ea64-1018-97ba-2dbcd1f64d73,04ff612f-6bee-42d8-ad7b-3802d5fa9ad6,2023-09-26,2,2,2,seed|series_a
cfcf9756-792e-8575-4135-85b7e1358731,ed2bda0c-1720-4106-ae96-99c99e4ac417,2025-12-17,2,2,2,post_ipo_secondary|post_ipo_equity
fe246ac4-6c08-acba-52bb-3d60d476ff8a,b0ac1fe0-9c8c-4222-b646-fb92aaaa8a9c,2020-01-16,2,2,2,series_unknown|debt_financing
b342226e-87f6-423d-89b9-00cf10af0f49,e5485970-5ef7-4691-a127-5e8ac17a5568,2026-04-15,2,2,2,series_a|seed
f91db475-ec15-4e61-b140-b9b5afa47056,093725f2-6f36-46a9-8bf7-3950952e20c4,2021-05-06,2,2,2,product_crowdfunding|grant
40c3d188-cd08-8abb-0abf-ac214f6b7f46,3d0cbe6b-88aa-4e9d-957c-07324350cbcf,2025-01-14,2,2,2,secondary_market|private_equity
60a8d903-841f-c27b-a5dd-e44ab18c0808,363a0726-af8d-4b66-87ef-e985e404bcfe,2020-05-19,2,2,2,seed|non_equity_assistance
611025cc-ce2f-4cc6-bdb6-7d4c82c94e9d,98786002-b229-4237-942a-83b92e3290c7,2026-03-24,3,3,3,post_ipo_debt|post_ipo_secondary|post_ipo_equity
fb2f8884-ec07-895a-48d7-d9a9d4d7175c,b2167c4c-e759-085e-155d-7c74a76522d0,2018-08-21,2,2,2,debt_financing|series_unknown
07d82047-c9b7-1328-137f-117dacaa50ef,b424e57a-f7ab-49e5-ab63-ffb0d666efd0,2018-01-10,2,2,2,series_a|series_unknown
35118fd9-e63c-49cc-886d-69d3895cd06d,c7f7cbcd-b490-4373-892d-71b7ea9aee8b,2025-03-26,2,2,2,secondary_market|corporate_round
321aaefe-527e-a56e-85cd-641bd83cd866,42a2c8ab-bc62-4cdf-a83e-64d2d8c553cc,2018-08-21,2,2,2,series_b|debt_financing
add1bcfe-41e3-7828-253b-d7c8694ed4ca,3efe5d37-5198-628f-f376-fb453f84a862,2014-01-09,2,2,2,series_b|debt_financing
f13413ff-aea8-4839-bc9c-4092f39e1341,0a222a29-3096-4d4d-af38-1e0f1c0220b4,2022-03-17,2,2,2,grant|seed
d420cb3c-c5c2-df2a-63db-4850847570c8,7c9e6d25-8cf0-80a5-dfd6-d1a21337534d,2023-09-19,2,2,2,debt_financing|seed
9fa92f1c-86f9-711c-e1c2-84850ea475e1,f9aa1ce7-27af-4d54-9b4b-56ecfd709a3c,2025-04-15,2,2,2,series_a|seed
2942e350-183f-abdc-be92-12bbc219bf0b,e8d42896-d8b0-4991-b515-c34364db6fcb,2024-02-17,2,2,2,debt_financing|seed
960bac43-fd16-65a6-e03e-a1fd310d734a,8d4c55d5-dd3f-4e0f-a76f-dc3bcdd66c71,2022-07-05,2,2,2,grant|debt_financing
ae6eb8da-ebb3-42be-9ee6-644a57af8755,b495ca88-5387-f5f7-1226-c8faa0dd3ea0,2020-05-19,2,2,1,grant
483ccaa3-d2f7-06ad-7175-efc85f445f1b,27a6234f-224e-4f0d-b186-d65be3f160ed,2019-04-17,2,2,2,series_b|debt_financing
9da42114-b627-6926-f3b7-fd07e23fc337,50a04cf8-76b2-3aa0-17b9-277c4210b2e4,2021-03-03,2,2,2,series_a|seed
976e6084-79b4-44ff-a0a5-86efda42f0eb,f0759f55-cef2-4c17-a2f1-42a90d8e413e,2025-01-30,2,2,2,seed|series_a
f2b3e0cb-8bd4-39a9-6b8c-cef9243d4c6b,4af926d0-b308-4ee0-91b0-dc8ceefee982,2024-01-18,2,2,2,debt_financing|series_a
983675c3-2ee5-471f-6b57-c9e32a0369c1,1c7e20f1-18b8-44e0-a55c-80c68e639b56,2020-06-08,2,2,2,pre_seed|convertible_note
b38c0fad-9df4-4eb9-a112-b3f69db4dace,f0fa81ff-b78c-4fb6-abe0-7f9dfd0182b7,2025-07-07,2,2,2,post_ipo_debt|post_ipo_equity
96a3355d-8f90-48ab-7354-36335f71adce,8a809092-447b-a753-c330-868680f75b43,2025-09-11,2,2,2,secondary_market|series_d
3afb8ef5-2b6c-7788-7b38-53ecbb89d72e,da4e9b42-39df-4fe8-a871-6019f4ce40ab,2023-06-08,2,2,2,debt_financing|secondary_market
57a65f51-8561-47fe-884c-09b5d6eb47f4,86a42cf3-1fbb-481b-904c-5ae81a6c06b5,2025-06-12,2,2,2,debt_financing|seed
ae6eb8da-ebb3-42be-9ee6-644a57af8755,03547204-7c2f-43f7-ad6a-8805767427a3,2025-02-18,2,2,2,series_unknown|grant
82dee868-1064-f9b6-1c95-f6c68f901ea6,303e64c0-a645-0234-c57d-00e9cd76efa3,2009-02-09,2,2,2,series_d|debt_financing
0f7b36d2-0abb-34af-95a9-09f1781f6131,95eee55b-3b28-46d0-85b5-c05ccda3d868,2024-09-19,2,2,2,series_d|secondary_market
b5d0d7dd-cfc2-4c56-9ed4-847db73f8cee,00f6d709-74af-4e76-93ff-a6d592b90de4,2026-02-05,2,2,2,series_b|series_a
ef2b3159-0619-7fcb-2e0a-328d90b263f3,531e80d5-4c91-b603-7d6a-25801cc92021,2022-05-17,2,2,2,series_unknown|debt_financing
edb9e66b-26b2-d71f-d82b-9effa3c19af6,fbcb354e-b9da-4960-ac13-42d4efa5f7f7,2024-06-18,2,2,2,grant|pre_seed
089e2f4e-5b16-b5ef-8834-3a40302de5ac,a7e4d0be-040f-c404-9e63-1f48c543c497,2021-04-06,2,2,2,series_unknown|debt_financing
9aa041b9-d9f2-39e7-f056-a0f4d6294220,6ab29156-61a1-4f35-8300-1612928891ae,2007-01-31,2,2,2,debt_financing|series_unknown
b08efc27-da40-505a-6f9d-c9e14247bf36,ff1779a7-b396-82d3-3693-87958a3a4839,2026-05-15,2,2,2,series_unknown|secondary_market
937cd275-4965-f3d1-657d-8ada85219912,c2a58539-e25c-8f83-ffe3-a2d9808a8e88,2018-12-11,2,2,2,series_e|debt_financing
069bf7ff-c97f-b515-884e-e774b384776a,c2fb8a41-cca6-489c-97bd-616251ca5a63,2021-04-07,2,2,2,debt_financing|series_a
736bcb6b-8e02-468b-a8d3-06f80dbc29fa,7127ae49-897f-498b-b392-66c3b116d7a3,2021-08-12,2,2,2,pre_seed|seed
7a622e3e-d8f3-4f66-90d5-96616c73806b,3ed8e8fd-0642-43ad-ac14-26d7521288fb,2026-05-05,2,2,2,series_b|series_a
809d0f70-9c3a-48ba-9c04-fc6e75edc6e5,6d8cddf4-c9de-4afb-906b-49d08e2db1ba,2025-02-17,2,2,2,grant|seed
02aeb13c-0a42-2c08-3249-2e013d0608a5,04ff612f-6bee-42d8-ad7b-3802d5fa9ad6,2023-09-26,2,2,2,seed|series_a
5680aee5-98ed-2573-a4b9-4b708f706ad9,a665d023-6628-537e-09c7-6790f79a9244,2021-01-18,2,2,2,series_unknown|debt_financing
63eb8719-2957-f55c-7504-e823fcfa503b,906b238e-0a67-c9db-f184-95050baf8c3c,2007-11-09,2,2,2,debt_financing|series_unknown
148f7cab-3903-478c-9959-f7eb82fc5fd9,1f20287d-2401-4917-8949-db28c07e2c9e,2025-10-17,2,2,2,series_b|secondary_market
34a9bb66-0984-8de0-e7fb-13e976b4a135,202168c7-1c17-4b07-86e1-27d8454f59ea,2024-11-20,2,2,2,seed|debt_financing
809d0f70-9c3a-48ba-9c04-fc6e75edc6e5,cd9b6a33-2000-44eb-05f7-e4cd98943d38,2025-06-24,2,2,2,grant|series_unknown
b92d54a4-7627-c265-c06e-979215b567d7,88cc344c-2034-4a7f-bd74-57d9d4d7072a,2026-03-24,2,2,2,series_e|secondary_market
809d0f70-9c3a-48ba-9c04-fc6e75edc6e5,0599a07c-65e5-45c2-abde-ed3b9a63710a,2024-07-15,2,2,2,series_unknown|grant
93532aa9-f20e-4777-b78e-84e4e40a1b17,961d3f5b-e322-2060-ee17-e9349f8ebf40,2023-04-24,2,2,2,series_c|debt_financing
91e9afd1-0539-cce7-2d71-02170f2d5a8e,e182b276-06ff-4ef2-bfbf-08cb801d109c,2024-10-10,2,2,2,debt_financing|series_unknown
0c867fde-2b9a-df10-fdb9-66b74f355f91,37783db4-09d5-6681-24cf-ef99acce2279,2019-02-08,2,2,2,series_f|debt_financing
35d856a7-3109-4137-be03-6972ee3784d3,dd0e584e-1413-4358-aabc-d99635e41bb4,2020-09-07,2,2,2,grant|series_b
cdf51315-5218-4ff0-b0bd-415bfd7769d2,18aa0474-0640-447d-ae62-944f96ebd0f6,2024-01-03,2,2,2,series_b|debt_financing
411e125e-9946-3880-8158-5c1ab88a8c15,a95f3bc9-94ee-4cd3-8a96-84696b0bcf84,2025-01-10,2,2,2,debt_financing|series_unknown
de71b69a-30f2-e033-8a56-4750a72b02c1,973dbbc6-7b85-4fc3-bbea-887c6f622ca7,2022-10-06,2,2,2,debt_financing|series_unknown
744f25a6-21f9-131d-a4d9-b1348664741e,07ec7bb0-99cf-406f-9266-41c0c9a0be2b,2021-10-19,2,2,2,debt_financing|series_unknown
74b1d125-9b96-3650-b101-5479295b064e,323054c6-1b28-44c6-ae52-71e343448d80,2022-08-23,2,2,2,debt_financing|grant
9db0b6bb-4b28-fa20-e2df-e2af6ebd3a3d,6b307169-f5e0-9b68-7232-b2f63e136d3b,2017-09-05,2,2,2,secondary_market|series_unknown
772b1ec7-8ddc-6b37-8511-d32de4310e62,68a392c0-5172-f8d9-c902-34725457cef2,2024-04-25,2,2,2,private_equity|debt_financing
16181bce-98d0-aea3-c346-3e602902025c,2d4ac8d6-7c1b-4c9b-ab1b-16c1753633fb,2021-10-25,2,2,2,private_equity|debt_financing
1636ba9f-f97e-15c1-850f-c5bb2f1e833d,fb469698-5deb-9571-812f-39a583762872,2025-11-12,2,2,2,series_unknown|secondary_market
c8bc0c21-a065-4a70-076f-0fa5f6d426c5,0a99c6a8-97ab-46b1-8913-326ee0d1eafb,2026-01-04,2,2,2,secondary_market|private_equity
3afb8ef5-2b6c-7788-7b38-53ecbb89d72e,7c9e6d25-8cf0-80a5-dfd6-d1a21337534d,2023-09-19,2,2,2,debt_financing|seed
5087a047-80c5-4aa3-dfdf-30dd8ac88b5e,74b7fe5e-8563-4681-a664-457c3b8f5523,2024-10-16,2,2,2,corporate_round|debt_financing
e8f5f0da-fd09-42c1-a5e1-7d2a585cf722,e48e5cb0-20cc-19ba-ca57-51071e4aa50e,2025-07-16,2,2,2,post_ipo_debt|post_ipo_equity
ae6eb8da-ebb3-42be-9ee6-644a57af8755,aa9cd573-d098-d8cf-4d92-f5599534bca1,2022-12-19,2,2,2,grant|post_ipo_equity
b6dbdf09-3558-d982-377d-1a953137b89b,2f384305-e299-4aa2-bfa4-694dc738ced7,2022-06-13,2,2,2,private_equity|debt_financing
c1afb43b-7fda-1e9c-6781-83c3619caa05,d66280cb-96df-4005-b6d7-c4a9d93b1c39,2021-06-03,2,2,2,debt_financing|seed
809d0f70-9c3a-48ba-9c04-fc6e75edc6e5,57b39e02-bb5c-4a1b-bbae-a12f80fb3d70,2025-02-17,2,2,2,grant|seed
50344f14-a637-4cdc-8868-fd2b1a0f039f,8957c749-4d0b-4b91-ba9b-6007248e318a,2022-02-16,2,2,2,seed|series_a
809d0f70-9c3a-48ba-9c04-fc6e75edc6e5,209b7322-4e2c-494e-a248-4f8a1aa32806,2025-06-24,2,2,2,grant|series_unknown
ae6eb8da-ebb3-42be-9ee6-644a57af8755,ef382bf4-b76d-4df8-bd15-656c1e9daf6e,2020-05-19,2,2,2,grant|series_unknown
1b65c6b5-9855-32ff-d12b-2bffcf38f979,89fa82e7-d456-4d0c-b089-1bb0383428c8,2019-06-05,2,2,2,series_unknown|debt_financing
70e6ccd7-c24f-4604-a020-c6ccca2bdbe9,e5485970-5ef7-4691-a127-5e8ac17a5568,2026-04-15,2,2,2,series_a|seed
f2eb29e4-11e1-4269-bc76-88982ef3338c,57156f80-9c7b-47d3-831e-85263952a5a2,2025-03-19,2,2,2,debt_financing|angel
97254a29-8bc4-726c-067f-2b4ca823106d,567d20e0-c5f8-783d-31d4-d73e55c026f6,2016-10-28,2,2,2,convertible_note|seed
452e64cc-1395-a3e6-fcb1-2591a71fbd7c,5d68a538-9be5-4d46-8f28-f7f6da9f9b91,2022-09-07,2,2,2,secondary_market|debt_financing
59307a11-3eb2-be87-4b1c-7a64ab00192d,a55ddbef-3cbf-e15a-9e11-1bed9e85a9d3,2023-10-31,2,2,2,debt_financing|series_c
d420cb3c-c5c2-df2a-63db-4850847570c8,4527b5c2-d786-9c14-7824-25e0f8290dab,2020-05-20,2,2,2,series_b|debt_financing
01b78c00-b6e2-7cbc-8286-8d14d09d441e,020db91d-a2b9-ad15-61c6-d60200106363,2017-04-27,2,2,2,debt_financing|series_unknown
3afb8ef5-2b6c-7788-7b38-53ecbb89d72e,87c3d832-f265-e700-1652-ad3152307184,2024-11-21,2,2,2,post_ipo_debt|post_ipo_equity
bef8482a-9f2c-8a99-c725-1ffc36a92fc8,a557cbd8-fdb9-4fca-9df3-c4a6c7e72aad,2022-10-06,2,2,2,seed|series_a
283fed71-eb41-8a76-bf46-06787c3981e5,afb449d9-48de-44c9-a791-101e40bc216a,2023-11-22,2,2,2,debt_financing|seed
ae6eb8da-ebb3-42be-9ee6-644a57af8755,425ac54b-21ea-41d2-abfe-beda6d706dbf,2020-05-19,2,2,2,grant|series_unknown
0ea2211f-2206-33c5-ee2b-7747edd23a89,4ae11488-8d98-9054-9363-7c43f35140cb,2019-02-20,2,2,2,debt_financing|series_unknown
50344f14-a637-4cdc-8868-fd2b1a0f039f,f9aa1ce7-27af-4d54-9b4b-56ecfd709a3c,2025-04-15,2,2,2,series_a|seed
