company_id,row_count,unique_name_count,unique_website_count,source_file_count
2599d16d-9fa2-44fd-8cc8-ed4bae36a98f,2,1,1,2
7473249d-5c75-4826-9ecb-f5d8a9a903f9,2,1,1,2
2bab6e59-338b-0825-0ed8-2882fb9f8e1c,2,1,1,2
7ccb2e31-ce2f-8851-4f5d-1d0a15272e1d,2,1,0,2
3be403fc-3e57-4849-aceb-471a39a04d49,2,1,1,2
bcdcc469-0cd0-4fa3-b6e8-2f409a87cf8b,2,1,1,2
004d4ef0-fc9f-4c70-af3c-9481b532d6b3,2,1,1,2
186f65a0-a120-4d0e-8d29-2f2eda8332bd,2,1,1,2
181d2e0c-b063-4d65-ab5d-ca7f6aedaf41,2,1,1,2
e93ffa76-52dc-49d9-a696-8b6ec7b94760,2,1,1,2
524ae6ab-d7de-4b97-abec-580b6afb1251,2,1,1,2
70c396f9-0cd0-4c4b-ab63-c67e40a78017,2,1,1,2
8b42aa83-c514-4b45-b529-52e5deb02c38,2,1,1,2
742590dd-0932-4a7c-9f51-e8f2e8e95b20,2,1,1,2
af5af369-4d0e-4364-b856-0d3e44566b22,2,1,1,2
84740bb5-f543-4b54-9b6d-d3eb3af38beb,2,1,1,2
52e2c17d-f86a-4b33-8b0d-088407ed7914,2,1,1,2
04e96c46-8a60-40d9-803b-703b48033a62,2,1,1,2
c9705976-71ef-4993-8bc8-f4c65c3467d3,2,1,1,2
c1f303c5-fd7d-4d5a-aaaa-eff2546a7835,2,1,1,2
313e537c-810a-48bc-a84c-9845749959c0,2,1,1,2
c81b8bbe-1d83-43be-9b7d-0438853178d8,2,1,1,2
c4f92813-a00b-49c0-b100-8824609b4fc3,2,1,1,2
dd146d09-6e48-92b4-fc6e-3150c06615e3,2,1,0,2
c4635cc9-0af8-45fc-91ed-1a98cd49b4f9,2,1,1,2
2e786b66-cb03-4b1e-a23d-f04e1e0119c7,2,1,1,2
07296dcd-7441-447c-9f73-f395f2afc22e,2,1,1,2
e9a56a2e-66c2-410b-1b4d-38c648a943f4,2,1,1,2
98d2f99b-1c21-440e-80f8-6fd1413ef529,2,1,1,2
d0b0c0e1-66e5-441e-8aa0-ed3d4b45a03f,2,1,1,2
ebcfc5fc-ee5c-442b-8fdd-503cd78791d6,2,1,1,2
acddf0e5-a164-476b-b1ec-536e95e580ca,2,1,1,2
bf456349-e459-4aa5-a60e-e4019edd564e,2,1,1,2
8d7fcc22-b732-4939-a324-83eed4013921,2,1,1,2
84785acc-02a5-4da2-9b72-0c41c29f3fc6,2,1,1,2
4098d351-310d-40d8-ac48-4b8d10503def,2,1,1,2
d480f987-e684-4994-952b-d6856196aba4,2,1,1,2
1975e20f-f2e1-4e2b-9da6-74199eaab18f,2,1,1,2
74db9049-1b7c-4466-9cab-2997a027704c,2,1,1,2
c5b9f53b-20cd-44a1-a855-ad846cab62d9,2,1,1,2
574c04df-536e-4ffc-8c65-aad78ead7086,2,1,1,2
5a1b7b1d-fbe5-8651-6119-a5400f2a9d7c,2,1,0,2
b9a2c1a4-4aaf-45e7-bb5f-401bf555d895,2,1,1,2
42890194-c678-496a-8e6e-bdfea12c2bf9,2,1,1,2
412134ca-cd55-40b0-920d-f63e8b0e0bc2,2,1,1,2
1ef475ba-4f0e-4aa2-94a0-c7187f9fabbf,2,1,1,2
ae250c71-e080-4f0a-5626-ad61e8ac3fd8,2,1,1,2
a2832bc7-813b-4c41-8f68-9eaec4815ba4,2,1,1,2
ec8eb65b-8a9a-4078-9b33-3cb9095bf9df,2,1,1,2
5457304c-0ca8-40e5-a9ad-f280f389aaa0,2,1,1,2
d2310825-920b-43ab-8c48-43ce8dc6646e,2,1,1,2
aeda21aa-9e02-49ce-ae60-d466bf192934,2,1,1,2
27648c2e-84eb-4ef9-856c-6f1abc951d10,2,1,1,2
9fa44ac4-fd9d-4f1c-818e-8c453e59a300,2,1,1,2
6fc4692a-582f-b138-3081-68e4be03581a,2,1,1,2
89859151-1a20-46c4-a7c9-cb333fe7381d,2,1,1,2
3e005b9a-d57e-4acc-80c1-518ade07cd74,2,1,1,2
d91e97e4-5e37-493a-a922-e3cbeee1f71f,2,1,1,2
5f301518-78e9-4a54-93f4-cb06f0654d6b,2,1,1,2
d9d0996d-7238-4e87-9021-46570406db18,2,1,1,2
11aed3cb-93d3-43f6-bdcc-c08b438361d4,2,1,1,2
13c99809-28dd-4818-a28c-65e953b50f05,2,1,1,2
6c427cf9-515a-44da-b99d-d0dcc73d9cef,2,1,1,2
566e1500-8161-4aec-9ecc-6262e897a534,2,1,1,2
9a93876a-3506-42b5-af65-133f7eb6d7d8,2,1,1,2
81cda3d1-00ad-49af-983b-ddbef224ab41,2,1,1,2
3a2b9f26-a8ac-4e57-a1cf-96569c1edf49,2,1,1,2
24fb567f-fe11-4b9d-bcad-0714636e1f9f,2,1,1,2
7cf80ad7-dd52-b60c-0bcb-d68443f40156,2,1,1,2
33cda406-a8f6-44c4-b6be-6f2de22ca8ee,2,1,1,2
806ab991-5d4e-46c4-ba3b-6529f50a8821,2,1,1,2
280ce4cc-187f-4ede-8849-c53e9994e747,2,1,1,2
241705b5-be31-b84a-f1b8-ae0828df44f3,2,1,1,2
120a8637-0931-aeb1-860d-036bfc6f5009,2,1,1,2
f98b01a4-e87a-4bdc-a072-cec45075f908,2,1,1,2
86f111c8-5095-497c-b7c4-b1ce83892d26,2,1,1,2
86abb59d-fe1a-41eb-b61b-988f80381148,2,1,1,2
039813d3-425d-4096-b707-7d9b8b671358,2,1,1,2
c8528146-ed50-4bd1-8e40-29f1075a8bb6,2,1,0,2
ae8bd844-2f97-4af1-88f7-6f2031c4be0a,2,1,1,2
59d15e84-2e39-40c3-8331-9fb15efd3af2,2,1,1,2
19e4d68c-e7e1-488b-88db-aff4d0691386,2,1,1,2
f7cf59f6-5df9-46f3-b067-dcbf95df58b8,2,1,1,2
9598508b-c0da-5953-8337-0932dcc8e5e0,2,1,1,2
8ce5d580-168b-4040-9e6c-ee10de1beed2,2,1,1,2
db771b30-cd95-4144-90d7-05711680764f,2,1,1,2
7d2ad5c1-5e93-403e-bb0c-edd1525d6164,2,1,1,2
38133a59-555f-4503-b715-60f7f5981048,2,1,0,2
19ef0ad4-202d-4433-8e18-e251dcd8f48e,2,1,1,2
eb3f0700-0597-4916-988b-0c1be7666b1a,2,1,1,2
96f1c1fa-8862-4484-9d51-2d7ca4b1c25e,2,1,1,2
92116f2c-d936-46c5-8435-a27f4103dde8,2,1,1,2
93300b01-3b14-4269-b67a-60cb4ee7290f,2,1,1,2
3463dc60-a076-4c1d-8807-76b7b82a885e,2,1,1,2
3eb47bc4-4e72-1866-4e3f-92f126f0c5d9,2,1,1,2
10784bf6-c7c1-4776-88bb-c0871fbb2de2,2,1,1,2
1268cb7c-0d96-4f1b-9274-485a2605a60a,2,1,1,2
4832d66d-96aa-4c14-b17e-0b87e05516de,2,1,1,2
30a19f3e-f401-4fd8-bc4d-7d2c0602a2cc,2,1,1,2
9acd6c82-ccf5-49e4-89a0-ed322b42f85d,2,1,1,2
8827e9d6-5455-49ff-b123-e32a4e434988,2,1,1,2
adca57f3-2152-48d2-8eb5-c9ffa6b87e72,2,1,1,2
40129357-6601-6f59-5b0a-a80ceee250ea,2,1,1,2
af32b8b1-0d5b-4b08-af00-3fa63b985df1,2,1,1,2
746b91e8-ebca-45d9-b7b5-cf09176b0616,2,1,1,2
69e63591-f4b2-836e-6c53-db7007dc71b6,2,1,1,2
43f8a85e-e668-d8e9-e6c6-c762b0517b5b,2,1,1,2
3730038a-2895-4725-948f-b966c3c303cd,2,1,1,2
d076f055-50b7-43e5-9c07-83f27d9a8097,2,1,1,2
f4cf9a9b-94f3-4b8c-9568-271042104532,2,1,1,2
ba234c2a-5662-9a29-68ed-634afc6634df,2,1,1,2
e210366e-0173-40d7-b8d2-10c9dc16ff7e,2,1,1,2
e222e66e-70d8-8c27-18e1-c60741fe8904,2,1,1,2
e3d55cb7-1988-7f63-fd8a-2e3a9caf1af7,2,1,1,2
ec4d6fb2-4eb1-4638-aafc-de6033014c28,2,1,1,2
34bf8a8b-1ee4-4849-9d85-a2a515972273,2,1,1,2
8a663921-5e6f-432a-b4c4-b9eb5f39ee32,2,1,1,2
23b96d33-ef10-4905-a965-4a3f0c286c76,2,1,1,2
43f175b3-e629-e7e3-ba78-85fcdec1e01f,2,1,1,2
2f5cad4f-902b-722d-56fb-038e4c63b600,2,1,1,2
59ab2176-48f2-48fd-be27-7896eb02d728,2,1,1,2
23d59f07-74d6-471a-b5cc-1a04697b2889,2,1,1,2
200e9b84-5199-a793-a2df-c71ca121f81f,2,1,1,2
92eafb76-980f-4444-bb57-dde84e0a49cd,2,1,1,2
b39723ee-dea7-6394-d715-fe1f6965e0c5,2,1,1,2
3903c89e-64ff-4b19-ba51-d9871c1618e5,2,1,1,2
83461aae-37b9-4a44-ac2b-8775e49108b5,2,1,1,2
bc593080-9c66-4743-a37b-dfcad1f2946d,2,1,1,2
b92b413f-9fd1-42b8-8bab-0e3d37f5c5b2,2,1,1,2
9a8e5a9a-2dad-4666-8ba9-11ebbcdf6681,2,1,1,2
7be684a0-8215-4963-90ca-d8852a9189f6,2,1,1,2
a544d1ef-616a-412c-b3e3-efbe81637224,2,1,1,2
53b2fc80-1ab1-42fb-a3bd-7f670bd423c4,2,1,1,2
6f47fb6f-2aa3-49ee-9953-fbe66400c0a8,2,1,1,2
3a99048c-a475-41e9-82f9-2bbad63aae4f,2,1,1,2
859b1092-fcaf-4553-b900-9b557587ee03,2,1,1,2
a389a129-6ca2-48d2-9a04-5fe221ffe5a6,2,1,1,2
1f4c812c-003c-4786-bde6-71c51363ee15,2,1,1,2
ffd24a55-20d9-4ae0-88ae-606333047d31,2,1,1,2
3948b805-110b-fce3-cbd8-5f2d81349f0e,2,1,0,2
49ccf980-68d3-4e1a-a204-6755e2fab31e,2,1,1,2
dea18e54-74ba-4379-830a-36cd3845e6ba,2,1,1,2
eb42783d-4925-4067-9008-4d7cc70fedcc,2,1,1,2
9e0da088-a1b3-49e7-a6a6-9f1b0e0ffc13,2,1,1,2
6a328938-18dc-4f6f-926d-13c4788b8c71,2,1,1,2
01472f21-a742-4a71-9ec1-c5b8965ee301,2,1,1,2
4520e43a-0155-4533-ae55-b50b9379c6c7,2,1,1,2
f78eed82-20c1-4d07-875f-db62d9c90f0e,2,1,1,2
187850eb-b1ca-42e5-bb83-fa84e077eb1e,2,1,1,2
948d02f2-6439-4827-b8ad-edf9e8a81e69,2,1,1,2
fc02b8f3-a478-4115-b36c-41619ef5efa6,2,1,1,2
05192fb5-a3fa-4073-9000-c70d6563d0bd,2,1,1,2
9f4ed6b4-3346-a867-4e88-d23743fbcfb1,2,1,1,2
2388f837-f88b-49ca-a80d-526e9a9f786d,2,1,1,2
5d2da1f7-d327-4058-9e2a-a67af7c8d2f3,2,1,1,2
38ae7da4-4244-47b9-ab15-7bf466f1090c,2,1,1,2
6a65da1c-45b4-4a82-8a4a-5199dda81f08,2,1,1,2
db014efd-3a91-49ba-8d1f-45e017b79464,2,1,1,2
eb84fad6-fbd2-4a0f-898a-c1f375b8bfb7,2,1,1,2
aefcb290-0f30-4539-bdde-0977a81529e6,2,1,1,2
c34657f2-0685-41a4-8f12-ffa10e5ace55,2,1,1,2
bbc9eac8-688f-42e7-be11-11d9695c8fad,2,1,1,2
8d63390a-b4ea-46dd-8d48-dd28e0d695e1,2,1,1,2
9f098379-4d7c-4240-bf03-9c195f4529e6,2,1,1,2
c531d741-34ac-4005-aac6-5d1315820004,2,1,1,2
56883c2e-8c30-44ff-8aaf-432ef04b4e76,2,1,1,2
547c3736-7d50-4c9e-8f36-dc2b14fe9188,2,1,1,2
17229d24-9f45-4233-8591-e69732c37a35,2,1,1,2
34d57c92-b216-4e88-b18d-5c5e6b60631f,2,1,1,2
f6fbc7dd-8784-48ea-842e-7b9a19755090,2,1,1,2
5b0c7389-a86d-4a5a-be61-09f229e7e508,2,1,1,2
517848e7-e169-429f-8377-838fb388ae2a,2,1,1,2
029589f8-7588-4ece-a6ee-6341c9cdfcaf,2,1,1,2
f974ad76-dc56-4c08-81ca-967eb09de034,2,1,1,2
e361f279-bdd9-4867-ab34-53865ef38e59,2,1,1,2
b8c0fae4-377e-8c8e-8ac2-a28e9f475432,2,1,1,2
e22aa5ce-b361-4a02-af3e-5ddc78c74700,2,1,1,2
c81cf0d6-5c65-06bd-c130-d1905b4ee672,2,1,1,2
2bcbb296-9040-460d-93dc-aa6ae55a7cfe,2,1,1,2
70ac174d-234c-40b9-b41a-9ca3d659bab8,2,1,1,2
3616c51c-85f9-40dd-924f-4f9d2ce1e82b,2,1,1,2
7e67d287-79ca-4b5c-b26d-5f3e1d905e8d,2,1,1,2
30106ee4-3e75-47ee-b124-a9af4341690d,2,1,1,2
05f8237f-f1c8-42e0-bfd2-7897a7120484,2,1,1,2
3dff07a4-69c4-4d33-8c4f-a13e58d8d297,2,1,1,2
9bac2637-e340-4b62-a773-efc81fa9c011,2,1,1,2
346e7767-eec4-4719-9632-9f6c67a1e6f8,2,1,1,2
6cc689e5-72e8-492a-9a07-dc0798f92eb7,2,1,1,2
3dcdf0d0-1975-4a60-9a21-40298dd39def,2,1,1,2
ec197bc9-b81a-410d-b0c9-f0d16f72de1c,2,1,1,2
b105ed4d-ff9f-6195-80bf-6f05b8c4e0be,2,1,1,2
8ba51934-4fbe-732a-f38b-0668d78581d0,2,1,1,2
1eb4b01c-49a2-53d6-0787-9c47994f84b8,2,1,1,2
e04b60df-920b-4cad-a054-98cf1e744db6,2,1,1,2
b17c85cc-5308-438e-8089-28063dfc0ca1,2,1,1,2
83dd0df3-2de0-4481-81ff-4d3c17955069,2,1,0,2
b2f4c2cc-2bb4-4614-9556-95393932b635,2,1,1,2
72d26c37-abe6-4cf2-885a-034dbc93ed18,2,1,1,2
6997eeff-5c9e-441c-8598-3de63abddcd4,2,1,1,2
3bb8b476-1ca2-4045-a7ab-d9b8138231cf,2,1,1,2
56275ab1-8f2e-4ab6-8912-e6e96e3a89b9,2,1,1,2
7e20d8aa-bea1-4d51-8fed-2c4ec81e1b9e,2,1,1,2
6b45b388-d460-4e38-b5bd-45b73f4fd60f,2,1,1,2
8ded6e67-ee2a-4bd1-b267-aef283b76ced,2,1,1,2
5a0e700b-cd16-470d-9524-46fc07223b7d,2,1,1,2
7f2333da-2d10-48c6-8700-9c714be9fe9d,2,1,1,2
c3dbd742-db00-4a18-a2cf-48802a9d1c70,2,1,1,2
c60afce9-f973-4a23-8920-bee3686bfcee,2,1,1,2
b84dac14-5c3c-4719-a270-cda6c64700a6,2,1,1,2
5007125f-ca47-4a1e-9c6d-83f9612ef3b5,2,1,1,2
0ca99a8b-afd9-4fb9-9071-b5083c408a9b,2,1,0,2
671979a8-65cc-4d09-ae39-5c05b30a76cb,2,1,1,2
d17c0578-4c55-45c9-a869-e87125a172fa,2,1,1,2
480d338d-0590-5591-2b79-154cc92ca5b6,2,1,1,2
ad7e0458-b7a6-4598-9ac6-c86d83fe01aa,2,1,0,2
7a637ae6-3bba-45c8-a4ea-eff9eabfc05d,2,1,1,2
23ba8003-d8fe-404a-819d-54c680a72e93,2,1,1,2
8de9f0ba-f9d8-40bc-beaf-977d0bb510ed,2,1,1,2
f71dff68-7f1d-458c-9ece-d76e995b8948,2,1,1,2
720efd03-dfe1-443d-9c06-daec2a67c42f,2,1,1,2
313eb821-dd6b-4db2-a5c0-47de21879c63,2,1,1,2
a0f03031-b60f-4dea-b554-ef4901916cd8,2,1,1,2
b995d3b1-0dad-4603-94d0-f208ef093025,2,1,1,2
efbdf087-7561-43a8-a989-385aafb2100e,2,1,1,2
75abb564-bb8d-401d-917c-74efc0463efc,2,1,1,2
b01828f4-9851-4b22-af9f-1db8fea8f10e,2,1,1,2
516d13b7-3984-42ec-843c-a229c302ce95,2,1,1,2
5a1e700a-33b9-452f-97da-3b3333990292,2,1,1,2
8aff885d-8a69-4aa4-be81-4cb9047dacc0,2,1,1,2
34d6a406-32bd-462b-9913-312b0b570c6c,2,1,1,2
5f676fc1-b551-4049-892c-f1f01fb46b23,2,1,1,2
ac938ed9-0004-44be-b639-18b26342a2a6,2,1,1,2
6009dd45-f3ae-4168-ad58-193ce88b5c41,2,1,1,2
ebb025dd-54e0-49f6-b2a6-e077f99fd395,2,1,1,2
15d6d6c2-6230-4543-907d-a54b957fc3ba,2,1,1,2
94183f56-9427-418f-a8f0-377ea5a13c98,2,1,1,2
9120de60-c212-43f5-8ef4-1e09a356b484,2,1,1,2
7e06f9c2-d39c-4bed-aaed-67dc8ecf6c99,2,1,1,2
132cf0f2-1728-404f-9171-2197de7c212f,2,1,1,2
4c6bfc52-236a-4bb1-a285-3a48210f98fa,2,1,1,2
1b629b27-3c3a-eb8a-a7af-0b5ce7489515,2,1,1,2
8689333f-d97f-4a04-aaae-4c46aeb0a76b,2,1,1,2
e02ae926-2c40-495c-b331-7cb54c84c0d9,2,1,1,2
a6aa78b5-9e0d-4cdd-bc93-1314c9c0f720,2,1,1,2
f5f5516f-9451-4f61-a969-90524b621d71,2,1,1,2
d3696050-d6e8-4e8f-bd91-3ad6308e1bbb,2,1,1,2
ff2c430c-df9e-4af5-8dd9-f667f37f83c2,2,1,1,2
b438e9b5-ad25-41c0-95c8-c56c47295c08,2,1,1,2
f2b4ea22-3e18-4e10-97fc-2f9a149c971f,2,1,1,2
edbdbc23-0eec-42c0-9ea3-fc43ff628821,2,1,1,2
fe0322fd-aef4-46f2-b5ba-489bf335b0e0,2,1,1,2
ece3f2f4-baf1-47cc-990c-279d6e510d80,2,1,1,2
1814e90e-0d45-42a0-b586-9d5c0cf42238,2,1,1,2
8460e1e6-b07a-4543-a1f6-6de74791b599,2,1,1,2
0f95b8ee-581d-4db2-ac75-3e1cb076140f,2,1,1,2
1d124d93-47b4-423a-909b-7641f1a58861,2,1,1,2
4b3a9780-0af6-4b6f-bebd-8a53157af0c9,2,1,1,2
3fdc6e02-b599-4aed-8d37-c2b2d6238780,2,1,1,2
3d999751-0b54-456b-bc8f-3954cb371aaf,2,1,1,2
eaa661cd-e8e3-4311-8aff-ea80c38cf1f7,2,1,1,2
7c6fcec0-5fe2-44b6-9482-58811cf0a9d9,2,1,1,2
ed1e4ead-a179-435a-ba63-2367c71ac10f,2,1,1,2
c7159667-8407-42f5-8068-aefce8d67efb,2,1,1,2
209d64a2-737d-45a7-a525-fb79ea0b36a8,2,1,1,2
b970b12b-c2a3-4ebc-972c-2bd885ee76bb,2,1,1,2
4ce98d70-efa7-48ed-b0ba-e42e3f16eab7,2,1,1,2
587d1e72-c308-421d-806c-7a259d0021b9,2,1,1,2
4b400dc2-189d-40d7-891a-7f511b6425c7,2,1,1,2
9bc59d82-a4bd-4212-b1be-9854642cf795,2,1,1,2
685ddeba-9e4a-442a-aa4b-e017624b074d,2,1,1,2
9dafdf12-77e2-853c-0cfc-45917c5d4277,2,1,1,2
ed695be2-10c0-4522-9aa9-a8f5025b5cc0,2,1,1,2
8c64b697-dba1-478c-a592-269372c570a3,2,1,1,2
8af1566b-668e-27ee-62f5-33cf681f522b,2,1,1,2
7aa56ece-e7fd-4ca2-8235-be83f9a9b63c,2,1,1,2
3e7bb45d-612b-4e89-9d22-1d6d96b7d896,2,1,1,2
a2d5e45b-c792-4436-83dc-c19eacabc1e1,2,1,1,2
cd78c4ee-4eca-4549-8464-8ec90aa9bc56,2,1,1,2
71a98e35-a949-4878-97b0-24805ee963d9,2,1,1,2
bd5c1a82-ce37-4054-9407-d98e9628f2dc,2,1,1,2
0441b91e-8131-48be-9e79-b8f08e2d6752,2,1,1,2
17f95289-b06a-4de1-8b2a-42b9b873d78b,2,1,1,2
1aa21c97-87cd-ab76-60f3-8933d8744ddd,2,1,1,2
3503938a-12d7-4abb-9eb1-80318c44592b,2,1,1,2
c08a94bd-7b25-4f20-b122-eebed5822add,2,1,1,2
ab244bcd-8644-4390-9fde-f11d03fac475,2,1,1,2
b779df21-8dd8-437e-b108-94460b7ddd7d,2,1,1,2
0fb5f529-3a52-4efc-ad49-f9c8e743b15c,2,1,1,2
5ce84bcd-62c2-4c0b-80ad-f945d6375034,2,1,1,2
67aa674d-db50-471a-a90b-668a66b1ae44,2,1,1,2
f945cf9b-f98b-4c95-ba04-e7c1c37e0b01,2,1,1,2
4a9a4d02-369d-4393-81c2-fdbb6c9bdd66,2,1,1,2
5514cb19-c6e2-f1c3-3497-a54d8a78d1d6,2,1,1,2
b2f616b8-7130-46b3-b0f4-bc3d9218c4bc,2,1,1,2
13412951-2d5a-49f9-bfa1-c9b4941487e6,2,1,1,2
1a64d985-d200-894e-0701-4b5afc43c960,2,1,1,2
f3b4e676-b9f1-4e55-a5da-98e9f720324f,2,1,1,2
76d99738-38b0-4676-bde0-6ae579003e1a,2,1,1,2
567cdf64-e125-48d1-967e-b790d98c89c3,2,1,1,2
214e0c7a-3ff7-4005-ac7d-c507750d7930,2,1,1,2
62f42a84-9a99-4519-923c-f1d24be6f5c2,2,1,1,2
eb7249ed-40d3-4eb6-b5af-20b0e261829f,2,1,1,2
5d54e38b-288f-4165-ab8f-2f2da574cf36,2,1,1,2
1fc1a5bd-6376-42e7-b4f0-02e1601046d9,2,1,1,2
79f061d4-89d0-46cc-93f2-2587afea9ad9,2,1,1,2
029585af-9fcb-472b-b4bf-113df48892c2,2,1,1,2
f446e70b-afa6-4564-8c17-ed0eee18b44e,2,1,1,2
ac6e3d7b-8fa8-40f4-a667-52c59a62150d,2,1,1,2
f265e778-95bb-47c8-9ccb-fd031200c3ee,2,1,1,2
fae3b1d1-5ac9-4ae1-a677-fc984833deca,2,1,1,2
66ea1da6-484c-4930-a665-fdc8fe06bde9,2,1,1,2
afe8d991-b41f-c5ea-a823-f482db7d6a1b,2,1,1,2
cd5ecabf-0bcb-4c55-93cc-0f17a9f10f68,2,1,1,2
b6cec380-80aa-40a4-b4bc-40d22b0e642f,2,1,1,2
5f2c7512-c16b-4600-9a88-85fabd5b7123,2,1,1,2
58fb98e0-fbc2-426b-ae84-9e6d58ef1c0c,2,1,1,2
725eebf8-39d4-8c46-211e-2661222cadd0,2,1,1,2
13becea5-b9db-408b-bc1e-fec55d6893f5,2,1,1,2
2f7bd250-a0e2-449f-9b00-2f7f1db3d43d,2,1,1,2
93534547-9b76-a434-8226-10585fbb8886,2,1,0,2
89db8a1a-1c3b-4085-bc26-65ef96ba2b23,2,1,1,2
f9567fc9-eece-4da3-a4ae-1804a4430091,2,1,0,2
4e986cdb-4195-4ecc-bfeb-bf25f8266346,2,1,1,2
05efdeac-a30f-4b41-bb1d-4d2dcdabd9db,2,1,1,2
bb33c750-bc16-1ee9-b938-3a28ae296deb,2,1,1,2
8f23fe0c-7c73-45ad-91cf-774a959c98a7,2,1,1,2
d94e6af6-1ae3-453c-931c-c98e1d652c08,2,1,1,2
20816a4f-342c-45fd-aac3-8ff372bddef7,2,1,1,2
12440f9d-3b56-4035-b839-192f82905376,2,1,1,2
39b1f1d4-fb04-4ceb-ba5d-b91568dfc08a,2,1,1,2
70ae1350-8701-42a6-b309-4680c11d708e,2,1,1,2
3cc5e8e4-70d2-443e-a3d1-525d093abad3,2,1,1,2
6d04dd9d-4a86-4c17-8bf0-ade33e25a968,2,1,1,2
7b5dd180-7899-449a-82db-cce10abcb997,2,1,1,2
7e91504e-7ba7-4c57-a40f-dab0d179e343,2,1,1,2
95125f86-05c3-4b8a-b09e-eebbf3a2100f,2,1,1,2
a3dc1139-cab5-46ff-bd44-5ca84517373c,2,1,1,2
c186f331-9614-4fa0-adbe-c9853db1dc86,2,1,1,2
035e9436-6e9e-38d9-b7e0-a82bb081cd3a,2,1,1,2
0552c3da-6b97-4d7e-a495-3e1d0631cbb1,2,1,1,2
f09aab31-c980-4850-aca0-2de77d5b4444,2,1,1,2
154745b5-2354-4c1e-a802-d00ecc326f60,2,1,1,2
978705ff-c22e-4d7b-bbf7-3af48183980b,2,1,1,2
b9b1461f-755a-4569-9bae-9aec694907d5,2,1,1,2
0c1275f6-6a35-4a8c-bafb-f51c00bef1db,2,1,1,2
e6d551ee-9bbf-46fd-94cb-a02a9633b262,2,1,1,2
1375cf8f-09e6-4684-a471-3b058fb7b7f2,2,1,1,2
24e450e2-5e93-1392-b37e-b496b5dbc191,2,1,1,2
c008a117-d35a-9803-9dbe-89836d18dfc6,2,1,1,2
5bc85d48-abfd-4018-9314-1358d0d9975d,2,1,1,2
cfad805c-c45f-447c-8bb8-1ee80cda440c,2,1,1,2
cdd95eae-1dbd-48c9-811a-da1cc9178849,2,1,1,2
658b6ce5-d983-4b32-8079-d51f228e8ba6,2,1,1,2
09ff44e5-fa47-4060-8113-ad471f8f4175,2,1,1,2
539b3cc7-1c3d-4410-9d6e-718ba1fb2518,2,1,1,2
30ef5d3c-ff23-4fcd-97b1-dd5a83fd5c41,2,1,1,2
7d977b05-5b19-4a09-bfed-aa385c07dc99,2,1,1,2
71598e42-83bb-4e08-9bac-1a4ff48833ba,2,1,1,2
f28ece46-3cae-4b8f-93b9-a9f63de54039,2,1,1,2
22eebaf1-0ef6-4a3d-a627-e4f8cc48b999,2,1,1,2
17187b63-40fa-459c-b0c1-e73336656c7c,2,1,1,2
f2732446-09d8-416b-a5c7-2934250cb4e1,2,1,1,2
ac1f97d7-3867-4302-a3e7-c5c79bcd2c9e,2,1,1,2
ca13ac77-b010-453e-b1c4-e8ba69549192,2,1,1,2
5e319a4c-0262-4db9-8404-3590c4323ad2,2,1,1,2
613d9454-c71e-41ee-8cb7-96838e6205c6,2,1,1,2
68fac52f-7c84-4e52-a5f6-6842005d2073,2,1,1,2
ca911f5f-3a75-454b-a9ca-77225235d508,2,1,1,2
852b7109-16d2-487a-8436-19ff334e39c3,2,1,1,2
90d117bd-057a-4b25-8fad-81c00d449199,2,1,1,2
dabea9c0-3616-4442-8237-21ef8c882c25,2,1,1,2
12f1b308-e933-4a75-aea2-85d3d3fcf81f,2,1,1,2
b2ef6b7b-1066-488f-963b-57260fcff9ee,2,1,1,2
e473a36b-0e24-4bb4-ad34-f77dd9e4511a,2,1,1,2
eaa2310a-7344-4ff2-85a3-f5ae9c632a43,2,2,1,2
ad3fdbb0-df70-4e1d-a599-809457a68287,2,1,1,2
07305b59-bcb3-45dc-9ea3-6bf9938e1688,2,1,1,2
7521cb56-031d-4054-8923-b1ce6bfdb050,2,1,1,2
f00a7a56-9732-4801-b92a-590b87957130,2,1,1,2
c7066aa0-bbe6-45ce-8ffb-963d23671f19,2,1,1,2
f2afe2b7-e630-49a4-8088-737cef6460c6,2,1,1,2
0ee4efb1-8fe3-48b6-a12b-9139751a212c,2,1,1,2
2d0e92ed-a8e3-45b5-9e52-7659c926d3c2,2,1,1,2
1d0954f4-808a-47b5-acb9-963a3642965a,2,1,1,2
2ded05ce-bd61-4527-b479-252c3c12ea3e,2,1,1,2
2fb22ddf-72cd-45b3-98ff-743647d27b0c,2,1,1,2
346c4564-4603-1381-966a-2d50169c8883,2,1,1,2
3596c25b-d2d3-46ec-85c1-63b12e766da5,2,1,1,2
5df0f59d-fa3a-4ff2-b1d1-0def8db8ec4f,2,1,1,2
5f284d7f-fc89-463d-a88b-0d995ef35164,2,1,1,2
7b5869f9-e7d6-4b26-b843-302da07cca33,2,1,1,2
36aaabea-6a35-4c08-a87b-7e88b21e97b1,2,1,1,2
e7de400a-9f49-423d-8f40-4091fa473890,2,1,1,2
8838c202-601f-46af-b5aa-4731c2279793,2,1,1,2
c25c7e06-c6ce-4d8a-8705-5d8d532479b3,2,1,1,2
3042b041-e7a4-48a7-a3e5-29337231c32f,2,1,1,2
0ffeb87b-8c99-4738-b887-5e427b9ee1c3,2,1,1,2
75e18ec4-9c2b-440c-86e9-15e5a7ac13c6,2,1,1,2
5f44f6fb-e192-4f86-95e2-59a64d1c610c,2,1,1,2
08687af4-f39f-4461-94b4-c2897fc41336,2,1,1,2
50bd7998-375d-4fb4-bb4a-beb1994b61ee,2,1,1,2
9b9db921-4cfa-4135-be59-841f54a4a832,2,1,1,2
7a2da5b8-fc9b-46df-86d1-74fd6ce11426,2,1,1,2
7926b04c-f3e7-83cc-746d-d153e47fef2b,2,1,1,2
83b09dca-f08b-489b-b597-945dec8c87c1,2,1,1,2
91b917c6-53ac-46f2-8fc2-57e424a7116c,2,1,1,2
c8f67cf9-615d-47c2-bb38-4b61e723795b,2,1,1,2
4f8d8d70-f01b-4728-92c5-36286d8decb1,2,1,1,2
0e5f21a8-4abc-44a1-bdcf-9d69524eaa77,2,1,1,2
bf8c01b5-e43a-4d10-8527-cd0cc25a9dda,2,1,1,2
424e7774-7990-43d3-bbac-5d4bec7fbcb8,2,1,1,2
9c6f77f5-a389-4601-b624-44c708a662a9,2,1,1,2
025c7c0b-3067-4d39-b8f4-4a4f06f7dc0b,2,1,1,2
f995fb83-2e13-4dad-964a-6e446eaffd69,2,1,1,2
a7a15861-20ff-4394-b18b-b7e9efe98997,2,1,1,2
16acb67b-cc0a-45f1-b257-f872f789a620,2,1,1,2
4bc1c667-4521-4eb3-a777-fca59082a4dc,2,1,1,2
fe123b06-c6ff-4b53-a172-46483e671e0f,2,1,1,2
5ffd1920-c8e9-465d-a819-8463ac9d6d0e,2,1,1,2
9f4fe880-8e22-4797-abbe-ebdc0082458f,2,1,1,2
7df1ab48-96d6-4a06-8a6b-9e66c4b85c50,2,1,1,2
e550b421-0528-424c-8611-2a57763decb3,2,1,1,2
1b8e0262-a37c-4f21-a7f0-3d0b3fa2d7cb,2,1,1,2
41ae0023-3a78-41af-981b-9700b14315a6,2,1,1,2
7e9ad956-06e8-4fca-8ee6-6f93b94484ee,2,1,0,2
51b55e42-1e90-f09d-5f47-b636ed35d486,2,1,1,2
8f46a848-f4f0-4eec-904f-27f3a1031d72,2,1,1,2
2e6c25d2-f3a8-4916-86d7-d6fb4ddb7b42,2,1,1,2
7d7ea488-0506-4070-9d68-38f6cdfa4e80,2,1,1,2
6a1867fc-6f53-4d39-944a-14e5666da934,2,1,1,2
de405c50-fad7-412d-ad25-f18381a4cef6,2,1,1,2
498ddade-9c6e-4548-83d0-c49e4d2daa54,2,1,1,2
dc4b8fda-199a-495d-b340-a760ef0c8b50,2,1,1,2
1d53b920-5b3f-4c6a-a9b3-78eb07abf16e,2,1,1,2
d31be7d4-bf62-434f-9971-dba14a430760,2,1,1,2
fa6b9a67-b833-4aa3-87da-c30f9d5d8d77,2,1,1,2
23c29e83-1cf4-dccd-3788-3124b221841a,2,1,1,2
525b7ac0-d20d-4df8-b811-ce62110989e8,2,1,1,2
64b42fff-145f-4829-b08a-bd93cf73d438,2,1,1,2
f744b5d1-a031-49d0-b733-493b5f0f7d45,2,1,1,2
f9919ebe-23b2-4663-9cf7-ea443e4bec2a,2,1,1,2
30b53768-eb8d-4d0e-8f56-56ff53b163c6,2,1,1,2
91dfec3f-b413-4c65-b43a-903fce929f31,2,1,1,2
ff0f5fdb-e4c2-4e8d-be1c-4ac874931b52,2,1,1,2
fdd3163e-c63c-45db-a107-71d62c23469b,2,1,1,2
f520ee03-83de-4bc1-a054-cb65e5c76f79,2,1,1,2
6f9eeb12-7909-4509-b9ce-7d6dd456ffe0,2,1,1,2
357e5a39-3842-4230-814b-513140666145,2,1,1,2
f7ebf82f-24d6-4af4-aaa5-c5139820beb5,2,1,1,2
08a9372b-4b87-47f2-8044-125c75971478,2,1,1,2
21c19700-4a34-4019-9a3c-31dc2281766a,2,1,1,2
3b5f5057-411d-468d-a74f-616723181a95,2,1,1,2
2c1db9af-3010-44a6-85cf-a41c4aba6f08,2,1,1,2
afdb4240-4ddf-4637-b1cf-99222db7cea0,2,1,1,2
3a8b8ed6-d8ce-4edf-a6b7-a6d19adff60b,2,1,1,2
66fd271c-3685-4246-b66e-73a5fb48294f,2,1,1,2
f7e7c53e-f5da-4e6e-93ce-9e903226624c,2,1,1,2
8d6fdd6d-5520-45fa-aa34-dc17af422cb5,2,1,1,2
beb2cf43-69da-48ba-ab41-4622eb497c0a,2,1,1,2
24142f42-7556-48d8-aa46-647dc06ff7b4,2,1,1,2
fbf68420-ab3c-40ef-b2dc-51ae954b0340,2,1,1,2
3c5b29bb-2998-a82f-0c76-98528ed901d4,2,1,1,2
8a3861d7-c8da-4474-906b-8945adfaad73,2,1,1,2
3129af22-898f-46b6-add1-a4aab71efef8,2,1,1,2
1d313718-0a73-4681-8085-1b760f2ba6cc,2,1,1,2
19927231-ea7f-46cb-9b34-20d8ff43b813,2,1,1,2
3f3ba4e8-a0c0-fc82-cc72-2b3d5fb67b02,2,1,1,2
b1c59806-1894-41ff-a9f3-0dc2e585ca99,2,1,1,2
1711cb70-2b51-42d2-aad4-1da2a40ea9c6,2,1,1,2
d5d7c004-9782-4e0a-8100-d6f0cedf0407,2,1,0,2
f099d2e8-d02e-4deb-bb5c-39a4d780e2ad,2,1,1,2
dd8dad7e-2f95-4ff0-bdae-aeb902235584,2,1,1,2
c87f0f9a-ac32-471b-8f43-4af0c70bee07,2,1,1,2
30c4e6da-8005-4d8f-b5b1-0c2a3a46510a,2,1,1,2
369b42ed-5f57-4ef9-9e8b-331983b6c42f,2,1,1,2
8206f7ca-e5b7-4a56-b94c-b6aa50891ad4,2,1,1,2
fca08fa1-6351-0cbf-22fe-ad2e48e7ebc3,2,1,0,2
6e6cb054-da39-40b5-a3ed-fff5993624f9,2,1,1,2
b5fcadfd-c1c4-43c1-a1d6-e81966e510d5,2,1,1,2
036aaf02-683d-4564-8355-a5d49c6d8322,2,1,1,2
ac63d58a-5703-4083-8ee9-3140f51166fe,2,1,1,2
a561afb9-e7eb-74f4-0181-cfeec85f94ec,2,1,1,2
17cdad6d-fefc-4499-ab9b-f6df987ab98e,2,1,1,2
1591dc4c-82ef-476a-a529-3682ee760c02,2,1,1,2
762c53d5-859c-4375-8e75-cbd13449227a,2,1,1,2
9d210740-3020-43bc-ab84-196b914ec68b,2,1,1,2
f2c9e576-92ee-47d0-833e-5457377b9c01,2,1,1,2
35f4c04f-5b99-4342-8b76-e36720d7e114,2,1,1,2
22472c6e-2349-4953-84da-0ad1145eb3d0,2,1,1,2
dcd38169-7917-44de-8648-37ad4501afc5,2,1,1,2
051ca996-a846-4c41-8f50-a558c0b93ae7,2,1,1,2
51337dd0-8836-4050-ad9e-e8a3bceedc38,2,1,1,2
05c8d800-2fde-45d6-b271-56a571919deb,2,1,1,2
eea553fb-f3e0-42af-9d55-6b29b0d1fdfb,2,1,1,2
63ca096b-834b-49a8-8cf4-09729d7a4afd,2,1,1,2
4b32a6dc-2c6f-86c9-a1ce-4f7b302d297f,2,1,1,2
ccd25b6d-ab31-4f65-9cae-610930194f76,2,1,1,2
47b1d23a-78a9-8274-11d4-28a132bb84ed,2,1,1,2
f2c49b13-e9b1-42e4-8944-0971bb19d2ad,2,1,1,2
e5fb6761-3f8d-9762-0a59-73f7716d8f47,2,1,1,2
5ed6f364-b524-474c-bce1-86eb1419d9d6,2,1,1,2
add4f7a8-4db8-44c1-a589-0e7afdf7ef21,2,1,1,2
2a7786d0-47c8-4cd3-8c77-6438fa3daea3,2,1,1,2
d6ec40dc-634a-4f25-9de6-5fd3771463d9,2,1,1,2
5d16ea39-eff3-4996-a01a-f9275a5758ff,2,1,1,2
db2f3c0c-54fe-49df-9cba-d4d724cd30f2,2,1,1,2
1b976697-5f86-4d15-97c8-7b200f29825f,2,1,1,2
d4fbfd22-6ca0-49d3-9ac9-f546fe15b2a6,2,1,1,2
15169c81-d53d-4795-87d0-3fd0b86a1345,2,1,0,2
2649d2c1-a92a-4747-bc64-121912821100,2,1,1,2
1814917e-a51f-4721-b063-47f2a5800ff0,2,1,1,2
1c356875-33a1-47d0-a8f4-ef1ae2cb5975,2,1,1,2
9cb2da3e-3e27-4cd0-981f-ce6a32bb9e8e,2,1,1,2
04ae5453-1450-414d-9309-38cd54a20263,2,1,1,2
fa7d06a1-7907-a8c4-b417-24787699a2f2,2,1,1,2
d8d0ec83-81c9-46db-80ee-c35f593dd248,2,1,1,2
d68617c8-06a0-468b-bb1e-909a6896a6dd,2,1,1,2
7781989a-8973-41b6-8871-7622e61b6961,2,1,1,2
075667f6-4270-76da-aee1-27c102f4cfe9,2,1,1,2
6310a16b-eeaa-4fa5-bf1d-eaa0027211a3,2,1,1,2
78739a94-b79c-44b4-9f45-752f02187778,2,1,1,2
bee26af1-5f56-4b0d-adff-2fb24743af28,2,1,1,2
d8887661-ff8b-4503-b37e-6ba1ce2088ab,2,1,1,2
f14d83b5-6c76-4277-8ff3-49c8092775a5,2,1,1,2
90f38970-3228-4d46-a969-1035ca0b39f0,2,1,1,2
d70a67af-6903-497d-9f65-2de3b77343be,2,1,1,2
0828620d-95d2-4e8c-954b-287ae9559c13,2,1,1,2
060595dd-1164-4439-ab41-7037cb7bb3a4,2,1,1,2
4ef58adc-c9e3-4a8c-892e-a4bf034fabc5,2,1,1,2
fd32d4e7-203e-4e14-b06b-9c128ad3e9b4,2,1,1,2
6e3c1918-1ddd-45e7-a730-aaa3c5ffb118,2,1,1,2
9ab9bffe-2384-413a-8c1f-d24d3bb82c13,2,1,1,2
0fcb22c3-cf7d-4b66-9b1e-623eec00319b,2,1,1,2
53c4c485-d936-473f-990d-b88603121753,2,1,1,2
58cd32e0-4511-469d-a3d8-6d53c62f4c41,2,1,1,2
25b21ffc-af8b-46d6-8891-659cdb4e0a9a,2,1,1,2
e3bc85e5-64e4-4d4f-87ab-631ee34d716b,2,1,1,2
463d0e83-9483-f5d8-4ecc-89e5794310d1,2,1,1,2
ca58d681-7646-4259-a90d-b0313d97ba7c,2,1,1,2
ca62bb81-a3e3-47ba-a98a-069a67fe139e,2,1,1,2
5aa5d1c4-852c-4d39-8da1-339a207c2c9d,2,1,1,2
303551bb-b771-4793-9c20-83fd720990e0,2,1,1,2
c7e3a425-da32-4efb-8ce7-d70bfb599dd9,2,1,1,2
eede515c-d7a2-1eac-c67c-e32e38578b79,2,1,1,2
10699df4-d215-415c-bba5-7e7be297dfc7,2,1,1,2
1bf7c489-5c52-42f0-b0e0-d2b86249769c,2,1,1,2
405c4387-ab96-4e01-9435-e6bb81dc39df,2,1,1,2
06c3c5b0-6c8c-4b4b-b8ce-3ec99212e64a,2,1,1,2
6e8d70c8-e1d1-4da5-99a7-094583807643,2,1,1,2
f2c7ff31-2eb9-4101-b79d-ad5502b3d878,2,1,1,2
8614ceda-350c-4dc0-923b-d78e039086b3,2,1,1,2
ed5b7bb7-3c61-48fc-93db-9e26616dacf1,2,1,1,2
63a4216d-872e-457a-9d7f-de00914f3a43,2,1,1,2
bbf06742-6725-4ccb-aa1b-a8aeb6056000,2,1,1,2
2777a99c-2ad4-4322-8eba-f8463c4b43ce,2,1,1,2
0654a1d5-7657-4be5-9673-a19dc3e53442,2,1,1,2
a20efe85-f817-4744-a015-debe5b421d48,2,1,1,2
dd20b2ac-13d3-4c80-a5c1-7b4dae27f68d,2,1,1,2
3e1ac8eb-1983-93ad-b581-7e35a9f1dfe6,2,1,1,2
256695ba-3e4d-4bc1-9ab4-dc98eef10317,2,1,1,2
5df77e67-29c7-42ac-b53f-40cb4d78e3c6,2,1,1,2
4c4a8425-4588-4462-82b0-ca61ccfc8bb4,2,1,1,2
0dd42220-4495-4660-a336-00ab4c68838c,2,1,1,2
6c703ba7-2c5b-44f5-a69a-96cc509ab2a0,2,1,1,2
8f44dbc3-57e6-c489-6fd0-71c6438a4b4b,2,1,1,2
d1e2c83d-1410-42fc-927f-ccf6ca7b0655,2,1,1,2
1a18b8a6-30d2-49e6-b155-4675b00c7ec5,2,1,1,2
55f5801f-22f4-4269-bcd3-60d8f1c612e9,2,1,1,2
1e02c855-e20b-9962-de19-060a19ba96b6,2,1,1,2
d33f4f87-bd54-4877-9c04-61b2eb50cbc6,2,1,1,2
9361db2d-9169-47b4-9957-98d7ae9bc0a8,2,1,1,2
d251eda7-bf76-07d2-eb70-e8f06dd04fc9,2,1,1,2
b5220ee1-0179-d7b7-6e0c-11d2d3d349a2,2,1,1,2
1dce16c1-94ae-4caf-b7e2-318ec25d0226,2,1,1,2
8bed5526-a4b9-448b-a83c-cae21099d175,2,1,1,2
bc62904c-ea1f-4826-80b5-8ab7744f3ab1,2,1,1,2
580ec229-740f-43c8-bb91-b29309bbeb05,2,1,1,2
c1008f3c-ad9d-436b-9b26-047d1d811679,2,1,1,2
765c212c-57e6-40b1-b787-542fa654211a,2,1,1,2
60b9047f-8043-4db3-9808-e7240147fffb,2,1,1,2
1fccd625-254a-4693-933b-4558875db493,2,1,1,2
96d20af3-8220-4434-8d98-f3b59b5d9c90,2,1,1,2
4aa8a2f8-cb4f-411f-97e6-7c3f1c06563f,2,1,1,2
cd81f7e2-79e1-0aea-73ba-3482c5630466,2,1,1,2
7d8c2bcf-6a5a-4fd6-a118-db753aef0070,2,1,0,2
2ac71b0f-8a0d-45f6-b5e7-f4d98e174aad,2,1,1,2
8bc621f0-a196-4d4d-b27e-1ca1f971ba85,2,1,1,2
ad9ffedc-77a1-42a3-94be-ca870a2390ee,2,1,1,2
28c62b2a-3e3d-4e75-955e-7f7e810f9b8e,2,1,1,2
05655a6d-63a8-44c5-9154-95e0c607b208,2,1,1,2
821bb5ab-23e1-4d5d-8d16-7e7888de20e3,2,1,1,2
4fe21a91-8dd3-447c-98ae-cec8e419e7c7,2,1,1,2
2808fd2b-2fa7-43ba-b398-80f67f7b68ca,2,1,1,2
25963a88-d394-49f5-8cd5-97871cb0835d,2,1,1,2
94782157-ca79-4317-ab55-88edbaf301dc,2,1,1,2
d192737f-c96d-40ad-ab95-2564ea109b1d,2,1,1,2
d9a89744-28eb-4380-8a3d-cbbf75aba32d,2,1,1,2
5ce54dbe-03a6-4a1b-b187-51260334999a,2,1,1,2
23f4cf1f-6ee6-4ff7-9f92-d72aac4ca2ed,2,1,1,2
1bffb2cb-f7c5-4077-8305-24ccd6d329d9,2,1,1,2
fdedfc07-0482-4901-8754-ca90da5c0e93,2,1,1,2
93d22e88-bd97-4337-b9f4-ddae3e4edcf8,2,1,1,2
64ea9bdb-5cd7-aa5b-934b-36407ee4961c,2,1,1,2
4ea5b05d-e60a-4410-aab9-57230cdeb565,2,1,1,2
7be2a300-52c4-4ae2-9296-4512d8204f2e,2,1,1,2
88d1e3eb-3247-47f0-ac77-10ae8fc329f1,2,1,1,2
da0ae434-e6e7-7b4b-bf79-2a8d5ef23e5b,2,1,1,2
2cfd21f4-8d63-421f-8488-139a8e4820ef,2,1,1,2
b6ddf596-6504-157f-2a5b-16aeb21ed568,2,1,1,2
30bbd08d-c6c5-476a-9903-819468d5c05a,2,1,1,2
31265a55-f0fc-4be5-9e13-1871ca7c6852,2,1,1,2
c013c23a-6b16-40a6-be2c-3d537fc871bd,2,1,1,2
004ff59e-9a6a-4f46-ba02-0c516b2ff70c,2,1,1,2
41038b77-8715-4682-9f56-59239cb23086,2,1,1,2
45d3bff1-8210-4e2f-8f09-dcd6d9d48795,2,1,1,2
56f7cb56-d6eb-4cc5-9e70-bedcdba8156c,2,1,1,2
70f18662-293a-4e67-ac21-8e321b013fb4,2,1,1,2
6f4791d1-80f7-47b0-9c2b-b0cc047976bc,2,1,1,2
673e22bf-9c5f-46f0-a701-e6aa68236a73,2,1,1,2
1ad7f60f-3dc9-4a90-b70d-a9dfe2052b05,2,1,1,2
28855a4d-649a-71ae-0bb1-9a22fc09e995,2,1,1,2
dfc76f5d-6f33-4cc4-9b40-b9991d8be37b,2,1,1,2
0b0b8d94-7a92-4398-8c10-66f60b9d26cf,2,1,1,2
a49d4bba-107b-4494-a6da-031dd76e22df,2,1,1,2
af52d198-c250-4cba-907a-966646aa04ab,2,1,1,2
186afd37-4aa7-4c84-f764-6145324951c1,2,1,1,2
acd241bc-9ef1-41f1-8f11-f924f426c11c,2,1,1,2
789fc566-c885-d4b8-70f0-d7610d724b11,2,1,1,2
c0a57013-8309-4323-aea7-eca3654c78de,2,1,1,2
f903eab1-049b-4cc8-ba83-92145e25b4bf,2,1,0,2
f03e604a-4dfe-4262-92bc-4a01ec25ee75,2,1,1,2
48c46eb0-6d47-472a-b03e-db2ec9dba0b2,2,1,1,2
c0bee237-a8d0-4b8b-83e1-81113a76680c,2,1,1,2
005ad744-d221-6ba9-69a8-9962045688db,2,1,1,2
57a8ee29-6b8d-46a4-b3ec-27d2d3b42cd5,2,1,1,2
f61136d8-fa0e-4dde-9947-fbc0e36e2fec,2,1,1,2
673cda16-c3e5-4ed7-bf00-c797d87f68cb,2,1,1,2
f7299782-c044-4804-aa52-e0ba4c7b680a,2,1,1,2
d4c52018-17fd-4767-aae3-d9646433b023,2,1,1,2
856ecd6b-0119-4077-a9dd-0aec6846d5ae,2,1,1,2
d01a405f-ed0b-43e7-bb57-783dd47ed725,2,1,1,2
58d31d95-8882-471b-b8c7-cca4fdf010cb,2,1,1,2
76a662ca-a165-4fc0-8a03-cb5c382679e9,2,1,1,2
015e684f-437a-4216-aeed-072385e9dac7,2,1,1,2
48924761-f7d6-464d-ac7b-b0225200fe1f,2,1,1,2
94489a33-4c0d-4be1-8c5e-cb2bb20f4969,2,1,1,2
5ba997df-793c-4d26-babe-540ecacf5ff6,2,1,1,2
ad6e9963-3409-4780-8cfd-cf060163fe02,2,1,1,2
f2b264d9-60d7-4ab4-8959-d5a66a4e3bd6,2,1,1,2
bda0265b-7fe5-45e3-9bd2-3cf47b265691,2,1,1,2
f022e81b-d57a-4f6a-9031-9e8357baa0b5,2,1,1,2
5b6b4845-1055-4cf0-a389-10b1cc1b7230,2,1,1,2
aef805b4-a0fe-48f1-8798-8f3feb67e5dd,2,1,1,2
0333f8f5-3b9e-5d7a-1190-0ea2a706cd72,2,1,1,2
d51c0651-f1a9-4e79-8cfd-c2b107814cdf,2,1,1,2
eef73aeb-2510-4dc1-93da-2ec33de4ad67,2,1,1,2
ec2e1206-c3e0-40bb-98c6-63d83ddcdaf3,2,1,1,2
38c59c9c-58d7-48c5-b477-c8c38ed4110d,2,1,1,2
1232adb9-f780-098b-2ee5-774e52cc3a9f,2,1,1,2
b593a546-382c-4cc3-b79d-c4bf9439a4f2,2,1,1,2
83a1d453-7816-4693-9b2d-ae0317755747,2,1,1,2
53707440-d61c-4e19-a236-2f13d5d738a2,2,1,1,2
a10f70fc-d4c6-44cb-b3be-494b0262b0cc,2,1,1,2
40afe3cd-25da-432f-85c5-86171ab3d271,2,1,1,2
e2112693-fa80-4093-b9a9-2250ae74ac21,2,1,0,2
4b482956-7e98-43cb-83b5-2c72c5fa29ee,2,1,1,2
e2f0e086-9980-5bab-67f4-d78ade687186,2,1,1,2
09e6d633-06f4-4b3a-aafe-a7f41b097172,2,1,1,2
c2baa859-fd0f-4cf2-8941-a27d39ebef5c,2,1,1,2
375e43f5-a60c-ac20-3bbf-d624e3dbfcd1,2,1,0,2
5136227a-5de4-4294-a68a-9938f59ccabe,2,1,1,2
328aab98-7af2-48a7-bbfa-a7a6dd1b4259,2,1,1,2
8a719590-3c13-99de-d44e-2db462882fcb,2,1,1,2
6f0de8f2-3212-4339-b57a-8c500f8adc55,2,1,1,2
bdcd7627-fa80-46e7-ab6a-3bcc3997f8d5,2,1,1,2
a294c6a8-9818-46d7-ae29-e9fb28f9069b,2,1,1,2
17b09b7f-fb66-4f3f-98b3-db0c250eaae0,2,1,1,2
9ffe0789-acf3-4223-b1a3-e70ea1a0ca8d,2,1,1,2
114f405c-03e7-4c4a-9fac-940fc52ee418,2,1,1,2
732c0294-7826-5314-25ec-b638d5d4a0ae,2,1,1,2
6c34c8c6-7a82-4c3e-9c2a-b27f7d53c26d,2,1,1,2
eb6eed98-3b1b-4867-9e96-eec7523d5957,2,1,1,2
e6ff0ce2-b8b0-46fb-8621-88722a6c4596,2,1,1,2
56f9c6ef-b2ff-41f5-a3ab-0e709de5ac1e,2,1,1,2
0232ac97-f6c4-4dae-8557-04111e5eda3e,2,1,1,2
c935e25e-af95-47f5-ba47-c0c63390ad68,2,1,1,2
6066668e-fd27-477e-a00c-055bd9a429e6,2,1,1,2
3059bfa0-2b77-4451-9396-61ff31b8ee62,2,1,1,2
722f2ca9-fbf5-42be-b3b2-1e127e73b0dd,2,1,1,2
5765b619-d52f-468a-b8a4-dd27a5df3ea8,2,1,1,2
3224ff8c-e978-45a1-abb3-a41fd3ef47d2,2,1,1,2
92d6885b-c011-76ca-3d1b-b08a138c140f,2,1,1,2
2552efc9-4fbe-7f66-e46f-17616a541e08,2,1,0,2
898c1071-0d07-e603-be4b-6585ff2c9e57,2,1,1,2
61dcaa5c-687d-4876-a7d6-af81729236d0,2,1,1,2
5e361cb5-6239-4bd9-b95b-fab10c1488b6,2,1,1,2
2f66db78-7a3c-cfb5-7eae-6bdc5548d610,2,1,1,2
b322afac-061c-4f3e-9e5d-c376cc1e262a,2,1,1,2
037d83a0-4e53-4b56-96a7-a23a43857690,2,1,1,2
3fecb28d-77a5-465b-94b5-6ba041bb6993,2,1,1,2
219bd3c7-4c53-4d96-8bbc-4eb1ad5c3db5,2,1,1,2
2b7cb430-4d92-4988-b7cf-8d1d2a3a8bfc,2,1,1,2
b5403861-8b9d-4dc8-b35b-f14939d8a5fc,2,1,1,2
1ed2bb6c-2b1f-4c39-aee5-d4063cfe6610,2,1,1,2
7d932e8f-cde1-45ef-b30f-1f80204054cf,2,1,1,2
0f7e634c-19f9-4e94-8c16-c8a32cc75080,2,1,1,2
224f7c3b-8717-4a75-8e4d-119a3e0d5954,2,1,1,2
7ae8be5b-090c-4131-b328-808aa88d93ac,2,1,1,2
018a76c2-7e17-54be-bd8c-fea47048f6ef,2,1,1,2
93788320-66b8-41f5-a73b-3b27c5c853d1,2,1,1,2
f452e660-42cf-49f2-913f-a8e01ce1daf5,2,1,1,2
686de268-ac0e-4021-badd-d8c516b6c21c,2,1,1,2
0b39fb66-73fb-4eba-ae63-ee6db2bc742a,2,1,1,2
b9bfbabd-be17-4887-8187-ff352b17bfc6,2,1,1,2
692a9910-23e3-4a23-807f-5e10c689cd3c,2,1,1,2
53fc6255-0b64-4e3a-8fa9-0ea10fd948a8,2,1,1,2
d7623783-cac0-4155-9834-80e859b57023,2,1,1,2
91b66eb2-3a5b-b6be-380b-8b40c14f2ccc,2,1,1,2
835c5739-65cd-41e2-8629-321a8d3be34a,2,1,1,2
1d9cc3a0-2447-4904-b795-84d122b00a31,2,1,1,2
dcaa38e0-b92a-4fae-b680-fc8f864a23f6,2,1,1,2
a32d618e-9566-40d7-8d06-8e7fd04f16c0,2,1,1,2
35aec9d0-b337-4a90-b3df-eebccab2f1be,2,1,1,2
c4b2ca8d-3b54-5f1f-fcc1-819cc7202b7a,2,1,1,2
27ecb4dd-f739-4b5d-99bc-990bda3d5bc2,2,1,1,2
75063a72-be85-4eb5-b873-d164e0d3c192,2,1,1,2
8ee5f2b4-67ab-486b-8462-0772de8124cd,2,1,1,2
55ab2f97-76fa-4943-be18-7b39db162835,2,1,1,2
09b2fce0-beb6-4dcf-af30-45d516ef7a38,2,1,1,2
ef4ec80d-6176-4e02-b59a-e2ed20f67a01,2,1,1,2
28034ff5-6278-41ff-ac3d-e6e00e79fe5c,2,1,1,2
5b65ed86-947a-40c9-9172-991130ae44e3,2,1,1,2
058fcaf0-ef17-487b-a07c-72f4ff94624b,2,1,1,2
6585102b-eb32-4541-8beb-c765d1dfbf80,2,1,1,2
f624383b-bddd-446f-b951-fd7308be3ace,2,1,1,2
02fe00bf-9d95-416c-8699-81599db9d6fb,2,1,1,2
dcdb688d-6064-483b-a599-4f794ec293e0,2,1,1,2
ae8cb12c-fc75-4407-b6d5-47bdcfd485c1,2,1,1,2
09f08525-a125-4ae9-b398-adf8a08bc8d2,2,1,1,2
35b5928c-d888-488d-87f5-6b52141a61a2,2,1,1,2
a75ed388-b0d8-431e-9694-c67cbbf8a561,2,1,1,2
ca2a0a32-2156-17b2-9694-b376a6fada14,2,1,1,2
d19a6ae6-1c60-40a2-acea-62b1e3113301,2,1,1,2
a57f9717-1e0c-d33a-6ece-748300a74f90,2,1,1,2
ff27e743-cadf-420e-9bae-0301a862b5e6,2,1,1,2
c63aea4c-39c6-4993-98cc-865abc3ce48a,2,1,1,2
80d153fe-d655-4d95-b73c-67d2047a63c2,2,1,1,2
ba11869c-88e8-4f62-84b4-fd90a5a47b0c,2,1,1,2
3f0bc6fe-ffb8-4e5b-95c0-68efa26e4325,2,1,1,2
66f66c7b-ed46-41bf-aacd-3822cfdf11c8,2,1,1,2
38d8f1e9-43c5-403a-81be-1fed903974ec,2,1,1,2
77600787-af97-4538-b6e7-8eeea5b14a89,2,1,1,2
9575c103-014b-4aa1-8ca7-5bb0da235b29,2,1,1,2
16f4a451-5961-ecd5-146e-07e107e2b37d,2,1,1,2
3fe304dc-64a0-4969-8346-a847f167409f,2,1,1,2
551283f6-5afe-4826-9c50-7dfbe96f7726,2,1,1,2
814494fa-2088-464d-b7aa-34c201ca15b4,2,1,1,2
01810e78-dfd5-4734-ab1a-f28f493d1a63,2,1,1,2
524a51da-84a7-4bc0-8270-cf0b8809f1d5,2,1,1,2
e22dcb1c-1815-4835-a90d-a9c8e859825c,2,1,1,2
ac7fb165-458d-45bc-884d-c36b4c47f14f,2,1,1,2
c86f075e-fac4-4c8b-950e-e812a4946cdb,2,1,1,2
db1f47c9-b8ec-71af-e97f-6217568a32d1,2,1,1,2
d4e7ed86-3b9f-bb94-e19f-d92f996a9964,2,1,1,2
44bbe422-0f16-487b-8718-7b06fb1856c0,2,1,1,2
0f380c58-3c6d-4464-93e6-3b231a047226,2,1,1,2
073fa86b-f27d-43c5-bf8e-c8e0fce421ee,2,1,1,2
647f4330-f808-4f1c-baf3-6bec65e1b213,2,1,1,2
e98bac30-1a79-d2bd-0a9e-b46d8fc45baf,2,1,1,2
bdc03b36-3e1d-4a61-a979-646a2e55ed16,2,1,1,2
4a2fc2ae-3cc1-4a54-a883-9ca50d1bed6f,2,1,1,2
27c2a7a1-febb-4d18-800d-4ccd684d57f9,2,1,1,2
6aec8609-7927-4c29-b83f-3bdc86ea559a,2,1,1,2
c7b1ec06-1726-43d1-93f0-30ec65ec1746,2,1,1,2
499994ff-7add-46d2-a49b-34245de6d2d4,2,1,1,2
e93ef325-3725-4b84-9a8c-e7b2c12dddaf,2,1,1,2
6f38e4e7-9464-4afa-ab87-b6c983d78f7f,2,1,1,2
06516035-b30c-446f-8e9b-a2bbd1be25cc,2,1,1,2
3925e450-2b7c-4e43-9d07-1401cfd75eca,2,1,1,2
aa611b8e-9165-40a1-b8ab-57319619a3a1,2,1,1,2
5fe27766-2a9c-4662-ae59-dc85402b2bbf,2,1,1,2
d2113f2a-dee6-464b-92fd-bb34970cf740,2,1,1,2
668c4e30-f895-464c-acdd-91ca5742d622,2,1,1,2
f2f6c789-9f8d-3d17-b51d-f96034234f0f,2,1,1,2
297e648b-26cf-46f4-a191-a68c9889a533,2,1,1,2
c15ec3e2-764e-425e-b063-30a96000fce5,2,1,1,2
15ff79ca-5d81-4d34-80d7-a02dd00b7708,2,1,1,2
b8e2ad24-3678-4a47-b8aa-3d5c43769131,2,1,1,2
ba4e01fb-455e-433d-a392-cd8b79bcc43c,2,1,0,2
37196765-15f2-4eaf-aee6-209e3c004b50,2,1,1,2
c9d10fb3-f9c4-48dd-8775-6781bec161d3,2,1,1,2
91a3af20-acb8-4ce2-b076-5b40ccab5a40,2,1,1,2
157e9fb0-3b79-4892-b128-3251e20b2b22,2,1,1,2
4ca9ebf5-d351-43fe-847d-87b4e0e5cb8e,2,1,1,2
67f78ff3-06db-4b5f-b1fe-0ade3c5cb7d7,2,1,1,2
361cf4f0-4ddd-6c3b-707d-233f3f9044dc,2,1,1,2
1dd8024f-e204-43f4-9635-e31ecb1fcd2a,2,1,1,2
25802723-a8e2-42ce-b63e-ebd620384337,2,1,1,2
26e617a4-2288-4753-9c02-c67c91865075,2,1,1,2
458da229-2be4-4f8e-8e18-0992e2d15ca6,2,1,1,2
6523b0ee-bf67-41a2-a2cf-b83477d54376,2,1,1,2
f7aa8d79-20cd-449a-b0b4-534d0e7a3b4c,2,1,1,2
4523b87e-5a59-4913-80a7-ecf83f6d3e33,2,1,1,2
876de38f-d02e-43ad-8ba0-d72162f3910e,2,1,1,2
2ce151a2-9773-42a4-a133-406d0839c346,2,1,1,2
8484fc93-4578-48fb-b111-6909e387d09d,2,1,1,2
34723c63-68bc-40b4-a2a0-54bb31764218,2,1,1,2
9d094363-6bf4-422c-b659-6d1461293c63,2,1,1,2
39be0bc1-3a52-414c-9775-b9020dd24f0d,2,1,1,2
24d59efe-530e-4b81-bdb5-8b8bbebda1b6,2,1,1,2
c9753262-065b-48bc-8c6e-31f58fa165a0,2,1,1,2
b8cefad7-91c0-4b08-ac81-0615e827e3b7,2,1,1,2
d46749bf-dc16-45c9-a04f-fa6a7ef6dd22,2,1,1,2
432abd57-b4f4-4fe3-b699-b608e513aef2,2,1,1,2
36d0f732-0bf6-4ad3-87d1-bd03c7bd3ba0,2,1,1,2
52575248-78c3-1b7a-1090-7840b59592b8,2,1,1,2
a3fe93c5-25c7-41f2-85ba-5d1fcb26bc65,2,1,1,2
42afcc73-b796-4b09-a379-089f01d49abf,2,1,1,2
bacc7f37-0c53-48da-9d0e-e157e2a24279,2,1,1,2
ef2203f6-75f3-405e-a8b7-b0f3c46689d0,2,1,1,2
a1ba5199-c17d-475f-a38d-98d476fb3027,2,1,1,2
17551ce1-121b-49d4-a554-2056df3fbe3b,2,1,1,2
2767a534-48bd-41ba-a2c2-90af9b5b7f0a,2,1,1,2
8272748c-3099-437c-880d-87cd4af1366f,2,1,1,2
295d12cb-bc15-4d8b-88d6-f55f4ca22d9a,2,1,1,2
b253f4b3-5c0c-4aeb-be4a-59c366df197c,2,1,1,2
da93aea7-c2e8-44d6-8b10-9184a9feccfb,2,1,1,2
bffefedb-4f12-4132-af43-6521971b5116,2,1,1,2
3c35459a-1c0e-491c-8ca7-e7027ba48ab3,2,1,1,2
7c97ddce-b3b8-4161-9613-4d0bd30b3b65,2,1,1,2
15311016-cb0f-4eb0-a119-87409fa19316,2,1,1,2
b5bee91c-606d-4011-b43c-988f015bcb94,2,1,1,2
046da895-cdcc-44a2-b950-2b02e1d2298d,2,1,1,2
28089eb2-8900-4114-8de6-9ead537dad2e,2,1,1,2
49d1e863-6f83-463f-bade-a35c76647991,2,1,1,2
31f046c1-3889-476c-84c2-d9be0abf33a2,2,1,1,2
2097d0ec-8417-412f-a1d1-c4a6df1d6cbc,2,1,1,2
d3a1d001-7c53-41e8-a949-4b96f518132a,2,1,1,2
fc5c6257-e1d1-444b-ade6-15e513a9ac9d,2,1,1,2
f271b634-91e1-4c45-8a26-c74d0ccea1bb,2,1,1,2
013ac813-a85e-43aa-b4ef-2920c972f541,2,1,1,2
ddb7ba4f-abc2-433c-b7b1-06508bad502c,2,1,1,2
96bdbe1a-d441-1386-a57c-14ee1b76070c,2,1,1,2
c36df9c0-adec-45b5-9b1b-4abee013b271,2,1,1,2
0e72a4a3-5b13-4b9c-8f7e-2adf15d9942e,2,1,1,2
55116701-6396-4ac0-9190-875977d65fd7,2,1,1,2
e2b520a9-5f46-4ce4-a13f-77a6ff5e1425,2,1,1,2
4daf3329-0559-4ac9-bc16-ccb9f01b3b98,2,1,1,2
c1e4bddc-4025-4eb9-b29e-85e215557712,2,1,1,2
5ad3ca8d-5143-4271-a8a1-ae1d717833e4,2,1,1,2
e6d8752c-b94b-4426-bfa4-cf75591ef9b7,2,1,1,2
774f26bc-ddbd-49f3-8111-c8822e32915e,2,1,1,2
54a42c7d-f65e-43b8-aafc-7a898fe00cdd,2,1,1,2
ddf1cd9d-88a7-dc42-47fa-94631258d2d5,2,1,1,2
dd0b2ac3-5460-4573-9e3f-da102b9a25f1,2,1,1,2
481d62b5-bfff-4659-8e42-f0c19e0b9095,2,1,1,2
f9839f13-a400-4ab2-b06f-1b55789339a1,2,1,1,2
c6d11190-94d1-45b9-af46-55b9ff7bb27c,2,1,1,2
fa0f1d4e-d960-4400-8b8f-31f70345b81d,2,1,1,2
83df323f-786e-4e23-b1f1-0595cdc031ea,2,1,1,2
e84cc9a8-e975-4e21-9e51-76edd0322235,2,1,1,2
559ef03e-e7b9-4689-a698-da4349087819,2,1,1,2
db0558ab-a39d-c44e-bd35-33f704956168,2,1,1,2
13561334-6bbe-4723-b537-59ed957bfe6f,2,1,1,2
9a63d48f-2b13-479f-8c0b-3ba76342970f,2,1,1,2
23f8e041-3578-4860-8482-49a0962c3822,2,1,1,2
f40d2938-28e9-43ba-9084-07717c366ae8,2,1,1,2
a54bd981-d6ce-4125-aa5b-07708f364b99,2,1,1,2
0d224422-0640-4510-be48-ec4606d1070e,2,1,1,2
f151a04d-f93c-33fa-2420-3e6187d9ab3c,2,1,1,2
82e44fe6-c90f-4507-94a3-1bdd34cb4595,2,1,1,2
c464b0f8-3d9f-44c9-a28b-163f781feec4,2,1,1,2
39157f03-c34d-4176-9127-ae8ac4a8d4fc,2,1,1,2
3b45454a-dfbc-4978-8d21-0cb91a7c5750,2,1,1,2
98816f4b-215f-4e2c-82e8-be8afe2da0f4,2,1,0,2
9515417b-f1af-4a51-ad07-5359c424d39e,2,1,1,2
b81c7f70-11e5-432d-b8b6-d1b29b5ad4ed,2,1,1,2
1e418060-5992-44c6-bdc1-cee221e5f0b7,2,1,1,2
56e90679-18b1-4308-8107-c4580a28252a,2,1,1,2
bc160762-b916-4d52-9bca-3a10402e234c,2,1,1,2
75b07d36-a974-4760-8763-4ee45083b420,2,1,1,2
717b3436-058c-4267-9a3d-6875b6eaa4fa,2,1,1,2
d29614d0-6928-4cfa-b109-2e9162e61add,2,1,1,2
5df91b90-af03-4f4e-a029-58b97194d198,2,1,1,2
95411e9e-02ac-472b-8df2-aa70ebbca02e,2,1,1,2
9eb5f5ce-3735-4493-9975-87f3372a10f6,2,1,1,2
c71adb93-9230-4c3f-ae99-472c82f1bb0a,2,1,1,2
1506104c-e331-40b2-8424-16fef5c7bbe0,2,1,1,2
0c364007-36b6-4773-aad3-9f27822f8d63,2,1,1,2
8e2a6eb7-f58b-4bba-a9e4-afdc65a24f34,2,1,1,2
66d162b4-9e7f-49e8-a296-47aa0dac0253,2,1,1,2
91b953e8-63a6-4528-9fa1-148f9213a2a7,2,1,1,2
eebcb488-86fb-4999-beef-790f7847e526,2,1,1,2
d6f3336c-00f6-46a1-b07b-9ffcbf26cdeb,2,1,1,2
67e52adb-8b21-0e7d-53bc-3c0946dd2443,2,1,1,2
f92f0538-e325-43aa-8d56-7ba60580b581,2,1,1,2
15a6c3e1-8668-411d-9e68-6a59ebfe3c43,2,1,1,2
e48bb45a-0402-4b78-8fba-90baf77ce249,2,1,1,2
0c4f8ba8-fa7b-466c-906a-a053f8c2012a,2,1,1,2
2ad17a01-47f2-4a08-9b4e-c855e5ecee63,2,1,1,2
353422f9-48c7-4095-8722-45ebef588dd1,2,1,1,2
8f778a03-b600-4a4d-8500-8b4d8ba0e6ff,2,1,1,2
01e3cd6e-4681-42e2-bda4-b59692f8ca27,2,1,1,2
1bc65673-a5f6-4197-a126-d547a37be05c,2,1,1,2
44332162-78f8-4761-bf27-5918a25aa32c,2,1,1,2
196389ed-c44c-44ad-bd63-8fad5485fdc7,2,1,1,2
53680884-ff1e-4b0f-bf07-93e93d68af1b,2,1,1,2
84a840dc-cfbf-42a4-a408-008b4ff1310f,2,1,1,2
1c66919e-ff53-4ba6-bfa2-db2add0db8b5,2,1,1,2
146196a4-73ff-4d1a-8ec8-47eea021f012,2,1,1,2
3ccfbd7a-310b-40ef-ba99-a0eec8284cad,2,1,1,2
f49be146-e32e-4cc0-b6f0-191fffe6da1c,2,1,1,2
85b4d8d1-ff22-4eb8-9792-1b66a2d53a14,2,1,0,2
1bab5497-f024-c646-9f3b-7c76a35b0f59,2,1,1,2
9906fce2-cd60-419d-a17c-8b50ed2d2d4c,2,1,1,2
836a7d38-297b-9cd2-1ca7-a92552f075d5,2,1,1,2
62a8d23d-40e5-49ae-ba35-287058e8d205,2,1,1,2
438d35a0-5b41-4fc9-b2d3-0c1a375f97de,2,1,1,2
d46132cd-fc84-4833-a144-35037d16b129,2,1,1,2
0ab40dcd-d240-4c95-9376-e75e8f62fe83,2,1,1,2
3e76ba87-1585-f7bd-096b-b92b6f862bab,2,1,1,2
039edcfb-bb30-4b03-b0d7-929f50be9f87,2,1,1,2
74b3a379-17c2-47e1-8980-439cbcf1a738,2,1,1,2
954f8099-2848-43bb-a8bf-84ff7b1c88dc,2,1,1,2
45268408-1d27-4278-9861-3a5099bd43e2,2,1,1,2
4feb7e24-e9a4-4fe9-b302-6fadcbe311e4,2,1,1,2
7e4da306-188b-4690-b693-420aaf858724,2,1,1,2
c39e289a-2eb2-0681-239e-1e20fc233b48,2,1,1,2
c0c05329-3960-0b7f-5d9a-1a883f0496ab,2,1,0,2
6eb9df71-6d80-4516-9724-ff2fa24f551a,2,1,1,2
13b5c3d5-e80c-4a58-ac53-f4cac750ef9e,2,1,1,2
84bd6137-140c-4a2d-8062-e3c706bab46c,2,1,1,2
f4bac4a1-5d0e-4536-b6f4-0cb607fea673,2,1,1,2
678abdc2-0108-8920-f519-602ddbd74da1,2,1,1,2
4ea42a92-cb07-4766-ad7c-68e251e14600,2,1,1,2
bfdb6d23-18ea-4478-9dae-e011489f1371,2,1,1,2
6747b501-cd07-40f8-bef9-2bbd1adebad5,2,1,1,2
a1a0e54d-df9f-41bf-9f6b-d29b29dfd5a6,2,1,1,2
a9ea95bc-6d03-4678-b915-7c899433ecc0,2,1,1,2
cfcd845d-2a37-4bbd-8aa9-8208eea7f96d,2,1,1,2
c4502563-bcf9-56d0-39f1-4ff656424275,2,1,1,2
274b631b-f6cc-4991-9218-e4af3155199c,2,1,1,2
49dd139e-aa9a-4ee2-9f27-fbb624654c53,2,1,1,2
686ae61b-777a-4380-b30a-83c704a2ee96,2,1,1,2
75030730-dc97-d9d2-9b64-f3e4c900a15b,2,1,1,2
9ed8d7d7-8695-4130-84aa-7c11bda13937,2,1,1,2
7ee6601b-c9d9-4770-98af-4997a0d7a98f,2,1,1,2
5b801ec1-5598-425d-a9dd-0af9ca8a3b29,2,1,1,2
cc2708e9-17cc-4632-95e9-c289a07a23a8,2,1,1,2
cb9543b3-0b2c-43b9-833a-e2a61bb75e6c,2,1,1,2
dbc0f817-3d87-43ec-8041-a513b411bf3a,2,1,1,2
4ced692f-7a45-4158-a7bc-32f9b13ebca8,2,1,1,2
87c2280f-4926-46c9-a416-16ef0b2ed9db,2,1,1,2
ec0faaf6-8336-4c6e-b898-31c2a751cff5,2,1,1,2
44229e6c-13c7-4637-b573-94e78d2fdb7e,2,1,1,2
39d2d86e-6ca1-486e-b802-790f34bc6455,2,1,1,2
732dc580-f900-4a05-b10e-24f327bb7bfd,2,1,1,2
f1ac9020-4b74-47ee-aac4-f1ab193bd4a0,2,1,1,2
b3d14207-3f7a-4d17-9877-9b889975b560,2,1,1,2
16945894-cab8-4811-aa95-7c2bfdd797b2,2,1,1,2
c5b5a261-3aee-452c-e560-c4ccae354dc7,2,1,1,2
d8c62785-2bae-44b2-b34a-99b837bc43d3,2,1,1,2
2171b092-23ab-4928-b3b9-f09429ce8047,2,1,1,2
9ce99ad5-18b4-451a-9fac-d59807b02c77,2,1,1,2
9a6ce242-e8fc-4463-a6b6-57dc4eff4581,2,1,1,2
f6aa3fab-ec00-41d3-849e-21649fe8fa61,2,1,1,2
9fddc9fb-2321-4021-8fe7-46c7c7bc6a51,2,1,1,2
a9782415-8354-4459-98b4-bbf1a3c7fb61,2,1,1,2
9928dabb-b852-4f68-9913-32f7161f2ae6,2,1,1,2
18740e54-7d0b-4724-9413-04634d813892,2,1,1,2
9d3fa300-b1b7-e1b8-9e9d-12e33c85ef7a,2,1,1,2
687827fe-0bc6-4549-9a95-36b7e148ad56,2,1,1,2
4ccfe4e9-c7b0-4886-bd8c-71dc32ecb2ec,2,1,1,2
b415ec1a-14e0-4fff-8536-e612146434b2,2,1,1,2
334db3aa-8ee1-429a-802f-164a4fdaa5b7,2,1,1,2
99cdeaa9-a01b-4f6b-b3b3-9dc29131327a,2,1,1,2
30b4ee5f-2c46-4717-976e-6203cdca1623,2,1,1,2
ce25e3d9-c9c7-4711-9a49-cf9ed186e7d0,2,1,1,2
b39caec1-7a85-49b3-8280-6421c32ddf14,2,1,1,2
2e2d38ba-ba1b-4404-aad1-456a297db602,2,1,1,2
d62783d6-cd54-46ee-a55f-93b473686197,2,1,1,2
f209e7f6-0a64-49fe-bef4-2b718a4d93a4,2,1,1,2
6729967a-1ae6-4b62-9c9b-d9d80b61fad9,2,1,1,2
7999b2d7-d34d-462b-bb39-e7b9417c8ab4,2,1,1,2
064f0200-137a-4beb-aeb4-6b0293407f20,2,1,1,2
c0e28e47-03c2-4059-9285-b3d6df58350c,2,1,1,2
e6a732ce-35fe-425b-aadb-eee595160445,2,1,1,2
baf1fb83-9fb9-400f-b9ae-dcba3f4f00b6,2,1,1,2
502c001f-0646-4bc8-a839-63a8e2eae648,2,1,1,2
a1c6f312-a21e-4bba-afcb-29b398685a70,2,1,1,2
f6e87ff7-8c47-4f79-87d9-5272390ddb74,2,1,1,2
118a2bee-357e-422c-9e96-a08aef3e1b50,2,1,1,2
8a72e30f-3aae-48d3-9bdd-94fcc900107f,2,1,1,2
d1eee015-217d-4ba7-940c-63751c91b961,2,1,1,2
13d94836-785b-41c2-a371-88d1eaa00974,2,1,1,2
46bbb7d7-5184-4e80-b20c-21c960131016,2,1,1,2
dc248274-45e0-481f-b1a8-4af14f0be346,2,1,1,2
ad2879ab-7728-4ac1-87f4-076d57597ad2,2,1,1,2
53af49ee-637f-4458-904a-d20d000268bf,2,1,1,2
7eb15739-085f-e425-491f-70b80b8bc975,2,1,1,2
cc52acbc-2d5d-4029-833e-7a3a47279f65,2,1,1,2
117915d2-e55e-4a6c-b57c-02da8a735b9b,2,1,1,2
fa6e42a2-ed9e-4ffa-9bbf-63fe4f333678,2,1,1,2
ebbd66ab-e6c1-45e0-9620-3f7ff18ec18d,2,1,1,2
4a173135-6f13-425b-9b15-9df7a689e584,2,1,1,2
b624d3ba-d0a5-4d80-b336-153b3d3485af,2,1,1,2
8bb082a0-3df0-461b-81e5-e85970bc04b6,2,1,1,2
f80f42ae-6a18-47f0-8d7b-8889217920da,2,1,1,2
64e33ee7-5321-42b5-8c8f-dba92d19fae1,2,1,1,2
524a9281-35f0-4c51-b349-96f339c4d470,2,1,1,2
1afbebff-512f-45e3-8419-030acf73fccb,2,1,1,2
8fd1ec85-0a80-485e-83cd-c2fe2d664cf0,2,1,1,2
63ef2abf-65e5-4579-b282-9d82430c08fe,2,1,1,2
f5276c02-1e0a-4eaa-acc8-d25dfb56d3ed,2,1,1,2
fb17ef6e-d772-4fd7-a004-227c4970ca1e,2,1,1,2
4ee61e13-1d99-478b-b442-78d87516a3e7,2,1,1,2
e960c0cc-2123-4806-9eb2-61b4e9b9f445,2,1,1,2
21a9aa5d-efe6-4eb8-8e1e-c63230ea7601,2,1,1,2
7c4e9c7e-5423-4389-af54-d4ab8c4e853a,2,1,1,2
f8f7377d-3e5f-40f8-8448-b51119b69db9,2,1,1,2
ae91f04e-a87f-408c-8eb0-de015a550482,2,1,1,2
0eced534-7a3a-4cfc-afd2-02d9ba85c58e,2,1,1,2
e78cacbb-bd77-482a-a82f-f709173f9276,2,1,1,2
5ce58908-34fb-4cca-84d7-397f74e55e06,2,1,1,2
8f0446e0-8a5d-47ca-9276-cabb76728f07,2,1,1,2
11ddcda4-1a7e-26df-e3bd-63b1c7402586,2,1,0,2
fc296f3b-7bd8-4789-a599-ed6746283f88,2,1,1,2
84a3ec57-b14f-4b41-b21f-39eed4efcb8c,2,1,1,2
b0c0672a-5e5b-402e-b202-915df499854f,2,1,1,2
af044365-136e-4270-ad84-e57c214216b3,2,1,1,2
94df83ca-6382-436c-9df0-2a6bde8a1fc7,2,1,1,2
abfc9e6f-875f-4a84-9789-60f82e0fc891,2,1,0,2
ca9dbc66-e30c-4164-9c79-3e6851e6f430,2,1,1,2
4da3748a-41f4-4540-b4db-19bfa0b91fd6,2,1,1,2
506db768-c183-410b-bf29-247d538c0ff8,2,1,1,2
2d3ddde5-a079-41df-b273-45c323bb2a37,2,1,1,2
f6a6eef9-049f-4450-baab-1caa4a05a445,2,1,1,2
6fbc7064-804f-4da8-8875-e614fa46b9fa,2,1,1,2
9f0c0fee-c3c8-4f3b-8d0d-d003a6ece998,2,1,1,2
198bebc8-c823-45b2-bb34-927ac96d5c03,2,1,1,2
28431dcd-104e-41d9-a9c4-2457049a29ad,2,1,1,2
a32b260f-75d2-4dc0-aba1-ed0e19a9cc16,2,1,0,2
ea4d4f40-e537-4321-a662-9882ef354bff,2,1,1,2
3880a411-fd66-497d-bd32-f62bffaa95de,2,1,1,2
5dc9e676-fd66-5fa4-a0b7-37b2e33eef7c,2,1,1,2
c43c6180-a061-438c-84a2-a33b3ccbbde8,2,1,1,2
6cd29c00-66a5-4286-8b26-0df9bb39c7d0,2,1,1,2
88dec28e-9008-4374-883c-36375e373ed8,2,1,1,2
3de0000d-3095-41f3-892c-6a2ac2cb326b,2,1,1,2
3a959bfc-adf0-4793-9571-89a5fe307866,2,1,1,2
f85c2c7d-de0d-4622-97b2-6b35f27fc196,2,1,1,2
0a639362-343d-4e80-9816-320ea55bb250,2,1,1,2
f415bf4a-76eb-4527-9e5b-05e8310f8d66,2,1,1,2
9e3f535c-e7eb-4d3a-9149-97c1a1f19ec8,2,1,1,2
4edc5d72-6959-4740-b6fa-aed06ebdaae9,2,1,1,2
d8bffc67-dbef-4198-bf61-a05e6a6f4200,2,1,1,2
e34b03f5-9dba-40d5-b715-06dc76f7af61,2,1,1,2
bbfbecef-a60e-4b7e-a22f-6438b7224d84,2,1,1,2
4612c0b7-3da8-4d42-a9ed-1280e15a0081,2,1,1,2
e6873c50-c699-4e6d-9000-d642db53837c,2,1,1,2
d929ff81-641a-4d86-9b20-0ef29bf24270,2,1,1,2
d4cacd3f-481d-4be3-b730-3175892d92ae,2,1,1,2
2fd7b076-0ba2-b014-2bf1-cb4e1fe59ae0,2,1,0,2
57db892e-a4b9-4262-b866-07de6b4d33de,2,1,1,2
e858a556-db40-0c1e-e81b-f45750d98a6a,2,1,1,2
f0d39d5b-1a57-4c6b-b3ef-fcc8f54020bd,2,1,1,2
620e56eb-e419-466c-b405-a33f89eea31e,2,1,1,2
a54b4f38-843b-4369-aba2-e76ef8e74d0e,2,1,1,2
985e6c6f-fb0e-4e57-b809-b6df089b84cb,2,1,1,2
933ddc8d-7db2-4e8d-ab75-b9452b52e053,2,1,1,2
39bab25f-b249-4bc4-adcc-12fc0eb9a076,2,1,1,2
e113ccda-34b7-41c4-964b-d6e588102bd4,2,1,1,2
986db25c-ee86-48bf-9237-2397f3a45a5c,2,1,1,2
f3de9af5-c156-46ce-a648-0275682b97da,2,1,1,2
32dbd3ec-078f-4546-b473-ec6c5bb33acf,2,1,1,2
7a251c38-cbfe-43f8-a40c-f58413daf049,2,1,1,2
d228d1b4-6f94-f8b0-a09f-04a15d7d695e,2,1,1,2
d0900a1f-53e0-45ed-90f1-908e5a63bce3,2,1,1,2
690bdd48-e3a9-400e-bc0c-5ba1415819ff,2,1,0,2
a3f5a59c-df36-4e84-8ab5-829e61489bd2,2,1,1,2
3bb0c61a-e7e5-4cb9-b39f-ee55b46a9711,2,1,1,2
b633cc8d-9c7a-4f2a-8d99-1ffdce34539b,2,1,1,2
07bb0ba7-366d-489b-830e-faf2a0ea206c,2,1,1,2
cbefaef8-1baa-4e59-b431-96d0b17987e4,2,1,1,2
4962434f-1f98-4d79-8427-c03f7d0ccc0c,2,1,1,2
2719fbbc-b7cb-4bed-be54-6d5ceac20aa7,2,1,1,2
6b28ed89-8d80-4895-9d9f-a89eb8b59c9a,2,1,1,2
27a98492-9c9a-47f0-a391-9c6908e712e9,2,1,1,2
854c59d7-ff8c-424f-9043-15218cc38e4f,2,1,1,2
b09b422a-10f8-4c07-8503-82bee7ac17c0,2,1,1,2
49db87a6-1d4d-45e5-a942-e171814890fe,2,1,1,2
d2264e06-b38b-41fc-bcb0-2676ccd4067e,2,1,1,2
f5472c44-1ddb-4c65-b41b-f0de97f579c9,2,1,1,2
2b50be21-a390-4d32-8023-d9a0360b6692,2,1,1,2
5c7d9c7e-e736-40a1-8f9f-71a6598e465e,2,1,1,2
8a30bc1e-89f8-42e7-b1d5-d7d131d74f61,2,1,1,2
635719bf-e091-4a87-8a6b-ac765cb492f9,2,1,1,2
0c34b617-43b7-456d-8fdb-eb9e2a9a3349,2,1,1,2
35d0373c-0abb-4247-a850-3b972fc4d6c7,2,1,1,2
e580dbf2-ba39-be49-1be1-833a6e5d34c0,2,1,1,2
a7e9937c-01f4-4942-837c-cc12d3f38663,2,1,1,2
410b39c6-d801-406c-942c-7d1182a92543,2,1,1,2
2417eeec-607e-4b37-80f2-8152cd6831a9,2,1,1,2
0a19cb62-83af-4384-a90b-17095ed7c3c5,2,1,1,2
74537122-60eb-4959-9cd7-99813c01cccb,2,1,1,2
67e76196-f33a-45b1-b712-3f1e7905a908,2,1,1,2
d20a6cba-40fb-4b00-a5d1-45a302609c72,2,1,1,2
f912b87d-7e9c-4aaa-a26d-e0b81887c0cc,2,1,1,2
3b7d65ef-d3cc-4b43-9951-a14f742dfe7f,2,1,1,2
db14cc53-fd91-445a-b668-0c5e028a9a15,2,1,1,2
2f71a962-d182-4e0a-a477-8f0dfb6cbfdd,2,1,1,2
89d621f4-71d7-4ba3-bd4c-0d549eaaff45,2,1,1,2
e9fe39c4-1770-4805-b968-f3a0e9416ff1,2,1,1,2
51938ea0-8a30-4d8e-9fad-18ee8cefee3a,2,1,1,2
dbad3e9a-c7ba-bf36-7f3d-bc5451a19845,2,1,1,2
9e908e0a-a004-4897-9117-dec6c8b769f8,2,1,1,2
7e09d245-42ff-4f31-b002-1899aeb0d6f5,2,1,1,2
5cea9cb6-8810-4c53-a2db-2ac782ac40d1,2,1,1,2
22441647-0474-4764-a850-65ee4f2689df,2,1,1,2
7eeaea85-6757-45d6-9398-4812fb123305,2,1,1,2
8e3714e8-bec5-4352-9d9d-a402ee7c7317,2,1,1,2
9e37d9e9-86f9-47ad-9f1e-f6ad99c49794,2,1,1,2
2d548579-db60-4b03-83df-75494269b912,2,1,1,2
e173ab47-a86f-4fff-9f77-88c317743422,2,1,1,2
08bb7fdb-8782-4c95-b8f8-c78a579bc54f,2,1,1,2
6306e4d7-bf65-d8d3-b37a-87ed73d5b2ae,2,1,1,2
fe13c144-cbe5-4547-addb-8fb0c75713bd,2,1,1,2
6dde7cd2-7223-4b6a-8c6d-6a3bbfd52ed8,2,1,1,2
2c94c2a7-6306-46a1-8137-6a6ca284ccb5,2,1,1,2
6f93f94a-231e-47f9-a5dd-6f2a4a91b2d9,2,1,0,2
d6ab9c78-b4fb-4ef2-8569-0d86150c8a36,2,1,1,2
06bedb21-e04d-4113-bf17-88b92f17e886,2,1,1,2
332f3bac-09f7-448f-8db8-f7275b590e56,2,1,1,2
7f42dcc9-5473-4821-848f-75eec945e86e,2,1,1,2
6757e41a-02a9-45bb-8d22-b05cc809b192,2,1,1,2
65980613-acfc-4408-94ab-e88f7053c8ea,2,1,1,2
4d88334e-d940-41d2-8631-32b567d99e7d,2,1,1,2
e12e3df1-1217-4d18-876d-cb2eca1e4253,2,1,1,2
fa938cdd-8086-4e6e-b642-d6071ca2a31c,2,1,1,2
a0f58a35-21ec-4deb-82f9-df745bc3723e,2,1,1,2
117857d4-55cf-4eb5-b0a3-247e610e737e,2,1,1,2
5444f28f-95e5-4b22-8f83-3a78d47f72ed,2,1,1,2
e65b0d18-24ab-44c9-bed7-ac2726d8ee1f,2,1,1,2
cfeabf6b-dfe5-43b7-9281-d6e5a8d9cc4b,2,1,1,2
ae6d9ab0-87f6-4a20-ada7-20ff1439db07,2,1,1,2
25ffab9e-aee6-4676-8a39-3d9d99cff49a,2,1,1,2
5b1c8e6a-006b-44ca-b2ba-08039ebc21a7,2,1,1,2
154afdbe-c4fc-4f1d-8e9b-a047ac8bb985,2,1,1,2
0c03d4f2-292c-4b22-9a79-62cde8566aac,2,1,1,2
7bfb1b78-62f8-4e9d-9e4a-7457cadfcd83,2,1,1,2
97e87b3a-e934-42f1-89af-5ad6ba340b65,2,1,1,2
00e84b03-eed6-407f-8889-d9c9db75343c,2,1,1,2
49223732-b5a7-e0f6-e43c-d50569ae9f7a,2,1,1,2
7e6024f5-6c6d-4bd4-95f7-b49bd8f0af11,2,1,1,2
ae504110-0a4f-4ca6-93d1-204c15272e92,2,1,1,2
3ce7021a-205d-3c26-0413-fab1b2b854f5,2,1,1,2
dd475e24-1b90-4856-9c85-5f946fafc998,2,1,1,2
86b289e7-e1da-4aef-b10c-721fa9ece2f5,2,1,1,2
ccfbf4a8-169b-4c28-ada8-bdcf7f7a4413,2,1,1,2
9c66d6de-1c44-49d8-aed0-bad6c568f940,2,1,1,2
e915b165-1dff-4a02-a7ee-984807f71788,2,1,1,2
3ebb8190-b609-4eef-ab03-77cb4217e758,2,1,1,2
6c1e37cd-4f70-4580-86f8-b868cdde8e8b,2,1,1,2
0e9132c1-63d7-4378-a5c8-44277b4c9465,2,1,1,2
378935e9-0fad-80bb-9da7-2a45a37ee9f8,2,1,1,2
c27d7f9b-1530-4969-b873-4bd0eda04325,2,1,0,2
e2d55633-e737-4671-ae8d-5aef6b94cabc,2,1,1,2
7f261eef-62f0-df01-5adf-dcb08069217b,2,1,0,2
bea5a6e0-e5f5-4d3c-9026-fbc525265f10,2,1,1,2
aaa84b3d-8251-4163-b280-dab90d73deaa,2,1,1,2
aa0aeaba-824f-410d-afe1-7deb09fae57f,2,1,1,2
21bafe9e-5c7e-4bef-82f4-87d84ae40896,2,1,1,2
7086471b-9af3-417a-b5dc-3a4b61a3abfa,2,1,1,2
3d1e25d0-f7dd-4093-a677-c2f979d8220a,2,1,1,2
8d304ff3-6b9c-446f-b33c-a2117fe04283,2,1,1,2
6474ffbc-ee69-b095-c40e-065bab40ab10,2,1,1,2
71a7c0eb-3581-412b-ab40-6270a2ada3f3,2,1,1,2
b82da3cf-fb73-431a-9bd1-3e68a159a527,2,1,1,2
1b49f403-6c0d-38bd-51b0-b6be8a91d42a,2,1,1,2
ccf38865-6fda-4995-ab1f-3f0fedca56fe,2,1,1,2
a90dd680-c13c-4577-9731-e6c80c509950,2,1,1,2
d2d3b802-9bb7-425a-ba31-7dca37f561c5,2,1,1,2
16fd97f9-88a5-4401-85f5-97d8b1f87fcc,2,1,1,2
d12a1698-9af7-4be3-a034-1c2c5ee3df48,2,1,1,2
809a27b8-4241-4968-8823-0e6cadd794e1,2,1,1,2
40de23e5-7d5e-42b6-abe5-99c84399f431,2,1,1,2
40f1e2b2-5d48-4f48-ad2c-217e2b91fbe0,2,1,1,2
4c71d0a4-bd1c-450d-9d41-2ccea76c6d08,2,1,1,2
84fa2d0f-ec1e-4f31-b988-3cc0a3bc04d3,2,1,1,2
f00dd863-b60b-4bb4-9706-b945ff69ef25,2,1,1,2
14e5b4a2-5c8d-40cf-bf7d-02f413129a6e,2,1,1,2
0f85c25c-1061-4ef5-beef-1ba340505d98,2,1,1,2
2bd7e9e8-d436-3993-1c30-0eb210e03fcf,2,1,0,2
12555a37-cb7d-42b7-9096-35b02ddebac7,2,1,1,2
b79855c2-bf47-4aac-b15c-bc210dde7ce3,2,1,1,2
c3dc89e2-ee7c-4c09-92ca-41ae9ec49ba2,2,1,1,2
da4ee573-066e-400e-a137-40e6a8659634,2,1,1,2
ed55ba3d-92c6-470c-9a27-8c13a45eba7c,2,1,1,2
a26fe767-7c5f-4d49-a3cf-17e115270d8a,2,1,1,2
848f3540-6510-475f-acfb-44d51b03347e,2,1,1,2
296ba90d-5627-4e5a-a81c-35ca0f10e0e3,2,1,1,2
2fe62101-78d1-489d-9d52-9ac0c24582a9,2,1,1,2
a93991fb-b59b-44d4-b125-f230fb2a9ff7,2,1,1,2
8f7e1e96-aa1b-4396-9742-d24818575b0a,2,1,1,2
80fd9d6f-013a-4155-82c2-96a3dbfd277d,2,1,1,2
24f7bf6e-9e1e-457e-a648-36e274188c51,2,1,1,2
ede97d8c-3d26-43a8-b538-39875799a861,2,1,1,2
e45c9753-4425-4af4-a6f5-9554266fc698,2,1,1,2
e007769e-ee7c-4926-a388-8165e9aaca1c,2,1,1,2
21b2bc3b-3f1a-47f6-9496-6acc056655a1,2,1,1,2
1e071f3f-06e8-4ccb-86d7-47de527d31e4,2,1,1,2
6622c728-1140-409b-9f8e-fe567c5ab909,2,1,1,2
dfe210d8-0e7b-4fd3-8087-28bc1d573551,2,1,1,2
20934b30-4374-4e3a-8a10-98146b86b0eb,2,1,1,2
d8c1b1f3-ba5e-4a59-bace-30c81b39dd97,2,1,1,2
2afce78f-2bca-45cb-a47d-d0a26815db3b,2,1,1,2
62cc033d-c6bf-4cd1-96b6-ff8b5183123a,2,1,1,2
b9d8393e-be97-64c1-2954-b49cd8836dcc,2,1,1,2
5ad7fc61-e632-4f88-bf7e-4f57c86cf3b6,2,1,1,2
72ea8352-c3dd-4978-b06e-5045e3647dba,2,1,1,2
89b75645-4de7-4f6f-83be-9112580a7bc9,2,1,1,2
28e3532b-3911-409e-b8de-7d2382c43744,2,1,1,2
573047c4-f934-4a21-bb23-f12327bac8d0,2,1,1,2
2aa1138a-16a2-41ad-bba4-f769a3c85b08,2,1,1,2
c2c421df-abd0-41c6-8f8f-36ae8d896435,2,1,1,2
5a3dd69a-ec4e-4481-8c6d-c45640505774,2,1,1,2
12812574-6505-f83f-75a6-4af981a6072d,2,1,1,2
ec37e38e-45c6-484a-ac92-8573f402a945,2,1,1,2
d89fdbdd-a345-4a67-81c3-e63f5187eda8,2,1,1,2
a99f813f-e108-42fa-8b91-6bca08a2789e,2,1,1,2
7ba7b772-606d-4322-a0c0-c0af4ee32a6d,2,1,1,2
b256cca3-258b-43ab-8d4b-cf9f2f0490b8,2,1,1,2
a062ace7-a4bc-4c84-a8a0-f9ba933c4588,2,1,1,2
48d10bb9-f3ba-4084-956c-bcd071d7e601,2,1,1,2
751d4abb-542d-437e-875f-c9a944b15c15,2,1,1,2
b2a0046b-8f0a-43d9-aa81-45efce939c8f,2,1,1,2
bb172130-2e73-009e-0b0d-60f483f9fc65,2,1,1,2
2b025746-f293-43e3-9292-12b335ba64c5,2,1,1,2
30609cb4-e070-4d96-9bec-96e5726fd066,2,1,1,2
45e4b9d4-1af8-4da6-bf38-e4d22d3c23ee,2,1,1,2
81bf6250-5538-46b0-b20e-7eeb10634723,2,1,1,2
bbc364e0-2404-46f1-90f6-bcca1c75fc89,2,1,1,2
a84537ee-a1cb-4629-9fec-c69b9eaebcd0,2,1,1,2
bdd52e9b-9e03-4eef-be74-2b8c1612547d,2,1,1,2
9c97c43d-5043-4366-8496-e06f820c7ee4,2,1,1,2
a912b68e-4530-4e16-8192-7acf89b4d741,2,1,1,2
d176b008-e636-4754-95df-dd9bca906c9a,2,1,1,2
00e4e5e6-4b9e-4167-a511-6164bb14ef2d,2,1,1,2
1a986cde-202c-46d8-902b-06f98e740715,2,1,1,2
cc34b817-2d7f-4f6b-bfed-76c0dd09f8f9,2,1,1,2
3564a69b-0ec8-445d-afde-88c5b31c2d4b,2,1,1,2
1847d3f8-efa3-4049-8aed-54629d2b4e01,2,1,1,2
89360cdb-bad2-4f06-a57d-7578449aa38a,2,1,1,2
bfd205e6-e195-4eaa-8ab8-a4fd1f24f6d5,2,1,1,2
f0f5c6a2-8f32-435e-b6c7-36b5b3326380,2,1,1,2
3c3ffd65-7441-421d-a06a-ed1d09694d17,2,1,1,2
ba67e93d-5727-45d3-a81a-c35e67c9467a,2,1,1,2
cc6fb191-be7d-427e-9bc6-8f70c26e06f5,2,1,1,2
bafa97ed-a1bb-4e6d-81c1-3068f3a5446b,2,1,1,2
85e85a8b-8e5e-4e95-97c5-1ac30d53eb64,2,1,1,2
fb39da2c-5e24-4f2b-82df-522ee547dadb,2,1,0,2
1e6c0bc6-5143-4b12-9d6e-001ade688ac8,2,1,1,2
6642c2f8-5cb9-4556-aa2c-104a86e905ab,2,1,1,2
07fdb309-2fde-4dd6-82e8-746508ad17b5,2,1,1,2
19433e40-d696-4d68-9d22-b6abc6534e81,2,1,1,2
b5ea44a5-2ca1-4fc1-a3d3-daece1d4991b,2,1,1,2
9d7b03a7-c122-420d-99d1-dfca0e52f213,2,1,1,2
2d8fe2d5-75b5-42e0-b3f4-e9a96e94373f,2,1,1,2
222a3c3c-421d-433a-b489-4250ddb8361a,2,1,1,2
4d1a0cb0-abfa-46d7-85b7-31698099b7a4,2,1,1,2
c63c7470-2e3f-4edf-bde5-03611c1947ae,2,1,1,2
0710ac3f-75e3-c770-eb61-736de20865a3,2,1,1,2
7501f262-0cb8-424d-973d-fe53d35e4e45,2,1,1,2
bc96c2ba-884d-4eac-9254-8a33470b131f,2,1,1,2
bd541718-7087-41b7-8d3f-04c04824d3af,2,1,1,2
77d7bab0-23db-4fb2-ba1d-b18ae837a70f,2,1,1,2
bad8b3d6-2138-4407-a90c-8aacd3878370,2,1,1,2
e09c23b5-629f-419e-95c0-954a84ec0902,2,1,1,2
daf20dea-95fa-4b85-9c3f-a0d3dffe9872,2,1,1,2
63b1cff7-c454-4e45-a8aa-c210b16a39ba,2,1,1,2
e1acdd6d-fd9e-42f2-a842-b866881c5d5f,2,1,1,2
478b68e6-a866-4c1a-9e93-c9645d5dbfcc,2,1,1,2
222882e4-4c97-4ee7-90c1-d37bf0b57dce,2,1,1,2
f4fc2580-b25b-4f7f-a1c9-7271988db920,2,1,1,2
7491b031-f923-43a9-a456-d0b8094bf0bd,2,1,1,2
0f08827c-9459-4960-ba6a-d7567b48536d,2,1,1,2
f9c2afdb-6700-40a7-bc26-bcf7331cb4ff,2,1,1,2
7df7e82f-8c92-4142-9643-f968440a0f31,2,1,1,2
f9ed853a-69dd-434d-9f4a-595ae8437c01,2,1,1,2
ae986f01-c1d1-4abc-91ab-4dce91e4a16c,2,1,1,2
31890b63-cde1-4182-8748-4d5e003b606a,2,1,1,2
d68f0dbd-5094-4d84-8d0d-bdae0474ca2f,2,1,1,2
6f8d34f1-fabe-4bb9-91be-7bec673b75b2,2,1,1,2
553ca16f-2f60-4832-ac58-e32c9de2cd2a,2,1,0,2
f9db0e79-4734-4f33-b82f-bc5974689bc5,2,1,1,2
b7fdf0b2-9114-42e9-831b-47f093860bca,2,1,1,2
584472d4-57f2-4857-9fc5-b4024e31998f,2,1,1,2
24782eca-1410-4693-9ac8-fa210d13fc3e,2,1,1,2
0f8eba43-2d66-4904-bea5-c389890a5fc4,2,1,1,2
d0f613a7-41d0-4f6c-bb11-3bc8e36add69,2,1,1,2
d073cc83-aab3-4cc2-8184-fbf769fa4405,2,1,1,2
f0156c2b-ad7a-9ead-f540-de5806030562,2,1,1,2
f033c6b2-9189-485c-abcf-3a40c24e01fd,2,1,1,2
5d1ef0f7-803c-4f24-b629-e5b78eb20df7,2,1,1,2
a8f38cce-2261-168c-92e1-0059bd6842df,2,1,1,2
4b33d258-49d1-4055-84e4-756b6eb435a9,2,1,1,2
9bb3ab9c-353c-d180-1861-986747039f65,2,1,1,2
aa086da0-1a8e-4081-a3d8-cf321ebe7b6a,2,1,1,2
1b2094e9-54ff-4e8b-9f8e-cab8b63d5562,2,1,1,2
ee3ffafd-a00a-482d-b1bb-b4c484db8a05,2,1,1,2
05899ed7-34d3-45c3-8366-858326ce4741,2,1,1,2
1c7001c4-cd8e-064f-d636-17cb32952179,2,1,1,2
3745f9d7-899a-43f4-8886-9e080dd7e7ad,2,1,1,2
0ca4f181-cdfe-4f78-b313-5f5f8f362686,2,1,1,2
93646077-c6ea-483f-bb0e-6c5e7eedd83d,2,1,1,2
49ebfc50-27d4-455d-a9bf-0b5fa251bf42,2,1,1,2
9c5ac5d6-d2a3-46e5-8c9e-d2ab141772e7,2,1,1,2
3c07d260-1a85-4bce-8132-2e9fed981179,2,1,1,2
de09be3d-2901-4d61-9575-8416dedceef5,2,1,1,2
acd37890-0870-47b2-b808-521508cd997e,2,1,1,2
777ef9a4-2457-4b70-88f2-1d46ce540084,2,1,1,2
18d5d9ce-143b-46b8-8cd0-72f0a7f5f48c,2,1,1,2
addec0a5-759c-4a9a-8443-f947d3b244c3,2,1,1,2
73faaef8-350d-4e6b-9ec3-f4ef6e363811,2,1,1,2
d524361f-f88c-4048-8c1f-1af641984ac2,2,1,1,2
7bf78540-c907-a0c2-5b33-e45fc8ca3329,2,1,1,2
05a7540b-6dc7-49ff-b1af-cb3464467f86,2,1,1,2
3e9801fb-affe-485a-b28e-4fd23e4269ea,2,1,1,2
54313025-4ce7-45a8-8891-7094e8d9c15d,2,1,1,2
686bcd19-c943-4466-ad2c-90628cd73f73,2,1,1,2
204935c5-7faa-cc8b-bcff-5e671d26e770,2,1,1,2
5d5c1afb-d10d-4727-a75c-491bea21909e,2,1,1,2
06cc65aa-bfbf-4a05-a92d-8a707978214e,2,1,1,2
0720716a-7fc7-4491-a0a6-2b12d08c67eb,2,1,1,2
6217fd19-ee99-42ce-b23a-44ea5839c00c,2,1,1,2
2d36c661-e2cd-420c-891a-57c0789c77f7,2,1,1,2
5c216ad2-5044-47d1-8824-60d071bf1075,2,1,1,2
900d02a8-84c3-4a17-8419-f09472927245,2,1,1,2
aee621fe-19bd-cd18-1a51-945872bbcdf6,2,1,1,2
b1711688-57ed-490f-a70b-5eb6236d4eab,2,1,1,2
3c716611-e5fb-4620-a0c2-0fb7e989a0cb,2,1,1,2
5aadc191-e9b5-4254-98f6-33def12bd90d,2,1,1,2
0b389158-7145-45d7-a7a8-591b5c4fab2a,2,1,1,2
4c9dcb5d-da4f-448c-b1c3-57f0f5ad28ac,2,1,1,2
adb9ae39-34e6-4353-bc7e-c111e1772ba1,2,1,1,2
8a7f0149-0fc6-4316-a8c3-6e52aeb67aeb,2,1,1,2
e9954b76-7976-485d-86bc-12d2000ec179,2,1,1,2
f83a7aef-6c1b-41c5-939f-d070de602b5b,2,1,1,2
1c5f9624-6408-4872-ab94-c8c425263f9e,2,1,1,2
195b1789-f88e-778e-b47d-c900c04206b6,2,1,1,2
8e0dfc26-5056-49dc-b167-906d202930cd,2,1,1,2
913f63b4-e025-7bd5-b864-77df0a40588a,2,1,1,2
cd69e2cc-62bb-4c91-af17-044f48858ba9,2,1,1,2
6e029e2b-0528-42e9-855c-2a4703d7d7b5,2,1,1,2
cb14194c-d4b9-a6fd-f653-47caf5fdf713,2,1,1,2
7b517898-d070-a0af-7c43-b8d2a3d33b19,2,1,0,2
a51816ab-ff03-7273-c098-0ec32460de57,2,1,1,2
454b3006-9b55-489f-b35b-54fc979c9c10,2,1,1,2
919b9d1f-97b5-49e4-addc-41ca660e5f76,2,1,1,2
f65470b0-32af-448d-9d36-e5b68fcd73d3,2,1,1,2
7dd3f27d-f00d-4fc3-b970-241a18bcfdf2,2,1,1,2
a2a27ebb-5770-4fae-9703-6ec7fa35ba50,2,1,1,2
0da7c8bc-45b9-49ce-a264-d4c125293b97,2,1,1,2
b902381b-7d7d-430d-8f7b-17da62b082ed,2,1,1,2
3242688d-0fbc-4046-ad84-8a676dac9be4,2,1,1,2
e0dc1db1-4ccc-48ad-b226-f5edb3a08819,2,1,1,2
22e82781-ab28-4cd9-9c03-3f3e7210c758,2,1,1,2
a5ed76d7-d87d-4bcb-8c9d-b677931eebd4,2,1,1,2
e1928614-df71-48ce-85e6-83e02b07d7ad,2,1,1,2
c62f1faf-0405-4238-89cb-8a1f8a019034,2,1,1,2
6c846d3f-cdfe-440c-aea6-df24d4d2a0b8,2,1,1,2
423b3594-eb41-40a3-b502-b225c6c8817e,2,1,1,2
722ab62b-3af9-42da-be18-624050fdee6f,2,1,1,2
cfc4208b-19c6-4761-a8aa-2c893f55ca3a,2,1,1,2
c69e813f-e0ee-55ba-c83c-fdb35d537dbb,2,1,1,2
a7b23f7b-c901-5009-c957-d1f25e98a2af,2,1,1,2
81470b84-9579-4cb6-bed2-b9d181ef9a13,2,1,1,2
cfd6997f-932a-49b0-9d73-523c37a67075,2,1,1,2
4e8449d3-e2dd-49cf-b8df-70a51fe73745,2,1,1,2
2c8598b9-188b-42a7-97e2-cbb3df4541ac,2,1,1,2
7ca97105-2110-449a-881e-f91f6414c903,2,1,1,2
91fe494a-44b2-4292-829a-3bbca06616d1,2,1,1,2
23574639-7971-4876-98a7-160321ac1b3f,2,1,1,2
9f84c44a-3491-4f68-ba2b-f5bde890b7a7,2,1,1,2
5fec26c6-d865-4f48-8a57-a58d0681a75c,2,1,1,2
59e47a16-5d9c-3ea0-9333-a2f72fd0c042,2,1,1,2
1306a0e7-69ea-453c-a65d-a6922256b4f9,2,1,1,2
0f37a81b-55c3-47e1-a641-6ccb51533b23,2,1,1,2
74ec4505-aa04-4868-9e2e-0447ef75a0f5,2,1,1,2
03a0e997-d2e1-40e5-8ce1-9811c7f21198,2,1,1,2
29732ef2-5ff7-4ed7-a994-fd76775d0045,2,1,1,2
d28355f9-10e0-4d38-80dc-6a3e75fba67f,2,1,1,2
9c4b9d1c-3f45-4abb-8ddc-a96b54988af6,2,1,1,2
9342846a-a1ab-4455-9c3c-8847a06ae25f,2,1,1,2
1d281701-991a-4e81-afbb-6eb49d90fc2a,2,1,1,2
4aef5b56-fd93-ad0a-6ce5-a990e685a200,2,1,1,2
e42b2fb3-a47f-4544-abee-a1f96428fe17,2,1,1,2
dda5cdc7-b0de-5a02-269f-47a3b65656f1,2,1,0,2
71bd0076-6d6d-44f0-98d4-24ab7955f513,2,1,1,2
b49c1d3a-9740-4dfe-ab4c-391be0472966,2,1,1,2
0de3744c-ffa0-4713-b970-6b78932c53aa,2,1,1,2
e9e8276e-8b60-46fc-850b-d7cfc984d98d,2,1,1,2
b4b5438d-27b6-3cc0-e555-1769f868aee8,2,1,1,2
27bb992e-1838-4553-941b-ddfc05160014,2,1,1,2
87ab1c7a-2fbc-4dc0-88d8-33ab8eda67fc,2,1,1,2
813e4fe4-148c-458d-bc95-eaf39d8a87e0,2,1,1,2
99b5b458-4eb5-47fa-aa03-7ad030f90329,2,1,1,2
3b750a83-b418-481f-b765-22ddd69a86b4,2,1,1,2
34253d03-7779-4531-9988-3f1e9f5073a1,2,1,1,2
4e304975-1aa3-4cac-a3c9-99ceb6a63ba9,2,1,1,2
c7bccf0e-80c3-4f0e-92d1-0c9b325b763d,2,1,1,2
3f574c7c-9183-441b-8e2a-863c1b71904e,2,1,1,2
7acd5019-e2f3-203e-2fdc-98859f6f3100,2,1,1,2
6eba00ba-566c-4899-b81a-41aaaf2e17e5,2,1,1,2
43cca72b-8608-41b3-94bb-be6ff8f93375,2,1,0,2
6e328383-0b64-44c5-ab2f-e42f7487ad31,2,1,1,2
168945d9-a88b-4be5-ad4b-93547122afcf,2,1,1,2
c038ca02-1dfd-48ca-9d9f-957c0fbbfaae,2,1,1,2
84389e68-bf1c-4f5a-886c-cdde54423f32,2,1,1,2
5e7eddf5-7b81-475c-aec2-117990581d24,2,1,1,2
f3e41e44-6cf6-40e8-b3a1-b2140128b77d,2,1,1,2
a1c7f947-7372-4594-a0f1-8649c3c587ba,2,1,1,2
9fd1f505-b3b6-4844-8c78-0b7c060c6745,2,1,1,2
816a3a1f-8b9b-4de2-8ddb-0c6a5ff8606e,2,1,1,2
3ba4de44-56a7-431b-9a86-a6f76e8439f3,2,1,1,2
396f7001-2a26-42e0-b852-86b529550b8b,2,1,1,2
be37c288-9291-4ecc-b409-f0709bc8e531,2,1,1,2
68cf3965-68e5-a5a0-6b1e-f17fc7a7999a,2,1,1,2
8829d4a1-e355-4257-bf39-a2b1a0bd3066,2,1,1,2
7a23d953-2fda-49ad-8fdc-3750024eb528,2,1,1,2
c9303124-468a-4784-a337-783e076c3336,2,1,1,2
cd050962-f3cf-47f1-a1b9-546c1ce44342,2,1,1,2
ec00ae94-5dd6-4c94-a7d3-8b7400237bf2,2,1,1,2
4b5819ea-a046-4478-aff5-40c88810ced5,2,1,1,2
91bc3c40-0a1d-4618-aeda-9e302f7f0195,2,1,1,2
d3ba45d7-c071-4842-bc42-707f47a363d1,2,1,1,2
695c2634-8fbf-44f8-b9ec-dc4d8e2aac9c,2,1,1,2
2732853d-58d2-49b2-bf8e-9a998f87ab77,2,1,1,2
1d6ac579-2f71-45a7-9b86-1ee3745ceb29,2,1,1,2
2ce59bf9-1780-4ecf-a449-26dad8d6ff69,2,1,1,2
5890e196-005f-40f9-8884-3ec1cfe76126,2,1,1,2
c25257bb-455e-4df9-a8c2-c2b58b39916d,2,1,1,2
9140a8e1-9208-43a7-b2e3-537227ad2859,2,1,1,2
b0737647-1a1d-47e9-ac7d-6bfe423b289f,2,1,1,2
ab906694-07b8-44bb-86bf-63967dbd3d00,2,1,1,2
2d11a203-1744-4c9c-9504-cb51be302ce1,2,1,1,2
e0afb1e9-632c-40c2-af4a-ba93739da796,2,1,1,2
7c4d813e-ca1e-4f69-badf-114a2c8d929e,2,1,1,2
140104fb-2189-4f82-9de8-2bb5b60cad69,2,1,1,2
e9224fcd-d7c3-4971-996a-64c6086bd5f0,2,1,1,2
af7beb1c-ad5b-47b5-a482-b208e1e2fad5,2,1,1,2
c8ee88b4-93e0-45c5-b3a5-146f9e1e8747,2,1,1,2
6eb8e231-4528-46d5-8f62-35f5a3c14154,2,1,1,2
400c460b-827f-4746-b37b-daadfd022ac7,2,1,1,2
53efca69-e4e6-4350-a735-7de8dfca25ed,2,1,1,2
d883625d-44bc-4e78-bb5e-cecd8b40ead5,2,1,1,2
056ab5f2-6ee9-40c5-a706-f1ed73c25a4d,2,1,1,2
93502926-68a4-4b62-a64c-bef4d1417bcb,2,1,1,2
77b1e470-cc4c-4113-98ff-327ff8119bf1,2,1,1,2
e18c20c8-5b08-4a6e-ac8f-5a0dba3e2d7a,2,1,1,2
ccf7ac2f-3e0b-4a78-8a22-5a28ad718577,2,1,1,2
9673d1f7-c079-4e07-b5db-c785e45733f4,2,1,1,2
31360a2b-d161-420c-b7c3-87b079257cfd,2,1,1,2
9698bba4-7f0c-ade6-230a-5e3ae5f3bfd9,2,1,1,2
67ed5e5c-aed7-430e-9f3d-b7292b560052,2,1,1,2
3d5a8308-5cf0-334b-00c5-c8debff940a9,2,1,1,2
5856aca1-5ccc-475d-b8f4-fcc1805968d9,2,1,1,2
d00209fa-727e-466d-9529-9cc7e97701f6,2,1,1,2
cccb4776-6a34-4c59-a266-06353526ed64,2,1,1,2
a061255a-ae35-40f6-a2ad-d659059e592d,2,1,1,2
7154cc70-3939-46df-b146-bc7aa3ed21eb,2,1,1,2
245a4c44-032c-4a48-a7da-862be248910a,2,1,1,2
c3364668-7787-4697-a063-86ab8577075b,2,1,1,2
73c74098-e2c7-4a9c-a671-1a64ebc7e069,2,1,1,2
d02663c3-a4d8-40a2-958a-fef000b30b72,2,1,1,2
f09359bd-3b12-418a-b51c-6ff4579a8d44,2,1,1,2
0ff2cdf7-c8ab-417b-a8a7-93a36f1037d6,2,1,1,2
6700e3f6-045a-4ff3-a64f-de65a8817101,2,1,1,2
860c4cb7-49de-4ee0-a504-3ddf640aa04e,2,1,1,2
0e2baa1b-7218-47fb-85a5-82513ceaf1e3,2,1,1,2
88875d93-93f4-4eb8-8925-55a575c67838,2,1,1,2
17ef97e2-02dc-4dd1-b5bc-160f1f1112a8,2,1,1,2
35f290ab-9ca1-49b4-b384-1133faf4ad58,2,1,1,2
c1425d89-0d65-4b17-a326-2447414bc1cb,2,1,1,2
e1ccde74-9e31-4693-9ee5-5c2bd9d30ea6,2,1,1,2
f00392fc-1aad-459b-950b-17e08c94aa23,2,1,1,2
5559a4c8-bcf7-a414-a7ce-92601f8e29b0,2,1,1,2
09750f2b-4563-4d3a-8cd3-d1f3d22aa1c0,2,1,1,2
f1522111-6b37-41a1-8384-9328381d0dfc,2,1,1,2
90064c3c-6fc3-4c37-b03a-6d74872afa61,2,1,1,2
1517c6ad-d2d6-47d1-9ba6-a855eb7ad736,2,1,1,2
a6cc8b0c-4fc1-4fee-bf4c-dabac6ff48e6,2,1,1,2
89b86e15-2946-4050-a832-8d087b7ab8ae,2,1,1,2
27849b98-696a-463a-a6ab-afd1c3f71c67,2,1,1,2
4801bc51-43ac-4323-93f1-a9ab074164f7,2,1,1,2
33167a02-509d-41c9-8a41-365f114f5ba9,2,1,1,2
d05e545e-891b-447b-8999-1d007f03ed50,2,1,1,2
31341b74-bb38-4621-9453-cbd08435d46e,2,1,1,2
9b5bc2b2-ee0c-4b0f-86a9-5590f3e4baa9,2,1,1,2
ff8ae4c6-14f1-47c6-9aae-f63d1f07c29f,2,1,1,2
f558e82a-6491-42f3-91aa-710bb9b482f3,2,1,1,2
450547e4-8137-4c4a-b883-c0bd9d9c118f,2,1,1,2
d9980d55-bfd5-4adf-9eaf-0ba0d5092d28,2,1,1,2
b0a6ed81-c031-4d3a-a4e7-0fab46bdfb9c,2,1,1,2
fed7ff7c-dafc-4ffc-ae1d-56e315ee331d,2,1,1,2
3b5eb1a5-c96c-4db6-8fa5-f5b44dca8d74,2,1,1,2
d25360f5-f0ce-4b07-a4b7-28acff68e4ec,2,1,1,2
a146df33-4028-4ea8-964f-0ed3deed1014,2,1,1,2
da4cf463-93ef-4b0d-84c2-aa922aabb918,2,1,1,2
8dfc3c04-2b94-4a05-aad4-cbe4a46f6a91,2,1,1,2
93bd5ade-e13c-424b-b1b3-aa1298d45481,2,1,1,2
ef2320ff-c872-4738-b1ba-41bf0eba6712,2,1,1,2
f77b8cee-b567-44ca-b760-15f2386936a3,2,1,1,2
3dffba79-ace9-49da-b808-bd545a017f41,2,1,1,2
65c3581a-b6c7-4c5a-8914-5c181fa72674,2,1,1,2
191f57b6-2457-44b5-a6ef-3ce1f2ef284e,2,1,1,2
643d5f1c-5250-479d-b268-1eeec29700cb,2,1,1,2
b87ec3cc-6445-4362-807e-a066d5fb154c,2,1,1,2
9d5024ab-7159-432b-9cd5-75c075fef2a8,2,1,1,2
fe0c195c-0c8b-4dda-a288-4b5392b331aa,2,1,1,2
c143c175-992d-4e6c-9948-8cc4c724082f,2,1,0,2
a97d166c-0382-4d1a-a2d9-e771c21b685a,2,1,1,2
ee5deb10-23ad-457b-81cb-2aa106596dfe,2,1,1,2
1075de0d-61c8-4a20-9692-30f72d85b379,2,1,1,2
1fc051cc-74ca-4732-8b1e-0d79a787e986,2,1,1,2
af290088-98cf-4d86-8bb1-fffa5d12be76,2,1,1,2
330f3ef9-050e-42f0-b98b-945bbe5a66c3,2,1,1,2
6baed14e-ced0-e668-3ee7-eacec8814142,2,1,1,2
21799c23-dcbe-401a-a2fc-bd269647f96c,2,1,1,2
3a1464fb-59d2-4221-9fa4-3367777ecb23,2,1,1,2
58df05c5-bd2b-4754-a04e-2a61001d75d1,2,1,1,2
65857c8a-4c6a-4f22-b681-b53f585a6c33,2,1,0,2
40b85c7c-91cf-91b8-1a2f-a0f017cc60ba,2,1,1,2
d22823c0-a27f-43c6-9a04-3d794cd8abae,2,1,1,2
ffa97df4-bad7-4f06-9c52-b4699b58407d,2,1,1,2
35fc2a3d-d55f-45be-a82f-6fcf37b04ea9,2,1,1,2
c330bf7c-4730-49f5-8404-e7067b4e7eb3,2,1,1,2
4ff42f0b-220a-47bb-9bd9-dc715afb5b47,2,1,1,2
6b6100ee-6750-4fc2-9b5f-775fa6571949,2,1,1,2
9ce1b523-fb64-4eb9-bd17-7cb824fbb2a3,2,1,1,2
08b13986-1e39-4eb5-8dfe-2c86004b9243,2,1,1,2
aacd3b55-8455-450d-9f01-c381527f131c,2,1,1,2
e8ed6ff5-0e6c-4882-b3dc-14fd39398344,2,1,1,2
d6d66698-3f0e-47ea-ba57-c1503c7c9d94,2,1,1,2
8fbb3565-a35c-4951-a74d-58442fdd4e40,2,1,1,2
0eb29cef-aab6-4bf4-9f75-490c3000fe88,2,1,1,2
bd5c557c-694c-45ea-9b5e-cabced8f4c3b,2,1,1,2
5d486d72-b10b-4581-a3c5-1bc7b7d93d31,2,1,1,2
cd78531f-5c4f-4717-932a-a911e4d64da1,2,1,1,2
2ef843e5-bfa1-46cc-acac-488897991ccb,2,1,1,2
9393bcb4-1aef-4ef1-8ff4-d0a6a9926c18,2,1,1,2
fa5773b1-db3b-4df0-b785-4434b6ddb68b,2,1,1,2
2012ef20-37dd-fa13-eb4e-d0c472f05674,2,1,0,2
5c215d03-5665-47dd-aaf9-f966b626b9d2,2,1,1,2
d6981d35-ef79-4e70-a206-159a38b6e64a,2,1,1,2
b01a17a8-e33c-436d-9009-ce8d0399c4aa,2,1,1,2
18458637-3a62-4c0d-b9bb-6f4a736b9487,2,1,1,2
f6cedd4f-5d1d-420c-8cd2-89fb13193590,2,1,1,2
9065584c-55ad-44cf-8ca8-2c835c1c4215,2,1,1,2
62dfc39d-40a5-400d-a289-33818ab1679a,2,1,1,2
6e95a588-8632-40b5-9542-d09a469b4979,2,1,1,2
d83d697d-77c6-78ee-650a-122d654c4766,2,1,1,2
31934345-ec07-4693-b4dd-aa1f2da79e56,2,1,1,2
4886f4bb-cb91-4395-81af-132694dcb74c,2,1,0,2
98fee716-8a1b-4ee4-8f7f-1b6fbc74266e,2,1,1,2
e512c86d-ed81-4371-a9ef-51aedbccb145,2,1,1,2
d44829ca-7926-4cdd-afb7-d046426f5130,2,1,1,2
eb8afbbd-d5bf-4938-a43e-1125fa239f14,2,1,1,2
d27703df-fb28-4f79-860a-3a8f575586a3,2,1,1,2
eb3438c4-f7b5-4389-a2b8-e5708c786120,2,1,1,2
aeb68683-02a0-4a3c-ac54-e9a07b06a3fe,2,1,1,2
f5c2cb24-afe3-449e-b9d7-71faecfc10dc,2,1,1,2
0f920314-bca7-49dc-99d4-ffe27e67834e,2,1,1,2
e857a5f4-29e7-4798-94f1-97420b37a52d,2,1,1,2
cbbafa7b-b703-b5c7-6d16-5943e866b480,2,1,1,2
5a8d5197-41d7-ffd2-8767-6920366a9eb3,2,1,1,2
8fca1b7b-c002-46f2-8228-b89d11c0e333,2,1,1,2
5f153e25-0db8-42d0-8039-f2e2785fd0d1,2,1,1,2
c45168a5-6512-4662-81f9-d0028b75df91,2,1,1,2
6b4c413a-5cf8-4ebc-a4cb-23f460f57bb4,2,1,1,2
95b568f3-a923-4a64-8813-f9080c3daa73,2,1,1,2
5c57b3af-0322-4f99-a621-6ecbad5b4c39,2,1,1,2
65fb6f2b-297e-46e2-8020-aab87d8ea428,2,1,1,2
2bc6ad38-9ed4-4f96-aa7c-6cff725d439c,2,1,1,2
a9bbc266-4472-424b-a20d-67a5b19260f5,2,1,1,2
24faacf6-0940-4dac-b52a-fbe05ed2a70c,2,1,1,2
afb540e1-b49a-48eb-9699-b55c44dd07f0,2,1,1,2
236c6f21-7256-4c43-95d6-c2b3d9dbf2ed,2,1,1,2
bec41080-f4fa-ebc7-f48c-58ecd1e0554e,2,1,1,2
ab884752-73da-5596-488c-6e098008518b,2,1,1,2
2ce8a5ee-4602-4550-84f8-16ef5726e0a0,2,1,1,2
0315f449-dc37-46fb-a4ad-24d04f9d5745,2,1,1,2
749a746d-7b7d-4e52-a0d6-4454ba6b9ee9,2,1,1,2
74c29270-2819-47d7-b411-df140ac1ecc1,2,1,1,2
5b218079-3554-4927-b0ae-a7ee125aa5ee,2,1,1,2
0c7ecba7-255e-b4b9-e23b-16c22c247e8d,2,1,0,2
77bc1ed0-ab7d-47e4-bbf2-99fcab4ac4a8,2,1,1,2
cccbe0e9-5ee9-4411-9359-181922521201,2,1,1,2
135c1fe6-11de-4336-bc4d-26e017040262,2,1,1,2
dd8568e4-39e9-4c90-bf5d-ef060b8e7d3c,2,1,1,2
59524dcb-6782-4278-ba44-591806e13390,2,1,1,2
a0093b04-2df4-4326-bd9d-386dd7bcc62f,2,1,1,2
fc3ed706-3d00-4d25-8ed9-07d0d40c3f42,2,1,1,2
90030312-7b5c-083f-bbc8-2ff6d5c11aef,2,1,1,2
3dfdbe0e-0581-4daf-a4ac-3f7c74c7b5d8,2,1,1,2
bfa8f422-ce04-4026-a5b3-569a55cf3897,2,1,1,2
8c11273e-0221-48b7-9387-da2038e4fa9e,2,1,1,2
0ee3688f-36a4-4e40-b4a5-046d79fec1cb,2,1,1,2
e94278f5-49e3-4a51-9dae-07509480bca5,2,1,1,2
e38fcc91-2724-4986-87ab-83c6af008b5a,2,1,1,2
1fa13bbc-2c7d-407a-92f9-e6ba1e0118e0,2,1,1,2
0d2480ad-7d31-4853-9d80-978aab79e915,2,1,1,2
7d3f3104-beb6-4305-a116-5db1d22fc8f3,2,1,1,2
02b964cf-8211-4c98-9df4-ed96c5e0cc85,2,1,1,2
5e5807b4-8cdc-47d4-9aff-d2a9c2a359a8,2,1,1,2
a8e55223-cdea-43b7-af5d-1b7da466f0b3,2,1,1,2
f8ab446f-b494-4749-b8bd-a59e177630fa,2,1,1,2
4511e8fb-5c8e-4047-bfb6-4f6992090f7f,2,1,1,2
2e9210d6-78b3-4968-84da-1b6059c9f8ee,2,1,1,2
61623371-fdcb-4e12-1be8-f7ad32e44c6f,2,1,1,2
de92e873-d507-79b6-715e-de0c3df62a3c,2,1,1,2
465636b1-f821-4596-9d41-d33f6651e90a,2,1,1,2
33aabb0f-dd6f-4a8d-987e-fb4726447f56,2,1,1,2
9c80c720-66b5-4c58-90da-eeafacede13c,2,1,1,2
ec7c2d4c-8e98-4a29-ae0d-89c637cad02d,2,1,1,2
2ceb5e8c-4b8c-4523-adec-f50ab16c0ab3,2,1,1,2
f9710304-64ba-4f65-93f0-35f7847c311c,2,1,1,2
6d48c243-0bd2-4a79-8c85-93fd7d0e6b84,2,1,1,2
ff9d7ecc-5502-44b8-ba43-75b2e8293a2d,2,1,1,2
8effc4b2-4289-4ad5-a760-19e7dee7c9cb,2,1,1,2
26a7d843-fb23-452d-98b0-1c3223b23949,2,1,1,2
9cdcd097-4356-4f95-92e8-577ce930e695,2,1,1,2
bf9f7c08-d0d3-4a1e-aa50-839a67d6ea76,2,1,1,2
833dc88f-3103-4801-a753-564d3b581ce2,2,1,1,2
7ae0400c-cd7c-4ca8-ad2a-2de7b25ca5db,2,1,1,2
09f02f93-6f3c-45ea-be20-ca9a9322a09b,2,1,1,2
06897990-406d-4ebd-bddd-c70dedfafeea,2,1,1,2
f53ef939-b5ab-4139-9e93-ccc99e60432b,2,1,1,2
5689862f-5bf9-4538-bdbe-694d89c4aba7,2,1,1,2
4c51f3c0-0e16-aba7-e334-ac35f11c27cf,2,1,1,2
7522c094-39e5-4af7-83e0-0f895d86ea00,2,1,1,2
99596a2d-9c39-19f9-c15b-80c1d6a0593a,2,1,1,2
734afd14-2e52-4239-99a3-411e22925a4e,2,1,1,2
0acf85a4-5531-4f38-8109-4981d0d638eb,2,1,1,2
0051fef7-3c6e-488b-97c7-5cbc69e0a230,2,1,1,2
4fde57cb-3390-4db5-a68a-b874eee82fb3,2,1,1,2
0f4eaac1-9e0c-4a8e-a215-949a2da97e3f,2,1,1,2
288f8eeb-5bdb-4106-bf3e-cd39ec9d4a53,2,1,1,2
b1f700a5-7c1b-426c-82e3-5ab809d67d58,2,1,0,2
923ce250-d1ee-4be1-9835-bbaeb19bd9ab,2,1,1,2
b4388986-3038-44af-918f-60c452646122,2,1,0,2
6dbf9ecd-f537-4f4c-9de8-c699bf32f44b,2,1,1,2
37d65f38-60a2-4ffb-924d-47f879988c88,2,1,1,2
263f8dea-9a1d-4b7e-815e-ede1a54b411a,2,1,1,2
04ca5cf7-bb06-4bc7-bf88-73b98b444404,2,1,1,2
1c6e7246-e59b-4415-9113-9852c3df453d,2,1,1,2
83215799-5d8b-440b-bfa3-aceda9a72c28,2,1,1,2
6adfc3d8-afe2-45ab-b7f4-271f63cabb22,2,1,1,2
67d0481c-7236-4b20-ec5e-bbde4061ecd7,2,1,1,2
65259395-5b09-bc80-2bd5-1ab3c7908743,2,1,0,2
5a543e62-856a-4197-be25-9af820571050,2,1,1,2
42b2867e-fe10-4562-9ca9-c076377b06e8,2,1,1,2
8e34961a-3c37-47c9-9d95-c0c74d34b47d,2,1,1,2
78249544-7b9e-4b2c-8eb4-28d8af1e1d25,2,1,1,2
81f81203-1414-48e5-a372-40e09073befd,2,1,1,2
546cc795-afd8-4987-bf7f-4f344e2cdd07,2,1,1,2
714de1f1-c2a4-4535-8587-30103f47978e,2,1,1,2
db22e8a7-030c-480f-8d18-a8236a121018,2,1,1,2
253ac9fd-ef56-4b93-9786-abba2fe78ae5,2,1,1,2
2d48d698-1388-4ea6-acfd-dc95f44d94d0,2,1,1,2
54b9b029-31b2-402e-8c9d-5caffb12e432,2,1,1,2
f5fa5bc2-9ced-4d7f-a414-0e646e07b309,2,1,1,2
2cbfa8a1-fcb7-4d6b-ab6e-0b05914f6064,2,1,1,2
b61aae9d-8ce1-4d1d-b1a9-31fc5c9d5e86,2,1,1,2
a407254b-150a-4990-a357-666caecf838b,2,1,1,2
ea8be14c-4cad-4658-a699-e348a14ac035,2,1,1,2
2ad8eef8-219b-410f-ad6a-197b44911e4b,2,1,1,2
81ae648e-785b-4cee-b086-35b2a9661bd3,2,1,1,2
205d5fa0-3a20-4325-9ae5-e8c6c961ca0f,2,1,1,2
59976937-49f8-45f3-8ed8-40793c6ca6a2,2,1,1,2
d4316b1c-5326-4130-b3c7-2b78e0eadb7e,2,1,1,2
39d774f8-9df5-4079-a4e3-d295f30caccb,2,1,1,2
0b2581a7-72c6-41c3-b64f-f894d541cddf,2,1,1,2
145dc2f8-95f5-437c-84fd-40d65cfa1cc0,2,1,1,2
f6e062e2-6e40-4085-8834-72e12e1db2f7,2,1,1,2
d32784d7-98ac-4d8e-8be3-025a89a4a774,2,1,1,2
a4319625-c364-4165-9389-3f1f94c33ac3,2,1,1,2
f0f84359-84b3-4c69-b052-7511ae62d89f,2,1,1,2
558587af-0b36-4300-ac65-f91b01077964,2,1,1,2
b389d9b0-1edc-4ed8-8b46-eb05501c41c9,2,1,1,2
392fb91d-6c57-47e4-95a6-8ff0e2806b33,2,1,1,2
708be820-5a98-4244-a185-ee83e20fd4d2,2,1,1,2
6f97813e-671c-45af-9ee0-6da937bca18f,2,1,1,2
cfae3aac-9c81-4e63-820c-2d2f44392d4b,2,1,1,2
a4ae6594-e9db-4b72-baf5-0bcc0cbf42d1,2,1,1,2
cb830b0e-ef36-4086-b79e-0b1e80893613,2,1,1,2
83ca104e-1a2f-48d0-8307-87ea987f87b3,2,1,1,2
17ec01fc-e989-4308-8e68-a80eb90d1471,2,1,1,2
e912b33f-731c-2dc5-84eb-3bab017cab7f,2,1,1,2
19268956-623b-43e0-a7a9-d1886d0ccde4,2,1,1,2
0dafebc0-a344-4a97-825e-8b1e4a2f5737,2,1,1,2
1084a5e7-ab26-48b4-ab63-b239b3950e36,2,1,1,2
4f2f64a8-1baa-40ae-be09-daebd342d28a,2,1,1,2
ad822e3f-f8d0-556e-e78c-e5d5071e14c4,2,1,1,2
493caa8a-e09b-46f5-b075-86657e67b671,2,1,1,2
3ec8e442-c1b8-40f1-a273-ca35f6446187,2,1,1,2
89598ef1-9cd1-4d1c-b879-2ccdca80c911,2,1,1,2
016b6a2d-5dbd-415f-b57a-367e792c9298,2,1,1,2
f2f40813-14ba-4ed3-90b9-99dd71063775,2,1,1,2
adbed0cc-a4a9-4373-9c09-dfa2325d911f,2,1,1,2
cf2d9407-e82e-4e64-a725-97e4d5b44ef5,2,1,1,2
52e639e2-6278-400d-bd08-9bb626d6a066,2,1,1,2
6e34f1af-daf5-4728-8e1e-a793d1bee137,2,1,1,2
b5bdeecd-9612-42c0-b454-ce17ae1b95e4,2,1,1,2
baf60311-6715-4c04-a4ae-6d2325078b7b,2,1,1,2
6265027d-9a51-4377-b2af-a62f6da9e87f,2,1,0,2
9c159f49-26b3-2f18-4b28-d8fce8307353,2,1,1,2
546d4dc1-52f8-4d50-978f-bef893599726,2,1,1,2
5e4c56ed-5c63-45f6-9aac-0aff45236351,2,1,1,2
937764fc-3a21-4b37-860f-666ad10a3ad1,2,1,1,2
4c2ea645-e31b-4216-912a-ced0a0adb51c,2,1,1,2
e9cd4a87-efba-4dd5-a1bc-62a578ad97da,2,1,1,2
5007fc47-fee8-47f1-9dbb-85b18926ee93,2,1,1,2
b469ae49-5208-4ccd-b8bd-c739cf619b6b,2,1,1,2
267b0e92-d607-4ad7-8918-b88c2ca238b1,2,1,1,2
cd45c716-aa8d-4516-b94a-66997da47ec9,2,1,1,2
f86bbcbb-ef04-4cbb-be93-47d0acf2ba25,2,1,1,2
256367b2-f3e4-4ea1-8200-4c29a43cbc00,2,1,1,2
3b958d1c-8469-4d0b-9453-e96b75492907,2,1,1,2
aa934980-8a41-4e8e-a8d6-2e7dc2e347e9,2,1,1,2
ad22c104-b662-4872-a73c-5c0323f1de2d,2,1,1,2
4b281d81-ba7c-4845-982c-902b5c22a881,2,1,1,2
093cac93-af3f-4533-bbaa-e281d3d707dc,2,1,1,2
7a39581b-b674-4b65-a69b-ecf8c30f80fb,2,1,1,2
08581202-3d9d-4bba-b210-84bcad94b296,2,1,1,2
82a4ade5-e5ff-4f38-a21b-f3f775485f29,2,1,1,2
d7e90fd3-f078-4469-aedd-0854e770e6fe,2,1,1,2
e4cf7482-d3f4-4366-8caa-bed15d42a96b,2,1,1,2
4c3fd93c-6bd5-4e7b-9e0a-83a0bf94567b,2,1,1,2
f092f4c0-50cf-4d5e-943e-f555cef41bcf,2,1,1,2
9cdacba8-21d6-4d02-a357-3458e3e25bf4,2,1,1,2
72187f28-5c95-428a-b84c-1ae9d8b6d89b,2,1,1,2
63c99abb-a203-4be4-98cb-23daf43026b2,2,1,1,2
75c240e1-1aaf-4649-9ef9-2cbc917398a4,2,1,1,2
9ae24706-a120-4c88-a849-59f98f8c7a3a,2,1,1,2
a6473353-3c6c-49ab-aa41-f6d0b732c002,2,1,1,2
f7cf0a3c-090d-e0d9-7a61-5b49ebf33f13,2,1,1,2
6fafc982-a5fe-4260-ab1a-666533e719df,2,1,1,2
d6b1d03d-72c7-4ddf-8029-da132aec095e,2,1,1,2
750ca781-9edb-49b6-941c-10e53b4756e1,2,1,1,2
d7527b0f-b99d-406b-bbf7-74f5d3960d0a,2,1,0,2
3d60e479-5710-494d-b7e7-2fd097b3e1c4,2,1,1,2
b13f3329-888c-1dc8-f71b-1a407821d6ba,2,1,1,2
80a8ea9f-5e2f-4124-813c-add4eb4801b6,2,1,1,2
f9403585-3111-eb53-705d-6875bf31c11b,2,1,1,2
d35f8d4f-6aa1-a68c-d97c-abd74d7d7100,2,1,0,2
2559d550-b883-4f74-9897-e548e10f2c07,2,1,1,2
5b10719d-0c72-46cb-8be7-94c4fd4e86fd,2,1,1,2
851aba9c-7cc8-f599-3668-4d33272c194d,2,1,1,2
10dee077-6aa5-4e49-b6a0-5d07e54a1cea,2,1,1,2
bffbbbac-ab01-4667-a4a2-0196d10760e5,2,1,1,2
53b18019-b175-4efe-802c-04708d4517a3,2,1,1,2
8f3c1f4e-b3a8-a132-63b0-ea5f5876d7ee,2,1,1,2
8b3db77d-7541-480e-bb0d-e0aacba19b01,2,1,1,2
33f0a37d-dd58-4841-b1df-42c0644c9763,2,1,1,2
96d74162-0215-4e33-bbeb-c4bfff167a7b,2,1,1,2
82661031-6bab-73ec-fa18-73d9a92ff421,2,1,1,2
9fd37b02-71c9-40a3-a2f1-50883b0b388c,2,1,1,2
88092a4d-a87f-4e22-aca2-020081cb54cf,2,1,1,2
94c943b1-f7fe-445e-9c80-f0c79159adfe,2,1,1,2
68648ceb-d406-43fd-818e-e66ee9168f52,2,1,1,2
6a6d6355-b371-42b1-9c16-8bd0da418048,2,1,1,2
a31b335f-4070-4328-9a4f-18edb043f355,2,1,1,2
80d60edf-04ac-4102-878a-f1d4ec7d5b87,2,1,1,2
514264d6-6549-48c0-90e4-b267fdffd796,2,1,1,2
ea4e6564-45c2-4210-b58a-7faec6fc789a,2,1,1,2
806b9701-ab86-4716-b554-08c71e09bc52,2,1,1,2
3f2cf606-b0b6-4046-adfa-92bbdb538f45,2,1,1,2
363039d9-eb8f-4492-a837-876b3d4939dc,2,1,1,2
0382ecb0-6252-473e-a28d-aef92adb483f,2,1,1,2
95c7612e-9eb4-4829-856f-347f42380c8b,2,1,0,2
7cc9d32a-817e-4f29-9892-a6b93ff67fd3,2,1,1,2
1924e9e1-bd84-4386-885f-ab0c1c539670,2,1,1,2
fa802dd4-ff51-47b7-bd09-bde954fae67c,2,1,1,2
706fd08e-1527-47dc-907b-200aa3f9f4c6,2,1,1,2
d009412b-8826-4b2f-992e-7138ea7b94d5,2,1,1,2
7e168b84-88ac-4ea4-ba87-65c09e2aa64f,2,1,1,2
a025dd86-bffa-0096-6474-48da0ed2a7e8,2,1,1,2
7317f48a-976d-44fa-8401-8cc94aa74b8c,2,1,1,2
c5c7c7ac-386c-f30a-abcf-67bc1c09a290,2,1,1,2
e6226724-1a44-4e54-b58a-3233c4d4ae82,2,1,1,2
968ccba2-ace9-4e87-96db-efb651556deb,2,1,1,2
b9686fd0-371c-4c6e-aade-ca722330996d,2,1,1,2
4e0b8cc1-1d8a-4025-8445-d9f6b76cf728,2,1,1,2
8a72366d-685a-43d4-9741-36b47aad14f7,2,1,1,2
ffa3a39e-eb49-4311-b5eb-0fb2b4270f94,2,1,1,2
15b0969d-6302-41ea-b2ea-f06374a26675,2,1,1,2
8e5e9e88-68dc-ecda-95cc-98feeb2c541e,2,1,1,2
89ad745d-466b-4e99-a671-6ad6891b802c,2,1,1,2
d76d9487-49a7-4e83-b02f-9e2485a73f7c,2,1,1,2
4346d695-ce3d-4549-a820-419cbf0c8fbe,2,1,1,2
6dd05af7-1b3f-41ef-bbbb-ec28a9ffa199,2,1,1,2
d335a452-b27b-4c93-bf64-d72c1d93c29f,2,1,1,2
15156a43-acd6-4df8-ac91-058b3913e557,2,1,1,2
c3326253-3d2e-4de6-94e8-2c3d4f8fb933,2,1,1,2
5e6b66bd-a4ff-4cbc-ae6f-5c1cc7d71907,2,1,1,2
961ebbf7-b760-4cee-b80b-a90a90c379b1,2,1,1,2
3794f562-337f-45ee-9ec5-26d434a74002,2,1,1,2
ec866e3f-802f-4c07-953d-02dc1ae0e0d2,2,1,1,2
76ac89a7-0053-4973-a804-8ce83001f2e5,2,1,1,2
76681588-333e-494a-980a-c267a5d2da05,2,1,1,2
7b788140-ac2d-4fe2-ad6b-70fc1324df4d,2,1,1,2
565a267d-6835-4927-b126-60a5cae68a72,2,1,1,2
6533eec8-71e4-40f4-9f82-78b6b523ef63,2,1,1,2
2c118850-23ac-4604-ac21-b28828a6184e,2,1,1,2
9694fc2d-7489-4277-903e-c62fc81c58bf,2,1,1,2
1e12f466-a494-4de6-9522-8f832ce316c0,2,1,1,2
2bf1a306-537e-4573-9586-5050e6993e43,2,1,1,2
380d6e44-e32d-fef0-0aff-dbb5c1f8fa63,2,1,1,2
b96e5d39-cbb1-4733-ba64-a8ff56eb287a,2,1,0,2
a41cc010-4549-4732-8493-8a8fe7dab8c4,2,1,1,2
3f7076a6-b7f6-48f0-9e38-77edecba1bef,2,1,1,2
ea02144d-a8c5-492b-bcaf-99ad3c4ef274,2,1,1,2
e960e929-d1da-4377-8c1d-40ce2a13f75a,2,1,1,2
63ce367c-da41-4958-b89b-7ce8f1299895,2,1,0,2
20f037d0-0f10-4caa-a43b-e4afabe10f4d,2,1,1,2
da1a0470-c9cd-4652-953d-ae2ded1b903b,2,1,1,2
5a84275a-71d1-4ea5-9ef8-a1d05bbe3eb1,2,1,1,2
9a4d9535-7fa4-4ea8-80c3-902b3eadfd72,2,1,1,2
8e378e97-4315-441a-8ca1-6c8ca7c9c8a1,2,1,1,2
24906f3f-8eb4-ee35-44c8-b5c22d59d502,2,1,1,2
6dc74ace-9b08-4a8e-9b1a-c3ac8aab9c9b,2,1,1,2
ad5df529-593e-4713-aa67-fef281c4ba47,2,1,1,2
670ea446-f607-4d27-9400-a3d4b24e95a9,2,1,1,2
91e0c235-8b8c-4150-9dff-81efb9e75df7,2,1,1,2
1a7d18f0-a3b9-4ffe-a686-92f66260394d,2,1,1,2
654d3b0c-da71-4af1-b49e-9a96bee17968,2,1,1,2
5f1b378e-e8ff-4f15-81fa-abc5a3861345,2,1,1,2
cccd876e-1002-407f-a979-ab9576abc70a,2,1,1,2
21c47140-2f72-47fa-bfc0-32015fadf9ff,2,1,1,2
21896501-7b30-4762-981d-4e9818b128cc,2,1,1,2
cf2b3175-ca42-4a32-a552-3e6377e363c9,2,1,1,2
e42b6bda-f548-4621-a2b8-4a41f0d59d2f,2,1,1,2
443babb9-e1e0-4c97-a3d8-80e198bd34cf,2,1,1,2
f4d14f3b-95a1-46c0-8606-ae9b7e35519c,2,1,1,2
22dacc68-5097-4ccb-b3e8-8aab32237a92,2,1,1,2
cdc5e9cd-bc6f-4e1a-91cf-35f50d70304c,2,1,1,2
b3eea768-1fd8-4c9e-9a01-4de34f59c623,2,1,1,2
1c5bcf34-17b8-467b-a020-03ff8bc7cb7c,2,1,1,2
92e20143-65aa-423b-8777-1e491a4356aa,2,1,0,2
8a80d417-82c2-4953-bd04-1aca19aea839,2,1,1,2
d86ac2bc-f749-4040-927a-763c9cb1ed3c,2,1,1,2
ddf367fa-7246-41e3-a9a9-3392bbdcb356,2,1,1,2
58234ddf-9bee-4864-b7fa-efe1ba450b6c,2,1,1,2
74172847-72d6-49b7-9315-0c1b998b795b,2,1,1,2
58e55dbb-37e4-4e3b-96d6-0856dc9b5c15,2,1,1,2
71d619aa-27d1-8d4c-740d-8354ae844f5b,2,1,1,2
9d81122d-7dd2-476c-9e49-3d37bcd8a515,2,1,0,2
031af757-70e7-4e6c-a5b6-244aa3a0f026,2,1,1,2
fc60792a-2a9d-4e53-abff-12d95f2d46f6,2,1,1,2
3a16fa9d-4227-462a-b9f9-36b47c76117d,2,1,1,2
71c8a226-d08a-468e-bdfa-e05c9361c926,2,1,1,2
37933a17-e361-44d6-84d8-644aa210aa82,2,1,1,2
db9a6c58-64ef-42af-91a5-ff41be5f291e,2,1,1,2
32c213a1-48d7-4566-925b-bae1546e86dc,2,1,1,2
fa29f8b0-bc63-4ddd-aac8-41daf78ba7de,2,1,1,2
bc70581c-cc04-5e5b-f174-68fdf2465640,2,1,0,2
ec7bb5ab-da51-439b-b7be-88984e2a5400,2,1,1,2
dadb1dee-4d04-4fa7-8b07-725ae838ad82,2,1,1,2
fbfa1759-3b1d-4c53-b2a3-088c8634821f,2,1,1,2
e4ad7178-71fd-4d0e-99d7-fe5085ac006a,2,1,1,2
4e2058fc-771d-40f3-9eab-3b68a9d19c39,2,1,1,2
62042458-fb49-4425-872f-af438f41b116,2,1,1,2
de94d561-7c94-45eb-b5a3-a6d752ab6ec6,2,1,1,2
7481acba-9937-4255-b034-fbc150145f5f,2,1,1,2
cd7a55b5-301e-4b0f-8f42-172d7d8b8597,2,1,1,2
fcb65720-cb1a-4084-bbf8-9efb955a11a2,2,1,1,2
a002a275-88ed-4509-b67e-ebbb5d96a968,2,1,1,2
f0deb8a1-6444-409d-9bc9-d45af9e1f1a8,2,1,1,2
a4aa2f31-a929-4eb9-9a4f-c9fe6477e3d5,2,1,1,2
e19b7fdd-95dc-49ce-bc92-83239a86f69d,2,1,1,2
3fd6f8f6-1575-4566-9597-62257d7ad3a5,2,1,1,2
f6580107-be40-4f12-935a-5340b5fe54d7,2,1,1,2
2eb3e39c-52d5-47dd-b758-4aafe0828f35,2,1,1,2
4eddd86c-d268-46c0-bf01-500a4dc39a71,2,1,1,2
67930fd1-d8d8-4fb7-b4f7-19a09f90c233,2,1,1,2
fbe663a0-b8b4-4bb5-ac47-032e64eb169d,2,1,1,2
9f1dcd83-3546-47c0-a038-cef942f43ff8,2,1,1,2
fd02d7c8-2f2c-4cf1-9bd1-e15bc9421d25,2,1,1,2
ac3d3e75-a493-4c5b-a0c4-96ec63323232,2,1,1,2
48cf2272-1336-55fa-30d0-6308fe4a8b4d,2,1,1,2
281aab4b-7833-f8d2-fcfe-5f74b8cef7e1,2,1,1,2
eedf2699-97bf-45ad-aac5-ae3171c393cc,2,1,1,2
107d00df-64bd-4ad2-af94-37e731306918,2,1,1,2
560a184f-fbea-467d-a967-ed99665c0bae,2,1,1,2
6f30eb8f-6bff-4700-95f3-c8056d1ecf14,2,1,1,2
a6174f7c-25bc-4ad0-8b4c-4d46b0a0faab,2,1,1,2
606a519b-bc7a-4060-8e12-ae8fa8d97aa9,2,1,1,2
0e26b70d-6c69-45c9-bcf4-28edbc7c39e7,2,1,1,2
c238d71c-b236-4204-a3a7-c9eac4417fea,2,1,1,2
c352348d-5c10-193c-4d0c-8b1eb00bb724,2,1,1,2
d82d5d22-666d-4c40-ab1d-4491cfe4f468,2,1,1,2
4fad4b02-a972-4ecd-ad8d-b993c39bfebc,2,1,1,2
a9e00ea6-996c-4058-a0d8-857d4ce596d4,2,1,1,2
c40a66ee-efb5-4208-b247-8031642b81cc,2,1,1,2
02df2da7-c95d-4a42-ac5a-b8cd4a23af02,2,1,1,2
9b44b79c-5973-4697-b1bc-f5e664fff5ff,2,1,1,2
d1487db4-2a9e-4856-b233-d44a49aabf7b,2,1,1,2
f7aa46d1-4a34-4dca-0998-95434bf9b502,2,1,1,2
73048fe4-aeb3-407c-b6f3-1275bdd92242,2,1,1,2
05a3032e-676e-4c04-95ba-cf082660ef03,2,1,1,2
8ae155f6-cfb2-4cf2-aa3c-1d35478a94d8,2,1,1,2
d2ea614f-b079-4394-b4f9-818c07b140b3,2,1,1,2
070bd015-d9ef-4d30-8618-d50b0635afd5,2,1,1,2
15293b38-8dea-4eb3-87cb-bbcf21a0fbcb,2,1,1,2
3585f925-1f04-4cfd-381b-0134b8bfb75f,2,1,1,2
0fdaf6ad-e5e2-4622-9688-41c7f9091771,2,1,1,2
552a4513-d4d1-4085-a34e-bb1f774c1783,2,1,1,2
556fe3a5-3726-4536-bef1-8cb8af3de55f,2,1,1,2
b196f3ba-acb4-be5f-2364-ddfadc4eeeb3,2,1,1,2
9585c5e4-3eed-442a-91cc-1b689d0bb63a,2,1,1,2
a0883ce3-e945-4fa2-8599-c526d10e7d79,2,1,1,2
9ee6cf36-abe3-45b4-b9ff-056b670fa943,2,1,1,2
43e1b44b-e182-41a4-9023-05ee93b78701,2,1,1,2
7f525256-a4bc-40b1-86e0-5482c3da6f6d,2,1,1,2
8c0fe163-5483-40af-a2fe-1d9822a53f12,2,1,1,2
e7cdf56d-c6f0-4955-b518-52d4745fccac,2,1,1,2
003feabf-7a31-4249-a6e5-a712b4230495,2,1,1,2
5d6e37c4-1f32-9fb9-b66b-89674689d47d,2,1,1,2
7cef394a-007c-4e9a-9902-89e1b04fd7c3,2,1,1,2
415c226b-d829-4a12-8b5f-5811ca0038d3,2,1,1,2
d2d409ff-5728-40ab-bc11-1a0f3d2d67b3,2,1,1,2
d5013e9c-30a2-4ac8-9b23-0dea9c329073,2,1,1,2
3680ef7e-e0b4-4035-9334-65be59760696,2,1,1,2
621f3d04-557c-4b04-877f-35a8a0c172ab,2,1,1,2
9e511bf7-1208-451f-94db-72a7699c83d1,2,1,1,2
59b6be2e-ba68-4077-bd3e-883181670d06,2,1,1,2
3c86516c-942a-45df-9757-40de9ab27197,2,1,1,2
c497e02e-f003-49ff-b898-909e86f18347,2,1,1,2
280c2909-bfd8-46fe-9dfa-20d09286de2c,2,1,1,2
d5cb74d2-ac2e-4d46-b0be-baef84dd467f,2,1,1,2
7f3adef8-69f3-46be-9ccf-640ea16c4d67,2,1,1,2
4815bcf9-5a8b-4969-9f05-3458913744d8,2,1,1,2
5cc0f286-550a-469b-9deb-67465386faf0,2,1,1,2
dc46b116-2087-4f84-bc6e-36a5054dd021,2,1,1,2
f5ad62ee-8f1c-4fd1-9547-142e7b2d6110,2,1,1,2
8f5bc58c-d6dc-4bb9-aa60-24ef599f1a92,2,1,1,2
e5d306aa-8309-4942-9c02-7eeeefaa014e,2,1,1,2
b5f26c83-6b3b-4266-abfb-c1af4daa0315,2,1,1,2
c50d5334-4e66-4376-b413-31d74e1af77d,2,1,1,2
a8dc795d-1a75-4f1f-8222-ccdad6bd1eea,2,1,1,2
1d818d56-d09e-454a-8a5a-463198c7a1c8,2,1,1,2
0ca9e510-4fc5-62f3-9bcf-e2d0911014cb,2,1,1,2
c70b2b7d-436d-48fb-b4ce-77c5b449a43e,2,1,1,2
2bdfd972-231a-4332-8ea4-7942f4f1008c,2,1,1,2
0a726fa8-2531-4ffa-a59c-f62d274c0a1a,2,1,1,2
0ac22607-c6c3-4b87-9010-0fc64e96afb9,2,1,1,2
37803e44-963b-5aba-6be2-5e8586f46f4f,2,1,1,2
9b32717b-6f99-41f2-8611-543088c6d8e9,2,1,1,2
292e0205-68b1-4207-8d24-d78fb4e848e3,2,1,1,2
c6d5aa08-5679-48bd-a093-4bfb4ebfa730,2,1,1,2
dc2d8539-361f-3a32-7c35-8f0d1cf9413f,2,1,1,2
658cb5b9-e10c-486b-88f0-1d3cf7e3be9b,2,1,1,2
6ca53a4e-805a-47c2-83c9-a7a9568d55b4,2,1,1,2
e93bd454-a9aa-4a1f-82ff-dcec0cdc9b86,2,1,1,2
8ec0efd2-823e-44bd-b285-54df9dd04186,2,1,1,2
aa9c97dd-1cd5-af74-4069-1453f0af0729,2,1,1,2
a477eafa-3b9b-42b6-9a9b-7bd6f4b4b55d,2,1,1,2
4d2caa53-0d97-4d59-9529-4e891ce5fd6f,2,1,1,2
8e4df014-2d19-4bd0-bf23-9990af12cd34,2,1,1,2
4cefc50b-fcfc-4f68-bff7-a1ad16532e64,2,1,1,2
2a714a19-a3f2-4c2a-ad6b-bd5152f83137,2,1,1,2
eb0840f4-46ed-42fd-85b6-ffc5a3b5232c,2,1,1,2
887cd5d4-ead7-4709-9374-251402eeef9d,2,1,1,2
284c7fd3-61f1-4006-ab59-0fd3560b8cdf,2,1,1,2
21c41d69-45ef-471b-a04e-d63945e2751f,2,1,1,2
abab1b61-41f7-49eb-8457-cdcdd979cbde,2,1,1,2
e9d0f338-7200-47c4-bfa2-5482a6b4b5ef,2,1,1,2
12e0e537-584b-41db-9ed3-71252d672346,2,1,1,2
f0115f59-837c-4ca0-8fc7-f297c3fbc66a,2,1,1,2
4a4d5ae5-5a5d-48e2-ac87-e26cade44c7a,2,1,1,2
bcc35657-012a-489d-bd77-bf05d551d7aa,2,1,1,2
3a91509c-8e9a-4f29-acba-ded456fab8b6,2,1,1,2
2477096b-749b-4d14-a297-b7437270beee,2,1,1,2
ba700373-b490-494c-922f-690ee09f6f97,2,1,1,2
8a9f26d3-a34c-4ee3-a355-712872055686,2,1,1,2
aa5c3895-975e-4480-9f11-64853297331b,2,1,1,2
2ce56837-3ea6-43ba-8681-42afc3df3c8f,2,1,1,2
d0840f46-c807-4262-88bf-6963e8502c4f,2,1,1,2
54b81b9c-7013-4908-96a9-125dff18243e,2,1,1,2
3a45ceda-0426-454a-a9c1-16469f59b481,2,1,1,2
39fdd84b-e4dd-40ab-91b9-8f21e0dac8e7,2,1,1,2
dc6f0bcd-317f-4d42-ad55-bafb088e8e40,2,1,1,2
c7c461e0-670f-4a58-9a2f-59ed0f3d6c5b,2,1,1,2
741d1e6f-d819-4306-986e-0760deff6a47,2,1,1,2
fc4c204c-3c85-4d4c-8d77-9639b74ac748,2,1,1,2
4f21c46b-2ecc-40d4-ae69-ca98e8b7bc6b,2,1,1,2
9fde6283-bc08-4a4d-9c7a-6bf2b54367d1,2,1,1,2
2599ab17-78e2-41ee-8c2d-7bb72a8d5cda,2,1,1,2
ca2039ab-fe42-48c4-a8cf-bd2a7a96224d,2,1,1,2
0aa74734-a28b-439f-a971-b25e303faa39,2,1,1,2
00bf61af-9f4e-4455-81f2-3620f15d4c51,2,1,1,2
00954512-8730-4075-90bb-a1250e4e1d0c,2,1,1,2
c43113f7-77d6-92b6-4549-a6b9c06c5733,2,1,0,2
2b23209d-5039-4825-9ae6-753fa78c871a,2,1,1,2
2ea2ec6d-903a-47c4-afa7-a4f907c418a2,2,1,1,2
6458310b-9465-71f4-b6c8-5863be5fa2d5,2,1,0,2
c17f575a-03f3-0477-89be-8f486457b2c2,2,1,1,2
fd88b21f-92d3-4e08-98b5-dc7bfb1f89a9,2,1,0,2
d7653c68-1427-4154-a4e9-cc696f20b613,2,1,1,2
366fadd0-65de-46c3-a012-259d4b210e8c,2,1,1,2
48680b16-5dca-4ad8-b908-01289f82b6a3,2,1,1,2
9b91b0a8-0f37-4b20-afd6-b5a1d3d2bdc8,2,1,1,2
8873b6d2-0a59-4238-8b60-f7b111c8ec49,2,1,1,2
75e50b09-69b8-429b-b307-174d4facec7b,2,1,1,2
86a0cd94-e041-4d0c-a41e-5f8f8dbe3ecf,2,1,1,2
1f91a1e8-3d5b-4a5c-ace0-fc83ff5cdfbe,2,1,1,2
24ff9cb8-ae0f-4af4-82ca-550c6f7faab9,2,1,1,2
0566844e-a201-42d5-946f-7f9069f58f28,2,1,1,2
86acf13b-54f4-4a56-8c1c-a2eb98562831,2,1,1,2
37b09659-1297-4b07-a3b3-13c7b6442c11,2,1,1,2
29bf3980-f63e-43a8-9caf-ea92a6fc332f,2,1,1,2
4fd5a804-7d44-43bb-9447-607ca8989e05,2,1,1,2
1517ff02-d2e4-40bd-9704-bf47b63109e5,2,1,1,2
ed54e9fc-ab57-4ac1-86a3-e60e3845bb0d,2,1,1,2
39b9a7f5-0ed2-4970-b6bd-08faa581074c,2,1,1,2
6d0862db-0649-4f98-af91-d4d1d002688e,2,1,1,2
53f782ff-817d-4277-8fbd-ccd837fb5ce2,2,1,1,2
b9f19e80-b1ad-47fe-827b-21e64654585c,2,1,1,2
33cfbb9a-eef1-44ac-9490-8957659b74cf,2,1,1,2
86c5d54d-a56b-402d-97e3-f1414d3cb334,2,1,1,2
7abdbb39-bd19-4ab8-b6e3-d1e3a36027f5,2,1,1,2
d1e858c4-d7ed-4dba-b4c0-7262f5790536,2,1,1,2
6bbf839b-7a43-4df7-afc6-639169e2e629,2,1,1,2
c4186bf9-ab92-4ce2-80f9-741e66f3284b,2,1,1,2
13e44596-5967-4d0c-8882-65c63d59190c,2,1,1,2
65d9fc24-871e-4efe-b275-4809ca065d33,2,1,1,2
063ef4ac-beff-cb01-bce7-3772e73f0d07,2,1,0,2
924ba3eb-2847-4b71-b28d-5b732e2340b5,2,1,1,2
a5fa3fb1-1a8c-4a38-85cc-15cf54b25ff9,2,1,1,2
9951e8ef-979c-46e1-a637-700d3109a0fb,2,1,1,2
dcbe1688-f5c0-4637-96f8-6e1b0b798e93,2,1,1,2
eb6ed67f-d97c-46c9-99d9-962ccb68582d,2,1,1,2
34624872-e9af-b34b-a25e-723bf779eab7,2,1,1,2
b193de4a-0c13-4260-8fa5-176f717ec696,2,1,1,2
5b746ab6-56bd-4bb7-96c6-2b1ade990ce9,2,1,1,2
4e547a2d-b0f6-4b82-8c45-3fab553686b6,2,1,1,2
8c194c36-cf06-4bae-b987-eedeabb9d033,2,1,1,2
c2521111-640b-4396-b5c9-77207ca1a897,2,1,1,2
941dac7a-43a5-49bc-93fb-d6bd8e115389,2,1,1,2
b267eeba-28c2-41dd-b053-961f6667af64,2,1,1,2
ec542e02-dfa8-4842-9df7-ee195190f0ed,2,1,1,2
554aab00-bda8-419a-98a6-d2af822b5eec,2,1,1,2
c06abd7b-b417-42bd-b744-603cc0905944,2,1,1,2
1930a7ae-c862-4166-936d-682765f4a2d9,2,1,1,2
404920c7-2c64-4468-83e7-afb7461a3a96,2,1,1,2
91bc03c5-1355-4422-b7d5-30940e343508,2,1,1,2
48f1996a-a260-4a5e-80b3-1e98a12da3c6,2,1,1,2
9e84cc74-a07d-43c8-a91a-ed46c2ef3e0e,2,1,1,2
999e09cd-f96b-4dd0-b146-e7b0cdbf902d,2,1,1,2
d72c7229-53f0-47e9-b201-6d01c6c5f062,2,1,1,2
65a7c86c-eb92-5653-e492-514c20fb3d34,2,1,0,2
8c22763a-830a-4fed-9591-c4cd413e08b3,2,1,1,2
2fc0d788-11d1-49aa-bebf-31238861b416,2,1,1,2
4356ecf5-d6c3-4b4b-b917-b5efcd1ff8e5,2,1,1,2
6a593cdb-121c-47ed-b4f6-b30830efd389,2,1,1,2
26dd51e8-cff5-4987-963b-e4a4e617c569,2,1,1,2
1549de63-badc-4853-826b-39fd2c454c15,2,1,1,2
1f243726-c24b-4bfd-9b25-394799b22c55,2,1,1,2
aa85886d-c466-4a51-bf4b-3c54cb71de74,2,1,1,2
3517cc8b-1680-458e-a1db-d013a0b342b6,2,1,1,2
4b0017bb-aa55-4b6a-a7c0-b6b530d25edc,2,1,1,2
3e9a2474-9d89-472c-ad99-81e1a99b7f93,2,1,1,2
8b4db254-aa42-4f86-8050-e52218265a6e,2,1,1,2
0a5ca7d4-9a0e-4b44-b369-b2562df474a4,2,1,1,2
cb76c66f-bba9-4393-a459-1906863c2514,2,1,1,2
926698b4-5966-428f-b542-08bd5e864f14,2,1,1,2
e39de51d-f01b-4bb9-8176-1ae6398e5ffc,2,1,1,2
4241aed7-aac1-44c7-8e80-7e4d95fe989c,2,1,1,2
93ccc55d-d87d-4658-ad6b-008c77337d32,2,1,1,2
0c0ee1f7-9a3e-4670-a54a-8dc86a7314de,2,1,1,2
c62f0f54-c052-475f-9246-a762ef5e9259,2,1,1,2
bbd82b2f-2ec9-43c5-a602-bed8fba42b05,2,1,1,2
ac9b333c-37e4-4afb-8fd6-7918e78c9750,2,1,1,2
94e3edb8-9c2c-46da-ba75-3e98aa500aa3,2,1,1,2
c96af754-e6e5-4226-82ac-76a66bdade68,2,1,1,2
55f0d63f-9eae-4b81-bd4c-eae8cf5d6c4f,2,1,1,2
7b5230f6-bc99-4bdf-a442-bd9fbf189dd0,2,1,1,2
c8672ed0-b57f-4ebd-a51c-db30aa7dc880,2,1,1,2
2b8a2a99-e372-4d4d-a99e-482fab983325,2,1,1,2
521ead22-621a-4e49-b3ba-dc8ee1851c50,2,1,1,2
c770d40c-82dc-4d7e-936b-f732377a89bd,2,1,1,2
b35bb454-2980-40d6-923c-761637739b91,2,1,1,2
942e22e8-ec72-49c2-92ab-917523af070f,2,1,1,2
0533f2cd-b9bd-a292-a805-3367d2d34abb,2,1,1,2
3f833fa0-83a2-4e95-8d5d-d2c8b3ef7023,2,1,1,2
283353ae-1a06-43b7-970e-e6f8d247079e,2,1,1,2
3b4d2718-7d9a-272b-176a-69765f762742,2,1,1,2
0178aadd-3808-4c2c-9455-bbc1b40dd57a,2,1,1,2
1e359e18-0310-4398-b590-d16e98aeca74,2,1,1,2
b23599eb-1651-424f-b04b-5601c8cd3931,2,1,1,2
9192df58-8e0b-40e0-adfd-e02976bff8d1,2,1,1,2
06b20aa7-4545-4903-b40f-a28b69e60dcd,2,1,1,2
6d88d631-f3ec-afc2-721b-7d8067e467a4,2,1,1,2
48ff3085-9f54-4ec0-bb05-d9f63e695853,2,1,1,2
bf34cfbc-6f77-4864-aae8-cb356e70e698,2,1,1,2
88631391-d295-4971-b563-114d5753b19a,2,1,1,2
3e8ee14a-72ab-42f4-9643-33d06f64ee33,2,1,1,2
ebc84b12-ed1a-4006-869f-4e6093076198,2,1,1,2
2644cd4b-6feb-4a48-aa30-d2fd2ddee08a,2,1,0,2
db157dc9-0052-4af2-a60b-d3067b48df0b,2,1,1,2
b8c9659d-b452-4240-bd25-7c400be8c84b,2,1,1,2
32c43512-86c8-4538-ae4e-cf879ae7e003,2,1,1,2
4a9ff5f8-04d0-46bb-9415-3baffaeff444,2,1,1,2
887f8ba3-b814-66c4-7804-4fc6267bbf85,2,1,1,2
e64f737b-78f8-4dd0-a9cc-ca29d82623e2,2,1,1,2
bd4f7eef-8714-46a1-9831-d45585dc0b08,2,1,0,2
ff8dcb18-e9b0-440e-a4d8-6fa8376b8f19,2,1,1,2
234e0588-e8f8-4aea-b14c-58ff6dca6892,2,1,1,2
04bd0420-762a-477c-b1d2-4830ad5fa83b,2,1,1,2
72ab1159-d2e3-5622-f900-6569174ba134,2,1,1,2
9cb06bd0-cc05-428a-aeed-45325863d734,2,1,1,2
b3ceacdd-1c9d-468d-bb11-0505941638a2,2,1,1,2
44a2bb52-c9c1-4a60-801d-5ca21d69727a,2,1,1,2
517b15e1-e0d5-453d-8e8f-9517e6b0b709,2,1,1,2
dbf8399a-9f46-4876-b520-8139f4666506,2,1,1,2
7e2452df-e870-06c3-c6d5-4f2e340ffe4c,2,1,0,2
196c3bfa-5dc8-48b4-ab9d-68693a4ee39e,2,1,1,2
15810e1e-6aef-457a-a24b-51fe30b5701c,2,1,1,2
9de7c6b2-74ac-4f79-a9d7-49a4bf736e59,2,1,1,2
18bd3008-fe4d-8d17-ff15-f9e9503fa65a,2,1,1,2
2282a1c6-3fff-67f0-84b4-19e83d53d0e5,2,1,1,2
c75941ba-55a8-4dc4-82c3-7d714518c499,2,1,1,2
1658181f-77cc-42a8-89b0-846cb0a61520,2,1,1,2
0db67d67-cbf0-424f-aeb3-d2d16e7b7d66,2,1,1,2
ed8544e9-1f84-4a04-ab8b-d6de7718fe67,2,1,1,2
ee6e29ec-c16d-4378-a2d4-81069640dddc,2,1,1,2
5d38baa1-0f17-401d-b992-3fe11d970933,2,1,1,2
37269fdc-b76f-3231-09f0-eb9e41256730,2,1,1,2
343ff393-d177-4ec2-a9e9-1f1605ac13aa,2,1,1,2
68490c67-a46f-4e37-9073-58dbb5f077c7,2,1,1,2
3914e1bd-7d9b-4fcd-b17c-0e8c69fa4ab6,2,1,1,2
17be96d3-e37a-4db8-89e6-b19e29a51f60,2,1,1,2
10e83d0f-0572-412c-a503-e34cc1997b5c,2,1,1,2
9a7f2586-fd37-4d89-89a8-a4a305d812d6,2,1,1,2
84b4a9e3-2e67-6940-992e-ea441f40026f,2,1,1,2
b86b096c-99eb-4093-b3b1-b87e3618ce67,2,1,1,2
4280c18d-3447-4098-9622-73f3f9317504,2,1,1,2
0f6e8c42-9a69-440b-b63b-10d82f918fc0,2,1,1,2
6b102317-366b-3a4b-2a17-c04be158edd9,2,1,1,2
9edeaafb-6ab3-4d74-a36a-b367a6ef27a2,2,1,1,2
3b53c0ae-d0c8-43e7-8e23-c18ec490dfbf,2,1,1,2
9a854d2f-3763-938c-cfd6-db491e8018eb,2,1,1,2
1629716c-f5eb-4471-8c3b-905f9bc39a76,2,1,1,2
84e528d4-9894-4d7c-a7ec-33b4ea6bbc85,2,1,1,2
5e77ca88-4f07-4fb1-b85e-012eea5af2eb,2,1,1,2
404c8cd9-b209-4d00-be03-7ff7395b6891,2,1,1,2
4fc243b2-5653-4105-9f48-695180b293c1,2,1,1,2
7e813816-12a5-4db2-8c12-3537306a1355,2,1,0,2
2972ffa2-6c3a-4ad0-b208-d7ccf8f84f01,2,1,1,2
c7ee7b27-5c08-4903-a3a5-88a7248a3deb,2,1,1,2
d49799fd-a43a-4a7d-ac85-4e2a704c5e67,2,1,1,2
30c5ecfe-2409-41b3-823b-704de9bed82a,2,1,1,2
cb26b4b6-e3ae-4b18-908e-9d53fae0da82,2,1,1,2
cf362cd3-8b22-4760-8ca7-2f5d0f8c5924,2,1,1,2
2852b5f6-8338-baf6-2c66-5b9a8ce89625,2,1,1,2
b175427b-2bd4-49be-a5cc-27005837b9e5,2,1,1,2
be4ed6f8-3266-4c7a-97b1-46d91acaae0c,2,1,1,2
1ec687f5-90a7-417d-9bbd-447950880007,2,1,1,2
08705eed-642a-4af4-a19f-083c8b794361,2,1,1,2
5fa728c2-ca62-479e-acee-2b3d2c3864d3,2,1,1,2
6ca68255-274e-4cd0-9efe-bd083f8123e1,2,1,1,2
1681591c-5da9-83c2-395e-3d6d0cf81b12,2,1,1,2
2ab92054-d351-4f45-9634-2928aab17cc0,2,1,1,2
4e0009cb-e0b4-4ed2-ad86-ec8e2741a122,2,1,1,2
1e8917ab-d797-61a9-2922-589112a2f478,2,1,1,2
cd883ede-dffc-48e4-8932-1ea7dd1eaccb,2,1,1,2
f7062d17-09f2-4f46-87d8-e181469636b8,2,1,1,2
5fea5b3d-9614-4fa9-9603-f0bebf27cc6d,2,1,1,2
0c9eecd5-3e14-47ef-b941-d49403516771,2,1,1,2
c1ad1709-6f9e-4ef1-bf47-50bcc437b74d,2,1,1,2
b105ffe6-fa8b-1e9e-8158-3b0d1fbfd92d,2,1,1,2
0f27165c-739f-4b29-ada8-0ac1cc8c157c,2,1,1,2
4da494fa-597c-4daf-af11-5d185cb300db,2,1,1,2
083e152d-799f-4538-98c4-8a9ea67b6bf7,2,1,1,2
c4b923b3-51f6-4aa6-b8b1-e3f55a300c2b,2,1,1,2
f27841a0-b5b5-48b3-9047-08cf12c51df9,2,1,1,2
f7194ed2-8d13-4b69-99f4-742fc13cf9bd,2,1,1,2
6c9659df-3842-4be9-a34d-530b240afbd1,2,1,1,2
33256fcc-2040-4af8-b5bf-d2b2a49436f5,2,1,1,2
576ac15d-ed7e-4859-a47e-837bba0775f7,2,1,1,2
c0e363cb-8343-4516-9677-c8605cd0274e,2,1,1,2
07887db6-687e-4415-a812-e711947969f8,2,1,1,2
35858a88-7b10-4eb8-906e-70d8d0f2ad00,2,1,1,2
3c634a9c-b6be-f33f-0f1a-7346992cb498,2,1,1,2
40f41f21-233d-4fc4-bd66-ad8f06ee32b5,2,1,1,2
51add673-4f34-4178-888a-3e3cda9c1fa0,2,1,1,2
3219f61f-4d68-416e-b025-d7ccf016dd72,2,1,1,2
6187d58e-e67c-4357-b815-3e08862317cd,2,1,1,2
67633c4d-ae9a-499b-b898-a02d552661f8,2,1,1,2
d28804f4-6f1f-4c21-ba6c-50bbff3ef271,2,1,1,2
e3d7738d-449e-4ea7-9dd9-8c95c4dbcde5,2,1,1,2
7e9da48d-cb30-4c42-b90c-c908a9f0ed58,2,1,1,2
1224fe1e-dd91-42b7-bec0-1ef82168691d,2,1,1,2
1dba611b-310d-43d8-ad34-1be8fa0ecd1f,2,1,1,2
d01c500f-e818-442c-9764-7c79d9188d8d,2,1,1,2
0006e83f-22df-4d46-8d2d-78b90fa4bbc7,2,1,1,2
d0145709-3664-4331-8d7a-b961ffcd2a84,2,1,1,2
a185a9d7-2a63-4987-8160-f983418704bb,2,1,1,2
8eca1d22-7920-4222-82d6-08c603543654,2,1,1,2
9a5d3b2c-ab0a-4ab3-9db0-368b9ca36b7f,2,1,1,2
17e543ea-3fdd-4366-96fc-b8f2e5f1c4e7,2,1,1,2
6d4d6f61-004e-4a9b-8256-34838cd1452a,2,1,1,2
acc03a8c-d064-42c6-ae31-8bc6369e0a09,2,1,1,2
b4d654bf-eff8-49af-bffc-38eaf4f3bc01,2,1,0,2
c32191ec-8bbf-488a-a231-bd4538d34820,2,1,1,2
252fa906-c00f-42a0-a42b-90a5cada6e29,2,1,1,2
69466687-f374-4a72-a8f0-271a7b0a8d43,2,1,1,2
49c164df-13f2-d5ab-d18f-0001545a3675,2,1,1,2
4a5e3958-70f5-4cf3-a282-cc768fe70ffb,2,1,1,2
543bd074-f98c-4e7d-9dcd-bd38b45a0d10,2,1,1,2
45f6dd54-d8bb-fb6f-5400-339f6ba8a26c,2,1,1,2
e68bc09a-0793-44d2-adbc-d07bf54fb151,2,1,1,2
540dc276-7807-48b0-8211-2067ef5374b8,2,1,1,2
ffecc91c-600d-4a05-88ab-c70504435f77,2,1,1,2
865984ac-3719-43f7-a3ac-3d92d5746dca,2,1,1,2
29b5428a-0d18-244a-8800-54f4e89684fb,2,1,1,2
6e38478a-293f-4319-8de4-a5a9aa9bf67e,2,1,1,2
7f6e638d-cabe-4315-a474-51dc731779f6,2,1,1,2
bc68790e-844c-43f0-baee-764550ac4ad5,2,1,1,2
5c106dd0-2edc-47f5-bbd8-9cb4071fd123,2,1,1,2
34ce9196-e6c0-4038-9f99-bb302bdb2d06,2,1,1,2
5bfef0b2-3287-1cfe-1b98-2d94813a2650,2,1,1,2
7c8f7093-a2ed-46e6-b09f-64ef00ba7d56,2,1,1,2
edfce234-4e59-4feb-88f4-ebcb5be36c8a,2,1,1,2
bc17faf0-487d-45c8-9475-a9de256a49ff,2,1,1,2
a4da962f-0403-44f7-9085-fe09a30d5630,2,1,1,2
107479a0-fe25-4064-a7c4-ffad55b8fe1a,2,1,1,2
3bf03a5a-6e1c-4453-b0c7-f93224f0ec6c,2,1,1,2
143d09c0-5183-44b6-9494-ab34d4dc82a4,2,1,1,2
d5c6ba76-c9ae-4b87-af65-671d7ffefc26,2,1,1,2
58865a41-2537-46ef-be56-3155cefdb0a9,2,1,1,2
033c6eba-3259-463d-bb81-7521d3099a2b,2,1,1,2
5b41aa12-0b37-4955-baf2-bad0f326708d,2,1,1,2
a881add7-3fcc-415d-aa8f-d391d654c7fa,2,1,1,2
8b765fe1-7299-43b5-8296-69bdbdc686dc,2,1,1,2
675919c8-9981-48fe-b4a5-140965b95d0f,2,1,1,2
670a4828-c5f8-4db3-b0d5-ae29f2bedd6d,2,1,1,2
6bc90891-609b-4d01-88fc-d53550e122bc,2,1,1,2
8d90136e-1253-4ae8-8c8d-9372f522fed7,2,1,1,2
f0aabf84-c67d-4c3e-818a-1d728934ee2d,2,1,1,2
db886cd2-99ce-4c78-a3e9-6bcf5af12162,2,1,1,2
68a53b68-fa0b-4c5d-92e0-eff1991f9322,2,1,1,2
f6d74b9e-2910-187f-f97d-a671a9b47f38,2,1,1,2
7e6812b3-aecb-4dca-9e0b-46dc06426367,2,1,1,2
320238a5-c1e6-4aa8-9b86-7fe75023e441,2,1,1,2
8d4701c3-38b9-407f-9ff8-e1b8f8282e24,2,1,1,2
452d549a-5a3c-4fd1-a7a3-a7b66674f3b1,2,1,1,2
1d539c0e-6669-4925-8829-5285b3cb4d9f,2,1,1,2
01c55bb1-3298-48c1-847f-72c85b3046c6,2,1,1,2
c6da9838-6815-448c-8e68-697036fb9af9,2,1,1,2
59bfd7a4-d381-4bd4-a3be-3aab570b7f08,2,1,1,2
955ba75b-8a08-4bd0-8e0a-1448c0f15549,2,1,1,2
4181d678-a5b1-5e1d-e219-f60c111cb114,2,1,1,2
01bdbb1c-8784-4b94-9cfe-b8740a1faf58,2,1,1,2
c3693ce4-abab-43e7-a72a-66aa3399b136,2,1,1,2
36a8f32f-83b5-4a81-b721-97d5d9beaab1,2,1,1,2
0df2fcac-79b6-4289-9853-e9d72a599c54,2,1,1,2
02ade129-0b91-4b90-8e16-ffd710b78dd6,2,1,0,2
24fab485-291e-43b3-9412-0ac099c13f52,2,1,1,2
7da1d2a1-f990-4684-8a05-81ee710aba44,2,1,1,2
672c290b-c1d6-4cd1-acd4-bbc3b7988269,2,1,1,2
fab309d2-f664-4efd-9bef-4b33653a85a9,2,1,1,2
e716ae0d-ba11-49e1-9d1e-281d7e9112f7,2,1,1,2
1fef2b1b-0b91-45ad-9df2-e1faef8961fa,2,1,1,2
848b4914-fb6f-4e1c-a9e6-c7564421c4aa,2,1,1,2
95b8c365-4135-4d01-a205-a226797f32d4,2,1,1,2
c90fc4d0-2e0f-43cc-8271-0cfff214cc18,2,1,1,2
3f5751ae-af68-4c17-bf8a-2783e76d824c,2,1,1,2
92b59a9c-62f6-4454-9d55-e1cb05621fa8,2,1,1,2
12f4b640-e3f3-4112-82f9-4549f090e529,2,1,1,2
6cbb2b21-faf2-4a78-b7b0-adc2e07b05f3,2,1,1,2
de771bbd-d4f0-439b-8f7c-9ac86bc7eac9,2,1,1,2
07fc1c28-a038-445b-8027-9bc47d04c849,2,1,1,2
61ba9fb3-2468-4a76-b086-3aaa1ddcd196,2,1,1,2
dd8399cd-5229-4a18-b859-253da4280842,2,1,1,2
9affe181-219e-4341-ab8a-9987ffb80450,2,1,1,2
177a73a3-1cc7-4607-9355-62706bfd7e0e,2,1,1,2
6e412093-59a8-48ed-be27-f3f229ab8bed,2,1,1,2
8520b8c7-ef5f-4a36-bc87-9dc720913c5e,2,1,1,2
57011f48-41de-4b01-a266-566cb4b3cb27,2,1,1,2
13a4bd9b-764e-4e60-a82e-d0decac035d0,2,1,1,2
05267375-41fc-42a8-94a9-c52b005a8d06,2,1,1,2
3370c823-c99d-4f1b-a9ae-842253378008,2,1,1,2
f737b3cf-da5e-409d-84d3-8a0bd5a390c9,2,1,1,2
2f85ce2c-0df8-4641-ad07-d9fcac0bd2dc,2,1,1,2
93947278-e835-fbec-c761-dcdc10af7890,2,1,1,2
80442ad3-5055-4fda-8ca4-0c6cb0561268,2,1,1,2
4d13c520-1eee-47f7-8988-feb74750f709,2,1,1,2
36519459-5388-47ab-a105-172e1a95bf0a,2,1,1,2
c64a5c33-b869-44c8-8ba4-a8904bbf2391,2,1,1,2
56e0ef53-c89a-4ab5-aaab-04d36f0b7b9f,2,1,1,2
c70c25b3-eb1f-45f9-8c83-6bc561f0a567,2,1,1,2
6a9386ed-3cab-4e12-af39-b33200d49252,2,1,1,2
14a443e0-f0fc-7946-9f05-569dc5ce9cf7,2,1,1,2
509df628-29f0-4376-b9cc-2967af1d4b4c,2,1,0,2
385ce7d4-d1f9-4f5c-8029-d6f3001cb355,2,1,1,2
da9d43f2-3b17-4305-aaed-58968ab0f9e1,2,1,1,2
856761f2-ccde-4fc4-80c1-d777b40dfeb0,2,1,1,2
dcbd58a0-1888-4d02-bec0-878199806503,2,1,1,2
fbd91a11-913d-45c7-a945-132cfd7707af,2,1,1,2
29910890-3110-4ac3-9649-0c6833d7f551,2,1,1,2
14ae266d-9a5d-4d12-a2ab-9e292a106c8c,2,1,1,2
dda223f5-6dd1-486b-a996-d1c34b158d98,2,1,1,2
872bf91f-5077-4703-97cb-3965da062ce9,2,1,1,2
7d44cd3b-9dc0-94a2-aa5a-fac1e528c2bf,2,1,1,2
c96094dd-35a6-406d-9f8f-06faca1c95aa,2,1,1,2
ad4c207d-6345-4938-91dc-22c0b373de5a,2,1,1,2
d62bd095-8912-4a1b-bd9e-a683b7e3c42d,2,1,1,2
9b6007b5-f252-4323-ba8c-db2079c80723,2,1,1,2
7e7ae0e8-4e9e-4157-9270-1fe3664b2d1b,2,1,1,2
81b227fe-6186-44c9-a19f-2e7f09e27f98,2,1,1,2
ccdaacba-9146-4ad2-931f-044e60d84f2d,2,1,1,2
f3dfbf47-b72e-4114-961a-dfaa9c499c64,2,1,1,2
02717c08-1986-418f-a70f-15422b557a7b,2,1,1,2
1abb249f-e8ad-4882-bb16-dc9b2dcee82e,2,1,1,2
553424a7-18f3-4842-b777-4d9145f9357e,2,1,1,2
e13f0df8-d1c6-40ae-bd36-deae64854c35,2,1,1,2
2e6d7ceb-1d5f-4702-8467-ecb1b0cf582c,2,1,1,2
9817867d-a442-4cf4-80da-ad10af04265b,2,1,1,2
f54cacc3-a70f-49bf-b389-12d5ed7a2f23,2,1,1,2
3c12d8bc-54b0-41be-bccd-d337ada21f7f,2,1,1,2
ef922396-c14f-43b7-b9cf-004dc2783370,2,1,1,2
a3fb705e-e02b-4f49-abbf-6007022fabb6,2,1,1,2
0c58c7e3-79d9-46e1-9a11-dc8d10deb98d,2,1,1,2
2144cbc2-b8b9-4409-ab3f-1d769b44d1c4,2,1,1,2
a527835c-cb81-473c-a78b-a0260ea2545b,2,1,1,2
1a07c707-e1e0-4945-876e-fe549ad3396f,2,1,1,2
166c1ad9-1bd6-449a-ac9a-2c6aab5de9a3,2,1,1,2
641e73f9-52d8-406a-b55c-becae192465d,2,1,1,2
f618949e-4b38-421a-8eaf-e99259b00e46,2,1,1,2
e08751a9-9a20-4c88-ac34-76904cbb4e28,2,1,1,2
1bff9d83-88ef-46da-aa6a-c6b320222b4a,2,1,1,2
ea89f835-1982-4284-98d9-f6adb185361e,2,1,1,2
59463477-b331-469e-b111-f8c6cd83132d,2,1,1,2
9cdc0e5c-ac61-4b46-8939-dd58571ce0ca,2,1,1,2
985b12aa-3fad-461e-8dc1-436df9244522,2,1,1,2
9698fb6f-f273-472c-8f42-f3792b4f476f,2,1,1,2
742fd467-7219-4aee-83f6-b6444a77aa1f,2,1,1,2
54bbcd07-0e1c-44d0-94e2-3adb87bca8e1,2,1,1,2
a0f32885-a685-4e7f-85ba-42cf340e862e,2,1,1,2
2c4d4936-fae1-41b5-a022-9018261fae47,2,1,1,2
ee61238d-7311-41d8-8e3c-4c5787a31ae1,2,1,1,2
8668e018-62d0-434e-a055-56acce251b21,2,1,1,2
4f6593e9-5030-47ce-b17f-85cf2970e4cb,2,1,1,2
ec33f3c3-2d67-4ca5-883e-1fbd650c7bfa,2,1,1,2
8aba0fe3-8f6d-40f8-b74d-dd4e3006791f,2,1,1,2
e0dde335-9499-4f56-84f2-167866e9aa2b,2,1,1,2
83104ca7-8e30-4590-bbfb-5a7a0c260b59,2,1,1,2
c2a2595b-c217-4cda-a0d7-2a472fdcb010,2,1,1,2
1db2735c-f0b6-44f9-86f7-38cabd2f5cb2,2,1,1,2
cf265904-bac0-4785-9255-3b05f63154a7,2,1,1,2
ec543950-6956-48a2-a280-182507441e63,2,1,1,2
abd24631-0efe-4a0c-913b-544872562016,2,1,1,2
5c77046d-06b1-4df0-8035-a27b21c5d6e3,2,1,1,2
02805f20-64d8-426e-8716-891d10faa1f8,2,1,1,2
bf26045b-faf1-4848-81d5-f19ca8fe2433,2,1,1,2
aee192c5-77e8-4fb0-9a6a-361e85e0ee2f,2,1,1,2
e963d3a9-f063-4124-9f75-cd13cb9e0929,2,1,1,2
f65412ac-c066-4474-99bd-135884191cb6,2,1,1,2
40e1824b-fe95-45fe-911d-fdb0ae1e81b1,2,1,1,2
9759cc3d-30a7-4c24-ae5f-8ca13f0c26c7,2,1,1,2
13dbed74-2969-1363-15d5-124b4e9f5058,2,1,1,2
0f07ec33-9478-4e97-b76f-de784e0a8a8d,2,1,1,2
cb66672e-f7fa-4b5e-aa69-8d47d81a1057,2,1,1,2
2f98bf6e-c894-4523-98d1-4329383bd779,2,1,1,2
bc6fa06f-1ae7-9407-a46a-273377a9c802,2,1,1,2
5fdc8d57-e4e9-4893-9092-53006f2be42e,2,1,1,2
70374fc8-72f4-4146-adde-bc1a6f99d376,2,1,1,2
c27c0275-a9fc-4066-bea4-095305404402,2,1,1,2
4829128d-06ee-506a-a8a8-9d78ae2fbf7e,2,1,1,2
362ad91e-665c-4fa5-bb86-8b573178e5f4,2,1,1,2
a42ef4b6-ee0f-4c9d-9bd5-8f4119f7b1be,2,1,1,2
3f38c952-23ab-42a0-a791-0b2026f8c0f8,2,1,1,2
535da063-1aad-4b2d-8909-d7c1f2d07205,2,1,1,2
1c5c548a-8527-4dac-aa0a-9b4d185c6e04,2,1,1,2
e2457c1d-8f35-43db-97e4-b06b86dcfbcc,2,1,0,2
d9a9fc2c-ad42-461f-ab6f-0e5701680d0b,2,1,1,2
52b4207a-12f4-45f4-b272-fcce38218c9c,2,1,1,2
79c02738-e681-70aa-c74e-60e585e8c1bc,2,1,1,2
d58194a4-d39d-4c4d-80d6-1356eb628588,2,1,1,2
2e0f1b10-bee7-45ff-b7c2-1292ad0302ea,2,1,1,2
129b6a27-a412-4688-8ef1-b48b481d5b94,2,1,1,2
43e390a5-4590-4020-805f-c56db28d0853,2,1,1,2
d43d4fdf-d5cd-495f-874f-c0a91810e0ce,2,1,1,2
7150efc9-305d-432d-a46a-9da2e5ccd56e,2,1,1,2
c85c22be-205d-43c1-81b6-49c51c451d8f,2,1,0,2
b628e587-0584-9756-1bcd-e292b744377b,2,1,1,2
f93a5cad-54e7-4358-86cd-e4a9d655591e,2,1,1,2
8a6e4e7c-e689-4400-8dce-835e3cf65a46,2,1,1,2
a51c114d-8808-42c9-98d6-1d677820b692,2,1,1,2
6747c7f2-92c7-4049-b6a8-a2b6ab62eba8,2,1,1,2
abfd30bd-5c52-4825-b712-1e5e64ad9c4d,2,1,1,2
2d1d59ba-49c2-4219-ad79-bc6d23156a16,2,1,1,2
a53f0c5a-354a-4e73-b5f2-69f1f46f62a4,2,1,1,2
7a5bb13a-6ea5-45b5-a86c-fa8b07ded560,2,1,1,2
822ca526-73df-43b9-b0cc-2c94de0e0ab8,2,1,1,2
581b44c8-eb5f-419f-aee9-6337f744150a,2,1,1,2
90a957df-d5f2-85e2-31dc-eaa7859f38d8,2,1,1,2
37dfd4ae-38d8-9c5b-7f2f-85525ffc0bf0,2,1,1,2
51b148d0-9043-4e6f-8eca-18fc3a591719,2,1,1,2
1d6c8b26-56b9-4fa1-9882-1f284dd16830,2,1,1,2
193f2feb-43da-40c2-9702-877b72e65523,2,1,1,2
8d37d063-e62c-4049-b72b-2a1151aec1ec,2,1,1,2
3c128196-ed8b-4a70-bc6b-fe699c53af4b,2,1,1,2
9b69dbf3-00fd-4cb8-9542-84190c578f73,2,1,1,2
3aadc405-be56-4fc3-9af3-a38aedb4333b,2,1,1,2
85ff4998-cc2e-4bd1-bd7c-dcba8fe77b40,2,1,1,2
24b0be6b-9afc-4f4f-8b3e-12b70863b19a,2,1,1,2
3b93e5c5-067f-63a6-9ffe-ff41f8c99e59,2,1,1,2
e9e62fd2-63f7-4d67-a391-0091db81d56c,2,1,1,2
c8555f8b-191f-42e5-9a8c-e597a8043896,2,1,1,2
867a9389-ccf8-415a-883b-f3f1769e9713,2,1,1,2
f2fc86b6-af34-4430-bfb9-7f1cfeb57eff,2,1,1,2
1b1317fa-7b1b-406c-b78e-d57fa28141f1,2,1,1,2
66b613c9-8614-4c9b-82a6-4cf37502cedf,2,1,1,2
8b970133-a9cb-4ba1-91fe-8bb6bdd984cd,2,1,1,2
34831ee4-b461-ae19-2596-5bf8c0dc9a20,2,1,1,2
1aab8578-d684-4727-a602-e5a3ea4ff710,2,1,1,2
67a74402-2598-44da-bbef-39db949030ae,2,1,1,2
dfdc3b29-e6f4-4bf8-8580-c7606fc22039,2,1,1,2
802b645f-dca0-442f-bba8-f352d77c71f1,2,1,1,2
28741684-2f48-4f74-93eb-aed5fb5e8e08,2,1,1,2
89552c82-5485-c6c7-f3e8-b300b167ccbc,2,1,1,2
a690d0e0-e4c6-4129-8b1a-94592cadb51c,2,1,1,2
12ee0946-ede7-41f4-a741-835b92f6799e,2,1,1,2
b01524e5-55e6-439f-80b4-3f013cfd8667,2,1,1,2
ffa7b5ec-36b0-4e41-b51f-4ad0c341475a,2,1,1,2
59e69872-36f0-4be7-9873-b616c9703964,2,1,1,2
5fd3edb5-8e67-fb54-6193-9e181bb8ce9a,2,1,0,2
9584a03b-f4a8-4665-a287-0c567afea1f8,2,1,1,2
11c88392-bc48-474b-8cd1-1f08da8b3dae,2,1,1,2
c59f39ed-36f0-4304-8fc3-222664bade83,2,1,0,2
583399d6-8265-4f32-a9e3-b3dd2c31cf1d,2,1,1,2
b8e0e103-60db-4553-8843-0f86b3840f8a,2,1,1,2
ae0379a1-9f8f-4a90-924a-5d2814b3685d,2,1,1,2
1ffcf30e-c554-4ad8-af8d-d2c2affe6282,2,1,1,2
17c26379-8182-4a3e-9567-c15e9c434add,2,1,1,2
3548586c-1498-4203-92ff-0f3d15de293f,2,1,1,2
78e28d6e-ab99-41e6-b342-53f55c876e96,2,1,1,2
07bef4ec-7e2f-4d08-91ef-dd7f5c8f1e3c,2,1,1,2
1ba1f705-708a-4600-871f-fdcaeb28d33c,2,1,1,2
4d7348bf-d2c0-4d17-9663-2a175d38b5a4,2,1,1,2
04da6c13-2e38-4efb-93c3-6619d9c09f4f,2,1,1,2
0bcbc8be-515a-43c9-a3e5-baca50a5c06b,2,1,1,2
6924c638-dc04-456d-acdc-a811d653c0e8,2,1,1,2
1f10f81f-5f72-47e6-8110-78a66f977cad,2,1,1,2
e57eb203-9354-47be-ad34-759426535a03,2,1,1,2
c7ad8e4e-c197-42c6-aa8e-a8026381f159,2,1,1,2
6949b466-9301-479e-bd00-a13d3990e7ec,2,1,1,2
fdf35441-0c85-4d55-9f37-a36db7ffc4df,2,1,1,2
ec5d58db-db49-4a13-8a14-0cc30bdff04d,2,1,1,2
b18a7ea4-5909-4eef-a3fd-2255ada39d13,2,1,1,2
12046864-5804-432a-a84f-cfa4132f0603,2,1,1,2
ce5c16e6-5543-45c9-88f1-ead056897efb,2,1,1,2
c885a365-1271-dc6b-5d53-79103b60dde8,2,1,1,2
c09bdf8c-bad3-417f-8a8a-52b30effddcb,2,1,1,2
d01e7ac8-681f-bb71-beea-c86534ba09de,2,1,1,2
836fe3a4-c0ab-438e-a76a-f32ef3003f2b,2,1,1,2
251137de-9093-4513-8bd9-56b909a0d7c2,2,1,1,2
b0ffb653-8573-445c-b458-d78af5959076,2,1,1,2
979a61a7-2428-4ed6-80c1-f4acd4547d5a,2,1,1,2
735743b0-a332-45f2-9abf-ee78e35c1668,2,1,1,2
d339e3d1-2164-487c-914e-8d100229c283,2,1,1,2
68870eb8-6319-4c48-af3f-7747b768e63f,2,1,1,2
bfdf4471-2999-bb0a-23e8-a94b97efdcbb,2,1,1,2
f6cacf69-d6cb-48a0-8b43-072918a53e53,2,1,1,2
a1e2f4fe-1760-4f15-9d01-aa93428d563b,2,1,1,2
96df7829-b973-46b9-8f9d-575760a77b98,2,1,1,2
5870e248-64aa-41c2-b97b-805b6bdd1e0d,2,1,1,2
2e25beed-85c9-4cc5-ab23-457ddd370dad,2,1,1,2
e026084a-9ea2-4d9f-bb39-61134fa0c4ce,2,1,1,2
792ae1ba-710f-c682-359c-0c47901cfc4b,2,1,1,2
5e876e12-0377-4126-a88f-f53c87665d6a,2,1,1,2
0e522e7c-6ae9-439b-b835-7510da9f4c51,2,1,1,2
d9879da6-3b2e-4ca9-b352-9ed5f74d7df7,2,1,1,2
f55d6ca2-0b9c-4237-9026-3f3ffa635c16,2,1,1,2
13402199-b8a9-445e-bb35-5ae8ec284217,2,1,1,2
c7b46446-4186-422f-bceb-9355697ee8d5,2,1,1,2
81a8d589-df29-476c-aa68-c65200d57663,2,1,1,2
544022ca-63d8-4794-a68b-8c89b4c4a902,2,1,1,2
d6d58a53-c00e-41e2-bbb0-0bc386f803c0,2,1,1,2
eed5fff1-1473-4e9c-aaa7-d510dfd90910,2,1,1,2
28ad259d-a509-a1d0-5425-3c1a490f2f25,2,1,1,2
5eace6e0-32a2-48bf-a06c-d0be52810fa5,2,1,1,2
fd4a073c-bc81-41a6-bb22-1cf123fbba7e,2,1,1,2
d5bfb83f-ddad-e58c-b575-a8cbeeb648b3,2,1,1,2
01310a1f-1062-4983-91b0-77f9fd5a1659,2,1,1,2
6bfee72d-becf-4dad-b348-b3c9efbb38d7,2,1,1,2
037f5940-6ed0-0e03-ade2-0d1c7590dd34,2,1,0,2
376ccba3-0e1d-4178-b939-e476b7761a8f,2,1,1,2
0bda3789-888a-489d-8b10-b92d4c8e1d49,2,1,1,2
4d2444f6-0768-4efa-9b51-70823937d012,2,1,1,2
a8c9e703-37a7-4a39-b95b-35b07d88c05d,2,1,1,2
384152d9-9690-42fd-973c-7c119665b1ce,2,1,1,2
ceda9722-99e5-458d-b1c2-fb2f3e53fec6,2,1,1,2
73a40183-65ae-487d-b70e-f0e58e36c672,2,1,1,2
97d12118-b4eb-4e04-b8a3-30bc582fa028,2,1,1,2
348d11f8-c23d-40c7-b47f-d998f60ed694,2,1,1,2
a27c8e54-eeb8-4cec-aa73-6a72119e60c8,2,1,1,2
be36779e-8446-45d7-b5af-01da8d207734,2,1,1,2
4612f57a-638d-4884-be50-59bd2b410483,2,1,1,2
6f914562-09fc-434b-a42b-01edb0f79a80,2,1,1,2
7621191e-366e-fbb6-f0ac-1900795ee086,2,1,1,2
cdeb6159-2e9e-40c9-9259-51a7f0f69672,2,1,1,2
415d3dbb-6f10-4681-a5e3-9b491ce7a467,2,1,1,2
81e36b3b-fb67-4a2d-82fb-5945f3e5392a,2,1,1,2
9a3d18f5-50b7-47c5-b1fc-f785f99c36f6,2,1,1,2
74b25c61-c212-4e21-8c2f-bd067ad3f7d1,2,1,1,2
68cf4aea-0a25-433f-a541-1eeb560ce328,2,1,1,2
3e986b2e-0ce1-4b6b-be05-f6ba9b5ecaec,2,1,1,2
c7830e3f-926e-4529-9666-8f0996fb705a,2,1,1,2
500475f6-4559-40f2-9fa0-832b902d91fc,2,1,1,2
8b570b37-c5ca-4567-b212-9334a765a29d,2,1,1,2
c9da47d4-5d60-47b4-ba90-a8bf8e1a66d4,2,1,1,2
20e6d861-816d-4793-968d-399fc5d7495d,2,1,1,2
969939db-d88d-4e4d-85bb-201dfc99f1e9,2,1,1,2
0650c696-54d6-415b-bc03-22ec106e0a91,2,1,1,2
739d2958-2d97-4627-9de1-8e33b2240661,2,1,1,2
92ef7f08-09f5-4a44-80e3-abbad55d3033,2,1,1,2
c24a2908-166d-4219-85d1-d7c3c4dc3e23,2,1,1,2
c8cd1622-c594-452d-bae8-e76bc1feeb32,2,1,1,2
5506f131-6976-422c-b4ba-735ecaeb407b,2,1,1,2
73c9e379-9f94-457c-9f88-fec00d9a6446,2,1,1,2
39ad4895-e2db-401c-b530-ace0eda1ada5,2,1,1,2
5636586e-dfbf-4445-89dd-8a649e9ec716,2,1,1,2
2303f4a4-3756-4d77-9fe5-45a66350713a,2,1,1,2
c5a034fc-6943-4d10-8b79-cdacd7a0b47e,2,1,1,2
2ce30abc-8c3e-49cc-adf2-2aa586c2cf1e,2,1,1,2
16f07f10-f58f-485a-bb09-a025265940fd,2,1,1,2
68465531-4ab4-4a63-af4c-e81ab17198b3,2,1,0,2
d8e6c5a8-4d04-4626-83c1-6e292f44f287,2,1,1,2
6bce2bce-12f5-44c1-9bfa-47979d611ab1,2,1,1,2
485a26c8-61ba-4484-9e73-6bcca7cd3011,2,1,0,2
f67882ac-52d8-44b7-930b-fccf0544ce75,2,1,1,2
7c420b24-4eb1-4a3d-adad-9879e105a1f4,2,1,1,2
ba3e0966-c1d0-425a-bf3a-fbd7a6011160,2,1,1,2
9ea11cd7-d401-45ad-8430-8deb9bcbdbf1,2,1,1,2
6e4d96fd-99aa-46c3-bf4f-476bfd21d5be,2,1,1,2
dbf4c23a-53d1-4574-8b57-d87014e464df,2,1,1,2
4789d63d-9555-4242-b90e-63cfb92bbc82,2,1,1,2
5a503d89-e9bf-4ac3-916c-e8603286377f,2,1,1,2
3c258bc2-93de-4646-aa1c-c5cc72719b7e,2,1,1,2
eafd62e7-0d03-40f3-902f-14b9d13624c9,2,1,1,2
59292e88-ffee-4e93-84d2-899a7358d504,2,1,1,2
fe617f02-0682-4b1a-ac32-d8766cd53f75,2,1,1,2
d651200d-e7d7-40a3-816a-6bd4e4982acc,2,1,1,2
39357e13-13b9-440d-9fa3-6d010acb2605,2,1,1,2
14dba76d-b048-44de-8554-c23f2a2df18f,2,1,1,2
da941b15-8d58-4180-97c4-8786feda03e6,2,1,1,2
12a6211c-0cba-43f8-9caf-bdc71acb39f0,2,1,1,2
9c669ef4-ef0d-482d-ba36-a8b04421007e,2,1,1,2
25cb21dc-a964-4cd0-9d7c-5dde8f2e27b4,2,1,1,2
75c51a71-42a3-4ddf-a80b-a40c156255e9,2,1,1,2
1ea53dd5-e34e-4349-b5f3-caab67f7babe,2,1,1,2
05512378-2c0e-4a8a-a87d-14304bde826e,2,1,1,2
39668b88-710f-45e8-8726-c915c3600c0f,2,1,0,2
12a53a25-0d34-43d7-b43d-3a77eca8bb6a,2,1,1,2
cd8a6889-d083-45ff-8064-6f93b5fac306,2,1,1,2
38775d11-8760-4bba-9b26-0deb12f6bb6c,2,1,1,2
5adaf646-e734-499f-beb9-f6b0f289f23a,2,1,1,2
9549b8bb-944b-4252-af26-2b2afa99601e,2,1,1,2
ede069de-e80b-946b-1df6-45ae9dec5000,2,1,1,2
784a5bd0-6b1d-429e-ab0a-ff1c7a40902f,2,1,1,2
084190d2-24b7-4e5c-a8f9-e77d84b865e2,2,1,1,2
3129047e-096a-4b81-8c89-bbc1f57a9d05,2,1,1,2
a64b0242-72ea-4ad3-8d47-5b3da5f43b79,2,1,1,2
e49880ec-4ca6-42f3-9387-ea16ee513510,2,1,1,2
a77bd637-0c94-460b-92f9-a6218beb0403,2,1,1,2
d79ccd84-1262-4f35-aeb5-f971d85f8840,2,1,1,2
3c954ac2-1c80-564c-0500-33ee77b7b5c7,2,1,1,2
8204692b-0190-41c2-84cf-5330ef1c0d3a,2,1,1,2
029cb8af-835b-4337-8b59-11da20a2ce8f,2,1,1,2
d3d142a2-7606-dd08-2ee0-b22c594f666d,2,1,1,2
2259202e-6183-fd55-6aed-c834e9a2e3b6,2,1,0,2
8e98fa94-abf1-4cdd-bdfa-59b6df39b723,2,1,1,2
8cbaff93-8efc-42cb-ba43-ed55ebfa8912,2,1,1,2
2a64b2eb-c85d-4d8a-bc88-ea6021fedce9,2,1,1,2
2b0918b3-ebc4-4770-afc8-eec5065882a6,2,1,1,2
55f91c25-34b5-43f8-ad79-01f9e774b44c,2,1,0,2
44bba6df-a026-406a-97b4-16ac45b57d61,2,1,1,2
7422b6da-32bb-43e3-b39f-ecf264f972d8,2,1,1,2
79a06191-e7ca-4869-bd55-d9237384045d,2,1,1,2
dd061ebb-385e-48d3-9c87-065926dc1309,2,1,1,2
539d8a79-127f-4a19-9b37-3a578ada2247,2,1,1,2
fc34f7fe-7ee4-473b-aa44-e98a282768e4,2,1,1,2
5069b1f0-e8a7-4a81-8c83-50b5a6205acf,2,1,1,2
dbdca0b2-43c3-466e-a8c2-72a44591204a,2,1,0,2
5a5278fd-ea35-4661-966e-f724c49b60aa,2,1,1,2
fb2e81fd-1fd5-4f05-8d48-61de38139e66,2,1,1,2
0122d6b8-4546-492c-a78f-9a9b678b52c5,2,1,1,2
e01e936d-6ca8-44f1-b9ca-a5eb92e1adae,2,1,1,2
493951c5-9ea6-48b6-974a-cda7763d8e20,2,1,1,2
dfb8bf8a-428e-4108-9363-eb57dca41399,2,1,1,2
1a1d499e-72fb-417e-a589-2ea20bbd8420,2,1,1,2
dd6250d3-7789-4069-b25d-08c25afaf1a6,2,1,1,2
317aa0eb-0dda-41ed-9ad8-669a49e47596,2,1,1,2
064c0f00-280e-4001-a1ec-c96b47bb521c,2,1,1,2
9a34e561-b5ad-49e9-a650-de08da29d9aa,2,1,1,2
412fc795-ee76-4e24-a527-1cf39b897cf1,2,1,1,2
3e05ab67-ab42-3ba7-64c3-4d590346cd0b,2,1,1,2
4afc01fc-bf32-4f0a-9a7f-43cc95ca264a,2,1,1,2
6a1af62b-18c7-463f-bb65-60b41cfa13f2,2,1,1,2
35518613-59c3-44c0-8078-aa85250b37cb,2,1,1,2
b6626cc6-55f2-482c-9c92-aab2072a810e,2,1,1,2
4213ce32-0b23-4f39-bf06-f87a080e3d5c,2,1,1,2
19088524-ba4c-4e92-98a2-b9492e20b346,2,1,1,2
714a0488-3a03-4891-b085-b610565ed0a1,2,1,0,2
15d9231d-ef82-45d4-818d-cbbb6179793e,2,1,1,2
6af154d6-7db3-43af-9688-6f158cf1898d,2,1,1,2
a501305c-4f87-4305-b07e-f69943b43888,2,1,1,2
1ed17471-3150-4924-b1ab-5f5780edb263,2,1,1,2
11974d6a-3678-4058-afc1-7cc8d9cdbba4,2,1,1,2
c2b3bdd4-0dd6-4ad2-af5a-4cc6595a1715,2,1,1,2
b8faf080-e8e6-a0c6-4e51-e5979ff64e8f,2,1,1,2
d9d8b7d3-7873-46a1-a3a9-4f358063a3c8,2,1,1,2
812fd708-202f-43b6-acc8-1b756890063e,2,1,1,2
4a041442-4249-4ddf-81c6-41b53aafe855,2,1,1,2
3e4cdba8-22e6-4d5e-afd7-38f574862e96,2,1,1,2
a7ffef14-70a1-424b-9143-7acb23c3afa4,2,1,1,2
7ab58323-a985-4996-9bec-b7d1f31870b3,2,1,1,2
616bae50-3db7-4e17-87fc-34d56470a78e,2,1,1,2
6c38a3b2-6c87-4611-91c7-eeb9158df339,2,1,1,2
64b4506b-d3d7-4692-a038-ceea0fe7a4d9,2,1,1,2
b3d10253-cf8a-47d2-a109-570658e5277f,2,1,1,2
f95b8ab3-eb9c-4b90-a452-67292413f691,2,1,1,2
062ef178-f67c-4130-a241-14de6bc8cbd7,2,1,1,2
190aca4a-a7ab-4ad0-9b76-fa5de31a5320,2,1,1,2
81094cb1-4cf8-4029-91d6-3997f6752cd2,2,1,1,2
dce71d3d-8883-4472-83eb-796c3d0eeaa5,2,1,1,2
419ad2d7-e768-48b3-9f44-e9e8b89e1c0f,2,1,1,2
ef293319-d60b-4cae-8343-7be30b36298a,2,1,1,2
a6911190-07cb-4c06-b35a-0afe1dc17dc5,2,1,1,2
c5ecf8bd-1b6b-4b7f-9f6b-50972b264d07,2,1,1,2
7f7aef91-aa39-41ac-b8fe-dcc5d1684454,2,1,1,2
39618fca-2fff-4f0a-b923-39b83dfb0220,2,1,1,2
cc938384-983c-4ed2-b7db-cc5c77865c6a,2,1,1,2
993cc45e-1b90-4d28-9aa4-ec2818de4bf0,2,1,1,2
1fa54f94-b06a-4277-9860-8b4764703a3e,2,1,1,2
de8595f6-7b4f-49e5-8639-36bf1e8c318e,2,1,1,2
6304f314-7c81-4c36-a41d-c03f26bcfed6,2,1,1,2
993c6dc8-c406-495f-a7db-22a924781be6,2,1,1,2
9b09921e-ba74-45b8-a780-98f9df61d10e,2,1,0,2
fe732756-cc9d-41bc-aa59-acccd31d75d5,2,1,1,2
ef930fc6-1d4f-45db-b30d-b75698d15c1e,2,1,1,2
7fdaf548-5b30-4d75-9958-42c9bf28ddaa,2,1,1,2
da354772-8e69-201e-2457-255f1a7ae002,2,1,1,2
82031bf5-092d-49b2-964b-efd36a401707,2,1,1,2
ef23055a-c4da-4ab7-bda5-2a46b0380ae2,2,1,1,2
4fa82152-b820-48ea-9b61-f8e78d04d281,2,1,1,2
0606100e-6be9-4792-b9de-3f5d0b7f24a2,2,1,1,2
c72d6786-1455-4056-987a-4ba4c2c59526,2,1,1,2
c7c97d17-afa4-4a05-8123-8139f1a955b5,2,1,1,2
1243036c-b738-419e-b0a6-de5377bf12e1,2,1,1,2
62efc73b-1399-4141-91a3-6c900d54c3eb,2,1,1,2
bc297e7a-f82c-bcc7-c5be-62fda2068498,2,1,1,2
53115899-4cb1-4a30-a1f0-448b9d8e0031,2,1,1,2
4d032923-3f15-47bf-8b58-a478d7569c5c,2,1,1,2
a023f34c-511b-2011-e5d6-16edc7feee3c,2,1,1,2
ea752ec4-2596-4ae3-94ff-a209b86e1f92,2,1,1,2
3e10f614-a34a-408e-9294-aa2b2dc2f3c1,2,1,1,2
91d5a024-ee23-470d-b320-4b9232839606,2,1,1,2
173308b4-4ada-4542-ae45-e370f40f8855,2,1,1,2
95e534d6-0993-4ce5-b357-c714279e0499,2,1,1,2
45184976-c9d6-41b8-9757-807a86feac80,2,1,1,2
b06ba5a2-4525-4ace-8a2b-8094f0d52229,2,1,1,2
6aa5625f-c92d-43de-9ee6-2833120081e3,2,1,1,2
38937c2b-9ea5-4eb6-b6a3-d1dbeb898598,2,1,1,2
0244d94c-8ba0-4b9c-b4b8-a2e41ddff606,2,1,1,2
55333ae6-b686-48b5-9c75-38c26c3b0b25,2,1,1,2
2c7d9cca-4b43-44f0-a80c-334acf1e93fc,2,1,1,2
ad424b1d-cc66-4ccf-bf48-1bc580689d69,2,1,1,2
c331036a-f971-4ad2-018a-2ef48ba9bec1,2,1,1,2
b34a951c-dd1c-490f-a238-80613aa57264,2,1,1,2
6fc6430c-036f-4496-90e5-3106dbfc8eb5,2,1,1,2
a31b034c-6d62-474e-b407-4fa45678eb2e,2,1,1,2
581de620-1951-4fe3-8d39-249c8df0c9c6,2,1,1,2
1f8caa67-7d93-4a22-abc2-c391b931ffb7,2,1,1,2
45d27052-635c-4b04-bf0f-c9f2a17013bb,2,1,1,2
86301cb7-9475-4933-961f-155d5c597b34,2,1,1,2
f58f57f6-1829-4cec-a3f0-06415542b9a3,2,1,1,2
c13f37cd-1693-451d-8f92-70a7f05412cf,2,1,1,2
b7039ae1-1851-4c78-a249-2c6758c9c47c,2,1,1,2
7f002fe4-185a-4fb0-997b-27a6296723a9,2,1,1,2
ad3bfc25-f0f2-4fb6-a3fe-4bbfa05c7694,2,1,1,2
5708b9e5-5ebc-4d2f-98ca-02394cbe7985,2,1,1,2
ca30408a-2b86-43a1-861e-3163a8a0ca88,2,1,1,2
03b6beb6-5943-4042-8c40-02165dbcb283,2,1,1,2
f6e099f6-07b8-416b-a6a3-5218532091a3,2,1,1,2
6cf67705-9f6b-466a-a145-0cb439452efc,2,1,1,2
435cedc2-86e9-4579-923c-413b087117b6,2,1,1,2
8753a6f5-029d-4bfb-927d-c26975b3e10c,2,1,1,2
1a15e0a6-5b57-43db-9cfc-063885a487c2,2,1,1,2
5e9b8aa9-3602-4aa7-a79e-8c77a0b7c7df,2,1,1,2
b83e924e-4f74-4837-86ea-de71889917e7,2,1,1,2
bcaf12ee-b03e-4e8f-9771-0598db05febb,2,1,1,2
6dc82d7c-efe6-499e-a2c7-f30d26eb7a7a,2,1,1,2
76af7d43-d86c-abc8-f5e0-43bb36517159,2,1,1,2
63d5f002-dc71-4035-8bac-236ad7cc193c,2,1,1,2
671b8a4b-4fa9-47e4-96b1-d6eb4860a43f,2,1,1,2
c10ea6aa-d94b-4099-a2e3-c744166c405e,2,1,1,2
576efb40-36d8-4f3d-806b-09b76442a9fa,2,1,1,2
2b351c84-e1f5-4250-b3d8-3090d6d80628,2,1,1,2
5056c738-fbac-4bb2-b30b-08790546eb32,2,1,1,2
b346821a-22a3-4a92-8425-af1622eec13d,2,1,1,2
641e7ed0-a1f4-44fb-9abb-64a03a2eda57,2,1,1,2
8077a373-ad69-4b5f-a2db-86e9a1cb17b0,2,1,1,2
22dfd6c5-812c-47dc-a8b1-f5a2b5103b55,2,1,1,2
8e6f6c7d-1d1f-4431-994c-11a9c9fccead,2,1,1,2
7130bef0-ad53-4a2b-b0b7-e177e3e83325,2,1,1,2
61db81b1-8f0a-4e02-8547-0fb93d96b363,2,1,1,2
ef82a2b6-1b84-4880-b4c7-af5796e8be0c,2,1,1,2
45f8b732-8edd-48f1-a6b3-ee68059525b2,2,1,1,2
81c0ab24-d0be-460e-a723-20519e6fb6c7,2,1,1,2
b3dfde0e-acc7-48ab-92bb-a8ebe654c3b4,2,1,1,2
d3e9ddde-ec78-46a3-aa1a-09a8397a977f,2,1,1,2
ba299c08-a49a-485a-9942-c2fedecb8fbe,2,1,1,2
dcd8ee5a-12d4-40b8-be16-4957f49998e5,2,1,1,2
63094c69-6e68-4e9c-b80f-d85cc91ed940,2,1,1,2
a6864346-c12b-4137-816c-de05419d9891,2,1,1,2
6033c454-aa84-4d8e-9d12-34dc13b24aed,2,1,1,2
54a965c0-b503-4049-933f-1db2b8ac0a46,2,1,1,2
e257aa47-75aa-4593-b6eb-38e60869fdf0,2,1,1,2
e783603f-ff5f-43c4-9de7-30d681306624,2,1,1,2
a4fe1997-083d-2ff4-4793-ebc5cd987879,2,1,0,2
4d160895-9f9e-4637-bbb5-a317d0854a74,2,1,1,2
ba9a8807-92af-48d0-bb07-a54d1fb6567b,2,1,1,2
c109f602-b362-46ae-9c76-389a8a8a7513,2,1,1,2
cb1ca717-04a7-44e7-b40a-11eb9d2b5466,2,1,1,2
bdb171b4-9540-4538-8ed4-88037556e13e,2,1,1,2
b466ae95-6f17-43a5-86ed-6c3be5eb2e51,2,1,1,2
9e8f6798-819d-42b5-b4be-8be925928455,2,1,1,2
f3f279d8-0cbf-4e70-8c85-ee79cdb2fdbe,2,1,1,2
9f45bff3-3ab8-4c73-8f9e-ade374fc7366,2,1,1,2
13f5447f-9a81-8afe-73be-96bfa808f284,2,1,0,2
fd7c34d3-bbac-4522-a4b1-be9b54c0dc5c,2,1,1,2
d92da215-2dfb-6e9e-0ad6-011c6b93e6d2,2,1,1,2
b4757747-5b98-42b0-90cd-d25e5694603c,2,1,1,2
da64ea83-5496-4c90-9365-54e915675293,2,1,1,2
0dd0dbb5-d205-4618-99b1-4b0b31fe86c8,2,1,1,2
d430ad78-7a35-15aa-f14e-a6b29afbb502,2,1,1,2
dadecced-40f2-4037-8be4-d04b1aa3f7c5,2,1,1,2
544d949c-b109-4ba9-8a0c-2c8539d0cf9c,2,1,1,2
fb18844a-4e12-4fe4-96dd-9516df482baf,2,1,1,2
15505fa8-0c80-4925-8295-82f1024a54ad,2,1,1,2
462e8343-bd05-46c1-950a-867ef36b5e00,2,1,1,2
bae94924-0bb6-c840-559d-45bea32c35b1,2,1,1,2
fda49036-b607-4571-ac40-c731ebaede6b,2,1,1,2
b46d8f27-53aa-405e-93e6-a6f568cd4852,2,1,1,2
7e1ba61f-bfc8-42c0-9101-16de5da3fd33,2,1,1,2
03183481-1c0a-4a0a-bd20-67445abdf676,2,1,1,2
b4482a4e-4065-4a85-999c-e01b2766abfc,2,1,1,2
53f3b651-a6a0-4a0b-805f-11c6a73fbedc,2,1,1,2
8c30747e-5bd0-c2d9-5e18-a11a568bf13e,2,1,1,2
1065f63f-848d-9f5f-5899-abc96f7f3aa2,2,1,1,2
a8a2454c-d387-4eb6-b522-f9f7bf516b68,2,1,1,2
e9ebf6c2-f119-419b-a1c1-b9a26334b322,2,1,1,2
ccf4e837-39b6-44bb-8c6c-90066b0873eb,2,1,1,2
b9478499-2007-4320-ad2e-09aaeac4b283,2,1,1,2
151671b7-7dc8-439d-85cf-e829dd3fcf89,2,1,1,2
3e0d90a4-3b43-450c-90f1-e9ac8d7fe645,2,1,1,2
13efd594-03f9-4ba1-b13c-b4e8aa0cc6bc,2,1,1,2
8b368889-628a-4f5c-99a7-3f3e341e0b71,2,1,1,2
eac2934d-3bcf-4129-9332-f17c88d0a6c3,2,1,1,2
bc38d251-fddd-40fc-87a7-d66388cff488,2,1,1,2
0d12af27-ad7c-fe16-34a0-04682c16b305,2,1,1,2
731e81d3-4156-4c2d-ae7b-8de114e333b2,2,1,1,2
5cc7ca89-8ed6-44b6-b568-757b813f5f46,2,1,1,2
91a26d08-eb7c-b3c9-1018-6c3baf0af54c,2,1,1,2
a9c26fd9-3e0e-4562-976e-30db78f63106,2,1,1,2
6e06b46e-401e-48fa-97f2-9b49da27cb58,2,1,1,2
dfabc41c-8c27-4b56-93ad-1aab3a6349b7,2,1,1,2
0bd7d274-1eda-40f4-9c77-89833ea24126,2,1,1,2
8baf45d9-ffae-42e4-b559-a57bd1f898bf,2,1,1,2
a8d35502-9ae9-4f1d-a3f6-ec0989a5cd7c,2,1,1,2
d1d6a35b-3884-4e17-8087-3c46c0edbf93,2,1,1,2
5251feea-0cd4-461f-84d0-9b9ee40f4b6d,2,1,1,2
4e629e40-56dc-4203-83fb-ff340c5150ad,2,1,1,2
cc8e4fdd-d740-4775-819f-cce12af473b8,2,1,1,2
8883ebaa-a7bb-4ad4-b123-494f0d7d5dcb,2,1,1,2
97ed047f-0867-4ec0-b9c2-9dc713b1a6d8,2,1,1,2
04e1d0b5-aa43-4b70-b485-41481223ebf5,2,1,1,2
eacb24b9-82b1-47d6-9c1b-1ff14567da88,2,1,1,2
50c78780-6c65-48bc-978b-a1d2813f1fad,2,1,1,2
68dfe087-9f00-4747-8033-4af6ba693d25,2,1,1,2
a806fb0e-df6c-4123-91fb-dc65288fa537,2,1,1,2
1166ce6c-5e41-4ff2-9659-73db5893ba9e,2,1,1,2
58e391f9-be05-4b20-ba2f-66e7b3d8165d,2,1,1,2
c31086e1-3b3b-f8eb-da29-ed8ee453c1d1,2,1,1,2
da8016d4-f89b-4b86-aad4-7077c0c9d7ce,2,1,1,2
4bbba256-7643-4b90-bbb9-6ca76626e915,2,1,1,2
410ddc43-829b-43c7-b241-50694198eb3d,2,1,1,2
80bdc1b9-e6a3-43c9-9aa2-f98a14af4721,2,1,1,2
ba287f1c-4ffc-4c12-bbe5-4f72e681be4e,2,1,1,2
b02b2196-4b46-43f0-82a2-a4f8ba29d28e,2,1,1,2
1e3f36d1-43f4-4bbe-8327-c7bd291e5a05,2,1,1,2
234b044b-8212-4b58-9b57-694b53b836f1,2,1,1,2
41e0889e-fd2f-42cc-afe1-ffdf216532a5,2,1,1,2
d3f25ba4-a10f-46e9-a823-05c3bb3dcb8e,2,1,1,2
f5b4c049-5457-452f-aab5-5dc74e35f562,2,1,1,2
dd93dd62-076a-4bbe-a508-4fb9b40ef111,2,1,1,2
aa1500fa-26e1-419e-b8d3-4c3dcfc13d0c,2,1,1,2
0a25b916-949f-4086-ae56-269888393fbf,2,1,1,2
9d5d60e9-76bc-445d-9fa2-f9dc33f36893,2,1,1,2
83711a8e-8711-43dd-9ff0-6c8fd7f383a8,2,1,1,2
de09b9da-1fae-407c-97bd-44cfab2bf950,2,1,1,2
ae567ab7-2e30-4afe-b3eb-0a71dbb1e4e3,2,1,1,2
b763bf5e-810c-4f0c-9c83-6390f6ab10ae,2,1,1,2
7c3f94c3-56c3-44d2-ac62-edaf341791e0,2,1,1,2
8d082d3f-7c68-4e86-b64f-f9b864d5dcec,2,1,1,2
1190e7e0-f23d-4e70-951c-0c712e731c0f,2,1,1,2
d8d834d6-d9ee-04c8-44cc-3ed7c0ddd6dd,2,1,1,2
b20c3ea1-f3d9-4972-926d-7ce0b806f308,2,1,1,2
f200d869-3702-44bb-bc17-35fb9699d722,2,1,1,2
93301037-0313-4f20-8db2-a149cbf633de,2,1,1,2
b00d571d-73ab-4383-b95e-767024449bf8,2,1,1,2
7fa68584-7403-472e-81e0-a7e0631006d1,2,1,1,2
ac6e8ec5-3785-4e4f-807f-e98db5a4b69d,2,1,1,2
b68ce8f0-4274-4b97-974d-a1acee631d56,2,1,1,2
059f50f8-bfa0-4176-9e9b-0ead7cbf6952,2,1,1,2
4faf2db0-4346-4ca1-8003-87a95a5558c4,2,1,1,2
206fff02-5182-4440-9acf-54155a6cced5,2,1,1,2
a216f627-2dfa-4003-8649-629140e05cba,2,1,1,2
96f69442-aa63-444d-ab00-f7b32d1366ff,2,1,1,2
3c7be0d9-8930-a6c0-d52a-ebf6fdc3bdf0,2,1,1,2
b54db400-5409-4995-848f-7b3938640734,2,1,1,2
98e181dc-9740-4997-a7e5-d57d26e6f411,2,1,1,2
f1abf063-c65d-4c49-8f3c-ad49ef30fc4f,2,1,1,2
78eb1828-7c3b-4aa5-9cee-38c4d51dad01,2,1,1,2
079f9c05-4942-4885-9c81-7766552154ed,2,1,1,2
e094adc2-aa31-41e9-b061-636a268936b6,2,1,1,2
aec59dce-7a9c-d5eb-6633-f31ec0b5e1a7,2,1,1,2
3b823ab4-ace4-446a-99a2-dfe584cb408a,2,1,1,2
95a59520-6c7c-4612-85c8-59a5e693ddef,2,1,1,2
0efa4be0-0b3b-4999-978b-d43123d501e6,2,1,1,2
65c894fd-fa62-4769-8790-80618d466870,2,1,1,2
0fe1576b-1282-4d74-a3db-32dee0d59af6,2,1,1,2
4cfd629c-34c5-43bb-90db-888275c27b56,2,1,1,2
a22ea348-fcac-458b-bdd5-ac45ccdf6bfb,2,1,1,2
479170be-3a9b-402a-a495-c48b848ec986,2,1,1,2
0c1bcad7-2980-4449-b433-caa4a600ccc8,2,1,0,2
e55cbe7c-87c5-4b03-81f8-b88fe0c48630,2,1,1,2
7fe48fe7-3c7a-4344-bac1-0c349c13f28c,2,1,1,2
e3cad7a2-7b01-4428-bfb0-bd4eedbb7a43,2,1,1,2
18c0c236-d3fc-45fd-aa9f-f2f85db6d64f,2,1,1,2
085ca5d1-0ccb-44b8-a383-8dfd7007bef7,2,1,1,2
e5d2a1c1-c4a9-44ad-92c5-798d837984cc,2,1,1,2
aed93066-b188-4e59-8cc6-e72652e41779,2,1,1,2
066ac5aa-59b0-44f3-a783-ba677af86cdb,2,1,1,2
875cd9d5-23cc-45ee-af2d-8a634d5ad3aa,2,1,1,2
7929d95c-d8bc-455d-b089-5b7ba7b9dc5a,2,1,1,2
721ffb16-c4b8-4461-a073-80988a337bdb,2,1,1,2
1b6e3bb7-870a-48ce-a70c-726193f15101,2,1,1,2
0ab32d53-38f2-46b6-ae95-035735fec811,2,1,1,2
a8a3a9b1-fd0b-41e7-8ff4-65aacfa07053,2,1,1,2
dc67271e-ba40-435c-a56e-70ab0a1581cf,2,1,1,2
bd36b1cd-fb8b-4dda-be9b-6634b9bba79f,2,1,1,2
2925cee0-d7d6-45f0-b017-5b79f37d4ff7,2,1,1,2
7296ab65-7b2a-b230-7af3-949c3cfc6f9e,2,1,1,2
cffe2448-da82-4720-b15e-c01b1011b81d,2,1,1,2
9515928d-57c9-4505-ab70-3ef7fc2aa5ef,2,1,1,2
ed433e71-5ec6-412d-a0e6-e4e1c0375b2c,2,1,1,2
e47fa76a-7749-4c99-be6b-69f5a40e46d5,2,1,1,2
f4311f7d-0416-405b-8e20-2d43d9cfd982,2,1,1,2
82b9d15f-d365-498d-bd25-ea07010302ae,2,1,1,2
8631b587-d8ff-66ec-d53f-e00318560f0a,2,1,1,2
a406f09a-931f-425f-aa75-e96f7a149a33,2,1,1,2
1d845209-d3a6-4ca0-8a68-7a23a4f68dd1,2,1,1,2
ad721528-b696-4cfe-9b8f-ad8190839165,2,1,1,2
7561ed91-a9f6-41e8-a7dd-115755fb9b2d,2,1,1,2
f925889e-0d87-4c11-81a8-2113fbe94eed,2,1,1,2
1d3acbe1-3ea6-ecc6-08ad-67df2a4a4a2e,2,1,1,2
088401d5-c922-48d0-aa7e-1d6788a3af04,2,1,1,2
23a89c02-f1ec-44b4-872f-345db44d447d,2,1,1,2
55e9b844-8e1a-4e04-985d-8ba0e5efadff,2,1,1,2
105d64e2-7071-4553-bcf0-c02b1149e99f,2,1,1,2
5abfca45-8ac5-4f27-bee7-c130f087720b,2,1,1,2
96f7a196-2df5-492d-943c-354c51f0c20c,2,1,1,2
d938aaad-03c0-0ad2-bd98-4d340998928b,2,1,1,2
32a09cab-016f-47fa-9e1e-319f6bf4d290,2,1,1,2
82da7346-1eb3-46c9-af97-685955a79265,2,1,1,2
687a5872-d794-4b2c-b04f-f43b080047b9,2,1,1,2
df36c455-c5c6-4b89-a4dd-9212c9192090,2,1,1,2
63dec042-9a0f-4b0d-8709-fda7aa535c44,2,1,1,2
72d192bb-cf1c-4255-ace7-00a6bdc8d604,2,1,1,2
f8ce4433-a32e-4574-910d-9bd9d276c50d,2,1,1,2
f81a6a1a-21e7-4487-bfa7-7e3a5691955b,2,1,1,2
191b9b27-086e-480d-b254-08e05574acf0,2,1,1,2
bca6ccfe-8c27-4ea3-b2c0-cec1d40dd406,2,1,1,2
8b83c0ef-774e-41b3-887e-2615fa2b75f8,2,1,1,2
3cd30dc4-bcce-4f8d-8fc3-a749cd3b4297,2,1,1,2
ebf0f7aa-0ce1-4317-a482-9143229c8b33,2,1,1,2
94f0722c-4ecc-4efe-8234-0a37d40deef8,2,1,1,2
0d447d5a-9d7f-4da4-8c1c-40701ee11551,2,1,1,2
89c2ac8d-2928-434e-9bc4-af91dd0f3742,2,1,1,2
6bfe7847-3f77-4943-85fa-6a762cdce1e6,2,1,1,2
6d7029f8-9a00-4d2d-ae87-eee7db69fa86,2,1,1,2
a966a389-ef53-965b-a10c-fd2c97df878e,2,1,1,2
43118351-91ea-472f-bbeb-7b793663ab0d,2,1,1,2
54851c8c-c2df-4dc2-bc2d-b214194ce16e,2,1,1,2
1086fa2a-8d9b-45cc-bba5-026fda63f799,2,1,1,2
7e375752-05e6-43f8-ad2d-73a07d7e84ce,2,1,1,2
a487cb9f-8657-4627-a3d4-3cb5cc53e4d8,2,1,1,2
16db003d-1ea9-4992-8a81-b9c41e6eb6e9,2,1,1,2
871d66f1-cd2e-4716-961e-58d64552f9d3,2,1,1,2
3065757e-c0f4-4ff8-9acf-02e92ab993d3,2,1,1,2
aee3f614-7f3a-4292-b847-e995710b8a61,2,1,1,2
d387b7cf-82d3-4b99-a086-636217b51dba,2,1,1,2
b3af0322-b63a-47fd-9c17-0dd3d8185403,2,1,1,2
7563ef00-881b-4901-8732-1d425dfc47e8,2,1,1,2
ee12aa59-743b-4842-b3b1-4a2ccf75742a,2,1,1,2
c7840f3d-93c4-4275-b193-74dd476c1099,2,1,1,2
419ae257-d151-40f7-ac4a-4d7166451db7,2,1,1,2
e9086d18-9008-4c00-8c3f-1bcd000f393f,2,1,1,2
df864b01-8377-0caf-3231-81b4375ead29,2,1,1,2
3136748d-2fd8-4a93-857e-73e6c32a49af,2,1,1,2
17d61a7e-bc6f-4098-9283-a4b12756416d,2,1,1,2
9900f5b5-cbf6-41d7-8dc1-3e64229b289f,2,1,1,2
d21373d3-4ff9-41e7-a59f-b75d83f9a8ec,2,1,1,2
e552f2ba-d5af-4718-9b79-c76b64a1d884,2,1,1,2
dfe1d306-9d1e-4b37-a638-38fdbf0870e0,2,1,1,2
08b7b6c9-93c0-45ba-95a2-048eaa36d7e4,2,1,1,2
0b046347-be1a-4c5f-895e-2b4034170995,2,1,1,2
cb4ce1da-44c7-4098-a199-2599bc6ba16b,2,1,1,2
136d9b5d-e982-4f99-ab9a-f6b9a0ceea18,2,1,1,2
8dae22c3-5b48-457c-b50d-66d95e55303f,2,1,1,2
5a99e340-f77a-ac71-0269-6edac02fa637,2,1,1,2
cfd1ec2d-89d2-4aa0-923f-5bb3c28efdd1,2,1,1,2
3d35aac3-c2ef-4706-8b32-d4c7f2e3259b,2,1,1,2
c1f8b903-c0e3-40f3-afad-500f6f0c159b,2,1,1,2
9df699a6-e3f4-4706-9c5c-6dcad506c662,2,1,1,2
a580ca21-56a7-4214-bd02-4ecb77149ea3,2,1,1,2
6387226c-e36f-420a-9e22-df77ef014ee8,2,1,1,2
2b11f9c9-7324-4fc1-8f73-3d01d6d1e4fb,2,1,1,2
b5f61750-c631-4b51-b245-23765a9ccc9b,2,1,1,2
7c70858d-b914-468d-9082-e3e503858707,2,1,1,2
3bd9d42b-e3b7-423d-9d32-129051027fcd,2,1,1,2
924ecfa6-30a6-44e8-e4a9-86240b4d8424,2,1,1,2
11b6b6f7-8ff9-4141-b481-be1b3d3c4ef4,2,1,1,2
7fd0e535-c6d7-d4b1-c35a-e29b1178c692,2,1,1,2
2ae4ae8b-248c-4ddb-91dc-d05e5de99b2f,2,1,1,2
45127029-7ed3-4205-8946-6ca70187ea1c,2,1,1,2
f61aa955-e3f8-4c21-80ae-1498df8b6033,2,1,1,2
fdda567d-ce9b-44b5-b13e-26b72664e194,2,1,1,2
ba02352f-8d00-464f-aa37-16ddfb2a09ba,2,1,1,2
919b1142-1b71-41d9-940e-dc5a0b34a88f,2,1,1,2
dc397ad7-4883-4f75-80b5-032cae560ad2,2,1,1,2
5cea6921-20b0-4474-abda-a0eb7a80ff8a,2,1,1,2
4f5276cc-5b54-4858-8c44-3068f140c76d,2,1,1,2
36496c8a-1064-4039-8b56-a0668aa28279,2,1,1,2
5509d223-c362-4585-8ac8-c4fca2891dfd,2,1,1,2
bb525235-0b52-4423-905b-d727834ec435,2,1,1,2
438711cd-0e16-43ba-a58a-b06a9f901c42,2,1,1,2
5a41e30e-74da-49e6-807b-4109e9fc2faf,2,1,1,2
c94af8e1-4d66-48ad-9c56-086c7dfd970d,2,1,1,2
75687312-b4ce-4158-99f5-8a5831f2283b,2,1,1,2
9f44773f-4a0d-4b21-ad47-689d8166e1be,2,1,1,2
ce39e0da-5a1e-499b-952e-fdd8c7a501b4,2,1,1,2
24337d2b-5b64-4d17-9b33-5726ef8b4d91,2,1,1,2
fa319104-31d1-49fa-a8cc-71c017ed1da2,2,1,1,2
d8fccc4e-12fc-467e-a1d9-8ec86cf5f991,2,1,1,2
48c4f4eb-81f0-4540-80e5-f14b273b4e92,2,1,1,2
d29c851d-8d08-004a-0a31-87fff5cde3e6,2,1,1,2
2e089949-de6c-4434-a548-dc4bcbc89217,2,1,0,2
2d24c79e-9121-7183-e3ba-d2180c9b9195,2,1,1,2
e0dd5fc0-9373-4a7a-add9-6d7ba277d8b2,2,1,1,2
a28ab603-6a49-40ef-8306-f4980303cecb,2,1,1,2
63326cd5-04b5-c112-d6c3-f535b30e72ec,2,1,1,2
0681c2f0-a011-44d8-86fc-484e6fc79a48,2,1,1,2
3057a374-e824-49e9-a1d8-7e7519b0af72,2,1,1,2
6afb1b8b-e99d-4af3-9bb0-4fc87abd8677,2,1,1,2
233f005e-d05f-4b5f-9950-e8f9d1e677cf,2,1,1,2
c172f69b-3641-45ae-aac7-f0a2146d9a46,2,1,0,2
4f2fa732-eee5-f6db-7175-acce99a7c658,2,1,1,2
66713030-8842-47a1-b92d-ce1ff23819ac,2,1,1,2
23014869-b3a2-4ca5-859d-fd8cd2157636,2,1,1,2
ef80ba11-71d1-4bed-b77d-1d4751755ed2,2,1,1,2
0afb518b-99f8-4873-b57e-6e435217c1eb,2,1,1,2
7b9477a3-6175-446b-82b0-165f15f1fba7,2,1,1,2
d115e15e-9085-470f-9fe2-9edde7538c6f,2,1,1,2
0027f658-6fa4-4164-8e18-17191d5ab7a6,2,1,1,2
a64f0f44-824d-8428-aea0-943cd3151210,2,1,1,2
09abc9e1-004f-4706-b224-f45470a0d2b9,2,1,1,2
883285aa-4a7b-48aa-906d-574961507fdf,2,1,1,2
a39f0c8b-4340-dec5-d361-18c7517bec02,2,1,1,2
1187629a-5d70-4325-99b1-3cbb4fa53a5a,2,1,1,2
f5bc8e4f-014d-47e6-9035-f84f4bb2a8e4,2,1,1,2
6a27d4a4-506d-494d-a643-51849a6db423,2,1,1,2
5d36475d-6d53-9599-d652-ceaab2cab79d,2,1,1,2
d9d1e4a1-f9d5-48ec-90da-23228be5234e,2,1,1,2
6239db1d-9f57-48ee-8a52-95b855696de7,2,1,0,2
77e5372a-512b-4960-b3f9-eed3067aa92b,2,1,1,2
da97d65b-4f45-4134-a42b-69084394ffc4,2,1,1,2
ef332990-fe29-4ac6-9108-0dddf5f00b49,2,1,1,2
549d2c04-722d-4957-a5f0-3dcb460fc539,2,1,1,2
30efec62-f20a-4702-a3ec-e62c3ddf3f33,2,1,1,2
a602c155-d4d4-4e62-ac14-e6502a57edd0,2,1,1,2
8e716dbd-4de1-423e-a705-23cf11d89f5d,2,1,1,2
6af72108-b97c-4850-8ccb-ce4332877527,2,1,1,2
8aea903d-291b-0e23-e5f0-38129d99f1a9,2,1,1,2
75c95b15-fdd2-4bb8-8be0-e3cc13b6aefd,2,1,1,2
4ef406a4-0153-491e-9887-f0b80f052f52,2,1,1,2
b32eb51a-2414-40dc-b193-64f1e3e6222c,2,1,1,2
93a60a46-cb2e-4ec5-9261-079909054baf,2,1,1,2
505e0f9d-4211-4499-89aa-9a44be11aa34,2,1,1,2
573e59eb-4243-f2e6-fe20-c5df76977793,2,1,1,2
e21cba54-b451-44d9-99bc-bbda464818b7,2,1,1,2
12217dcb-7745-77ca-2ec9-4a59c718a0bc,2,1,1,2
4e6768bb-7e0d-44f6-ae96-75a558e2755d,2,1,1,2
f5fa03aa-44df-49eb-9d82-64e2567fee54,2,1,1,2
0964ebed-5f18-40b4-bcc9-91711d6f48d0,2,1,1,2
695a985d-7fd5-5020-baf6-d37f46588a08,2,1,1,2
ab30a540-6115-5592-ba1c-ffe0864087a8,2,1,1,2
a88e40b3-64e3-0960-ff7f-533438c7a283,2,1,1,2
3d6ed682-58b6-4376-aafd-51d0f4e30dac,2,1,1,2
565104ef-ca69-4d5f-bcd2-c0b1790aafd7,2,1,1,2
4b58386c-8b81-4fe7-9e56-4d66096d373e,2,1,1,2
a1b4e380-faa4-47d5-9b3f-f4d48e94aaa4,2,1,1,2
e247fe90-e5a0-83b1-ce75-4a223eebb141,2,1,1,2
36ba6d59-e90c-4c41-e930-8e5f2a7d1c49,2,1,1,2
5cb3b763-7d6a-3ecf-a202-9a10a45af0dc,2,1,1,2
172646b1-cfa5-4258-84b8-38f1b49722d5,2,1,1,2
01227bbe-fe43-47ea-beaf-da9c0dead471,2,1,1,2
f1607072-4ce8-47b9-8ca7-380028769691,2,1,1,2
2dd90522-639a-403c-87c2-d67770d1d805,2,1,1,2
2cb06e01-c9c5-4b7d-b4b4-b5d130e91280,2,1,1,2
1b2201af-958a-4dc2-80b6-15fc24680807,2,1,1,2
38c606bc-c12a-4ddc-8b1a-f58624fb89d9,2,1,1,2
4cb4c53b-b697-4dbe-89c9-10261bc163b2,2,1,1,2
643a3c8b-21ff-47ec-924b-e6bd85b398a1,2,1,1,2
92513b57-f85d-4cf4-b0f6-f7e35ae71651,2,1,1,2
c903a927-1e8b-40e2-9211-de7b7db23300,2,1,1,2
603000a4-d7f0-4dff-a3b9-09502daf8131,2,1,1,2
e74f24ac-bf9e-4f37-b3b1-170a7e0c6b07,2,1,1,2
548e5b95-e28c-4787-99ac-7e7acb41910d,2,1,1,2
9f326b75-748e-03bc-fb16-212458a590bd,2,1,0,2
18828a9b-0dbe-41f3-987a-b78d3988a008,2,1,1,2
28a7d8db-6fa7-4cf1-a435-4c695386fe04,2,1,1,2
73f3a0d9-0f3c-434d-9634-75bbe1968ad6,2,1,1,2
d81dc1a8-e09f-4012-b3d7-c102dd97650f,2,1,1,2
abf873e7-a047-4d43-be06-5f5c32bd8ac2,2,1,1,2
e8ff9754-4b16-49b9-ad48-e53564ec7ec4,2,1,1,2
48963992-52e6-4c06-9d73-6ef784bb202f,2,1,1,2
ef92f432-44b9-c6de-a0a2-6d43313eb65e,2,1,1,2
9d4c6c9b-26ff-97b5-d8ec-6ba000edd243,2,1,1,2
0308dfef-7246-4004-bf17-02c5cb8fe082,2,1,1,2
981f1f9b-a1f0-4fc1-b5ca-34bb11842157,2,1,1,2
e80199f3-73f8-4c32-a950-c444c935a946,2,1,1,2
efc67c51-4625-4084-8a59-edb7c6044095,2,1,1,2
f91b7e99-fd53-408b-8270-799fe93a1c95,2,1,1,2
02795e2e-5255-482d-8d80-363f92d72bb1,2,1,1,2
f3ed0b62-ce40-a1ca-e9d1-8ecc87a594cd,2,1,1,2
d1331aeb-c477-43eb-88de-528a850c001b,2,1,1,2
fc132869-e339-4d73-8619-b11b83e2fdf7,2,1,1,2
dc2a8fab-369e-c7b1-0104-5289f07662bc,2,1,1,2
6c16157c-c8cc-4bf2-959b-f4297fb31df8,2,1,1,2
04c65ec1-7033-4010-aab9-57acc21f7f80,2,1,1,2
c068b1de-ca10-934e-647b-09368e3168a1,2,1,1,2
089321dc-2b45-400c-ac34-ef8f9dd145a8,2,1,1,2
de4f0437-679f-36cc-936d-511a18218c3a,2,1,1,2
083eb51c-ee5e-4599-a0f5-7bd311e84b4b,2,1,1,2
da5d33dd-5057-ff0a-af0e-b52ed4249ab0,2,1,0,2
6f19af10-045c-41a3-b268-2ee31454de1c,2,1,1,2
c35bc8cb-7547-49d4-a6b0-48f01e2545a4,2,1,0,2
f6cad503-6ba7-46fd-b2f9-4b34f962899b,2,1,1,2
f04f57ec-7ced-92a2-d750-5183e5becca1,2,1,1,2
5379bbf6-9787-474b-8ee8-d85d59899241,2,1,1,2
ed5d46bb-c967-49f5-8081-966a91b55cb4,2,1,1,2
b1bc1b92-0092-46b2-9b70-12d84ef4bef3,2,1,1,2
a4bf361e-e7a7-4afb-a28d-e07a8b8c1bb8,2,1,1,2
6def53ba-1502-4f29-a58e-a1072583fec4,2,1,0,2
8e78f36d-e376-4ff6-ba0a-ad4555bcf930,2,1,1,2
5344f11f-2509-b91a-c29b-fd3787370190,2,1,0,2
b6c76d75-8619-b568-a6e4-9ea009b01508,2,1,1,2
e3ad266f-2eb2-41c2-9412-da3e68a0d5d0,2,1,1,2
73eb36ab-e4d2-4573-af20-09779567475a,2,1,1,2
f29f2949-a99c-4c9d-a807-9519c091f9ae,2,1,1,2
5b42612e-39a7-4abb-92d3-1ae24e85992c,2,1,1,2
e81e0227-ca56-45ab-a1ab-986a0e9aa6a0,2,1,1,2
1f950104-b057-41e4-a680-621547d0ae8e,2,1,0,2
3a4a5d12-a81d-4680-b025-556c097f9f3d,2,1,0,2
b399d818-97a0-4ab7-8c67-533793f287da,2,1,1,2
ba66a46a-4d17-426e-bd17-4c199956c74a,2,1,1,2
70cecb66-658f-43b1-ae4d-4e980e54be01,2,1,1,2
e7e2e6a3-4ed8-4f89-b569-6fd7c48f51db,2,1,1,2
f00faf31-03c7-4feb-b88e-9c172fe8c114,2,1,1,2
c83c08f5-2e9c-4d7d-926d-6405b240a2b5,2,1,1,2
610d99b6-ed1b-4689-830e-50db1e371cf5,2,1,1,2
f40f640e-9137-421b-9892-58a2c43d2c10,2,1,1,2
d41ef889-da8b-1ff9-cb80-da80e01405af,2,1,1,2
d93a725c-8edf-46e1-9f11-00bfaed38e5d,2,1,1,2
7929ffe7-96ad-41c5-867c-7ee0cd6d0cde,2,1,1,2
13321d80-be7f-4c31-9cd3-8ac04197b453,2,1,1,2
8b25d8b7-9315-4916-8c51-5d74f47db709,2,1,1,2
d63740db-781a-4f06-ae89-c60d7801d0e5,2,1,1,2
64783791-b846-44ed-87af-526c17fcb806,2,1,1,2
42f2a9b4-0c9a-4b89-8b5b-eb4bd99174db,2,1,1,2
36390015-2619-4beb-a80f-ef873dbe3bb8,2,1,1,2
442f35fd-2ce3-491b-86eb-a8d5289673c8,2,1,1,2
14ae2b3f-d2e1-4207-b5bc-c3c279445b2c,2,1,1,2
75c8222e-22ce-4fed-b8b3-db3a9e7d27f7,2,1,1,2
7b6e89f6-e39e-408d-9eb2-631de0d42cac,2,1,1,2
faa02b21-752b-41b0-97ae-b98f6b16e5ee,2,1,1,2
d2e393da-e081-7e35-5781-70f03979ab1c,2,1,1,2
417dbeae-4b99-4782-8fd3-c65ffe88a260,2,1,1,2
44949b62-6cc2-4549-ba98-4185865e1358,2,1,1,2
19e6def7-bda3-40c9-aaf9-1093592b44f2,2,1,1,2
64b7f906-8ce8-4182-9011-792708b36468,2,1,1,2
5df9718a-6189-29b3-7940-f2fe3f8ba7a3,2,1,0,2
e03b5e45-4b55-4af0-a772-295e56b9856c,2,1,1,2
8db637b1-f22e-4a12-8666-7834f4b255be,2,1,1,2
fa9a6f45-eeb4-4c49-a543-763cff3cce91,2,1,0,2
f98d2d29-a69a-4ef2-acf5-80f896d7b53d,2,1,1,2
f41426d5-d2a8-4a6b-a6af-ed5965be0772,2,1,1,2
372d90e6-45e0-42c1-aacc-12e2f0a9f0bc,2,1,1,2
a7df017d-22a9-4c69-99b5-383e5ffcf610,2,1,1,2
2b4e473e-9a16-4dc8-8557-0d2e34da3673,2,1,1,2
8bf20d33-ccdc-459a-8fa3-6c6560190090,2,1,1,2
e1dca38e-0464-4134-92e0-10a6e162e0b4,2,1,1,2
ba8336ff-2f65-45c5-be70-746cdf9f2427,2,1,1,2
1c755ab8-aec1-40ca-9d91-cb01dd912cfa,2,1,1,2
0bcf3a65-833f-4b73-99c8-af55de45ecdc,2,1,1,2
fd27672c-37e9-4cf8-9a63-c0b470feb542,2,1,1,2
ed920fb7-365a-4f8e-88a3-963d2aec70f9,2,1,0,2
7499bc74-6428-41eb-9ed3-9fd997ab7d8f,2,1,1,2
2ed0ec41-1909-4270-909b-0d83dac2c43a,2,1,1,2
67c91250-95ec-a991-7fa5-8e8ec7ac014b,2,1,1,2
3f704924-5022-4c70-b8f9-266cad1812b9,2,1,1,2
ce382967-a953-4292-9f64-514ac3815dda,2,1,1,2
35a8a25f-5e4e-4780-a520-bc0d12bb0da8,2,1,1,2
758b2ba1-001c-4594-8965-d0f5a3bd4d4d,2,1,1,2
f4685d58-2352-4f2d-ad1d-1519c29889e0,2,1,1,2
71925728-db32-4105-8b9d-dea09831c8da,2,1,1,2
23914f8b-f14f-b0ba-5d45-d9c3ec9d41f9,2,1,1,2
d651e411-4944-41d1-98d2-947b85fef081,2,1,1,2
600eee26-0ca3-406e-946c-89b349dcd29c,2,1,1,2
e978062b-4410-4606-8242-3bcd913f0d39,2,1,1,2
dda9cb2d-6350-4898-8cab-d77a1de2c42c,2,1,1,2
2789038b-9dd0-43ff-a6fb-6f15f040b6f0,2,1,1,2
7c12f115-1ec1-4ab0-b462-315e9c1f5471,2,1,1,2
83579e7c-05b9-434b-adec-77703529af20,2,1,1,2
41eba675-6d4a-40bf-9a1a-d49040d6139b,2,1,1,2
cf90c097-8a61-4293-9f7d-dfd31a71fd17,2,1,1,2
838fe6c5-ac76-43ec-b062-a17375b8adaf,2,1,1,2
79773476-6dde-41e8-ba9b-0435bbeba35e,2,1,1,2
f172996c-39c3-4299-b1c5-15b447797d17,2,1,1,2
9e3b9687-14c3-e1e4-ba69-81d52ca3e86b,2,1,1,2
43785f63-4fbd-4da2-97e1-51cc3732d1d4,2,1,1,2
b820de5f-55d1-4d3a-8514-91f09b3b4072,2,1,1,2
8ab9300c-c049-409c-be2b-125e8299530f,2,1,1,2
d4ca1e17-35eb-46f5-8bd7-4109bcde40ca,2,1,1,2
ddc452e9-5c10-4703-85ac-7843d8452f50,2,1,1,2
f3cc5401-24c2-4949-aa16-b761d944d4d3,2,1,1,2
d8e5bd98-ae35-450c-864b-f8e9fecd50f8,2,1,1,2
647f44ab-5a05-4005-a4a3-c780cfe59b30,2,1,0,2
85dc0d46-5b4b-4791-ae61-da9676f87899,2,1,1,2
40a2104f-8819-4074-8d2f-051b9698b67c,2,1,1,2
761644b7-44b7-4c70-80c0-4b5769ae1cab,2,1,1,2
a03b1b50-797c-4bd8-9591-022c2a9fe3e6,2,1,1,2
e5b50dea-ccfc-4edc-86b7-59282ccdea12,2,1,1,2
6d56169a-d12a-4d63-8915-4743c6d5c6a7,2,1,1,2
d3695b14-64d7-4c6d-994c-5ed26ef48cd4,2,1,1,2
eef94d29-fcf8-45a0-b1dd-baaaacdc2e2e,2,1,1,2
42a416f5-b40c-a85a-a4fe-ce4198824e76,2,1,1,2
f8f58e81-7ff2-48cd-96e5-85de4f7cbde6,2,1,1,2
ece5b90e-79c4-4b9f-a665-d3a97792cc91,2,1,1,2
e1cfcbb5-ccdf-40b0-a331-d98dfd42a46e,2,1,1,2
30f6e1b7-5a6a-4892-9a4e-5a9ccc336fe7,2,1,1,2
2a621431-f16b-4cd4-bc5a-d1275acc6732,2,1,1,2
27f1b8f8-5c78-76c8-5498-aecc6c2f21f7,2,1,1,2
c24fd318-f541-4a40-ab06-1536e48c117a,2,1,0,2
f19bc7d1-d575-4cba-82b1-67b542e34d0c,2,1,1,2
5528c78f-2f00-4b16-9add-7e5715d3d89b,2,1,1,2
35bd3997-c9df-47da-a7b8-15b5736a8b8d,2,1,1,2
bc199b00-c360-4928-8d47-18524980a276,2,1,1,2
577eefbb-92cb-41fd-a216-b7ca75cbcf21,2,1,1,2
a6b6a5a9-a7b2-ca01-d237-890fe92a02f4,2,1,1,2
94ad1cd2-3261-4f3c-956f-e3bc3cacb910,2,1,1,2
30e13d18-9e9d-421b-b61e-a2e22f537a4e,2,1,1,2
f55deb36-2763-4344-809e-d339a6825a09,2,1,1,2
cf0684ca-3f13-b920-ab93-5695bb70bc17,2,1,0,2
3025f29a-386c-4a65-8c50-d29ace2c92c2,2,1,1,2
3d20ac25-755f-4297-99c0-bbbe36cc9cfa,2,1,1,2
59c07a55-a8f5-48e1-9f84-d28ccaac8bf4,2,1,1,2
6ce012be-aa03-4e9f-a6c5-824f4869bcf0,2,1,1,2
cea3aa25-fcd6-4f61-8074-3f3463a21b5a,2,1,1,2
60dfd3a2-e413-f2e8-cccc-d3a5503e0c72,2,1,1,2
01b88e58-4b68-4824-bfe0-6d931a187033,2,1,1,2
3e831ffa-862c-4186-8bc4-9ace53200f0e,2,1,1,2
984e9faa-7091-8f63-1a72-9ea7fecc59f0,2,1,1,2
f57ddb23-dc82-4bc2-8422-42da52d5671c,2,1,1,2
8afd71d6-2b46-c851-1932-51d2d4513b4e,2,1,1,2
c0365b9f-ff85-47df-8d86-f8a632648b1c,2,1,1,2
722668fc-4c63-403a-a4d6-7926ab074378,2,1,1,2
55be87c9-82c0-48fb-8700-af63d1d3414c,2,1,1,2
48e288bf-7719-4cce-a910-3dd7af0c3934,2,1,1,2
ec764a74-dd2e-4bbe-a966-84fbb3309e00,2,1,1,2
2dcb3e65-e1dc-4378-a4df-dbca88a88cc4,2,1,1,2
38822920-f307-4209-a446-c785d96dc6a5,2,1,1,2
901b296e-8977-4c2f-a1b3-8d877646151a,2,1,1,2
58e4d51b-3d3c-0a6e-b177-71334f8fdb4d,2,1,0,2
d8ae7f98-9215-44c9-b70e-3e582b685580,2,1,1,2
5b11ec6e-92dc-4638-9792-92de87a81b98,2,1,1,2
2674c3f2-ad18-4bcb-a204-54d67ff6417f,2,1,1,2
03527450-8451-423b-ad5a-acffbd9692ce,2,1,1,2
61f521a9-85fa-48f3-862b-d2ecde723949,2,1,1,2
e29db411-4006-4973-9193-0a553821ecd3,2,1,1,2
f9b8063b-3b03-43ef-8244-83812a18e81a,2,1,1,2
1429a4a5-0633-e03b-9b76-236d70180edf,2,1,1,2
f7c68f10-d2c7-436e-b094-0fd83cc4cb97,2,1,1,2
d449dc8c-a1cd-498f-9296-6b98b1c3e83b,2,1,1,2
f517b5f4-0a16-42f6-a0bd-c2bc8637296b,2,1,1,2
7d044fc2-ba11-400b-9a52-dcbfecf495a7,2,1,1,2
52e92d05-9179-47e9-9182-d953b25a89cf,2,1,1,2
e34066f3-7e96-43ed-af2a-5d69a5ac6eec,2,1,1,2
49d130e3-6a2c-44ed-8af4-6960d5ba0605,2,1,1,2
a09cdf2e-4ef5-43ed-a5e4-4eeccf0d8d52,2,1,1,2
d53cd776-e7f4-4554-be06-3ccbc760cb4a,2,1,1,2
b103918d-03fb-4661-a68d-f4b28eea8e06,2,1,1,2
9b2b5544-19ee-4e1f-a209-fe252b7db1bb,2,1,1,2
c8871688-35f4-472e-a654-59a83d14d474,2,1,1,2
a7b7e68a-9667-410b-8571-13d703e3e864,2,1,1,2
c6014352-38a2-4ab3-98a6-c86ab2480fe6,2,1,1,2
68a2a4ad-65d6-4a66-b656-73e452ddfa72,2,1,1,2
de04db01-9498-4aac-8669-b57cd7bf135c,2,1,1,2
1707035e-1e17-4250-822c-1debe321efea,2,1,1,2
f40f6389-4471-424f-9126-5ab97179a2c3,2,1,1,2
6dd55909-87b5-4e5a-a537-6629e89ba6b5,2,1,1,2
0f736af1-7796-489c-a0b4-ffd1d62db0a1,2,1,1,2
78d13d6a-5335-415a-b907-416b53b41c5b,2,1,1,2
a66b068f-b2ad-42d1-b9da-b28d2437ab71,2,1,1,2
a4e025c0-93bf-40b1-b3fc-926063e01326,2,1,1,2
22724180-090a-4638-807e-1501fd843868,2,1,1,2
2da935c7-242d-4795-9775-4a88609589d6,2,1,1,2
13949dd0-0548-4150-95aa-27dd8b6bef72,2,1,1,2
05ceeef8-d273-496a-9c53-86de682d95d4,2,1,1,2
d7876ab2-2171-4087-bea2-fc02c3451e54,2,1,1,2
293b5c04-4dd9-47e7-8885-47c066467774,2,1,1,2
e77859e4-236d-4187-b8bf-39115ef93c2d,2,1,1,2
0d85de76-c2fe-487c-96fb-efa80c22cd90,2,1,1,2
59f919b3-1d1f-1277-994a-bea54590eb5a,2,1,0,2
161c5bbb-06ed-4f4e-8826-d28a4b0c0a89,2,1,1,2
305d750b-78d5-41fa-8d9c-a01472a6b55c,2,1,1,2
bac845f3-9c78-4d9d-bbc4-ff7b2e07ebb3,2,1,1,2
ae2eccdd-57b1-4928-8859-ae403b704159,2,1,1,2
1e69be7f-39bd-478d-9f44-e3d8da78545b,2,1,1,2
b71d557c-543f-4145-9615-134285f4830c,2,1,1,2
7a440898-5dbe-470d-bbb9-f3ef515e4d06,2,1,1,2
afdaca1b-23bc-f0fc-1f1e-b228f7c10f12,2,1,0,2
ca8b52a5-9acc-472e-a3a6-8292f6b36364,2,1,1,2
2418784a-9e89-4594-9604-9834a3d9a367,2,1,1,2
128597c4-6307-4f22-ae4c-f179540501e4,2,1,1,2
f8e9f24d-3fe4-4e8f-a448-397bc71d5a1a,2,1,1,2
f0eaf495-c877-4c43-94ab-73538c61cda2,2,1,1,2
5a74d7a2-a3c0-4840-a6c9-08b4c20ba62d,2,1,1,2
bc42dbbe-478e-4ecc-ae7e-ed9726cbd23d,2,1,1,2
f15d4a3a-89f5-3556-4fe7-39c19ba41709,2,1,1,2
34fcc9d1-2d0b-4df4-9259-a7ae27eba54a,2,1,1,2
67d4aaca-4eac-47da-b368-544271f06aa6,2,1,1,2
a1c0dd89-28c5-47eb-957b-f620d026feff,2,1,1,2
4a1ce139-6167-455e-8d08-e15b2043916a,2,1,1,2
90fe862f-0722-42d6-8f5e-9cd74e026c0e,2,1,1,2
288887c2-cf12-4caf-ad97-16acb758f992,2,1,1,2
7e422bd0-cf4d-41d5-b246-0b351f599bd1,2,1,1,2
78b5b63b-4c7a-4952-bc8f-4e9b0c40f7c4,2,1,1,2
4d6c16e4-fd96-4ac5-9860-2ee8a9cddf72,2,1,1,2
2607bb4f-2b07-4573-96aa-3d82317867a2,2,1,1,2
bb04aae2-00dd-4856-9ea7-2b1f4b1cfa90,2,1,1,2
d6f91b6c-e5b5-4086-b8c5-07535108ba17,2,1,1,2
14ce8721-1c3e-4136-8dbf-a6ce51534a97,2,1,1,2
5e0cc8e8-1b0d-422b-8542-43d71d64a8ff,2,1,1,2
55042b99-3d7e-4a5b-b57d-a5c7201105cb,2,1,1,2
9ffa6b86-101e-47bf-9f79-e4c5f097f3a2,2,1,1,2
ba8c5443-9551-43f5-99ad-dd0d5028e25a,2,1,1,2
1c8df4e4-d624-406a-9bf8-ab2b86b09026,2,1,1,2
91aecde9-313d-4143-883d-dc61c7b10a8a,2,1,1,2
3a0f0aaf-cf9c-471b-abef-c795fb43574d,2,1,1,2
2816b531-020d-463f-8709-8e7d2c45a556,2,1,1,2
e3568b56-e2e1-4e1d-a2dc-55aed49aa054,2,1,1,2
04c94c49-57fa-4d86-b514-e41f53dde71e,2,1,1,2
05266d00-250f-4bed-a865-4d9e33bf7dbc,2,1,1,2
91266608-7bca-4395-b71f-04028a2d1e31,2,1,1,2
9346b7c5-fa4c-4d62-5c98-ded5d18b4bfa,2,1,1,2
3f9d8bee-4357-4bf4-8e63-0b34bffa4830,2,1,1,2
b8444fc4-0d8a-4a31-a91f-a131bd2e39ce,2,1,1,2
08bda1aa-1368-462a-8071-d95cf303ec6d,2,1,1,2
d880b52b-fc28-4898-81c9-98cbdef52401,2,1,1,2
7ad2e022-4a16-4805-b6fb-17d526dc03fd,2,1,1,2
63871d17-9f4d-438b-bd9f-f4f98d9a54de,2,1,1,2
d75fbd58-8141-435c-820f-e4537a2c4ea5,2,1,1,2
ff201a8b-aced-4f1c-abf7-0e360ec7d713,2,1,1,2
8ba29a95-d108-4bbd-abdb-a9d868544755,2,1,1,2
37b57c2b-1498-43da-a1ea-f2129a4cf37f,2,1,1,2
ea2a8da5-0a35-4c2e-aa14-3a60d8506744,2,1,1,2
dae49118-b07f-4166-9a3a-ae36059960f6,2,1,1,2
bc05b938-b802-47be-9d60-1bf4d6187cc1,2,1,1,2
f6373030-5bd4-4707-b8a2-60a5f0621ff2,2,1,1,2
fe61e59c-a5bf-4fac-95fc-c8ed1976a17a,2,1,1,2
1982c0df-c75a-46d8-8489-3cfe97a21f43,2,1,0,2
09e60064-2406-4802-9c2d-5a54765bcd9d,2,1,1,2
b54a91b5-b62b-4354-a772-970e70b2bf2e,2,1,1,2
f67290aa-9451-4c84-9d1a-7dcaccde64d0,2,1,1,2
d4a42998-cd15-4631-9338-c5389cf61c18,2,1,1,2
e0ad0c4f-ec46-474b-a7df-36be951aaad2,2,1,1,2
86c61889-7739-46bf-b31a-e0fb6d68ec1e,2,1,1,2
72a4916b-8cb9-4f90-aa8c-0e698a5b4255,2,1,1,2
8fdd8e0a-e314-4fec-ba3d-61f84c71cca4,2,1,1,2
481121a5-ae65-4a17-aeb0-914aec91052f,2,1,1,2
813336fc-a6fb-4801-a81d-0b114e9057f6,2,1,1,2
f8c9aa22-e444-4f94-8c0a-b6b16f596b41,2,1,1,2
1454e04b-5125-4d03-b802-ee26d8a52790,2,1,1,2
202251a8-1195-4b3e-bb1d-57ce4e309bbe,2,1,1,2
4aa8440c-a12f-4798-a006-55bfdb403022,2,1,1,2
67c9e5f8-4ef2-4a9b-a1e9-b2b1744bd90e,2,1,1,2
8ec48b6a-c380-403f-b7b4-96a675e0d59e,2,1,1,2
b6f15ed7-f2f3-469a-9178-6449f39cc1e6,2,1,1,2
630cbb26-ef7b-492d-88de-51588e92abdb,2,1,1,2
f0830e8b-a65b-4da9-b6fe-3dffff786ea2,2,1,1,2
813a756f-7541-46ae-8747-86f937671f0f,2,1,1,2
5136afd1-67c5-4fbe-b9b7-fcaf6888e04e,2,1,0,2
95177db6-44f6-41a0-9fb8-5b8ccf84db2a,2,1,1,2
2f4f2ee3-86c8-9f12-803e-72856655c6d2,2,1,0,2
ae8a883d-7cdc-41c0-9cf4-d081f260153c,2,1,1,2
8a7a3d55-0705-4b21-abbd-9050be0de393,2,1,1,2
fe94f7eb-fab7-422f-84ce-8bcb27cd72ff,2,1,1,2
840ac9a3-b4a8-ca80-53b3-d81ca6e0c010,2,1,1,2
65890876-b6fe-4cdd-a086-b0df0df72ea5,2,1,0,2
8de1dd43-7152-533e-175d-31eb0fcd361b,2,1,1,2
a5ca43e0-2e25-40c0-a3d2-7a882d1129cd,2,1,1,2
5c19a104-71ed-45bc-b993-fd713f35eee8,2,1,1,2
0b715eb2-eeee-47a6-9745-46581a832b6c,2,1,1,2
d290f5ce-f94b-4187-8ee1-5a0766391f51,2,1,1,2
00268575-9490-4c97-83c8-ec23ae2aab2d,2,1,1,2
fa57bdab-2a14-4da5-a77a-a0ca547eb2e5,2,1,1,2
ac623e5c-0766-439d-8f5c-dc76ef161a25,2,1,1,2
0e766b41-4f73-4c73-9c89-16460955e721,2,1,1,2
95131464-cdc4-4b39-b5d2-b5e92070101b,2,1,1,2
b2f413ed-ddbf-7f30-05ae-35f1fd3afc7e,2,1,1,2
4b29af5d-8aae-483f-aba8-dd07e1741194,2,1,1,2
f9e6d54d-03dd-4296-8ce2-5810d55ea687,2,1,1,2
7198ec50-80df-71b8-b2bd-a00590cec222,2,1,1,2
01ca63bc-590b-4f0d-9eeb-a721a0d56766,2,1,1,2
637596a7-a876-4fcd-b66b-34fff2b72c7c,2,1,1,2
8911b635-cff5-416a-b3a0-69c54f0b15ec,2,1,1,2
01be2e71-f09b-44d5-afdf-5005c1aada4f,2,1,1,2
08b89739-102d-4701-888a-81db6bcff79c,2,1,1,2
885b6f09-6d2d-4455-b86f-0f1a8e40c15e,2,1,1,2
8641825d-f468-4df4-9165-7a09fd6d90cd,2,1,1,2
f4da300e-ddc6-4e71-a1cd-1567ecfc3312,2,1,1,2
66a35c32-1970-4693-9928-5253ab25958a,2,1,1,2
93dd5dad-6285-4add-bb8a-73fefa0b67e7,2,1,1,2
a6304962-419b-4de5-a335-54e7248240c6,2,1,1,2
617a7e84-7089-4e0a-b86c-af602233aa24,2,1,1,2
772dce01-d882-465f-9ec1-0ad3f1f03319,2,1,1,2
2368c3a6-80d8-42dd-bb85-6d81d3e4eb6c,2,1,1,2
f253b0ac-16bc-d033-412c-0648368990bf,2,1,1,2
4057db69-4ffb-4da3-8248-d86e3af4fc23,2,1,1,2
e6008bd4-3c5c-25af-9f0e-118390638a3e,2,1,1,2
9b27322f-df5a-4934-bc4e-aa5670843ef2,2,1,1,2
e57deacc-c096-4b11-94c3-e431cc5db482,2,1,1,2
e5e2a164-eee7-5623-4896-48f21e5a79e7,2,1,0,2
ccdd255a-06aa-4e6f-8335-018063a969ff,2,1,1,2
8420659a-bf7f-4346-9c77-a0843e01ff32,2,1,1,2
28f60704-74b6-4ead-b190-c998dce726fd,2,1,1,2
f0dfbd58-f492-4fe8-85bc-2a1f2c342604,2,1,1,2
f0242b51-2d51-4bf5-921d-f0f0402f9076,2,1,1,2
1978b655-7010-4657-af93-cbac477c825d,2,1,1,2
18b818b3-fabb-4e2b-b0b6-b4ec88cf938f,2,1,1,2
582d3beb-1213-40e9-8db4-0d8b63c95d9c,2,1,1,2
5f4ce32b-7e5d-4111-9d83-892af7156855,2,1,1,2
2d235c63-8685-4b67-a8e5-ec4e9b506ac8,2,1,1,2
39087260-ed3c-4fe9-bdcb-47c7e9a5fff5,2,1,1,2
d735de68-57e4-498c-b6dd-1595b3f7230f,2,1,1,2
eef35338-dac9-41f9-8e71-da2458e17be1,2,1,1,2
f39bcd67-8440-4ee4-8813-43ed3896c004,2,1,1,2
60767d2c-d852-4650-bc62-a061a1a933cf,2,1,1,2
73ab4bf1-40c0-8e41-0bf5-f3d50ba565cd,2,1,1,2
8ae7399e-f3b7-4588-a278-3933bad3e8d1,2,1,1,2
228412da-afc6-49c9-b9f8-dab3a4908c6a,2,1,1,2
364d8c76-90a5-4dff-8f03-e4e2b827c3a7,2,1,0,2
15938d0f-07a6-b1d8-17d9-eef5c953ee3e,2,1,1,2
16ae2c28-183c-4827-8961-48b69f907fcd,2,1,1,2
a39528c4-8124-4077-8f0a-db9757fa3583,2,1,1,2
12b5cc4e-faf1-4325-9e78-1830a14ea522,2,1,1,2
878e8bc4-dc88-4644-8e8e-9da31b1c26ab,2,1,1,2
195fd78b-4773-4333-81a6-3185ba0c76c2,2,1,1,2
6a2d1165-d48a-4600-b931-8fb67606f19a,2,1,1,2
b310d7cb-c022-4847-8184-d37d89cf3e04,2,1,1,2
f737dd2e-756a-4f71-9ea5-e94233a19122,2,1,1,2
f9c5b05d-3dcb-9b50-a4c0-dddecae72f5e,2,1,1,2
36f1d4ab-34c2-45eb-9ca8-774a5e358720,2,1,1,2
234cac58-8bd4-4d99-a0d3-4ae187d546ad,2,1,1,2
80aaf776-f65b-4e5e-9617-81738e0c68dc,2,1,1,2
29a1ae78-ec0b-439f-9e72-d5bd5b7ccf27,2,1,1,2
81bfda00-27be-4f5d-9735-b0969c4ac115,2,1,1,2
13f134e8-8506-4602-a863-53cb3c09777f,2,1,1,2
ddfc273a-6b32-e136-643d-7324db96beb8,2,1,1,2
6c6b12b4-cf38-4f35-b946-2bf432cbed26,2,1,1,2
1e0312ae-8cc1-4b19-aa4b-f59e0bdc47e0,2,1,1,2
e19f5257-c5a0-4715-b5b4-c751af93776f,2,1,1,2
d3d6bb58-e248-4008-94ec-b7027c04ff90,2,1,1,2
30a77be2-14fb-4d20-b8ec-4d97216eb730,2,1,1,2
830338ab-ba39-46a5-897a-6a99291f558f,2,1,1,2
3bee6818-66fe-424f-8627-5f5c77a02066,2,1,1,2
7b817805-fa9d-43c4-a928-0a4c4e919674,2,1,1,2
96d2c237-b866-4e9b-ab8e-4e0046a60761,2,1,1,2
75e8cf50-76ec-9f80-a7c7-c3fe7ebfbd81,2,1,1,2
f689bb2f-683b-464a-98ac-f7e1191bb351,2,1,1,2
4f28cc89-2f03-4b69-9c2c-f2dd33575186,2,1,1,2
0999448a-2254-4e55-8196-05c398ead03c,2,1,1,2
ed4939b1-bf9c-440b-ba84-3741c5650cca,2,1,1,2
405972d7-e9af-40be-b7ce-954f3e14be7b,2,1,1,2
a731e43d-ae8c-6622-102f-0e7699060514,2,1,1,2
378f8297-b765-45ce-8a86-69da9b06cf1c,2,1,1,2
a77521bf-4327-4d19-9036-75512c05afd0,2,1,1,2
a1e11cfc-d8f4-4e5d-9e28-b0430fc51e73,2,1,1,2
4b4a67f0-b511-4ffd-bb41-22c2db848ace,2,1,1,2
db812c1c-ee82-40ae-9c36-004cd7e15d45,2,1,1,2
0123428e-7417-5e33-f93f-ac26566a232e,2,1,1,2
a4275831-f407-4834-b06e-84941312ad2f,2,1,1,2
aabc7859-a33b-4f5c-9d15-eef46d9873d0,2,1,1,2
54362869-9b52-4915-8f16-30d2a3f4cca9,2,1,1,2
5fedd490-2e8f-49f2-b80f-9f29baae0b36,2,1,1,2
b38d9963-9470-4436-9daf-ad0fde3f429c,2,1,1,2
66bf7b05-7015-4037-a05f-9c0d40d8849f,2,1,1,2
1ba8d5a9-1799-4699-a147-cbadc296b286,2,1,1,2
54818798-f983-449f-9779-41960be1b86c,2,1,1,2
ecf3dd09-96cc-46e7-a439-c70dd7e9b6c1,2,1,1,2
7764116b-013e-4a6d-8268-dd849707c528,2,1,1,2
a9370cd0-39b8-5e67-432f-3f779a67f4c2,2,1,1,2
e15d9e73-26c1-4611-b99e-33834b71db79,2,1,1,2
24040517-37b1-48f4-a946-7073b6f6d71e,2,1,1,2
23f7940e-9fd7-476e-add4-c7e7bbccbbab,2,1,1,2
f413a75f-10e6-478b-87ea-e63cd60fb4ad,2,1,1,2
c190b4db-6819-432b-9b54-0d99c98b3bfc,2,1,1,2
16b4d49f-dec8-46ae-a605-cd058398347a,2,1,1,2
caa4f226-e13a-4de9-932d-74152fd4577a,2,1,1,2
ebf807b7-db2e-4d2a-a269-37031d96e634,2,1,1,2
d191cad5-f344-43ca-8a6f-a4e5988b287f,2,1,1,2
d7f0753d-a22e-4458-ba4c-9acb2b62b7f8,2,1,1,2
443e1c40-0607-4922-b353-005ead8f1d55,2,1,1,2
9cfd4997-1d6a-404f-99b9-9c5e4a689652,2,1,1,2
04f95e03-a8e5-4725-8d6d-13ff33181eea,2,1,1,2
4d1bd12e-03cb-2f2a-2dbd-8c620ff65af0,2,1,1,2
cb1a129e-df0f-4e0b-92f0-07a2b0769e7e,2,1,1,2
91c75247-87f8-b4b6-6c61-c4b64f88be48,2,1,1,2
bc2916fc-0140-45bc-bd16-eb1d161946dc,2,1,1,2
a0412df4-2fe8-4a73-8d56-0c883a273a68,2,1,1,2
980d24d7-e407-49aa-b11a-8e93c2994be1,2,1,1,2
d549b00c-55e3-4af8-acf3-00c8efa42242,2,1,1,2
0007f7e0-78cd-40e0-b014-c1e20abf358b,2,1,1,2
9b5bfd70-8f88-41c9-8c82-56903dc5f377,2,1,1,2
d3d339f3-7f08-4b08-b317-fe156a965e27,2,1,1,2
ce0b10f8-5413-497e-a700-6850d0de9086,2,1,1,2
64b1b074-50eb-42b9-8a7f-54a4604cbd8b,2,1,1,2
cbd79137-89b7-4556-8add-b0483c4915ea,2,1,1,2
87093309-6de4-4722-bed1-0fd014c6727c,2,1,1,2
a862a893-3994-4467-9f97-4f0eb7ab1233,2,1,1,2
a870b484-68a3-4735-a263-6d01f7f05ad6,2,1,1,2
0ec6e857-de19-4ec5-9156-338af31f7df4,2,1,1,2
c68cc5e0-f375-45f1-bb51-c705b580cf23,2,1,1,2
a503cc88-8cc1-4ffb-a0eb-48aa10dbde3c,2,1,1,2
125b7c95-2172-4648-a2fd-3fcdd4357f7b,2,1,1,2
6b6786fc-218d-7c94-ef04-7d2d1c768825,2,1,1,2
4a01bd39-aecc-4df8-fcd7-7bf22ff73676,2,1,1,2
5d4c413d-4f5a-4ae3-a82a-5c921ba31441,2,1,1,2
6c4d7355-feb9-45b4-82d9-7866a4f84318,2,1,1,2
3dba90bf-9745-4725-ba4c-6457fa144e9a,2,1,1,2
938983cc-1542-4384-8085-96dcfb5777e1,2,1,1,2
0ced3b90-511d-4d33-af34-e9cc4bca56a6,2,1,1,2
61b24853-9071-4855-99f5-17e000733b3b,2,1,1,2
32ebab9f-57a8-4c3f-bfa4-ef9a55a32fe4,2,1,1,2
bb89c991-9be3-4ed8-b6e5-ce5ab03767c4,2,1,1,2
ac1c8d9e-1678-4a8f-b96a-d04b2368b608,2,1,1,2
14f24cb8-2b23-4f74-93de-1582afcb5b32,2,1,1,2
c8d6ee0e-4537-4a4b-ae87-e0cb34089265,2,1,1,2
0d7b49d5-742c-42bd-afe4-a4818c738910,2,1,1,2
00aec86a-9976-4186-b587-227a9815e53a,2,1,1,2
326fa205-08b2-4d8e-b8e6-8126f687efe9,2,1,1,2
f9be477f-20a5-43c6-bb42-7412e64cae21,2,1,1,2
7009b9f3-87e9-4b2e-81d2-aec380bdfa46,2,1,1,2
f2c5f4e7-472a-42d1-9222-59c4580a1e9c,2,1,1,2
4a3a2de2-2139-4151-befc-0a9acfd91fba,2,1,1,2
8b923103-3eaa-4bab-a8dd-6f16135f7244,2,1,1,2
260492c8-b22a-423e-b675-595b9a3dbb60,2,1,1,2
cca4f7a0-caf5-46d5-b904-c67eaec86b08,2,1,1,2
93222c23-fc57-4808-a630-fdda29c3830e,2,1,1,2
4fa60845-b918-4b39-9bbb-5b554da8b4e3,2,1,1,2
7c317241-02bc-46cb-a2c4-e96d5d05b831,2,1,1,2
dd25a136-c027-4a4e-baef-b2e4c290fc1f,2,1,1,2
ecd26d57-1f66-450f-8c9e-230451c9119e,2,1,1,2
1010d0b4-2fd6-7c07-3eab-66bb277f6810,2,1,1,2
6486ff5e-70d2-4e52-afad-b6cbc4a101a6,2,1,1,2
a5d3cac8-dc23-4cef-9f8b-97aec3f67967,2,1,1,2
174e1e1b-cfb0-4221-ae82-173fc233487a,2,1,1,2
24f5e64f-4db7-4508-8815-16069e55f8a7,2,1,1,2
f70c66f4-a39e-4e76-8eee-a1cde920d5ee,2,1,1,2
1a33dfd4-e5a3-4acf-82a0-f5add12c1eb4,2,1,1,2
d67a730c-8695-49be-9fd7-98c967e60430,2,1,1,2
3c6cf2bc-cad2-4cf7-8d8c-39696badb009,2,1,1,2
8a481561-e446-48f9-a3dc-878b5b659015,2,1,1,2
8a061783-3c17-4779-8473-e9ff7e7c58ee,2,1,1,2
d1486eeb-f357-4bdb-a5d6-2d2fafe2c4e1,2,1,1,2
407bd69f-b141-4c5a-b003-dcc304173ac6,2,1,1,2
a255fe7e-858b-4564-b829-3025846f0e23,2,1,1,2
f3fe3727-2418-4b53-9e91-01e63e52ca9b,2,1,1,2
09fccbb1-40ea-44ec-baf5-b52172479184,2,1,1,2
32a08114-29a2-4d72-895b-b205218596a2,2,1,1,2
333d3c10-57f5-4487-af4e-b5f0776acab9,2,1,1,2
248207f4-5986-48e4-a048-e81343681e3c,2,1,1,2
21245b42-448d-4781-9252-932a93c3c5fd,2,1,1,2
681c4ebb-3b97-4304-8f62-2d3c59c55bc6,2,1,1,2
ba37d136-3fa7-41ce-9e82-70483d98d7b5,2,1,1,2
5dde1e89-1fd8-4a39-a4c2-35734f7eae71,2,1,1,2
7d9339da-2288-4806-a6e9-655c8f7eda26,2,1,1,2
55100e80-8cbe-49e5-b93a-7aad2b9ac06b,2,1,1,2
13837d6a-fc39-4e3b-bf77-748d31838ece,2,1,1,2
d1474bc3-2a69-4a84-a6ae-7ac99c95f701,2,1,1,2
a2931aea-8c49-4783-987d-e68af47ddf9e,2,1,1,2
30eeb5d8-7bf3-4b4b-817b-ff139c7d45cb,2,1,1,2
74f57978-6749-4157-8a40-aed72533e190,2,1,1,2
b2930711-76db-4b2d-9a7f-ddeedf4e41f7,2,1,1,2
ba5e9e92-26e3-4cd5-a51d-2346b0338633,2,1,1,2
6aea39ad-2dd9-4859-88c4-ca4942a27499,2,1,1,2
47a0fdc4-bc26-4e68-aea9-7cd81331642d,2,1,1,2
ba235873-d53c-4a81-bc42-5d8147d39e23,2,1,1,2
e3295f0e-e3ff-4c93-9bb3-a54ca24a4e54,2,1,1,2
46be7c94-0532-4d8c-8a19-36ec079f7e7a,2,1,1,2
83fd9d4c-d5d1-404f-8709-6e95b96d72e3,2,1,1,2
a5cf2fbb-2553-46b5-8378-1ed49a12f7c0,2,1,1,2
f1535285-d4f2-4a00-92f0-b364f16e7cb7,2,1,1,2
cda5e792-eedc-489a-96d3-8ff2cc74f74e,2,1,1,2
7f491ddb-de57-d518-1f98-b6493a06c748,2,1,1,2
81bf9db3-b06b-1bb7-3715-a4b1f017365d,2,1,0,2
7ef110c6-8f79-400c-9ad4-4b8d2f612d09,2,1,1,2
7cba9383-e6d4-4f56-8463-ed80a3042893,2,1,1,2
76e8ac20-207c-45d3-936f-4f4b252f0ab8,2,1,1,2
18d8f306-973a-477f-8ddf-6e58e2f3de3a,2,1,1,2
2d38428f-f593-44d5-be20-6b7832adb3ce,2,1,1,2
5f0751d3-4325-f669-b9e9-e9f59e383a06,2,1,1,2
1dc59206-bf9f-4ff3-bcb5-81eb9582e4dc,2,1,1,2
016dfa54-2db6-4b93-99bf-260639a77297,2,1,0,2
c1affddd-1f3f-4761-84ed-087308912b8e,2,1,1,2
2404dcc4-2dd6-475b-b1b5-0f2c234e00d9,2,1,1,2
a67307f2-6e6c-4f2b-8f6f-c93b46f1b606,2,1,1,2
092a2dce-4e50-4b4f-bdf9-1cd15b00f512,2,1,1,2
f71258a9-03b6-4208-d1a9-61ef543b9b29,2,1,0,2
ed048c34-15a2-4364-a814-75038d244113,2,1,1,2
62d036b9-7b15-415d-a451-b5004af37448,2,1,1,2
20192902-309b-9523-77a5-257245e9f7dd,2,1,1,2
5e22526c-7d12-4688-9f08-4c7cff6ba8f0,2,1,1,2
985d4d05-131d-4e4e-8d20-2777ba6a665a,2,1,1,2
530a0a72-3d3d-4d91-8ccb-2c52da764e90,2,1,1,2
9c02b209-6a94-4135-823c-2b0437f74e30,2,1,1,2
a010a991-324f-4666-b6b1-525577f59679,2,1,1,2
ad43bd1b-e4ef-457d-972e-8f91bacede18,2,1,1,2
a2a9e897-2d25-43bd-92d6-4f0a801a37fd,2,1,1,2
7a292cd3-404c-4660-94ca-4409ca1f46f6,2,1,1,2
aebe5c27-a3b4-4df1-9452-57fb3b5191e4,2,1,1,2
c815bfca-c559-440f-9f38-e344b96cdff3,2,1,1,2
2df2e4d5-e4e2-4ee8-b2e8-b111b4386b61,2,1,1,2
d40fdf66-7a1a-7865-a87a-a74496000d4d,2,1,0,2
355ac4fe-ce36-4296-8906-209f148f0c1d,2,1,1,2
59a25574-3a7c-4296-abe9-db8944a67374,2,1,1,2
e5fd671d-5dd5-4cb6-8679-65b096ad6e5d,2,1,1,2
323c7d1b-ecff-acdf-9cc0-f9c42e156660,2,1,1,2
9dbd94e9-7829-4c05-8852-de8a205407d0,2,1,0,2
9826e126-b28d-4fc1-a52b-bc0e4a5fafcf,2,1,1,2
886ff08c-2f23-4ed0-ab19-1f56ee2ad576,2,1,1,2
2a0c5488-5532-41c4-9a5a-438336d0f435,2,1,1,2
ce234050-f4c4-4946-b411-17b07cc29a60,2,1,1,2
76d5b225-ef3f-4024-b910-f2fcb221076e,2,1,1,2
bab9c2df-8cd3-4a76-b944-d05ae4a44daf,2,1,1,2
e08b66e9-5d72-48cf-9000-f6b7280db0eb,2,1,1,2
27f02eca-3986-4340-9600-79d77985f499,2,1,1,2
6a71c175-17b8-458a-b73a-5091d2eb61bd,2,1,1,2
191f0860-f64e-462b-82a7-70d649eacdc8,2,1,1,2
fa18f994-473b-4e61-8b44-397294627581,2,1,1,2
47fa5766-8e0c-47c7-a82b-d0bcfbb0eab2,2,1,1,2
e8d9c3ac-62b3-4203-ba98-b4e52cd1b0ba,2,1,1,2
5f6d8b30-0ea8-4155-a8d8-6a0d83a62637,2,1,1,2
c6b645bc-74ef-4549-8838-ba9dd6251eea,2,1,1,2
9c775514-98f3-4d64-8c06-3d37cced3c4d,2,1,1,2
0a66f795-e02e-48a0-b82b-0622b9acdb3e,2,1,1,2
631cfe34-1f9f-488b-bdf3-b3b486bd1acc,2,1,1,2
0b4973fe-7bc9-4ff5-b1c9-3f5517f8377f,2,1,1,2
eff807a0-f2a8-45ac-9e45-33d1cf05f182,2,1,1,2
975ff286-ce3d-e632-f560-cb346daa3f11,2,1,1,2
01b615c0-041a-40e3-89ef-b1e80e39d1ba,2,1,1,2
96b599e7-3f3d-4ee0-bb02-71c8efe647ac,2,1,1,2
461b5f58-f69d-4c2a-8494-7db42a1e7ebd,2,1,1,2
489f4ba0-eb31-44ed-84c5-135f8fdea304,2,1,1,2
857e9d23-65f6-4f97-8794-1d2e5875ae50,2,1,1,2
a3602596-b2be-4017-a8fd-d836317003de,2,1,1,2
37f2e404-741e-4ff4-9659-264461e10b7c,2,1,1,2
e005934e-f0ae-4665-b4c4-8be5b963ac26,2,1,1,2
8760d653-df0a-426d-b2bb-d5b6d04f3334,2,1,1,2
932b2111-b8bc-4e73-b998-9e74d2cf5c57,2,1,1,2
39840c2b-9c03-4f56-a4c8-7623dfbf3636,2,1,1,2
5ae5ff54-9df1-45bd-9d96-c80e555b6842,2,1,1,2
e24ccc19-55ac-4cba-9cb8-131f379abc22,2,1,1,2
df349d97-46bd-4c62-812a-09487b7ba78f,2,1,1,2
e83c3d15-c44b-4bb2-9851-f6e045db17b6,2,1,1,2
04119606-02c5-45d2-b49f-1358826844c6,2,1,1,2
0ccd4779-9cfa-3542-4736-947f86112838,2,1,1,2
45c73817-7272-4c40-9879-c9a896f4a16b,2,1,1,2
e709a1b2-306d-47d8-9314-29c6172958b8,2,1,1,2
18f30966-2fe6-4b23-a0a3-4f60c4368522,2,1,1,2
292b07e0-97aa-41e0-ac5e-527c2ac51a15,2,1,1,2
d1998730-5d0f-4b1e-9e12-c1dbbe1e1b71,2,1,1,2
572bbce9-ef0f-4670-b614-26f80526ed85,2,1,1,2
942d4a71-f6e6-4046-bfaa-9283f353024a,2,1,1,2
071f4972-5c81-4493-aaf3-e9c20a62739b,2,1,1,2
0b86d179-f76a-41be-861c-b78084333b2d,2,1,1,2
cc3dceae-77df-4ba6-8f55-736f869ab6bc,2,1,1,2
d7eda30b-af97-418a-9b2f-ba2334106781,2,1,1,2
d9682e88-2859-4dd1-a571-616cd0bbaac1,2,1,1,2
976d2efa-4383-4edf-b99b-2660d3cdbff8,2,1,1,2
b6896a5a-ff9f-4bc6-aa3f-4f665892896b,2,1,1,2
5f9230ec-e534-4dc4-8c9e-efe1a498b1be,2,1,1,2
b97b25d6-e458-4641-bc79-71b7914d5d52,2,1,1,2
3da835b3-d186-4f7e-b327-85511d01742e,2,1,1,2
0d0b41fc-f2f1-4dee-bd95-03e058b003a7,2,1,1,2
ed6837b4-8fcb-499b-ab05-e96364793828,2,1,1,2
6a1e0120-6aa5-459b-860c-8d0e1eb037da,2,1,1,2
0bd73918-b0bb-49c4-abd0-14b070959000,2,1,1,2
3fad9fb3-002f-47b6-a709-af1ac34c75b6,2,1,1,2
34cae623-9d02-4af5-b039-8cbf615240da,2,1,1,2
dc70ce69-a4bc-44d4-a1ae-a78edc094df1,2,1,1,2
3e29cf77-3b80-4419-2505-e2c3043afc17,2,1,1,2
e1b688f2-4613-4c3e-be41-05aa607a4490,2,1,1,2
62a0f851-dddc-4036-aa4a-6495fef28e0f,2,1,1,2
ff240bf0-4893-4835-89a4-bdd220115b0f,2,1,1,2
a877c536-3ea8-40e1-83b9-03f01ed13b8e,2,1,1,2
578d700e-facb-448a-b041-ea404d4a199a,2,1,1,2
f1e55882-52d6-4678-b492-6fdbbd781eda,2,1,1,2
2b933362-9620-4696-b168-f0b3b623504d,2,1,1,2
06a6818b-1a1f-46a9-bc30-d5eb00ffed66,2,1,1,2
3f490ee9-8c1c-486f-ad0d-52802111c838,2,1,1,2
ed61cb8c-136e-489d-a446-b5b40c3a79f9,2,1,1,2
6030d078-6334-4b73-8974-e409c501157b,2,1,1,2
75bbc7ee-37a8-4ee0-a1e5-06cecd15ef61,2,1,1,2
b983405a-0db8-46de-a682-76b723853d18,2,1,1,2
b8d82702-06fc-4ca4-b6ff-44ff1f45fc00,2,1,1,2
dfb2adcf-46ed-4b4f-9e3f-d8e17a66afe0,2,1,1,2
3a0b5266-ad18-42bc-ad9d-72017f9e7052,2,1,1,2
dfdb6614-ff70-445b-bd4d-381f15b1eaae,2,1,1,2
0fe9a6c9-8ddc-4b56-a73a-cfde5a957bf9,2,1,1,2
22ca700d-2846-433c-b7d9-79c27b40c203,2,1,1,2
05e14f4e-0113-43da-81c2-a491a4c1845c,2,1,1,2
eeae3382-c71b-4969-89b1-a0714ec6042f,2,1,1,2
9320f87c-7525-4317-b111-60ea300d89cc,2,1,0,2
3172bdd4-f76f-4c1f-95c4-5ca9ac2f69fb,2,1,1,2
aa3c86b2-d8a3-474f-80b8-d09cd500ec43,2,1,1,2
51ebc7fa-dbe4-4ac9-bf0c-e0c5bedc1d93,2,1,1,2
b37b30cb-4640-4892-83d0-904115595034,2,1,1,2
65362428-6e2b-468d-b546-5e6f0ed261dc,2,1,1,2
092284d4-dc13-4471-8f8e-170f7a9e5bfb,2,1,1,2
91d8bc7e-bde8-435c-a852-1e4e79917702,2,1,1,2
03ff21e3-0144-4279-8690-5763a0d48abb,2,1,1,2
36cd6fa0-6ff9-4249-9c5c-f1afab70c3cc,2,1,1,2
01230fa7-45fa-4a37-9b6d-e966016a38cd,2,1,1,2
fcdda694-2bca-4f0d-a7f1-d2682c900ce4,2,1,1,2
62ac70c4-789a-4600-83bf-d552254a2362,2,1,1,2
69d5dbd5-0133-4718-8688-55d907ddf85f,2,1,1,2
8006019a-b6e2-49b0-a08c-4e7a0e1cd0c8,2,1,1,2
9cc77789-7d8a-443d-a642-fb739b89c19a,2,1,1,2
aa19f0cb-579d-4eeb-bf06-ab66eaa71d22,2,1,1,2
0fe28eb5-00eb-4b04-9131-555ccf828db4,2,1,1,2
ffd60749-6d06-b672-1419-57258eea4136,2,1,1,2
4c42d694-22a4-4299-9314-88f918bf4da6,2,1,1,2
69654d61-3d16-46b7-bdca-78e8eaf23199,2,1,1,2
11b60515-a853-40f0-9818-ed4b34ac3a56,2,1,1,2
0f8fbac6-75af-408d-b0d4-714f764f7dcc,2,1,1,2
3ee3bb48-72aa-4005-b4bc-96d0275c3268,2,1,1,2
7e529a3a-6487-4603-b4da-30c94e49e8b4,2,1,1,2
4412df37-a82e-4c78-8c31-d6c9888644a2,2,1,1,2
179b16bc-9d61-4cd3-97cd-031e8206f9fd,2,1,1,2
10986203-8164-4b47-b569-de4b19d79795,2,1,1,2
a7960b2a-9106-4a41-9064-ffe686123f68,2,1,1,2
89e532a7-3a3f-4410-8455-d7e0b069c25c,2,1,1,2
c6855d8b-6872-5a0a-d607-72af202d34b2,2,1,1,2
83696edb-3281-0172-ee36-b57f3ae37595,2,1,1,2
c329b0bf-1731-4386-b1ef-844d5b3a1b63,2,1,1,2
da016294-7c17-40f8-97b4-48652207e08d,2,1,1,2
d63b8224-cd55-4976-8c8a-7d97fcde9b83,2,1,1,2
acd67e72-60b9-530a-4e74-1d47693548b9,2,1,1,2
e5833ff4-401c-4cc3-9c0c-bbb2fc114958,2,1,1,2
2ae604bb-2aec-4f4d-a31f-d808f564454c,2,1,1,2
b3e7a2fd-ddb5-413a-82ca-6104f2671a9f,2,1,1,2
680ac504-aaac-4dbd-ace6-db9c1bd12ec2,2,1,1,2
c361f8b1-ca19-4f44-b9af-fd5baf461152,2,1,1,2
4103a9ba-64c5-4216-9aa5-9e745664ac9c,2,1,1,2
3eed5181-75a5-408c-b45f-f56e975db761,2,1,1,2
dca95a3a-0c5d-8551-75df-f2f3ecdbf965,2,1,1,2
b6d9ae86-9322-4208-989a-5d6d252ff96d,2,1,1,2
756fb547-35fd-449a-82c7-d0e3e837c542,2,1,1,2
155ce388-e8dd-4516-8635-fbdcd650b4ca,2,1,1,2
a30228f8-c80f-4b5f-b14e-7a0d51eb41a6,2,1,1,2
6e5e9d32-4c4b-4363-a7d7-da995ce6f726,2,1,1,2
ab506ee7-6c5b-45af-a482-5397914c6bb0,2,1,1,2
ae04888c-45ee-4c6c-8d05-ba7111f30016,2,1,1,2
f790d85d-81f6-4898-a9a9-a8260da086a4,2,1,1,2
853a1d2a-b24a-47a3-94f1-97cbf539e8b2,2,1,1,2
fd2161b0-7cee-4072-987b-a6a22447f1ef,2,1,1,2
4ee99da8-a111-4bc4-af96-a7552b1ddaf4,2,1,1,2
f6a848e2-fec0-4541-84a1-715f770a5bf3,2,1,1,2
1f076ace-0492-4fb8-a004-c1f85e7aa9ea,2,1,1,2
e3f620f0-5fa3-4a24-8d4f-23068986f369,2,1,1,2
10b755f4-532a-4039-b2b4-aa82b19c1704,2,1,1,2
415cd4ab-af44-4d67-94c7-1c8f57bfa783,2,1,1,2
00fb06ca-4a8e-4b2a-95ec-8b9023e2a931,2,1,1,2
5cb1cf41-0faa-4645-83b2-e18bbfe9c6ff,2,1,1,2
4c7feac2-8cd2-417b-ae82-6c5853748b1e,2,1,1,2
ab318154-feba-47ce-ab23-62c303ade476,2,1,1,2
0f40ef74-7560-4a69-84c8-34a0738b9048,2,1,1,2
8c897cd2-1d42-4d20-b6b6-74e93dad4055,2,1,1,2
aaf915a2-dea9-4191-bd62-87f71dcb2995,2,1,1,2
1b244516-1bac-48f2-96f3-5431986fe4ca,2,1,1,2
ceb71fee-695e-42ef-ac49-4d70a83e2c46,2,1,1,2
235d43a5-99d3-e6f0-1294-a7f2ff7d74e1,2,1,1,2
46d7404b-8963-4800-8ec2-21abe4ee6dd1,2,1,1,2
8abde23c-6ac7-4d3c-ae9e-82fddbbc3106,2,1,1,2
2a90b646-7a0a-4933-a3cc-f00d82654a5f,2,1,1,2
b42cca98-2b79-4320-8f51-6ee187a4d15c,2,1,1,2
2c631e2b-bd70-4488-bb61-050688dd27f7,2,1,1,2
564c7f47-c845-4052-9e72-9c479c6fdecf,2,1,1,2
32297b4e-ffdb-4ca1-b528-0157e058ec22,2,1,1,2
cba988fb-8f4e-444c-a6b3-9e32d6a5a165,2,1,1,2
d39fb3fe-b6ed-4114-b3ac-83e783050f36,2,1,1,2
1e0b119d-aa27-4766-a278-1be86dd1f2e4,2,1,1,2
64373948-c3a7-4f3f-b73b-34e2b679f9f8,2,1,1,2
8b71ec00-c563-434d-bbe6-c215b16c66a1,2,1,1,2
e8a02498-c60f-44b2-a462-cb31a00d3795,2,1,1,2
84a97eaf-ffe6-44bd-bc33-966d8416c241,2,1,1,2
ce1ce00d-72e5-4fcd-8942-87ff898e2eca,2,1,0,2
28d3041b-a7c4-42c6-b2eb-c5cbc59754d9,2,1,1,2
14d0cb9a-a2b5-441e-996c-4af29b7b340e,2,1,1,2
f26a9e6c-c7c4-4461-9bd8-a3c39206c2c6,2,1,1,2
b3732744-ce79-4e9f-af34-a4f6d6e54b4e,2,1,1,2
59dc0aeb-0bc9-4361-b213-9cc6bcb86b7b,2,1,1,2
795057c4-61aa-4a1a-bda4-162108f954a9,2,1,1,2
25d940fd-d4a5-4823-abf0-e41fbe45e0ff,2,1,1,2
0e5d0411-fbd2-41e6-a961-05502641c5f4,2,1,1,2
76f0e727-a1f6-03fd-9851-5959907788fa,2,1,1,2
a2b085ee-5387-468e-bf03-a0ca24302b6b,2,1,1,2
e31023d6-3fcc-4525-b8c7-6a6193d736df,2,1,1,2
d7a8489a-451b-0ca6-e62b-cb555005cf6c,2,1,1,2
42da0c23-79ca-47c7-9f9d-29f63848208f,2,1,1,2
c4376b60-0d2c-4f88-847b-a196f5182918,2,1,1,2
7427bb9d-ef66-4a66-81fd-56d7dfd7700b,2,1,1,2
17f1fdb2-f7c2-41fe-b2d4-14215df2a1b9,2,1,1,2
a6cac441-8877-41ee-b5de-851e13dd0f98,2,1,1,2
9b665ad3-65fb-47f5-a933-667727de3198,2,1,1,2
7360105b-f29a-419c-85d0-eb71c40cc421,2,1,1,2
ccf9823a-1eba-4b82-b948-52e7562cd843,2,1,1,2
b1fb68ba-cc1a-4823-8703-779af15af549,2,1,1,2
14cab131-2802-4176-98ac-1abc4f3e3a49,2,1,0,2
42392246-bef3-a92c-a276-feb6306d9b20,2,1,1,2
d7840d20-22ed-45bd-b926-977bed0d6661,2,1,1,2
65dc0742-fcf2-4779-af6d-cd59c63dfefd,2,1,1,2
e23b1c9a-baad-4a19-bdce-6378728c24cf,2,1,1,2
7403bca6-6f38-491a-b775-0175a8eeb709,2,1,1,2
f27d35bb-f066-48b8-8ee9-d88c7cfe0aba,2,1,1,2
d8099164-00bc-488d-8360-acc45a16b183,2,1,1,2
22dfdb5d-3ffd-47ac-b803-f96f1aae60c5,2,1,1,2
56fb014a-8f68-5b22-296a-c00360c3c965,2,1,0,2
0d77e9f6-a7af-48e5-b616-b41a392e016c,2,1,1,2
5d73cedb-91a7-4a5a-9185-d69c56a810a7,2,1,1,2
8bcb0998-70ad-403e-9c3d-1a8e5003f44a,2,1,1,2
5dafe538-2764-09c7-a561-b1c567cbd260,2,1,1,2
7780f6f3-4e43-43cb-86e1-8ab4a0734766,2,1,1,2
1810ef94-82a3-4e5c-b7fb-97a8968bba54,2,1,1,2
69ac2035-e22c-46af-acc7-59101cae0f0c,2,1,1,2
023dd597-2778-4937-919c-ea4809d15159,2,1,1,2
d741b327-6e26-45dc-b235-4cdcef005e14,2,1,1,2
1315dd42-c83c-4019-8c7e-ef8d0ae41ad4,2,1,1,2
167b2918-b6cd-463b-a2ad-37165b4de68c,2,1,1,2
f5e1eb60-cfa0-4e32-911a-de88413e547a,2,1,1,2
6c6209d9-2d05-4825-b472-6950426bd536,2,1,1,2
37f26386-1395-5f58-ef72-e4036c501dc8,2,1,1,2
e963d59d-859a-46fc-9d23-1f0293d7dcf3,2,1,1,2
807d3508-9bda-40ab-b26b-602310f115d4,2,1,1,2
fc99c5e9-82f6-4bcc-aa17-06cfe0c4c8b0,2,1,1,2
032e1b04-ddd1-4661-a197-cd91652e20c8,2,1,1,2
d31ef9e1-29a3-45ae-bbe9-2842b70fbfe9,2,1,1,2
184b33ea-dcc9-ad44-c25e-37dd2e1676d5,2,1,0,2
47367036-9bea-48ed-b4f4-38d9ea3cd0ae,2,1,1,2
c25c2536-4558-4462-b0f2-c88f0e32e392,2,1,1,2
f544ffb5-cd66-4d41-81b5-be566014591c,2,1,1,2
286d16f6-e6e4-463f-9be1-4219777659af,2,1,1,2
9086bad8-6dc3-43ff-828e-7fd52d74e91d,2,1,0,2
392b19fd-442f-4373-836b-4b96a4348ec9,2,1,0,2
8acc841e-6f83-453d-b321-b4d3fef739e8,2,1,1,2
22c6e86c-276c-4d6e-85d5-1495e5492fb9,2,1,1,2
3a53dd42-dcf6-4af3-bdbe-a69beb9874c6,2,1,1,2
8cf324ea-f774-4131-9e2e-230fa4e24534,2,1,1,2
d0373715-eb1a-4d32-b09d-f0f59f41e4c7,2,1,1,2
e7f403a2-2041-4a1a-ba24-cd64a040c584,2,1,1,2
9fa82551-593e-43c4-abc2-8220bafdd635,2,1,1,2
890f2701-8575-4831-a5b0-64f72b47c645,2,1,1,2
c2a7b27e-e564-4afc-3a6d-87db0ae7433a,2,1,1,2
5cea2f73-12dd-404e-b320-4664c855394c,2,1,1,2
3c6dc165-4ff2-4388-9150-b3d80afcd78c,2,1,1,2
726bd838-4b32-4544-97d9-43671dbea3a5,2,1,1,2
1fe5a4fd-9942-4c4a-911c-4016caf914c8,2,1,1,2
67612592-8fa1-4bff-b12f-5acd3ff84714,2,1,1,2
7f6f6aa6-dd9c-46fc-900f-e9ba2bb0da3a,2,1,1,2
7982b8f7-c292-499d-9c39-d9218b7a0043,2,1,1,2
b1c1f2f8-f623-494a-8e31-65f102ccf809,2,1,1,2
b690a33d-f8f6-4f00-a059-a7d49758e277,2,1,1,2
1ad87a17-b040-49b4-bcd6-e65099b4363d,2,1,1,2
c3a45d9b-7a8e-4daa-8c45-a6aa9e839cff,2,1,1,2
b1b94b75-c8fb-4e52-9506-8823a4f9874b,2,1,1,2
92651ec7-eba9-4ae4-8c43-e81ff22fe593,2,1,1,2
f5d00104-1ffa-287c-c4e2-307386454253,2,1,1,2
eade52d1-0342-46e4-aa18-1f5fc24e5065,2,1,0,2
a67a9630-fad9-4ca4-8022-186fea9a5063,2,1,1,2
a712ba81-ce68-4ce4-bb72-6977f5a4ee35,2,1,1,2
212ba394-5f13-4e63-abe8-86e3370d21c6,2,1,1,2
8192b137-583d-4121-ac29-3215a5c62831,2,1,1,2
a56fc05a-d517-4046-a6b5-8db6d4557e09,2,1,1,2
de434211-d945-4b08-a6d3-30c4c6ef8ee7,2,1,1,2
f9b57228-e0a4-4b40-998c-3a49a9dbb61f,2,1,1,2
19229a1b-0c4f-ffad-cf3c-fadd3e86bbd2,2,1,1,2
00b73b26-aaeb-4fd9-8cd6-add177463a5f,2,1,1,2
c1de59ab-8e12-4c21-a704-0953ad058117,2,1,1,2
e2f6a26b-70c3-4e06-a3ae-118ababfe0de,2,1,1,2
4a1b3fd8-640b-43a4-a797-c039b3b0b188,2,1,1,2
517a8ef7-e05a-7c88-3d30-954cceba3c7d,2,1,1,2
e22c087f-f4bb-472f-ab78-f8ee7c7cc41f,2,1,1,2
0764e41a-60f4-4524-b3b9-ff361f111c85,2,1,1,2
34129cdb-0e63-44cb-aaad-2eeba2690458,2,1,1,2
9450d55e-a802-41fd-a0e7-c1bae4174f36,2,1,1,2
fd13f559-6fa5-4434-9c8e-c9e638239ddc,2,1,1,2
9e50c5c0-f73c-4225-91a5-fb6553f8c79f,2,1,1,2
e2de4bb8-4607-4793-b399-4dfeac556581,2,1,1,2
9e571f97-cbb2-45f6-90da-4ab25be17bba,2,1,1,2
b53380fc-a71c-415e-bb47-c5420027a6bd,2,1,1,2
bab5207f-7e93-46a7-b39c-af97e088924d,2,1,1,2
42897543-b11c-4815-a636-ec6e3c6cbd4b,2,1,1,2
0c19c4a8-6bdc-467b-b084-99b9a91fa8bd,2,1,1,2
467782b4-8d8f-4959-a9ef-01a42287d287,2,1,1,2
3a382b0e-ae4d-49cb-a172-76a19b7a8d54,2,1,1,2
11c30a33-c195-4f27-aab5-8714dc317191,2,1,1,2
154f7dbf-7db7-43de-b692-32230aaff2e2,2,1,1,2
a1dfbe61-5565-456d-8337-ac98c0ae0b34,2,1,1,2
6655d276-4efd-44e4-b229-5aec4f1323c5,2,1,1,2
8374b498-db3a-45b0-8e29-f5a1bd946e4f,2,1,1,2
2862eb82-8d9a-4c67-bafa-d099b68afa45,2,1,1,2
192e0ede-6dfd-457a-808e-69e9caee35ff,2,1,1,2
9131709c-6e2b-4593-8989-4d2be9e41e3f,2,1,1,2
641ee717-648b-46a2-9c36-90f3a9e84a76,2,1,1,2
bc939d12-892d-4915-83df-9d5f45398754,2,1,1,2
118d9132-b1d7-70ed-ab45-399e0cce3a0a,2,1,0,2
e65bdc10-9762-421c-a142-cb7b32dcba3a,2,1,1,2
8d3af428-2e7e-4c11-94ac-4260b2ea8cdc,2,1,1,2
a15989f2-5053-4be3-bb25-e64ee27e981e,2,1,1,2
c7f25829-5d6b-4adc-8925-5410b6ceff1e,2,1,1,2
5f2f9b9a-c06b-42ab-a8d9-6599f075e9fa,2,1,1,2
df64307b-cc11-48e4-8d72-92e72c344687,2,1,1,2
ba627cfa-e701-4ec4-ab3a-c2420d87c43a,2,1,1,2
0fa75086-104f-40d3-9a60-13e59e61fcac,2,1,1,2
4f0b3064-ee28-49f0-93df-971dc0ddb26d,2,1,1,2
b1d2f00f-f5aa-4aa0-b598-26b63bc31a02,2,1,1,2
50f455d2-e61d-46f3-920a-bad7d863c004,2,1,1,2
1a4311df-af48-45b8-a069-14b805652023,2,1,1,2
bd7f8a9a-7a76-41dc-b236-327df8d2e236,2,1,1,2
addb2d84-5aa6-45b3-b2a7-3fa01453c3bc,2,1,1,2
7f681fcb-7e06-4c15-ad69-0382a7b47fa4,2,1,1,2
76b51436-37b8-4c01-a5f3-674b86f21756,2,1,1,2
17dfb644-457c-4f21-b2c0-c0bd10b54807,2,1,1,2
4fc73035-2615-4e36-987f-a56ecd786c75,2,1,1,2
246ec46b-37df-4194-83c1-b2abbd09fd78,2,1,1,2
b8ac37ba-b2d3-4b16-a1b7-61efcfa1d46e,2,1,1,2
fec8d789-2538-74f3-c89c-c394ef8a2e64,2,1,1,2
bba26065-7c70-4fcf-903d-dcd42a80efb9,2,1,1,2
b7e9d1df-f53a-4f07-afed-43366e064056,2,1,1,2
d0e7da20-55b3-4d3f-8b2c-7a2f139c40b5,2,1,1,2
54d2113b-dbd8-47c8-b0c0-eecd6b9ecfdc,2,1,1,2
f9770289-2bd1-466c-9a63-977386222058,2,1,1,2
046ee0e0-2442-4db1-b04d-462ab07e5b28,2,1,1,2
a79e10e7-c98e-474e-920a-ef397c757fbf,2,1,1,2
9c22c5e2-20a9-4c69-812a-ca413b8cff4f,2,1,1,2
c5dea9e2-fac2-4f01-a963-67f27b117f07,2,1,1,2
8c9dab12-3d0f-47f6-8e69-b32893727da3,2,1,1,2
eb4413f1-af7b-42ed-837c-6ce32b748012,2,1,1,2
872949d6-8ddd-414a-81a6-a9b44a7bdecf,2,1,1,2
8e766378-6d89-4b19-ba90-537c49b095c4,2,1,1,2
63cfcbc1-c978-4c27-b38b-72a14ab6096f,2,1,1,2
fa90f17e-f190-be29-8bc4-3102748f47c7,2,1,1,2
24ee5702-7a55-43cf-8291-77b77b5285a1,2,1,1,2
2abec3a4-ce03-4c0f-be93-669b8f8f1b7f,2,1,1,2
77d97d36-9c1d-474b-9259-6ebe0035fa23,2,1,1,2
ba122179-12a8-4767-ad69-2d1010c6d0c3,2,1,1,2
bfebdce8-a0c6-47f8-b014-0457f75412c1,2,1,1,2
03c4aa25-2f3e-46c6-bf3b-37ee694975e8,2,1,1,2
e875d646-b04a-8c19-2562-5db363ea2fc1,2,1,1,2
a2bbc989-f77c-44fb-a83f-f6a75c4d5222,2,1,1,2
cbaaafb6-0c18-4cd5-b63c-fd68919a884f,2,1,1,2
48bcc292-6140-465c-9d4b-25e525d3f577,2,1,1,2
7ec0d904-8a41-5e17-340e-7467736f015c,2,1,1,2
956393ef-5c01-4910-a4c9-4e1c2bde7e07,2,1,1,2
f701a6ae-6965-4695-b0e6-8564bee04b26,2,1,1,2
8bea294c-e141-4fac-b4ca-5b786188b118,2,1,1,2
942f5d24-bfd9-4e84-97ab-e8aa4d80fa7e,2,1,1,2
8839a0e6-2a1f-4637-8a27-0765fc38f818,2,1,1,2
79bc9f2b-973e-447f-be4c-c29dd8f4bf2e,2,1,1,2
0cc25ee6-e7c8-99ba-9a38-3fb219e7747c,2,1,1,2
84f883c9-6663-491c-a9ca-28bb53bf89fc,2,1,1,2
ddd8a587-2016-44b9-829e-c026736c38e7,2,1,1,2
4064ea93-c447-43d0-920d-163c728735b6,2,1,1,2
984187e8-cf44-4c62-a356-ab1441aea648,2,1,1,2
0be7e685-9cfc-413e-9bf7-6799d3381956,2,1,1,2
7026eb14-7389-459b-90b3-1fcedf015a6b,2,1,1,2
87506df5-be73-402c-b19f-a99da204f84f,2,1,1,2
e7409658-646c-4412-80c4-13e33a854b00,2,1,1,2
7c8076fd-6701-46d0-8112-6d89b929358a,2,1,1,2
68c795c6-a41d-47e2-b6ea-24fc2f509a1f,2,1,1,2
b85be34d-9be3-47f9-9848-d9e4cd5dde70,2,1,1,2
6fbb1237-0bfa-4824-a503-ccabf5379ecc,2,1,1,2
b3ddd928-3d55-482c-b14b-f17e5b3455ad,2,1,1,2
9b33ea91-88e2-41d1-95a0-779241975d44,2,1,1,2
46abd019-b134-4362-a7a7-e7b1962f251d,2,1,1,2
b68d251f-ba89-450f-bfa1-a2a01c4153b8,2,1,1,2
89c5dd38-060c-4bbf-942f-35362168692a,2,1,1,2
f949d880-b7d1-4cf0-b509-31df3447599c,2,1,1,2
3b474f65-9b2a-4ede-8029-164eb763024b,2,1,1,2
4f27415e-755f-4326-b3e5-8f7c7f381fcd,2,1,1,2
e7828324-d1ae-492e-9d8b-4d0bc000c6aa,2,1,1,2
aa9b1ead-4d2c-45d3-a5ca-987e4cd4fadf,2,1,1,2
caf77a59-3d17-4c87-b800-fb594c917398,2,1,1,2
55a868cf-5f54-364d-2ed6-9c9382ea10c5,2,1,1,2
19fbadf6-4129-44d2-99d4-7ced77e2af27,2,1,1,2
759f7d5e-47ac-459c-b595-97857d947924,2,1,1,2
2b2fb4ef-cac6-4043-aacf-d7eea0ecfccf,2,1,1,2
bc02c842-04c6-a9f7-c43e-abbb8511cc38,2,1,1,2
b1b48800-6230-d498-b433-b7fd1c8ab523,2,1,1,2
ed26fd7b-3559-4a0d-bca0-0cc9e23386ea,2,1,1,2
099ed96b-ff7a-4b5c-bcdc-526cf075e617,2,1,1,2
4a19ce5b-2e30-4571-80b2-b9c7dff4bf62,2,1,1,2
f80471ba-dc5e-4077-8abe-0a5912764d6a,2,1,1,2
82773cb1-7740-3d22-9653-3975a8c8e61e,2,1,1,2
47b286e8-ed3e-47b5-82ec-5d7d5c883f70,2,1,1,2
c9afd6e5-8811-4a99-b9ce-3b6434c4730d,2,1,1,2
45aa8165-ae54-430a-bf52-eccd31b86506,2,1,1,2
873ba380-0742-435b-99c8-69b3e5ee8bce,2,1,1,2
8f4fbc40-a6f7-40d4-ab75-726a6fabd4a9,2,1,1,2
1167d1c9-fe6c-4f1e-ae72-5df9ab73bd8e,2,1,1,2
76334799-c153-4788-aa68-f02f0edb9d15,2,1,1,2
5cd1aa0a-c0ac-4cc1-b07d-44d5b4ff2bb3,2,1,1,2
7c85ee13-6dcc-4cbe-9f75-54e1fed95bfe,2,1,1,2
3164a078-dede-4287-94e0-86f0d029eef9,2,1,1,2
8d49bea9-fb03-4004-8ce1-9c28e3d67e7b,2,1,1,2
b2d2d23f-ba6d-49b3-8a9a-6573a8eed925,2,1,1,2
dadfbcce-c921-4a0c-8141-a93f98c56123,2,1,1,2
5db27a7c-7133-4398-9170-40035d9e8017,2,1,1,2
08cb1ae2-ba84-4526-b46a-45b2b607b48d,2,1,1,2
485471a6-08ec-459a-baa2-689508e13d0e,2,1,1,2
6b233320-8ecd-4717-ae85-22b13e69db77,2,1,1,2
9fe565da-9c58-3564-cb43-ef8a99801f41,2,1,1,2
47782395-ba93-4193-8761-a57d2bd5274f,2,1,1,2
899ed563-2b60-47f6-a24c-9fd11d347239,2,1,1,2
9b6d593b-e95c-4390-a25a-ea163682d457,2,1,1,2
bc284f29-1a9d-4c1a-830b-d25edfd38d42,2,1,1,2
f0e820da-1c79-4c4f-a93b-f8be0d430eef,2,1,1,2
ad83efc4-8ae6-44d9-bfb2-a1400b87d992,2,1,1,2
2cfa5b5c-e321-4dd3-9895-d90ff03f1e48,2,1,1,2
166f1c58-cd01-4f74-90d7-0fc092fd7d9d,2,1,1,2
509d0bed-eb36-409c-a7f2-35b17d2d549e,2,1,1,2
5684228d-4785-4c68-90b6-fc3c1cc16eaf,2,1,1,2
65839084-4a27-4edf-86e9-5c28647f49bd,2,1,1,2
b9a55974-e62d-ce68-91ea-6b40db7b55bc,2,1,1,2
2afc1f1d-fa44-457d-899a-9e9cd2b214af,2,1,1,2
c9e6742d-bfba-4747-98f6-dc29cc32ea0a,2,1,1,2
c4b417d3-69f7-45a4-bd43-5f6e1d509f7c,2,1,1,2
92216862-5227-4322-86c2-a27519de61d5,2,1,1,2
152fd1f0-8a79-43aa-96f1-81e369f7ffcd,2,1,1,2
ff2bc3d3-c14b-4c0c-b5c2-8262415b9c63,2,1,1,2
c8382fb4-b634-4a68-ae93-2bf24aab11b4,2,1,1,2
e9e2b807-ca32-497b-99cb-9df99eecb32a,2,1,1,2
4a49d5f4-9b55-4183-8ced-3c3414e0547c,2,1,1,2
aa692b57-43c9-47d4-97a7-5f41421e6d52,2,1,1,2
27cb5f4b-cad6-49ca-95fd-7b41a7a684d9,2,1,1,2
08c15f02-65f4-4300-9aa7-cf8d64b6a8cf,2,1,1,2
81281896-607f-436a-9a4e-e9e2e2aa4b67,2,1,1,2
3ac3f9a7-7770-48d7-93b1-0bae3da56f02,2,1,0,2
60040961-d71d-4472-a7be-49bf23152a12,2,1,1,2
ee7946dd-add2-469c-9b87-789bc06cfb81,2,1,1,2
9dbcdc6e-0435-4524-9115-11585514e179,2,1,1,2
33a1caec-6b4a-4033-bb1f-d2b8f4028412,2,1,1,2
c740ce2a-be5c-469a-832a-d85f871a2c27,2,1,1,2
113e22d8-bb97-d42b-7e8a-7a0a2734af7a,2,1,1,2
f3812477-1b1d-445f-b9d2-f89df1303d9c,2,1,1,2
e6b5fca5-bb30-4c57-b80b-d818782b9919,2,1,1,2
ed8f4fae-a00b-4c9f-a9fa-75dc6e64e56d,2,1,1,2
2283ac52-c1db-4bf0-a7cc-e4b0afac6d33,2,1,1,2
185d4685-a3d6-40a9-9f54-da9739b5022c,2,1,1,2
33d26d83-6bb6-fd9a-5bcb-d3ebb4cd5265,2,1,1,2
45caa993-52b3-475b-9d72-46cbc1d6d990,2,1,1,2
3810a194-015d-1f28-460a-123d42a52d2a,2,1,1,2
b7004639-0166-4b25-b913-39ffa0020da3,2,1,1,2
d6bb9c9e-5798-4391-bc10-7ecdce40e596,2,1,1,2
e81f56a8-5dc2-4e0c-b0c5-76b95f2ee13b,2,1,1,2
7c44fded-7fbf-4ed4-8153-0bd9561d1169,2,1,1,2
e7f42209-9552-394b-d8e9-e20a6013c33c,2,1,1,2
5ccdc409-29c3-4294-b77b-14e16d204d43,2,1,1,2
41881c53-0c81-48e3-acb8-815903236e6b,2,1,1,2
12503ad3-89c4-473a-88cb-7745614fcaf7,2,1,1,2
d5af6852-aa97-4fa3-8a72-d38d5a14f3af,2,1,1,2
e195e6c5-8b1e-4c9a-81c9-e9808f6993e7,2,1,1,2
7d1ba5ca-35ac-4c6a-b69d-81167d9e4bec,2,1,1,2
2279df5f-b109-2ac9-69f1-57ecf367b950,2,1,1,2
d6af8f18-aecf-48ff-aa30-eabd1d28d3eb,2,1,1,2
f1d78599-e603-4f53-8e2a-a2bc635769f7,2,1,1,2
723acc1c-8785-4e12-ada4-3ce271719a52,2,1,1,2
a1de1158-1868-4087-8287-e88527353a0c,2,1,1,2
2759d392-d09b-4137-b34f-6ccb00da0bc0,2,1,1,2
945d1b39-9730-475a-9c4d-cb96099b99f0,2,1,1,2
db61dab5-d7bf-2f89-fb84-a891f95d9029,2,1,1,2
a8bef044-76fc-4e42-bff9-fa455533eb61,2,1,1,2
738ea5e9-0a07-4167-8c60-42da2f57cb5c,2,1,1,2
93bf772c-600f-42cf-bcd9-b7e61f9e8749,2,1,1,2
e637ac4a-f5ae-4514-9062-4bcc53fd93ea,2,1,1,2
18112927-d5b2-44c4-a166-1dc51348f0e4,2,1,1,2
8c3598cd-8ad8-494d-b6d8-9496da9a5e34,2,1,1,2
9f750868-1df9-47bd-96f3-4ba3dbad91e0,2,1,1,2
96596dc6-b1a1-45f4-82e8-a84bb28df3df,2,1,1,2
32687e89-0b66-4a46-a783-a412dfaacf14,2,1,1,2
1d7a768c-b313-4b72-af9e-ded1b4041d44,2,1,1,2
ab9f3e1f-1c12-47c8-b356-d0e5fd632a6b,2,1,1,2
bc92cdf7-fecc-4a51-9962-d5990cb10263,2,1,1,2
5232b4fc-8fcd-4b8b-802d-2748f3e67048,2,1,1,2
84a7a173-cdb9-4e3f-85cd-554648da95e5,2,1,1,2
f6165fe5-0288-4b10-8d2d-33f4ae25fc5d,2,1,1,2
241bd76a-9cea-4230-9b04-7ef5b0a04957,2,1,1,2
a6ef4752-cdd6-45c9-bd26-e51488ce4d8a,2,1,1,2
6c1b2afe-b6ba-4e09-acb9-e398d82a8126,2,1,1,2
f93b47c2-90a4-4045-9766-3b17f762582f,2,1,1,2
5477a9ff-0e10-4256-87f3-3a8d545d29f5,2,1,1,2
6aba0aac-636f-42cb-b1b6-fc1d0e403b0a,2,1,1,2
75ad28ec-1140-4d46-81c8-daf3c5829c22,2,1,1,2
50bfb992-5012-4273-8522-014801dbf7a4,2,1,1,2
8d2e9d09-2c0a-4bd8-bd9e-d2b36553e107,2,1,1,2
9e326990-1e6a-4329-a291-2d240a693fba,2,1,1,2
28fb7305-325d-4714-b537-fb1fc3c57277,2,1,1,2
cf0b309c-7271-461c-bb7f-95347e6bd7dd,2,1,1,2
04f79a30-7f4b-4e7d-9908-42d29031d320,2,1,1,2
39558578-b9b0-4706-a7f9-70419eba474d,2,1,1,2
a22993bc-688e-467f-80c1-57895da95e24,2,1,1,2
97697909-4d87-4a74-a416-46944e72001f,2,1,1,2
a9dd1346-df4c-441f-aa9d-d0ffd864d0b7,2,1,1,2
4f891ec1-5036-4850-86ed-56877163ed42,2,1,1,2
83fa3945-b95c-4706-894e-c6cb53a089e6,2,1,1,2
0a41ec51-b9c2-47b7-ad72-439c0533611c,2,1,1,2
4215d351-218c-4ce4-9c8e-7a64234625d0,2,1,0,2
61a5b09d-886d-41c4-b63b-7ea70115bfd8,2,1,1,2
caa57c2e-c8ea-4895-84e2-7e8ac4f47f72,2,1,1,2
ee367de3-a06d-49c8-949e-73c4a029007a,2,1,1,2
c14ad0be-8022-41d4-9edf-f86ce1b3c6b6,2,1,1,2
a40536db-0edd-42d1-9772-d86f6b807d59,2,1,1,2
099943a5-88ea-4ded-8932-0540799b1aa6,2,1,1,2
4d2b0990-006a-4e3a-947d-384c1f746788,2,1,1,2
f4411964-a18c-47d9-83c9-87c2364f6067,2,1,1,2
b6fb3912-207f-403c-b99e-b9cc2ce24790,2,1,1,2
4731b063-aef1-4785-be54-42481c0cf616,2,1,1,2
728b7b07-692e-4bcd-bf17-d34361147909,2,1,1,2
5e75fb2b-d311-42e1-af2a-7fc9bb63fa3d,2,1,1,2
7c87a83f-b21c-4bf0-a3be-01ff2fb1688a,2,1,1,2
c823b56d-b233-40aa-83f0-a2a2c2aca6c4,2,1,1,2
4cf9d498-3f75-44ef-9454-9e026f80f360,2,1,1,2
8a4e2948-96df-4f5f-9469-fb1575267ae2,2,1,1,2
b87fa238-27a7-3457-7c78-7ebd7062cff3,2,1,1,2
fa3003ef-aa70-4f15-9a83-72dbcfbe5a47,2,1,1,2
091d3583-1b32-4287-8174-44460944e733,2,1,1,2
eaf99fff-4d7b-424c-8a9f-c51fca65bfb5,2,1,1,2
11170a6a-3d4d-f136-183c-f0532692df2a,2,1,0,2
ec56f4f0-8050-4d09-b59c-a8a397b8b19a,2,1,1,2
51b9034c-c07c-4a69-82f6-7adbc5c3d660,2,1,1,2
e0adcaf9-6a33-4d12-bdf1-14e281b34874,2,1,1,2
04c6be9a-61e8-46f8-8db7-64d56ec09650,2,1,1,2
bb776c42-0ab8-495c-aabc-dd7a05dc31e2,2,1,1,2
2ead1384-d116-4eba-b6c6-6e9076426e07,2,1,1,2
1cb70ac6-0dc2-4ed3-94ad-be6d9cb20326,2,1,1,2
b49512ca-ce29-4390-b19d-0aa4d68e4c7a,2,1,1,2
fdc8618a-78e6-45ca-b032-09775472acbb,2,1,1,2
68bac5c1-e2c6-4adb-be7c-6ffa240bc265,2,1,1,2
f35a87ba-1bff-4ab9-9668-57d3c1b8c595,2,1,1,2
8f341b57-5c06-5f9c-6afe-fb1971bf49af,2,1,1,2
5e615565-1547-4dc6-849f-22a16937273f,2,1,1,2
0e385c41-5571-4982-b37f-4bd63056e0d7,2,1,1,2
6c9dbae7-6126-461f-88fe-713169e18067,2,1,1,2
77a8b439-02d4-48b5-b8cf-423009442eaf,2,1,1,2
28f12b3a-75c9-4528-a6e6-7ab2e3368257,2,1,1,2
ff6a4aea-ea64-4941-a5cc-e0cca76e8520,2,1,1,2
7538f999-c0c1-428e-8c68-0ead280c756b,2,1,1,2
a8b53271-4575-46bf-a93d-d6bb63971ae7,2,1,1,2
d221a37e-6063-478e-a9ec-cc48729a19ae,2,1,1,2
969956f5-9d6e-4012-b9d1-eb7f566e0966,2,1,1,2
88f2060d-fea1-4943-b6d1-3132c51fa102,2,1,1,2
c967195d-3f57-74cc-9b5d-8eda2fff595a,2,1,1,2
55123063-bef6-474f-ab53-c1a2d8a2a74e,2,1,1,2
4076d4fc-315e-4177-9433-2f723d782d61,2,1,0,2
0066b2aa-0e7c-4eaf-bb40-3d76d5b0a3d6,2,1,1,2
72eed06d-91ae-489f-8a54-473bfd42d542,2,1,1,2
cf6ee229-dd7a-411a-bc01-8e3a618570f6,2,1,1,2
fa35e31f-8685-4870-a826-404b550fbbc0,2,1,0,2
ba666e1b-0693-48fd-a3a2-4ba231f957b4,2,1,1,2
6f2556ae-750b-473d-91b7-a03fd8a1b2bf,2,1,1,2
f6487590-c570-4bde-b8a8-4792508437c4,2,1,1,2
273aaabc-e970-4cf6-9630-9ca26ab3eafb,2,1,1,2
4def6d41-bd24-4506-9e8f-7330fae753b9,2,1,1,2
06f5ff9b-9862-47d0-8c75-da3174d98d6c,2,1,1,2
ecdb34d7-a1d8-427e-9693-07739945c6ff,2,1,0,2
5556e22e-eb91-47a9-9044-7c3105d773c1,2,1,1,2
c7c04f64-e66a-4eef-8dcd-a630a42c6df0,2,1,1,2
22d93288-9317-40f2-9e38-8948e227b5e7,2,1,1,2
f9c49c57-a76b-43ac-9016-8bb009345451,2,1,1,2
2e062b4f-a7aa-4be1-af51-d411d15ab2f6,2,1,1,2
4645f4ff-56b6-44bd-8789-cd4e1b720e69,2,1,1,2
fa15c1d2-8398-43ae-a124-141692b3b96c,2,1,1,2
5ec3f156-dc52-850a-7fd9-5fd941dcca02,2,1,1,2
bf2108a8-efd9-4e06-a589-0d8f835b70cb,2,1,1,2
9736560d-7bc9-4d92-8393-6cf008a76c2f,2,1,1,2
98c567a3-b9a9-4bc2-97e9-7a3ffc35df44,2,1,1,2
f67f1a20-1ffa-4bfb-9c58-646fb584f60e,2,1,1,2
b7dacfcd-b835-42a3-9127-308a607446d4,2,1,1,2
0e00d617-ba95-49ed-8c55-0f15e5d1df61,2,1,1,2
9769f4f6-6ccc-4908-f293-2a13302ec0c2,2,1,1,2
b639b605-c74e-4368-af18-767b6c944ff1,2,1,1,2
40957c4c-9cb9-417c-8568-aa290f6cfb17,2,1,1,2
cfc51c8a-f1ab-4410-b069-310b6585b7e5,2,1,1,2
204eb27e-d289-4e81-9d6b-d33e61652e80,2,1,1,2
1ee2eed2-783a-4dcb-a708-c7fe84bf7c72,2,1,1,2
2e76fbc9-c9ed-49f0-baa4-4d8a377e21b1,2,1,1,2
57660ba5-b66c-4c08-ad4a-06020a0e35c7,2,1,1,2
747c64c9-ba0b-4eca-912f-5c3dfd389de4,2,1,1,2
0d7ae987-89ac-0a8e-d98c-b469025bf99c,2,1,1,2
54867e6d-bec3-469e-8545-e52d6f68e40d,2,1,1,2
17c12661-8049-47f4-93dd-2ba4d9b14e96,2,1,1,2
9f810e0f-21cf-7760-bbfa-a67fb6dbca1f,2,1,0,2
56e61d70-d083-474a-981f-dbe4cb97370e,2,1,1,2
0d4f0441-18b6-47aa-9a86-e7704849c0e9,2,1,1,2
23f9b375-bbe6-4b9a-4985-cf58156f6796,2,1,1,2
d7e2d9c4-08ed-4a5c-b771-3291d3987d81,2,1,1,2
9ec21ce5-bbb4-d9a2-713a-4e6a6227a2af,2,1,1,2
65c395a4-e656-499f-acbe-51d685e29513,2,1,1,2
3d249793-2df8-bc83-a8d2-c730c4f4868d,2,1,1,2
173bc9d0-9f4d-46cd-9c02-f5fb7bf38a4e,2,1,1,2
3a90f6aa-5747-92e8-2dfa-957b2061297f,2,1,1,2
1479490a-3d69-49ec-a353-2d2cae2b1bb0,2,1,1,2
4de05922-983a-4448-9ad9-6d0539922a5e,2,1,1,2
22488cae-2437-4f7d-97c1-cbec21ef4ab3,2,1,1,2
362b7113-f74a-4ced-bbdf-1c7bad5dc9af,2,1,1,2
d9d38433-3f42-4808-8721-0ee4987acf98,2,1,1,2
c64c0124-ff28-4640-a260-a2ee2824de07,2,1,1,2
863f04da-eed9-409b-92f2-6937f5ff367c,2,1,1,2
49909c37-db42-4649-a07e-a72b73493e1e,2,1,1,2
5b03ca8c-8b26-4022-917b-5c9acffbc685,2,1,1,2
47cd2398-0d9e-4b11-9319-12fd0c6e0063,2,1,1,2
79b5ca80-a0cf-4737-b07b-d949a0515425,2,1,1,2
4acef7ea-c95d-4509-a540-7d0c064f8260,2,1,1,2
5c490443-7902-4dfe-bf4e-aa8e076b0024,2,1,1,2
b010cbae-611c-4462-807e-882c41114f4e,2,1,0,2
b4e8d187-df4b-20ea-d083-e3e57e939b1a,2,1,1,2
0e2e3209-8c82-4a7d-ac3b-a196bac0934e,2,1,1,2
55c6349e-8d91-4467-90a1-a5cf93df80f4,2,1,1,2
a6c0afd5-e506-4e14-913c-3753512102a6,2,1,1,2
8653d12c-6444-4a24-98f2-3ea6717c4929,2,1,1,2
eb78617e-cfad-42e6-b03d-a8bae2e6f413,2,1,1,2
7b183979-fd4c-4db4-8e12-132d1858c403,2,1,1,2
afd2705e-0ad0-4d67-b1a2-bcf3b593a5da,2,1,1,2
ebbbef12-73fa-290c-5abc-9c3391062bc3,2,1,1,2
24e5ac73-0c53-42d5-8349-09252134701b,2,1,1,2
b300d324-d855-45e6-9ee1-00a329730a32,2,1,1,2
7f81484b-f9c8-4e1d-ac11-4ad8a134f74b,2,1,1,2
428bbe87-552f-4a99-b53b-cd73023b4a8e,2,1,1,2
0edca5c5-920e-4d07-8568-d6f8560f66a6,2,1,1,2
5d1448db-7e85-5fd5-50b2-e8c4ea51ba8c,2,1,1,2
0e388274-82e1-4887-8170-050c3c3ade63,2,1,1,2
6094b39b-9e05-4e4d-9730-1a0797fe9ca1,2,1,0,2
601d1a82-8ec2-4a84-8126-eea19e80a71e,2,1,1,2
fd41c1ce-b0c7-4d94-bf2e-a01f015be4ac,2,1,0,2
eb0a5983-6332-484a-988c-1ccbbcc72daa,2,1,1,2
b4c6ffce-0fdb-4128-8437-01825fa7f880,2,1,1,2
cf692245-5e51-469e-ab75-b89b18629d29,2,1,1,2
936e1785-d08c-41ee-a49d-ee341226bda4,2,1,1,2
db995db2-62c8-4446-94ad-ca17ce35c1b6,2,1,1,2
19c734d2-8e6c-481b-b967-8f0cd0351989,2,1,1,2
958dfd13-50af-4a78-be14-bff5dbc71fec,2,1,1,2
a5798211-79b2-41a3-988a-d2af1616cba4,2,1,1,2
efab39a8-37d0-27ef-e25b-63a459f04c81,2,1,1,2
ded26280-10b4-4a2a-aa90-120fe9b42c3c,2,1,1,2
39beefc2-8fd0-4ca2-9856-1f5ca83514d5,2,1,1,2
f8fbd6ab-5fa5-4ebe-a19f-f5c72950656f,2,1,1,2
015907c8-3db0-4053-b37d-8eb2fbce2a0a,2,1,1,2
8feeabdf-044c-4c80-ba07-531247f0512f,2,1,1,2
92a9c266-8acd-417d-b7cb-907d79d8e3ad,2,1,1,2
d3488cf9-1e5b-4486-8266-6e7fa182cc3b,2,1,1,2
9066ff06-967c-4e1f-9f00-e36b367dc0dd,2,1,1,2
1e03cdbb-0cc8-cab2-3592-03f0887066b2,2,1,0,2
c2f88f67-d560-4152-bdc3-c8e8a97f06bf,2,1,1,2
3b64e554-94f5-4de6-96d2-57342d8bebe7,2,1,1,2
0bfad09d-3f4e-ff46-4dca-e543e3316784,2,1,1,2
9802b2f1-dc5f-4ed1-bfdf-b025ca277f7e,2,1,1,2
b15127c4-c025-4d01-baf5-4d1d891d876f,2,1,1,2
843f9e29-81b8-40e5-ba59-adc92702e947,2,1,1,2
845b2ab0-49e4-4310-87ff-ad31d1dd7dc1,2,1,1,2
d4c85a20-db4b-4ee8-92c1-0ab293ebe6db,2,1,1,2
ed26d38c-bb69-4c51-a10e-74b6f1ce6583,2,1,1,2
e7524ebb-7e81-481d-911e-edc3cd713a9a,2,1,1,2
7dfa386f-b3cb-4288-85cb-0c948e4020be,2,1,1,2
abf1179f-30d3-47f5-9c96-3f88407aa9a0,2,1,1,2
22fd7772-aff9-48f5-831d-f536dadedb9a,2,1,1,2
a32c63cb-84ff-4e3e-a2b2-acb7c73b2b9b,2,1,1,2
133d804a-4506-4bd1-a165-1075159e2e7d,2,1,1,2
4b649f03-17f5-4001-aa55-60a252bf2f0e,2,1,1,2
1d4be1a0-35a2-433c-8baf-1544dff5a352,2,1,1,2
acc3c609-0298-4253-a26e-4fedfab48db4,2,1,1,2
7bc63a44-cad0-94a6-e742-3baadbb7e797,2,1,0,2
4e3bd4bc-5390-4df3-848f-804c7f36087d,2,1,1,2
d92278ec-3d47-cc7e-3145-48165fcee405,2,1,1,2
e7de177e-3fc3-4e91-ab34-b890c7360deb,2,1,1,2
67aea72e-3256-432b-8958-d25fc2788d3e,2,1,1,2
9d2d1c06-8456-48e4-bc09-ef52472b75f9,2,1,1,2
4291d1ee-f442-41ee-819b-39c693929444,2,1,1,2
dca213fb-4f5a-4b4e-9de9-df97b3d4fe4d,2,1,1,2
8f69914d-e0a8-43e1-b279-e0b256332d9b,2,1,1,2
fb5e3769-815f-b759-fed2-d8c80ba3f01b,2,1,1,2
2f931976-3204-4730-b6b6-4f4eb41c0eb2,2,1,1,2
fa1b4d88-c53a-491e-b8b1-b6829ff4aae1,2,1,1,2
d6c1e82f-727f-4987-b32d-a30b9b8c7291,2,1,1,2
648eb3f2-1fe5-4155-ad4f-af44d687591e,2,1,1,2
fc6daac0-991d-4b8b-aabc-3314149a7852,2,1,1,2
2b246a96-8ab0-4ab4-a5b2-fb9c308efe3f,2,1,1,2
905063fb-61f9-46be-a88e-30dfb046af1e,2,1,1,2
de75a44e-4e47-471d-825d-debd7a708e43,2,1,1,2
ecdd2e62-bd24-4347-87a1-f95a76226ee5,2,1,1,2
616e9fff-5210-43b9-9376-9d390c5e608d,2,1,1,2
7f6b9c44-28de-47aa-a4ae-8b5a21e03fad,2,1,1,2
f0e786f0-222b-46ec-a8bc-81ce3ba9c719,2,1,1,2
ac426002-a51c-4fda-95ef-824f18356ef9,2,1,1,2
cf5e3b02-c753-4df9-b3b7-29f7cd22b703,2,1,1,2
cbf292c2-acdd-428f-9454-a77a69921069,2,1,1,2
a19dec80-7e38-488b-a647-7d2026005cee,2,1,1,2
568db1d9-3176-4a13-be79-740e0ba0bff6,2,1,1,2
6a629f45-af7e-45d5-9697-32e902fcf85e,2,1,1,2
14d4ac7b-60ef-466e-9cb1-e755d9d3f8eb,2,1,1,2
55f4e0ce-bc40-4a37-af87-6cf95def635f,2,1,1,2
3e470bf2-67c2-416a-a1d7-f02fcb691b42,2,1,1,2
d2f7d5e6-1474-4693-bdfa-b5adfc33c5cf,2,1,1,2
1373a5eb-027c-4141-bfda-73df0a6d3bc0,2,1,1,2
5c49a8d2-694b-452f-ad02-4bd1287b3820,2,1,1,2
65196cfb-f08e-430b-9bf2-54b1e2ab03ad,2,1,1,2
e5b8391f-7c75-4a9f-83d3-c13bc98ad1bf,2,1,1,2
f1cdd01a-87cf-4301-9c31-cff84a0cde3b,2,1,1,2
872f0eb7-07a7-4e55-ae95-62d005be35af,2,1,1,2
d908f01a-1811-4f2f-af6d-41794e326d28,2,1,1,2
9e17da5a-5a3d-4d48-bbdf-ca3e953d52a1,2,1,1,2
41bec3c1-7e4d-e10e-3a85-41c6e0716b0c,2,1,1,2
0d4ee630-f2a3-482f-8a8b-82e7e5bae947,2,1,1,2
1d81868c-6e94-4e26-be99-a32ad624471d,2,1,1,2
ec4879ee-912b-4466-9b7d-e23aaac2c6d2,2,1,1,2
62e8d852-8eb9-428a-a2e3-92967ba2227a,2,1,1,2
54ddefb3-2ab0-49e1-830d-829a8f518301,2,1,1,2
28ec4ca7-f90e-40ca-a416-3095fb763ca8,2,1,1,2
824ba43f-20fd-4893-863d-23ad078ce1c3,2,1,1,2
9dd37e52-edc7-46ca-84a7-538bda55e764,2,1,1,2
57beaca5-2f84-4043-a97a-a55be76d548f,2,1,1,2
b62c1633-4508-4c39-aa84-c1a63720324d,2,1,1,2
d4fc5400-f6b8-4ef0-8d0f-16d954322cda,2,1,1,2
241712dd-9af2-4227-83ab-d0701452d60c,2,1,1,2
bb0017ed-432b-45b7-878c-49f7a97cec60,2,1,1,2
8f14e1af-55ac-40b8-9968-166a47dba182,2,1,1,2
64c46392-b2e0-44a2-976a-5ffcf501b217,2,1,1,2
b6d1478a-99fa-4c0a-80e7-96b7f0252bb7,2,1,1,2
8abe03f9-bea5-442d-95f9-b8db62cb5b59,2,1,1,2
7a33fdc7-9ce8-4f14-a835-513865e923d7,2,1,1,2
cd90180a-560f-43e9-bec4-75aa234e4098,2,1,1,2
bd8718f8-43f2-496d-b5d8-5cb567f135ba,2,1,1,2
d5f81baa-426e-4eb2-aa23-d9d23c132b68,2,1,1,2
aeb0448c-be54-4985-8f27-42373ec2846c,2,1,1,2
7fcc1d11-d127-4374-a2e9-ef592d2b6e23,2,1,1,2
890a505d-942c-4709-9aa7-0977843f1e50,2,1,1,2
9f55c6c5-9176-4d13-a11c-8e5d885e36e6,2,1,1,2
7bb19ee7-221e-4318-b6f1-5919ca5a51e6,2,1,1,2
06a6170f-90d9-4d1a-8851-ebcc0b5ae1f0,2,1,1,2
a0d6ca91-f242-4fab-a844-4c2ae1e98e19,2,1,1,2
114db790-ff7e-4e15-b617-3a3524f59749,2,1,1,2
e6de36d9-c45d-45f7-b02d-ecf74a7618bf,2,1,0,2
a3353ea1-545b-4fd0-aad6-8f1465fd384a,2,1,1,2
39a46df9-f6e0-4ef4-8823-828815f0d703,2,1,1,2
c8794f1a-6682-41b1-8b1d-fa6ef046a6e2,2,1,1,2
44d567ef-9510-4505-88eb-f2a6c11e739f,2,1,1,2
99e3e811-21d4-40c8-bd57-dbcbf24b0b96,2,1,1,2
814f005f-f20a-4476-9ca7-d158f0bae694,2,1,1,2
4180e5c9-9b53-44b9-9e13-c92a736164d1,2,1,1,2
f0399ebf-7718-4b55-8f7c-d09f6daa2b02,2,1,1,2
6e80d234-871d-46cb-aab8-8546fc227325,2,1,1,2
3d25edfe-61c0-450d-a961-0410a3826749,2,1,1,2
a5a5e504-6900-408a-8cd4-bc4636a5c3b6,2,1,1,2
b386e61b-45fc-421f-a519-fd09affab1da,2,1,1,2
3ee5a3ff-89cd-4184-a902-dcaac62a1b30,2,1,1,2
756eaf53-02c2-4407-9611-c00268a15abb,2,1,1,2
fd93b284-3788-4b76-b287-bc20b0bae3d9,2,1,1,2
0dc08ef0-99c1-42ba-960a-4f0081239974,2,1,1,2
6693280e-30ca-40a2-9a86-ebffacbf4571,2,1,1,2
6cf94e98-d257-8706-9c16-b635e8753771,2,1,1,2
ac3470e3-ea51-4b0c-addf-fc36ebddce0b,2,1,1,2
9ef9e3b5-5175-4ce6-b3d9-f7c95f6d097e,2,1,1,2
a38ec155-3cce-420c-9a9f-e7fab632ec19,2,1,1,2
21f432f7-5eed-e658-0f50-70224151a71b,2,1,1,2
406198ba-09e7-4031-af1b-5c297fd961b0,2,1,1,2
dfe3dfda-933c-4740-816a-e8afa5464107,2,1,1,2
f02d3f5a-7452-4081-8181-ef1fc240b996,2,1,1,2
9645318f-f879-455d-adef-4537e26a3aa4,2,1,1,2
0cd9267e-f6d7-44d0-ae57-05b0e1e8990e,2,1,1,2
9ab9ab5c-95a3-46a6-a1eb-320f2ff542dd,2,1,1,2
a198961c-cd49-4e5b-8de3-874b3bd21e3b,2,1,1,2
f24cb23e-71ad-4e15-b628-778ef805ecbc,2,1,1,2
ad7e1fb5-6e62-4b87-aa0c-3419dda30205,2,1,1,2
8a02e4c5-32d2-4a76-8b11-e73c34f36654,2,1,1,2
37b40774-de71-4bbc-9d37-5a500a84b4a3,2,1,1,2
900e4f40-dcbd-4fd3-8490-20c1d95579e5,2,1,0,2
2d898eb4-28ab-484b-8a3c-7c9e1294be7e,2,1,1,2
9e3cfb64-b0f6-4161-9941-e447e2762a0a,2,1,1,2
aa780520-bdc2-4dd1-b81c-a4ae3d7752f2,2,1,1,2
2b696a71-5e97-40b3-830c-f7f959cef3e5,2,1,1,2
92e5dac8-d99c-4247-9586-2391b7ab46c1,2,1,1,2
fedaeb3e-bd8d-4246-8752-e825f5e945ab,2,1,1,2
71c391e3-19f8-4923-bab9-7c7b02e7202b,2,1,1,2
fc1c7a0f-df12-4792-82c1-d21dd9ac9aab,2,1,1,2
c143d116-f100-0fb2-9641-465b26b987ff,2,1,1,2
ce43cd0a-611c-4631-afb0-d4d82ed77c15,2,1,1,2
38c76cfb-0230-48b8-ba24-08ba4e1f6554,2,1,1,2
ec8aa73c-cb45-4a6f-8dcd-e5893a049df0,2,1,1,2
08718bbc-fb7e-4f9d-828a-da222547620f,2,1,1,2
74847fee-aa79-4130-95f6-86c57d04aa2a,2,1,1,2
6ff66b5d-5b9d-4e10-9f17-95860ab6a083,2,1,1,2
fb28496b-2374-4ae0-82c2-596e545016f3,2,1,1,2
d979104f-efc9-4672-9d31-2b1ec9c9b4a2,2,1,1,2
0e0599af-a410-4eff-a6b8-569d2d4be589,2,1,1,2
a2fae6ca-9b21-4558-824f-aeccc74aa6b6,2,1,1,2
7084fcf4-c2a0-40f6-a17a-630802780767,2,1,1,2
1c4e7f26-5412-46bb-84c8-74e5f9770f9c,2,1,1,2
53d989d5-b379-4178-bae1-11682ace2556,2,1,1,2
1b4d73f9-46e4-4242-b522-2390bc785a00,2,1,1,2
861504a7-7b56-482b-a45a-eae1cec25af3,2,1,1,2
1d175cdb-2327-4c21-b6b2-77979a7a12e0,2,1,1,2
fe2d441e-d21b-4866-a43b-31bfbe57d1e0,2,1,1,2
e8e21a71-35e7-425f-bab8-3e398b02611e,2,1,1,2
74987dc6-222e-4838-9ab3-a408b1525bfc,2,1,1,2
ce67da3f-a92a-46a0-9942-c52eb38b1551,2,1,1,2
31c3f134-cede-4378-b3fa-6ccb8b1122e6,2,1,1,2
0d720841-64f2-4f90-820e-1087c98398a7,2,1,1,2
3b7fdee5-8f3a-490c-927d-5bd1089421a4,2,1,1,2
143a9411-2fd0-e255-7616-2e74c469ce08,2,1,1,2
e607ccee-6882-4977-9cb8-d5ac37294250,2,1,1,2
39ef7730-395d-4206-8834-f9ba972bc637,2,1,1,2
c55deabe-7e5f-4b34-96e6-74b405e158b9,2,1,1,2
395b0127-6b5d-4690-89ea-22b4da8e3e80,2,1,1,2
3889b10a-2479-42e2-98d1-f2d5c1af4eeb,2,1,1,2
a669e0e0-2544-4435-8aca-0f5bac8143c6,2,1,1,2
62371641-9d39-47e1-a5d0-ac4a4965c91a,2,1,1,2
1aae0805-6e03-4f97-9db2-0f7674b451eb,2,1,1,2
77f24f93-1633-4649-a0af-ab8120325c15,2,1,1,2
433dba72-f22d-479a-96ca-3064feea7892,2,1,0,2
9b2647b3-17e4-44d4-87d0-6ce8f7c925a1,2,1,1,2
e1d1e499-0e58-4295-8df5-2c0f322bff3b,2,1,1,2
72270a38-7fbe-4ea2-96cd-507052d3dfbf,2,1,1,2
a9f5a2d9-c62e-4a8d-9ba6-24995a0af6bc,2,1,1,2
99093d47-35c7-5f15-7163-41438a4e6604,2,1,0,2
72f948d0-0f56-46ba-8b6c-e6cca7b8f885,2,1,1,2
6f9971c4-c0f4-414d-950b-42dc5bce2007,2,1,1,2
9ebf297b-dc10-49f5-8620-6079531ddfb4,2,1,1,2
09544014-0d16-4d93-92dc-6044f4679301,2,1,1,2
e58a1aef-48ab-499c-93ca-64a9fdd2a6a2,2,1,1,2
6c9abff6-5c44-46ed-ab62-7f5e577ffee6,2,1,1,2
ebe39490-133f-4e35-a28c-17038a6fd2dd,2,1,1,2
0ddc07c8-fb7f-a96a-c530-ca81d7c8d7c0,2,1,1,2
fa1c22d1-a347-4197-bf0b-0dc796d0b855,2,1,1,2
4bdbc135-c8e2-4120-86d4-ea6ac951530b,2,1,1,2
c3441eab-78f7-4abf-a75d-2ff2d7775769,2,1,1,2
84694c4e-6645-4441-9ff7-c9f33df5faf7,2,1,1,2
5a0eaf62-afc2-4d3d-a5ff-302a3540d08c,2,1,1,2
ace0bba8-55d6-46c7-8780-1d67ac841a68,2,1,1,2
0989bbb0-df8b-4b96-b04b-51417966c619,2,1,1,2
04e3040e-7d1f-455e-87ca-f124e00cbcb7,2,1,1,2
f34f7d56-7c22-4ec6-87c8-ecaa5c000dee,2,1,1,2
039a0675-31dd-4659-b5d2-be54180b0eef,2,1,1,2
f1da1797-15b4-4cf3-8444-01446d1a4730,2,1,1,2
34e48e5a-2bda-4a2a-851a-f97b4b8507d1,2,1,1,2
57362a3e-c2a9-1515-9fa0-bec07cf1474e,2,1,1,2
7172a902-26b6-ebc5-67ac-87c51c098d19,2,1,1,2
958706da-bcc7-6a22-d534-b509f9b7e1a4,2,1,1,2
720bae01-7b0d-c229-12a4-d7e89e1cdbba,2,1,1,2
88bd8f2a-3d96-4a92-9b39-d1b202bcc9fe,2,1,1,2
e4b7820e-e4ea-4ef7-ae97-a807cb107973,2,1,1,2
dea5a158-9fc1-43ef-808c-a891bbcd2783,2,1,1,2
b2780995-bc02-4637-9e02-9ed3d59274e4,2,1,1,2
02360468-82ca-4a3d-8763-606e89f4d88d,2,1,1,2
47012965-faa3-4be2-b4a5-742016e8219a,2,1,1,2
99cf15c2-8ed5-4529-8fab-79461db78613,2,1,1,2
3b0820c4-906c-9b8a-e9e2-c8cdb00679e4,2,1,1,2
204c5433-e7e6-4ec3-a116-fc025d3a84a2,2,1,1,2
dc0470c0-b77f-4f90-aa41-d8c0dd92abb1,2,1,1,2
abc4e574-030c-4d74-bb61-b7009c596691,2,1,0,2
a9c93140-0c6f-40ea-bbfe-365f1a1d11ef,2,1,1,2
a697ecdc-99a5-4db3-ae4b-63b1566c12e1,2,1,1,2
2ffa96fc-d81f-4b1b-9b39-da7927c73c6b,2,1,1,2
eef609a0-3dec-466a-ad7a-142eaa9a2d38,2,1,1,2
27e9e818-0db6-4c8b-83dc-9b300bffc788,2,1,1,2
57021b9f-0551-43f1-a7b2-a233d0608892,2,1,1,2
ada3ca64-219d-4948-aece-087421385a9c,2,1,1,2
3c7b24dd-0ead-41ec-9306-e1839a077c60,2,1,1,2
41ec99dd-bc71-454b-a87d-cf14c40b9b99,2,1,1,2
f2d9381c-f929-a499-f65c-fdfdc4c0d6b9,2,1,1,2
05786de3-0cdb-4d4d-9914-bd19b461aec1,2,1,1,2
0b9e261e-49db-4ca3-988b-5e7ba8f87f0c,2,1,1,2
86231a29-9fa7-41b7-8e25-0df568327cec,2,1,1,2
601f80b0-a8fa-2d70-8483-4d3ecbe7f2c5,2,1,1,2
69f55678-02be-4606-9856-9d058aaa2b3d,2,1,1,2
5a745d74-386b-45de-bbb1-42838253f915,2,1,1,2
37a349b9-3e73-482f-9f95-55bcac9e2016,2,1,1,2
1746421c-57e4-9db5-ef1b-588c436a6584,2,1,1,2
6d6482a2-1b6d-480a-bf03-2919997561f1,2,1,1,2
8526a0ad-09f4-5b63-2477-5113a92897ee,2,1,1,2
252204c7-a96e-4457-8833-3169551dcb4c,2,1,1,2
63783a92-330d-477a-ad33-d45c1472d214,2,1,1,2
c6d4ca82-63da-c42d-a168-7aca2870f9c5,2,1,1,2
4faa419b-0c36-47b9-bb0d-dd771bd3fa21,2,1,1,2
b856bd88-2283-4e3b-b290-bbb72393b8d6,2,1,0,2
08fe2c93-a19d-4584-9869-028fb58d348e,2,1,1,2
b16a4a7f-46ba-48c9-801d-ce0d08dc379e,2,1,1,2
4794a95c-4515-4693-8f7e-e38ecdccd2a8,2,1,1,2
a1daa1ed-6b03-47dd-9dd1-55fb7f746735,2,1,1,2
04dd6cda-f565-413f-a7c6-24090eaae659,2,1,1,2
9df7ed6c-8b47-4391-9fb9-6f5567811142,2,1,1,2
285d730f-64c4-4ef0-a2f5-da702ae35e72,2,1,1,2
5daefeed-a6df-4a81-9bba-73034b4670db,2,1,1,2
459342e1-ed2f-f85b-1ebe-221269ed2766,2,1,1,2
b6756fde-ef75-4864-ab05-e6c2dc8f59ec,2,1,1,2
b897ab22-f724-4e27-8b1c-dfeacad31c22,2,1,1,2
49967cc9-c5a9-4a35-bb7c-f2b99eff3c2d,2,1,1,2
a054d328-a639-0c8b-d5db-430ca4d40233,2,1,1,2
b2edf073-e84e-4bd3-a375-af5b08c77870,2,1,0,2
2139fe39-21b4-455f-9f3d-7b2acf2e9a4a,2,1,1,2
3c525f1d-a54e-b059-19a1-0d68c5850b30,2,1,1,2
99419e1b-a9bc-ce04-6a8d-70b6166a2fa4,2,1,0,2
bb509d81-fb7c-4207-a947-0b54c818bce4,2,1,1,2
d3895336-4b2d-4e41-a58f-58830854f1ab,2,1,1,2
db8d7ce2-99d1-42c8-be22-6decbe75cf79,2,1,1,2
b0205f0e-6360-4c62-bf31-6dd29ec7a5ab,2,1,1,2
707751a9-edec-415b-a272-5fe92d4a0796,2,1,1,2
5c6d300d-8987-425a-8688-99882be87d7a,2,1,1,2
8139b2d5-90b7-49cc-95a1-65a43dc33910,2,1,1,2
6de81c92-9e03-4e05-b3d8-4617c54f48ab,2,1,1,2
aff47830-4d03-40a4-9751-2c442a1a1dc8,2,1,1,2
c414e131-6a88-41ff-98d7-8b5030601739,2,1,1,2
70d50fed-20c1-4cf4-8e41-6282404d69e1,2,1,1,2
533f7e5a-193c-4725-b475-9189570136d1,2,1,1,2
5c2496b0-9d4b-495b-99d9-1d2743eefa72,2,1,1,2
31ead844-34fa-4604-b442-407ded6b800a,2,1,1,2
8a1d54b0-4256-4fdc-993a-50ea619e9d07,2,1,1,2
75cd8095-b46b-40e6-a7ba-b1f828a1beed,2,1,1,2
b0fe072f-0576-745d-dae9-9f7f97b73f44,2,1,1,2
aa189d52-b118-42c5-be0b-072607db21b8,2,1,0,2
cd7814b0-7596-475a-9274-4b2daf6d90ea,2,1,1,2
c28e4cf8-f592-48a6-81a4-8c3d54fa0030,2,1,1,2
fe64b408-b3d1-48d4-bbf0-eb8a9e38c6ef,2,1,1,2
392b8222-f496-4589-9fe5-8290427eb217,2,1,1,2
1c092cfb-66f5-41b1-a3eb-3cca47476114,2,1,1,2
eda7e37f-cd49-4d10-846c-d31687bd3b90,2,1,1,2
2264dc2f-8ffd-47cc-96d0-5664ab2d152e,2,1,1,2
47ed4f55-76f0-498c-9139-524f8b0e9d4f,2,1,1,2
be769636-63e8-44ba-94d4-2188443f5274,2,1,1,2
4903c844-63cb-40f3-a804-51189694e9ba,2,1,1,2
acea8075-05e6-450b-81d0-a1a5ab5abddd,2,1,1,2
e48d7fe5-203d-4434-aee0-dd416e663727,2,1,1,2
2152fc3f-d98d-4007-b9c5-9cc4837e1059,2,1,1,2
41888999-4966-4d59-921f-cf713fb02c9a,2,1,1,2
87c07a00-6d03-45da-85af-9b3e229491cf,2,1,1,2
7a5781d2-aac5-4f92-a715-865644885e6b,2,1,1,2
6055c68c-a98f-477f-ba29-95d2c26b4917,2,1,1,2
70471d9e-b89f-4861-9542-1314afe2bf5f,2,1,1,2
e0673e90-146e-4592-a68b-be0f41de26d4,2,1,1,2
fa08b263-dbc9-4c5b-88b8-ce669652a747,2,1,1,2
7cb4477c-42db-474a-be6a-097d303cdd64,2,1,1,2
d73a3363-b14d-47c9-b2be-4e52198d5dd5,2,1,1,2
7e303b10-e95e-431f-8285-76b80450a95d,2,1,1,2
5e657ab3-6448-4b07-8ac5-a66d180c6ef5,2,1,1,2
6b0602ba-e541-455f-8dc1-e356293176a1,2,1,1,2
2afb74a0-75e7-48b9-b85b-fb7021f15732,2,1,1,2
3ab452d3-2f35-4e37-9d3f-34f801525ce4,2,1,1,2
230a93f7-5baa-4f49-9288-3a087db960f4,2,1,1,2
aa138396-c5c3-46a6-8c42-43a77abc4ebd,2,1,1,2
5aec0d2f-baef-4a8d-9f93-3289239d5b5f,2,1,1,2
358060b7-3b68-459d-9a42-45164650a9f9,2,1,1,2
0fe2c3d5-8e81-454f-ad3e-48b3b24c27f2,2,1,1,2
e794016d-b809-467f-9a9c-e6eb445d9863,2,1,1,2
4dc2b534-a9ff-44cf-b96d-b30e6a2ae518,2,1,1,2
e258ee06-a3f5-49c8-95bf-9027d7ddf5e9,2,1,1,2
5f64a4d9-c966-4bdb-8b6f-57d6ad9b5ee2,2,1,1,2
b5fb48cf-163a-46ac-bb67-60a299387f2d,2,1,1,2
0718baa0-e695-4ff5-92f1-d517dfd2af15,2,1,0,2
854db36c-c436-4192-a867-a73fa69650a6,2,1,1,2
5361a5c5-c4c6-497e-99f7-6fbd2849b898,2,1,1,2
997c35b0-fbe4-49de-abc2-b866a1b28db7,2,1,1,2
cbc265ce-e95f-424f-8591-5fe0e7427f75,2,1,1,2
b8963163-0ef6-4489-90fa-6bdff360cecd,2,1,1,2
ce19ddda-4ca2-4f59-8484-9c62653e8c66,2,1,1,2
f12c488d-abc3-4ea4-a0ec-68c1cde20c39,2,1,1,2
ee498510-ec57-4780-b86e-074a896f68dc,2,1,1,2
2e148685-bac7-4479-b3d9-f7bc665d97b2,2,1,1,2
5aa123c7-620a-419b-a803-1c058576b339,2,1,1,2
986287d3-d38e-4a02-ae31-fbbdfebd7400,2,1,1,2
1a85857a-3e07-4c6c-971b-d3f0f98594f0,2,1,1,2
f5659ff7-f23d-455e-a48f-eedb53923c74,2,1,1,2
3c0dca49-4146-42be-819c-e51165e9051f,2,1,1,2
3eb84bca-dd8e-417e-ac36-f93e1c173e74,2,1,1,2
99a17da9-d2dd-45c2-a50a-98505bcceafc,2,1,1,2
1f1501b8-333a-4d19-8bd3-60d7d2744f2f,2,1,1,2
7ff33be5-21c9-4efc-b106-d08fd5df79a9,2,1,1,2
88efaf2b-70fb-462d-9081-6e990716270a,2,1,1,2
09735365-c2aa-4848-9e45-b3beaca85383,2,1,1,2
fa748d0a-84c0-4ca7-bd6d-04da38be906c,2,1,1,2
e48443b3-ae9b-16dd-f25f-57aed3d70a8c,2,1,1,2
c0b2d469-0c41-4296-887a-80150801714b,2,1,1,2
1c8b1667-5b65-40d1-8f75-d4adec97d81c,2,1,0,2
d4e0c608-88de-4316-9555-44bcb6727c58,2,1,1,2
6b02ac5e-61e3-e0b6-ad36-e5ac17dfcccd,2,1,1,2
0344f6db-44b6-4e05-b759-f4833cd76a41,2,1,1,2
77435fff-42b6-46d5-b9ee-128d9ae209de,2,1,1,2
87d6a4e7-5c51-4767-acd3-78d9bde68189,2,1,1,2
b7ae9071-a2fe-4332-b9bc-7e33a6d58b8a,2,1,1,2
05f505b1-0695-4583-bab0-fcdf96e45783,2,1,1,2
40d38828-69ed-4be6-9276-652ec61e28e8,2,1,1,2
07202840-afda-47e2-9b1a-a3610c8d0aeb,2,1,1,2
4c932a2e-c5be-46b7-831e-b0ee924b80cc,2,1,1,2
544ae55b-8368-46ad-9f1b-0fe4a149e436,2,1,1,2
493f8861-061e-4fa8-889f-471f2f0effee,2,1,1,2
129801d7-f992-4b5b-afa6-9484c4c659f7,2,1,1,2
27c7ad64-e5a2-4c07-840e-c875a42ea4b3,2,1,1,2
1ca03eda-490e-8d3a-f725-1640fbeb1e00,2,1,1,2
9b692fa1-b3e2-4075-88c9-ae979ecbdefe,2,1,1,2
4cbb6e34-2b4d-79a4-c9ea-07ee2de8c9e6,2,1,0,2
e943141d-d483-4e7d-acfc-a0160181c546,2,1,1,2
0c218578-957d-46b1-bf60-e6fec28715a4,2,1,1,2
a2111c78-b556-1173-d306-4c9c09c30f88,2,1,1,2
10930bd3-4872-401e-a9ac-6c477800e738,2,1,1,2
01c84109-e12f-43cc-92ef-38c38d415b3b,2,1,1,2
9b6bafcd-76d8-4454-b687-f4ae303b705f,2,1,1,2
8b9a41cb-dc37-4ac7-8d41-0e07f26df2e6,2,1,0,2
7d809f86-c61d-4087-8203-257712c29b8b,2,1,1,2
abbeec62-c087-511a-0915-3be686a8f21a,2,1,1,2
d7b788d0-9050-43ae-baba-5f4bdfff78e6,2,1,1,2
950548af-7b9f-4932-a6b8-bf0dbf38a78d,2,1,1,2
bca1c410-7ddd-4610-b81d-c34ec1129469,2,1,1,2
392a1637-a71c-476d-b627-6b11a21f0dae,2,1,1,2
fef2bfcb-9a15-4ad6-8dc3-e3b6c7b73688,2,1,1,2
163acfd0-59b0-4f33-b48b-ebec3c1360be,2,1,1,2
8732cf8e-21fd-4990-bda4-a6b2444e63e5,2,1,1,2
86e25787-b12a-4f13-a587-c0527d626ad2,2,1,1,2
567581d8-1610-4411-b188-52c0e252625b,2,1,1,2
a4b34d94-8f67-4071-b541-cf1d43553810,2,1,1,2
d122c88f-e22a-4e63-80d7-1b58f871fbf5,2,1,1,2
dc678ec4-d97b-47ce-b0e0-45d60cf8ce70,2,1,1,2
4279ebc4-410b-4cdd-8f40-4a544f8fb471,2,1,1,2
8170af26-0db8-44b9-91e0-f2e66031a3ce,2,1,1,2
aa45fed4-4a7b-ca59-9c3c-f0a33b40592b,2,1,1,2
d5acceac-c3fa-4f62-a4c3-be33a95946cb,2,1,1,2
92c1e50c-60cb-4b67-be3c-d7b639f96332,2,1,1,2
e6fdad0b-9a26-49ef-af5f-2bd1c293e01f,2,1,1,2
fbf7435f-b273-4fea-8bb6-4719743299b9,2,1,1,2
78a9a00c-a1e9-42ec-8b60-0eabab902eb3,2,1,1,2
279e44e2-7e5c-4612-82ce-b348bda0fb2c,2,1,1,2
2b1d57f0-7fbf-4d08-9b74-156f89a43923,2,1,1,2
a69f6138-e460-4f14-93a4-c8328b8d58e7,2,1,1,2
13cfe011-d782-4f66-bc6d-a0ddf474d516,2,1,1,2
24366cc6-614b-d07c-7b54-20e4485f9b6e,2,1,1,2
437e47b9-caed-43f2-8027-a4bee7b8e053,2,1,1,2
96a18f89-4f1f-4f99-ac18-a75106e06617,2,1,1,2
bb77b0a0-2fba-41ae-a777-484ff892c4bf,2,1,1,2
e2260e6a-668a-492c-b4d6-3554f1370699,2,1,1,2
8754635c-996a-451e-acd6-01cb77ccb789,2,1,1,2
51a44289-80a2-4bd9-9ee4-0cc230292029,2,1,1,2
e0402e38-8f56-43bc-8d5f-a0c71711b2e1,2,1,1,2
32f86544-64ad-2c65-42cb-57d016c6f731,2,1,0,2
ac4acd9d-1383-4062-b54c-c508f25d8c99,2,1,1,2
e93aabda-96ee-4db4-be6c-037522fb5731,2,1,1,2
be4a992f-45b8-4da1-bcc3-7d5e16f4e2de,2,1,1,2
ec7e1482-f912-4ed0-88dd-ce004f84115d,2,1,1,2
c3eda850-6a1e-493c-8fa6-a303ff29236a,2,1,1,2
b9211bf1-a076-4c55-97c9-a3beda4b1584,2,1,1,2
32ab87d4-8b8a-4019-b597-5d1926e938f4,2,1,1,2
4b61d5e2-a645-453c-9e1e-0687fc321b92,2,1,1,2
9bcc31aa-68be-c6e8-5b38-d24f52aa1352,2,1,1,2
f6796ea3-d330-49c4-9b59-32458d1665ae,2,1,1,2
c5acb5ab-2a4b-4b78-867c-f62bb5a9c402,2,1,1,2
abee5caf-a115-43d8-ab9c-7704d634167d,2,1,1,2
f126a1fb-f4ae-4ad8-b249-11d3b325d17d,2,1,1,2
c108109f-17d4-47f2-8ef2-6710e4c01cd4,2,1,1,2
d891e5ca-3e1b-78a2-685e-38019162807e,2,1,1,2
315f79c3-2247-4b31-a4b1-079cf8ddf147,2,1,1,2
4e42f21f-ec0a-4107-899f-00372b5d2cae,2,1,1,2
a8989635-7ae1-45a3-a597-bf1a0556f707,2,1,1,2
a6012f01-8fe1-44a2-8898-59745f6f75ed,2,1,1,2
13c32c85-c672-4375-9ff0-830d4207cca3,2,1,1,2
5c3e5ae3-dbae-44f1-b1f9-ee11be8d6063,2,1,1,2
59ea3849-3e84-4102-b6c3-eb2c0a24e6b6,2,1,1,2
5d02fc89-14b3-42d6-9fdd-46063c7841e7,2,1,1,2
fda52807-a411-31fb-5b44-f16ade8844d9,2,1,1,2
35e158b4-0255-ad75-e164-6c04dca12c8a,2,1,1,2
edbff3e9-1605-413b-b1a4-542b3b3b9cd2,2,1,1,2
c3c45448-c07e-4d76-bbb4-e869daeee16e,2,1,1,2
0e8c32a6-ee25-4ede-92fb-ca9f06f74a6f,2,1,1,2
29442cce-95d3-432f-8d3a-d89ffe399833,2,1,1,2
b375130c-ae58-44ba-b656-6bf8f7538f6f,2,1,1,2
e0083e01-3c49-4dda-8917-3b0dfc0a9081,2,1,1,2
2187a23e-b0b3-370d-b552-29ee62dfadb9,2,1,0,2
6b8181f2-9dcd-4348-9e5e-5d7ad58b1fc7,2,1,1,2
cbc36681-f42c-6578-d05b-47cb25caf079,2,1,1,2
5572b15a-4e1a-d34d-6ace-810d28b47e57,2,1,1,2
28287630-a972-4aa7-85ed-2b64d2a72b74,2,1,1,2
e37bd0a7-bad6-42bd-9dac-2313b32a915a,2,1,1,2
a8311f51-3717-43af-a9da-34d6675384e8,2,1,1,2
beb86ab4-750f-4edc-b3a6-a8af2e454b53,2,1,1,2
650a7ac1-8114-4dbf-9f76-57b3fe6c80e3,2,1,1,2
089fa06e-e4ee-42c6-a4fa-104b599b32f5,2,1,1,2
3457aec8-260d-4911-bcca-8ad047226687,2,1,1,2
7b5557c6-5816-4e57-89df-212b6718b86e,2,1,1,2
55dfafd5-9645-49cf-8f4f-4470a8427e00,2,1,1,2
1f252dca-e0b0-4ea6-b429-9f8e779c0a58,2,1,1,2
f01944b7-1c40-419d-ab63-7657fe761edd,2,1,1,2
d623e257-95ca-42ce-b820-1f5ac7813c36,2,1,1,2
d2e41599-21c9-48fd-a711-b7cad4654571,2,1,1,2
00dab37c-bb13-a587-7813-6d1fc6967315,2,1,1,2
4fc77389-41a2-48c2-a5d8-fc12da694877,2,1,1,2
3576dadf-f2ee-c635-4a1d-de405798450b,2,1,1,2
d5e96ed4-3894-48e0-acc8-d2d7e192e8f1,2,1,1,2
eaf095b6-95aa-4e32-be03-7ee65a4d4c13,2,1,1,2
db58833a-e3cb-3ca8-2879-3af556299af5,2,1,1,2
69437983-82f1-4a9b-8ffb-1947e1f9303c,2,1,1,2
a39e28da-80bd-406f-ab72-854ba6aacd8e,2,1,1,2
bd1142df-66e1-4d24-84b0-2e571e8e695e,2,1,1,2
2d669a01-d21a-4c97-baf4-9227d489b596,2,1,1,2
fc84adf1-6521-470e-941d-fbc1e243bbda,2,1,1,2
d6280d9b-b68f-84ae-ac2d-f11fdb907910,2,1,1,2
74308a32-880c-4d21-aa6a-ebee7f5dc1b3,2,1,1,2
afb7b5a3-3480-4554-9f6e-2b419c72da1d,2,1,1,2
7f0fde91-93cf-4388-920e-5cc005e244cb,2,1,1,2
bdc04e25-b4e3-4579-bba2-7d667091a38d,2,1,1,2
ebd64553-d5d5-462d-b370-1a2d32d6d6ea,2,1,1,2
d1231681-054c-4c23-a2b1-d76ef26a4c6e,2,1,1,2
c9a76f4e-0865-4a13-9c5e-2860c410034e,2,1,1,2
c595ca00-971a-4510-bb83-2b1d8ba1068e,2,1,1,2
e2220968-06d4-4d37-ac18-99af026ba6c3,2,1,1,2
3540d4cf-fbeb-43d3-af39-59f2c341415a,2,1,1,2
b3ac59a7-b061-19a6-045d-b89c3cde30e9,2,1,1,2
d76524b7-7cb5-410f-aab4-9d2b7a0358b8,2,1,1,2
27a3d143-e69f-7e2b-d58b-2596a280903d,2,1,1,2
0283a986-a011-42f2-b9a4-f9bb74ea1433,2,1,1,2
1f2cc385-2c0b-48d6-a0e9-989b4d448302,2,1,1,2
d8e8e7a7-7704-4996-b376-a360c536522e,2,1,1,2
6de9964b-3031-46f3-b746-283910739c31,2,1,1,2
bf80f6fb-4b10-4dc2-b054-7fe316858145,2,1,1,2
1458303d-fe1c-4543-a097-e391f99b4ed8,2,1,1,2
548ce843-811c-4338-af9c-4a5f28757185,2,1,1,2
0f567a4d-cb19-4330-aeb3-3f68daf87d37,2,1,1,2
38c411ba-1d59-4fa9-8bbb-0c11ad33ef2c,2,1,1,2
428d8553-b636-41b0-a15c-770c53c960a8,2,1,1,2
9bdbb55a-0a64-4572-9775-95dfb19f42da,2,1,1,2
1a465340-65b3-484c-a4e5-fa2ef25866cb,2,1,1,2
b13fd62f-d9bc-4282-934c-ae4a76bc53da,2,1,1,2
dc624ce7-da5a-4b40-a5a3-1aa27a6655ac,2,1,1,2
23e194b2-24fc-3bf0-0211-431980ba1298,2,1,1,2
53cccabd-0d9d-0463-6401-343b569de41d,2,1,0,2
5805ba7a-878f-6e87-e15b-a2fc053aadf6,2,1,1,2
5550fb42-e0f6-4dde-90d7-832d55c53398,2,1,1,2
188646d5-634f-48a2-b8fa-f531fd1a3f0c,2,1,1,2
627b1664-0be6-4375-917d-14e1300b7101,2,1,1,2
b00c2742-0d06-484d-bcd5-997a851b81b6,2,1,1,2
be0a083b-eb4b-41c9-8b18-6a23fb0da80b,2,1,1,2
55dd0d6f-e21f-4427-bb7a-03b3a95529b6,2,1,1,2
ba6e86c8-81b8-4eb8-bf9b-ca68cecfc84e,2,1,1,2
7a747458-31ed-48a2-982f-461fe8f391af,2,1,1,2
c2470ef8-d0d4-4052-aa1b-54ec3ea34d7a,2,1,1,2
f6b2f5aa-ff8b-4ccf-913e-7d8f7141b17e,2,1,1,2
485ab2ec-3192-413a-9260-0666ff0f03f4,2,1,1,2
57d58c48-4b10-4ad0-9b27-95f4badfb504,2,1,1,2
2135e72d-cbd7-463b-b429-e975e385ff4a,2,1,1,2
2dc17937-af63-4483-b571-9cffced93805,2,1,1,2
d9a9ec30-7283-490d-a428-0fe0a503c527,2,1,1,2
6c1d165d-22a9-4d5a-a65a-3612cad25048,2,1,1,2
de6953c6-7401-45c8-9105-ab472da00a5b,2,1,1,2
cdc51a0b-1c83-4300-81e2-fa25ce3105b2,2,1,1,2
ad591f67-1be3-4c89-b795-3563e63c0216,2,1,1,2
31b9cfc8-0dc6-4016-bdc2-8dd99bb4e410,2,1,1,2
36adc393-0fbe-4457-8c32-89bd2b1262f2,2,1,1,2
21133fee-d00d-4282-9a8a-aec4e39bab5b,2,1,1,2
58c36552-9bb3-4c3a-aa82-8549a7e9e80a,2,1,1,2
27620751-f9a0-4195-bb2e-40f32465a884,2,1,1,2
b76782a0-bc0b-4276-96be-e5f924ea9add,2,1,1,2
692d30f4-6858-4c71-a84b-763fc38afbe9,2,1,1,2
76cb4128-012d-4b41-b08b-eeed8918088a,2,1,1,2
1028b492-c1df-49ec-b412-9965a735db82,2,1,1,2
c9d0cfc3-ae6b-4b01-9e14-8cb2e7e61433,2,1,1,2
96d32c26-6dac-4cae-832a-e79660b95438,2,1,1,2
178bb0e7-1c22-4d40-89a2-cf2c9c940165,2,1,1,2
dd4a4837-c769-402d-b458-c39faf0d130a,2,1,1,2
6a32a9a1-2c20-6f4e-d19d-3c45300fcdbc,2,1,0,2
24e4becf-692c-4c19-94c3-7aeac3a4ec03,2,1,1,2
7a30dd70-d4ba-4a70-bff8-fcc6d8eb92dd,2,1,1,2
1c83fc70-259a-4f97-8510-86a1422df217,2,1,1,2
c367ecab-98b3-4185-a118-6af6e7be8d2b,2,1,1,2
8618fd7a-2b28-4bfb-989b-34e4dd1d19d3,2,1,1,2
3b62830d-24be-83c7-e760-b74d45486d9a,2,1,0,2
a4ce2ca4-5d6b-495a-afb8-f71d8a568f94,2,1,1,2
4aec89de-cbba-a9e6-36f0-7b55ccc95fbd,2,1,1,2
5833c5a1-3c1d-49a4-8a49-7ce2d979d3d9,2,1,0,2
08af2555-890d-4272-a136-c145a6c1467a,2,1,0,2
23b02923-8e03-91c7-88c0-563783ffe886,2,1,0,2
5c341139-0526-412b-9098-49276579a5c5,2,1,1,2
7d3cfacf-9a11-4a7f-b5a2-5b04fc26f6c4,2,1,1,2
d8e22bc6-6b90-4f9a-9585-aba1749a9191,2,1,1,2
cc1d0831-a25c-41ca-824b-a74c7719b39a,2,1,1,2
cfa3dd3b-fe26-4b46-96d4-72853fc5e103,2,1,1,2
b015bd99-84ab-46f1-b15e-d38f7777358d,2,1,1,2
ddf2f4d5-c70e-46f3-9fab-cb92a86ba55c,2,1,1,2
da24721a-d4d8-47b9-b7df-604eb905e0b7,2,1,1,2
e61c9cc5-f97b-9f11-76d4-5551bea99c63,2,1,1,2
343cbb8e-fbbe-4104-a656-08bbb849af5b,2,1,1,2
626fa49f-5aa9-449e-b56e-601ab654cc37,2,1,1,2
860cfc5a-d5f4-4a8e-9ec8-9548d3b887e4,2,1,1,2
6cc448aa-3b2b-40a6-8eaf-38e6189e08ed,2,1,1,2
0b10a287-2a92-492f-88f4-69065c83a801,2,1,1,2
6f282006-1f74-4bfe-a8e6-7ebb8538adc3,2,1,1,2
211d2b9b-53b8-0cb0-5287-12015b916afa,2,1,1,2
16400be5-6e0f-414a-8e90-c50cecfbb22e,2,1,1,2
195f34ed-6188-4a48-bbbd-267aaae36ddf,2,1,1,2
1df2d454-5795-4270-a162-ced4375a2947,2,1,1,2
3a66e8f0-b315-4f97-923d-d11e9965bcde,2,1,1,2
28fc52e5-6b3a-0a4c-f0f0-560bb5ac2109,2,1,1,2
006d219c-c39e-445c-bccb-9204d2027999,2,1,1,2
0ef60b03-78f0-42b4-8018-041fff6364a1,2,1,1,2
79bb8b2d-9d5b-428b-aecf-fd69dc8312d2,2,1,1,2
3499a1e8-dc9b-4f51-b42d-1f5856cb97ba,2,1,1,2
d046db0c-a539-4e18-ac5c-66283ea5cc3b,2,1,1,2
94b2f1f9-c663-ca98-bfdc-4c629942d86a,2,1,1,2
6558f8a3-1f47-46b2-a306-d57a80693457,2,1,1,2
784decec-9112-427a-a44c-7a0b715776a2,2,1,1,2
80c3d464-2d19-a658-ce8d-372095ab4fbc,2,1,1,2
39ae5d57-eefa-453a-83dc-749fee0003b3,2,1,1,2
57f4946f-0a5e-0429-3720-2e8cfed45575,2,1,1,2
974b7ef6-3a89-4d15-bade-25a466f167ed,2,1,1,2
83aca791-321f-4e54-b4e0-45ce02798b5d,2,1,1,2
7aebc1a2-961a-4404-a283-5394a954bdf6,2,1,1,2
e6ca950b-e2bd-49cc-a016-006e1d6e2e70,2,1,1,2
6e906a7e-e524-c148-97c6-7eaa294b8ccc,2,1,1,2
d63a77b2-f2ac-5819-3e3b-a15b0578b8e3,2,1,1,2
b28b4f37-7a2c-4b75-a70e-0ebaa241c310,2,1,1,2
e673141b-2420-aa6b-14af-b8f9abe8fab7,2,1,1,2
a3232e31-d82e-457d-a492-d062fe5bb544,2,1,1,2
e5efed7a-78d2-4bb4-b0b7-ed10c8500ef7,2,1,1,2
879867f0-462c-4b74-be7d-54a7d16c7d4b,2,1,1,2
f57bccfa-6ac5-40f2-bd6e-fa2eea93a50f,2,1,1,2
f633f860-78ad-8310-e370-17e37aea6ab1,2,1,1,2
94ec2a34-a55d-4220-ad28-3feeaeb2e36f,2,1,1,2
66e67876-a1dc-41e8-b53c-f2247dc7260a,2,1,1,2
fc596a62-dd98-4443-9005-5076e8cafdee,2,1,1,2
7ef2885b-5d55-4802-b0f6-f3173d28b79d,2,1,1,2
3085886f-62d5-65f0-bdbd-11ccbf5fe22a,2,1,1,2
d9610e58-2552-444d-a626-f7bf39121794,2,1,1,2
0bcc9537-a374-6af6-8a6a-4975df688b03,2,1,1,2
fa1b57b0-2cac-2af3-228a-dffbb6c6da47,2,1,0,2
190d781f-ba77-48ba-8982-2ee3440ea796,2,1,1,2
5ff0235c-883c-4a8b-836c-b23a994fe7ba,2,1,1,2
35b79837-039f-4c1b-b148-cf58e7dfb547,2,1,1,2
30faa8ff-e098-4600-98f0-85f36d15db53,2,1,1,2
7345a91a-61df-38f6-4921-01f33b6cdaa6,2,1,1,2
1cbeaa13-ebcb-45a1-a0d9-f24e61190080,2,1,1,2
7d0506e8-e282-421e-9af4-1962ac497df2,2,1,1,2
36128114-44a0-4217-9374-7a6f4282a1e8,2,1,1,2
fe06f943-cce7-39c7-d15e-0ce15956c7e2,2,1,1,2
4b9200be-df7e-4e28-883f-ad8648b12547,2,1,1,2
8232df45-276e-4239-9f0a-a4f9b08fcfb3,2,1,1,2
5e7e9a17-1faa-48f4-bba6-2cbeb241208a,2,1,1,2
db7e59d9-3bad-4a75-89cf-41290b5ddc06,2,1,1,2
58a21dca-538e-4115-b8d2-bd49e3d70c4e,2,1,1,2
0ea1fbc5-30a9-47cf-8126-7d02af8ff0f5,2,1,1,2
e59a91a2-09ae-433c-98a2-d695876eff6e,2,1,1,2
80b316a5-7915-4d11-80c8-fa7c1104c725,2,1,1,2
4b449de9-d0cd-425e-94ad-c945bd6ec6d2,2,1,1,2
a04f7992-3c28-407c-b024-5f6e79c1eca9,2,1,1,2
1bc1d0ce-30d8-4752-89d5-5250144a8088,2,1,1,2
15544635-1ff1-811c-c51c-7ffdacc9e762,2,1,1,2
b20d27c7-7fd8-45a0-aaeb-020a75937ba8,2,1,1,2
11be988f-154b-4b7a-8b29-69d69b9e199f,2,1,1,2
53f0bfa6-8313-4cfd-8f8d-83015c361878,2,1,1,2
2a57d5d3-748f-49db-968b-07a9744e6108,2,1,1,2
42a662d9-b1a4-f1bc-2088-2f534ae8692c,2,1,1,2
1f836baa-9122-4dd0-8f66-cb04033561d5,2,1,1,2
403d6ef3-b546-4891-9d5c-69e458660514,2,1,1,2
5d41eead-93c8-4e3f-8e93-d35123d6e09a,2,1,1,2
edca2f6e-fad4-4b15-b65c-b1d7c9782e35,2,1,1,2
ad030029-240f-4f82-a43d-061e429d6cbf,2,1,1,2
cc52bdec-ba3d-4cda-bf90-f2903019f6cf,2,1,1,2
42296a7a-7d97-4762-b26f-919bdb26058b,2,1,1,2
82dae201-7529-4d7d-b003-c8dffb024b4f,2,1,1,2
7e373f3a-dca8-469f-bd06-b2af76197f07,2,1,1,2
954707a1-277a-4b75-86e0-eeb67e3e7653,2,1,1,2
7d631833-427b-43ae-812a-9ead497697af,2,1,1,2
4fe5392e-b26f-442d-a2f9-5057c0a0d4e4,2,1,1,2
7c556371-23d8-40f4-bb04-fe359b45220c,2,1,1,2
5ba48151-91ba-4ef7-9673-087078290ea1,2,1,1,2
046b43c6-e25d-4764-89c1-485c86279acf,2,1,1,2
2a45a1c3-1957-c084-6f0a-7f43940a054b,2,1,1,2
cae12db4-b600-4262-9020-fe9ccdecf8ca,2,1,1,2
9a32e548-2d18-493a-8d9b-67ad12b92f41,2,1,1,2
1a962453-fb4b-f3f5-7282-75818af94bc8,2,1,0,2
1a4fc071-79ce-4ca0-8ca8-2d825693d375,2,1,1,2
c1a1bd3f-944f-4e8b-bdc5-7addf36661b6,2,1,1,2
bc2872a7-1f7a-4865-b426-366b9189163f,2,1,1,2
9d873aa3-507c-4589-a670-5d7c6b44c63c,2,1,1,2
3423816b-33ad-4306-b470-8166ed312ad5,2,1,1,2
cdd0a8d0-7557-461c-af0d-29e2aca585c8,2,1,1,2
b7b6935d-b894-4eaf-b57b-ce41acd6ac4f,2,1,1,2
5761827f-3a4e-4609-8c78-60879ee92a4f,2,1,1,2
74b67a2b-a17d-4f75-acbd-471337200709,2,1,1,2
501da526-f50b-4afa-8a7b-39acc1d64c2b,2,1,1,2
e579ed54-f98e-66f6-283c-e4221742f5ad,2,1,1,2
a3b9d395-5a66-4a52-a18d-bd05a9ecc06e,2,1,1,2
06ec911c-d8af-472f-2483-5fd55928a54f,2,1,1,2
a60d9a3f-d043-4a94-8ec7-25cc615324f1,2,1,1,2
e92983ff-777c-42e8-aef2-66c3ce953594,2,1,1,2
f404a1cc-8934-471c-839f-b95e4a22eb49,2,1,1,2
c4132b71-80d6-4477-a15b-439ff79bc079,2,1,1,2
4844ac36-3403-4f0a-a2ef-64b189c9f125,2,1,1,2
e694f6d4-c4bd-48ef-9dd9-a35b919e760e,2,1,1,2
17fe7f58-7e27-49a1-9826-d856767a50c5,2,1,1,2
48b3cb6d-e96e-4b2d-8b0a-91c565d704e1,2,1,1,2
e95cfe9b-9a05-44aa-862a-32a1615bb54a,2,1,1,2
c43f1012-66be-48b0-8991-78f6021ccb5c,2,1,1,2
b34b11c3-ffc8-44c2-9797-0b532297aeeb,2,1,0,2
c89c52e5-4518-41dd-9db9-35fc3e568c13,2,1,1,2
e1d18cc6-90f8-42d1-bf4c-af7276e0250d,2,1,1,2
d8e11487-e69a-4746-844b-847a79eaa0b7,2,1,1,2
79f915d6-366e-4815-9c14-31ee9856c4ac,2,1,1,2
d287ef1b-08d5-42fe-9dc5-7874e2ac0e95,2,1,1,2
e7c68a8d-2f8f-4b05-8a6f-a71bdca3b0c3,2,1,1,2
445db174-2f5c-46e9-a383-291d34f33119,2,1,1,2
fade7dfd-06d9-4d34-8bc5-b34a10db09d5,2,1,1,2
bedba841-cdee-4e2d-825e-79d3cb4f6397,2,1,1,2
ae5603d3-d64f-43a8-983b-e632fc33699b,2,1,1,2
dd9043ee-b79c-44da-8330-e6e40f86fb24,2,1,1,2
3fb61538-221f-4e03-9d87-bb5c0d2f7b0c,2,1,1,2
57c15d4a-424c-4397-b533-0971f783a260,2,1,1,2
22837518-42a4-44c1-8b1e-27e6a10663ca,2,1,1,2
51499366-1d4e-4476-a597-4563226395bf,2,1,1,2
efc89fc6-d08b-4d6f-a323-ffa284814e8f,2,1,1,2
083ad24d-c6f3-4146-aa5c-c1a60ee2f7ca,2,1,1,2
4fe09e8a-c5f5-4987-9f9c-e1e58ed4dd08,2,1,1,2
ff726384-71f1-4ee6-a163-a0098300562c,2,1,0,2
ddaa69c1-2d7d-4c07-bd9e-89451dae222d,2,1,1,2
218954ba-0d21-0866-6b22-26a3bf06428c,2,1,1,2
85bc42e4-d303-4f01-9d98-cca58a9c1811,2,1,1,2
ea8ebd81-ec86-41cb-bef3-c3c81f1610b4,2,1,1,2
677f2c09-5f5c-9d15-1039-5e89e88b03f1,2,1,1,2
ad6b1d55-83f2-6eed-7232-a03c5cc6f8cc,2,1,1,2
6ccb4c47-1a33-4a79-8a1f-6d704c931a61,2,1,1,2
a1802294-2f33-45c8-841a-46ca5dab4255,2,1,1,2
05d96339-c8aa-4a11-87a8-8c55311195bf,2,1,1,2
2d4e7e04-f666-49df-84f3-619bb485da5f,2,1,1,2
8bc90936-6a99-4e0b-8e0e-ae6f104a7964,2,1,1,2
06f7b419-cc7d-44e6-a4a9-4e8bd3f91e37,2,1,1,2
0a6d1b9a-99de-bfd3-b840-cf9c43e02153,2,1,1,2
fd5bdae2-1528-4ef2-aaf6-ab56650d0512,2,1,1,2
ecf0d592-76ca-4ebe-83bc-f48a6a82355e,2,1,1,2
415f9a1c-8044-457b-876e-6b0ca52a692f,2,1,1,2
c2ba9a77-4b3b-4da3-b352-c741fb64b634,2,1,1,2
20075b00-64f5-491d-b815-34abb19e7df8,2,1,1,2
6af9c6f4-6ce0-4daa-be9e-74742614a343,2,1,1,2
85187a00-ef51-49c3-899e-5a8a75562aa0,2,1,1,2
efbfd2fa-6e2b-4576-964f-39309d7cccb0,2,1,1,2
01f99163-b06e-4172-9352-e2231c1d3906,2,1,1,2
d9ba7eaf-22f8-4a61-bcbc-1404cae90b89,2,1,1,2
33868091-b616-447c-b76f-f5eac478d401,2,1,1,2
25ba233c-04db-4cb2-9885-5335b777e535,2,1,1,2
0a36de9e-c240-4366-a790-9f88aa1acd99,2,1,1,2
ae1d1778-754a-4b47-ad33-8f1ce8ed0a89,2,1,1,2
2bb57859-49a2-4e2f-ac8e-fad918c87c24,2,1,1,2
07de116c-531e-44c1-b7e2-d58a1037953b,2,1,1,2
40a35800-0c9c-4005-b344-88354f0f1744,2,1,1,2
7369d657-f225-4422-88e5-af83b5d0b031,2,1,1,2
d48218db-d8d3-43ab-b096-e008d566cfab,2,1,1,2
df11da03-b814-439c-a64b-499a05e3b391,2,1,1,2
257ccf12-9728-4395-95ae-d73baf5b0208,2,1,1,2
da4c77ca-ce66-44d2-bba9-464f0a065d23,2,1,1,2
39d998b0-2c0c-430a-a12e-1b96e86c4337,2,1,1,2
144fe721-d246-4b2d-979b-42cd2e75de55,2,1,1,2
7aff843f-df71-41bd-ab50-1f8d92b773dc,2,1,1,2
265b3c40-39d3-4c12-a7c2-c3b0657e1dce,2,1,1,2
316341ed-9e64-402f-a8a1-e4cf69e420bf,2,1,1,2
d2e49a7c-7920-2654-d7ff-42db7eeddb1a,2,1,1,2
6bf2b043-c169-4ef0-b3ad-9b9e2890acd9,2,1,1,2
a6e9e5ad-d65b-4aa4-b8e5-821493e56dad,2,1,1,2
79ae4c68-9245-4055-85db-290b088d88f3,2,1,1,2
4263ed79-9659-417e-81cf-319b728916cd,2,1,1,2
cf51c8d9-453b-485e-9d3d-1457a1390a82,2,1,1,2
29352695-454f-4e5f-be6a-1619fbfbd3a0,2,1,1,2
1454c172-9203-6f61-d523-9f98af5b5874,2,1,1,2
4355c27e-c962-4674-8603-c85c4805da10,2,1,1,2
d4bcaf10-bac0-49e6-9d8f-085d4ec4a0f3,2,1,1,2
5226b27c-6be2-43ed-9921-b163d7078bd1,2,1,1,2
203d53ce-98fc-4f89-8e68-6c383a0ed87e,2,1,1,2
6f4087d9-8ae9-55a9-7e56-bd2cf9d18575,2,1,1,2
98e6f072-b529-4ca4-b328-b0b5de52758e,2,1,1,2
b52db659-12fa-4f71-b16c-6b6164a15bdc,2,1,1,2
848eacaa-f3f1-4276-a210-64b0f81dff2d,2,1,1,2
65bec62c-bdba-4898-a9e8-0d7d24a17d6b,2,1,1,2
9dea3273-e656-4735-9419-2d801bfaff72,2,1,1,2
3065f39e-0c8d-489a-a3f8-ef161027dd73,2,1,1,2
4734265f-075b-44de-9672-be8d39115aea,2,1,1,2
7eb8f9d3-0780-60e4-70b5-823374d370bb,2,1,0,2
3398d901-ce49-44db-a882-66997b306eef,2,1,1,2
e85e3ddd-bc93-4369-9ad3-6bdc0daa6aa1,2,1,1,2
d0a781b0-506d-4f9b-a998-d10323eb0bdb,2,1,1,2
acedee0f-d1b3-4c2c-9633-0db1e95a59da,2,1,1,2
19b5fe03-0c5e-4d9d-9728-29d864aff332,2,1,1,2
3ae3db54-ab95-48ce-a927-5b88f379daa3,2,1,1,2
5c29b2ca-0352-4914-886f-84ff1e3a8b27,2,1,1,2
89ad4601-0da8-41c4-ae1e-93b6833419d2,2,1,1,2
f882caca-415a-b6e9-68d6-09eb4fb8afbd,2,1,1,2
fab5d08c-624f-40f5-b04b-501ce7685bba,2,1,1,2
e35b8ff2-ca2a-40bd-a2c6-21330cdd5f88,2,1,1,2
af64fe63-78d9-4595-b883-351b92681bd8,2,1,1,2
a5f56fca-0add-4213-b4fe-ac3cbdd3a903,2,1,1,2
9ebf73cc-984f-4cb7-be1d-a309b42b51a6,2,1,1,2
85cd7d8a-36ef-4ff4-ab90-b6eb110cc943,2,1,1,2
17f8eb64-2827-43ec-b3c8-fcc0c36f75d7,2,1,1,2
a6d85989-901f-4a3e-839e-7ec29104255c,2,1,1,2
9eec3413-ede9-4c94-a971-b5e5b13af6ae,2,1,1,2
dbe6b018-5bd9-4a2b-aa26-3cb8a7003c39,2,1,1,2
68bebd4e-1e0e-464b-910f-39e4a176dbd7,2,1,1,2
f7da5934-34fa-49a5-9010-fcb3c31bdb44,2,1,1,2
26972694-542e-4ed6-b0ab-5d5f31851165,2,1,1,2
eceddd81-dc29-4790-95b0-765982266531,2,1,1,2
6ec718e1-fb7c-4148-87c1-4c498832f34f,2,1,1,2
f722e277-c856-4c81-9d1f-3f858e7c16fd,2,1,1,2
56a0146e-a9d8-44ea-9a10-469e1dfa0066,2,1,1,2
6419311c-0e68-4bab-9c06-05b3533360a8,2,1,1,2
44696b2f-8f46-4026-90e5-444870b770d5,2,1,1,2
7cc206c8-d7e0-4f1e-8f76-fdbe9ed00827,2,1,1,2
9a3a2469-48ef-475f-880b-73c8e6581701,2,1,1,2
9d04ab1b-d844-4a0a-8895-e8abd10787c3,2,1,1,2
60202498-e507-46d1-9bbd-2cd5c77b88af,2,1,1,2
73f20d45-2dc3-4a95-a2d2-e59f0a7a6d6c,2,1,1,2
a8985422-3373-48d3-a1a2-830e6b044409,2,1,1,2
e4874cd3-824d-4f79-81c7-088a266b7f54,2,1,1,2
194035e2-8345-4b72-958a-014c49c7ff23,2,1,1,2
fe04a677-05d0-4fef-81d3-65ca773aa7fb,2,1,1,2
5b6fac83-226c-4b3d-9583-49bab70240c9,2,1,1,2
79013224-5cd8-40fc-b101-2bb144aff270,2,1,1,2
77374aba-6916-9fd1-956d-a8f4ec342df3,2,1,1,2
2da72510-b46d-4c26-bb83-58395f9ee0c7,2,1,1,2
5ef6d3f3-f5a8-46e3-abab-4b094686b5be,2,1,1,2
92a2c839-57a0-4189-9768-774cf4f8a4fd,2,1,1,2
d73da1fc-6f99-403a-b2c6-1c08ca026a8b,2,1,1,2
4636ce86-ddd7-4b43-90bb-55c487d9309e,2,1,1,2
2f58d020-1ae7-411d-810b-b656b778e7be,2,1,1,2
9027cafa-bbd6-965b-bf1f-4f129a71f384,2,1,1,2
cd7d7ce8-d5de-4486-be26-c9da4018f7e4,2,1,1,2
20525caa-f341-4045-a7ee-2dfef9e7cf94,2,1,1,2
e3b2543f-95fc-4ab4-aac6-fb8f985f927b,2,1,1,2
3c999000-e6dd-43fc-ba72-c3f4916a9a0a,2,1,1,2
56a75429-a3f1-4ca0-bfb5-89d83a69f0a7,2,1,1,2
e802ed31-51b4-4bc8-a318-23ecda60b970,2,1,1,2
a8f5fe0d-4390-4df5-9821-008acfdf8379,2,1,1,2
45dd14b3-ee5c-4302-983f-d8764c671d26,2,1,1,2
a166f92c-3d8a-44f0-827c-16903e4461c2,2,1,1,2
4284df5c-32d3-6042-4f94-1b9c4b5c6077,2,1,0,2
7bcf9f9f-9e0f-45ff-a909-212bdb282ddb,2,1,1,2
f94f85a5-6894-4218-8e96-4d75254b7e98,2,1,1,2
de8b019e-0504-464f-a7db-e7769cb501d3,2,1,1,2
0ee29e11-2a66-41cc-a0d8-b632c10dbbaf,2,1,1,2
8fb6e523-9929-4e2c-a0c5-41af2c6cb06f,2,1,1,2
996af3e9-e984-4364-81a9-3da306bb6061,2,1,1,2
afcc7f9a-0e72-4611-a568-460f9835769d,2,1,1,2
2f46e275-905f-450d-84e1-18aefb48e3e1,2,1,1,2
7fc237de-f059-40f9-8679-3cddc9b49f03,2,1,1,2
12429d52-f223-4e3d-85ae-2a401dba6715,2,1,1,2
ff4a931f-a5f5-48ce-b680-ff06d5fb5ab8,2,1,1,2
ecfc7939-944e-3cc8-6b6b-e4d5a5adb994,2,1,1,2
f076f0c5-9498-4fb0-b1d0-12f264a81f50,2,1,1,2
d741e7fa-edb6-4042-8f23-07c372b234ce,2,1,1,2
648d4c2f-8a21-4355-9485-c599fbfbc977,2,1,1,2
d339eb8f-7b4f-4f44-847e-206556ebd022,2,1,1,2
bbc565ce-5b2e-4d09-97c4-8b89993818f3,2,1,1,2
d6fd42e0-29fe-4d6a-143d-2c4eab57539e,2,1,1,2
431abaff-fc69-4461-9be7-14ae71706593,2,1,1,2
e8b1de3a-cb4d-4fa9-995d-7ef990bc6e2d,2,1,1,2
62225279-0792-4bf1-8485-4a7aa186b792,2,1,1,2
2e8fba0a-ea3a-4584-9bd0-05db3569861c,2,1,1,2
19b065bc-eaad-47f0-a69b-312f58b70233,2,1,1,2
6d5ab5fc-18b9-469a-ba49-a321d293a46f,2,1,1,2
49a66ec1-e386-496f-a306-f38909be549d,2,1,1,2
a2403b1c-763f-4ad4-a095-446876924ab5,2,1,1,2
69b559e8-9c8a-44ba-8216-35173f0822e7,2,1,1,2
d74503fe-3b31-4668-a6da-4b8021b0099e,2,1,1,2
9cc8604e-8485-4739-b0aa-b50a364cc60b,2,1,1,2
977908d9-1ea5-43f9-92b4-0c4a2222a137,2,1,1,2
a29bb675-54fd-4a2f-8f09-90f21988c489,2,1,1,2
fb305827-7691-4e0b-ad62-2cf463b7deb9,2,1,1,2
a577ead7-c0d5-40af-adfc-38f76f661b7d,2,1,1,2
a32c7904-0f52-446c-9a67-f2e33b31c8e3,2,1,1,2
45aaf197-249f-4655-bb00-18a720541f2c,2,1,1,2
ad38a09b-f293-76b6-915f-28ab78e3be32,2,1,1,2
cbe60891-aefa-4670-8a91-b08987f3ed4c,2,1,1,2
eef38f36-6f6d-3a52-3ed0-7edd1e9ff462,2,1,1,2
20c28785-0adc-481a-adb2-ed430ee472de,2,1,0,2
88d491a1-a9ab-4b21-8323-ef2f8b5002f5,2,1,1,2
26252bb3-4d0f-4725-ab9e-c0b4e662436f,2,1,1,2
22623113-f1b6-41d3-9f58-f150feeaa738,2,1,1,2
4b503bf2-f47d-471e-8b02-ea34d122cb41,2,1,1,2
08274942-db3b-4ac8-bb41-2d1b7e8811cd,2,1,1,2
355e03a0-b3a3-495d-9f50-17e94fca784d,2,1,1,2
2966097b-a4a2-4eef-918a-1ca34984fc2e,2,1,1,2
8470dd97-7a31-1ba6-e798-576128c40f78,2,1,0,2
af855415-95ee-419e-bea3-1b5f4ae296e2,2,1,1,2
c73e0b29-c719-4704-b303-613fe2c2cb42,2,1,1,2
de852d73-8bc8-45c5-a672-f35851547547,2,1,1,2
088a3a6b-3dfa-41bd-a5f8-15bc7ea7a639,2,1,1,2
c6cca6c2-6816-44d0-8a12-01da552715e3,2,1,1,2
c090e32b-a3e5-41f4-8735-982ef49d0332,2,1,1,2
1d9eca79-4386-4831-973f-501d8a537f98,2,1,1,2
549ff927-fc26-b7bc-a3a1-352705497f56,2,1,1,2
47f1b464-e45c-4e17-b2d6-07185b1157ef,2,1,1,2
3163a58a-40c3-2cb0-2e74-25d1a11dcf76,2,1,1,2
96f6881b-4dda-441a-95b7-c7b4faf53e48,2,1,1,2
434dbcb5-b8ee-4731-9c5e-52bae8e28044,2,1,1,2
c4186487-466a-f722-23bf-e00228a9d5b7,2,1,1,2
cee4e911-0040-4879-a8bd-c80d32bb5895,2,1,1,2
ca1c5913-b643-4075-a722-1f2c67c98b16,2,1,1,2
d6c3d427-d14c-440c-86a1-6b38d70b8d58,2,1,1,2
41634f90-86f8-4e3e-beb8-91951f8b3449,2,1,1,2
fdd43923-4b55-41e9-897b-c3641a037254,2,1,1,2
9f0a6576-cdb7-49b4-9269-4823359f999d,2,1,1,2
b1563ce1-7a05-40c6-ac3a-6502ad67187e,2,1,1,2
c3ada982-9088-4f5b-b28f-451f11073ff6,2,1,1,2
6037d9ff-dc00-4248-a0c8-e625d8964f54,2,1,1,2
f46e8399-72a2-4a8e-b6bb-a590911e197a,2,1,1,2
7d7ffadf-720b-40a6-9e72-ecbca6b52cc2,2,1,1,2
1a9cec97-5fa5-47c4-bc3d-a49ec0d7f047,2,1,1,2
6108dcbb-3594-411c-a6d6-2bd711c86015,2,1,1,2
10437a6b-0ffd-46a5-b8a9-1fa86b243152,2,1,1,2
275b19c9-4018-4448-8aee-4607d19c16c8,2,1,1,2
d9ebae30-f2ac-4ee4-be75-50431a97240b,2,1,1,2
354c4bff-daf6-4ab7-b9d9-3ffbd096a2a6,2,1,1,2
ed8363e0-e921-4bd2-b23e-f9bc42e08cfa,2,1,1,2
5233c43d-9ef3-482d-acd9-5a671d4ab4a5,2,1,1,2
563d145f-6d49-41a5-8cd9-b0b94ebf9967,2,1,0,2
80cda8dd-1dec-45c1-96e3-b50e9dda039d,2,1,1,2
b4ce9b23-b49a-4e14-ad65-89a9549a70bd,2,1,1,2
0cbb4502-4a6f-49b9-9854-ed4afcf40b53,2,1,1,2
2c42c29b-7a9e-410b-909d-d8c47b3002c8,2,1,1,2
b80b9773-1ccb-4b96-ade1-cf9f8171981c,2,1,1,2
95011a44-969b-4cee-8c63-b1301457d369,2,1,1,2
5caa5e02-5273-a7e4-9627-5640aeff0163,2,1,1,2
8464c58c-97fd-44b1-bcf0-2b65dd069588,2,1,1,2
34b86a13-7ad6-a87e-54af-9205bcf025ab,2,1,1,2
abfe0d8c-1648-dc7c-9c8c-13ae5fb67749,2,1,1,2
e71fe756-ba5c-48b6-a0d0-d8da060e27f0,2,1,0,2
94e3a6c8-b0d8-4360-8174-d7f055b11392,2,1,1,2
6c34334e-4280-4e68-a71a-413bdd34e65c,2,1,1,2
02b089fe-1e95-4a1a-8652-cde7abae83bb,2,1,1,2
9fc28cd8-2104-4e1d-8fe9-fe0e2156562f,2,1,1,2
0581b707-8aef-46c1-ab01-15b75ffd8b03,2,1,1,2
fcb59bd4-5370-4617-9d91-60ebfff88d4e,2,1,1,2
a14e3ed4-911c-45ec-a430-560df2f28c05,2,1,1,2
e6f1f3b0-6490-47b7-9219-6bebb39d378d,2,1,1,2
de97613f-bf88-4192-94fb-5158b0d88adf,2,1,1,2
956485cc-856f-4e16-a6f5-4ec7722fcdb8,2,1,1,2
f4acf00a-eb49-0e24-731b-9b8260647a8a,2,1,1,2
f3d47d04-375f-485d-8f7c-70e55b9b0b3a,2,1,1,2
6f28f5c3-cce4-4dfc-9277-6075a796b665,2,1,1,2
cd8c3a9d-9faa-4693-b445-b140b4c08d1e,2,1,1,2
2bdb8b4a-aa79-4c5d-9e88-cbefcbec15ad,2,1,1,2
37deda5a-8679-43e6-bcd1-8bbb1167ddc1,2,1,1,2
d7e1f445-6649-4992-ab65-41cba0683236,2,1,1,2
7d7a51d1-c00e-44aa-9895-b44c942cdce9,2,1,1,2
5fe47ccf-cddb-4b91-8c18-a3344931e00a,2,1,1,2
c8ed54bd-8d19-4a91-9682-07e2a0c7fa78,2,1,1,2
10e5d96a-6963-43b9-b6b6-903027e9c126,2,1,1,2
62a7f739-e37b-41fa-9bcb-4fce343c0046,2,1,1,2
8493a822-f2a0-463f-bd19-c1584f77d03d,2,1,1,2
19466091-55a9-3313-5a10-080f7ca59c9e,2,1,1,2
84f16434-e8f6-45b8-bee4-713ea9935ec1,2,1,1,2
a2d19f13-41af-4e32-8169-6c6703f962b0,2,1,1,2
be2a6054-cd28-43da-9356-cc1858b296e6,2,1,1,2
490a1298-0824-ab6b-c151-31ae8b5a4fdd,2,1,1,2
8cfafe3a-551b-43f6-b3b8-8b5ecb1dc464,2,1,1,2
e9bb2800-d24c-0183-7a4e-68128f38e32a,2,1,1,2
604e52b8-0134-48f0-98cb-dd0d56fb9b6d,2,1,1,2
c68cdc3c-c27a-49fa-bd35-cb6e593437aa,2,1,0,2
e8348f11-4141-f97f-72e2-7a1515d77201,2,1,1,2
26dbb790-1777-449e-b379-97b7489ac55c,2,1,1,2
47791120-a35d-0282-c05b-0b5c6b7e17b2,2,1,1,2
c28a84cc-1e4d-4773-be9d-269b487bbfab,2,1,1,2
a85688f8-481f-4783-8998-43d9e2183ff7,2,1,1,2
98733819-74e5-4cec-9b8e-bff84683cb1a,2,1,1,2
d9f45cd3-0450-448e-8eeb-c5277dcbc136,2,1,1,2
df704084-f9ad-4ceb-b644-548544def263,2,1,1,2
3feb3872-0a65-4dbd-9c86-e2d120cc1f52,2,1,1,2
dc91aa13-eaf6-49a0-90f9-d76de46070ad,2,1,1,2
2a5b10a0-23da-43dd-a84b-77905cfc3650,2,1,1,2
359ba90f-6a7e-4298-b83a-20792f293920,2,1,1,2
a575de65-a7a8-a79d-0435-29d8c5b35430,2,1,1,2
17602361-7648-43b3-8288-ed18608d2b0b,2,1,1,2
1f4daab4-8d5e-43bf-b161-bbdf6116d213,2,1,1,2
91f6ddd8-797f-4b81-8ff6-7150b4bd87d0,2,1,1,2
56025223-65e6-4437-a76c-862b4568ed63,2,1,1,2
757fe8bf-eece-44d3-8ca8-bfc0e00d000b,2,1,1,2
45a86f50-b3d3-4012-a61c-54395c9f5d10,2,1,1,2
f30a180e-5d7e-4f9a-9e1e-ce7a83cbcf0c,2,1,1,2
3502f970-ac54-58a0-1f35-2e43b1988316,2,1,1,2
4efef298-c03f-4e8f-8423-6fd201503d47,2,1,1,2
e0650ea4-e7df-466b-98ff-de537aab28fe,2,1,1,2
bbc14c59-7dd4-465e-93e1-307aa8a9df0a,2,1,1,2
536eb59e-73e4-4faf-ba3c-067704b8c557,2,1,1,2
ba373339-b100-4f2b-b500-dba40a7106e0,2,1,1,2
dd6396f0-993b-a410-9691-6a7d484d2062,2,1,1,2
65d5360f-5889-4b3a-8003-5fb0c1e5fffd,2,1,1,2
4a072887-c286-4908-abc1-bd7e46158389,2,1,1,2
ebac43a6-1885-469c-8d45-e080adceee98,2,1,1,2
fbe6699c-8d03-452e-aa55-8f86df1278ff,2,1,1,2
e1753b34-00ad-48d3-8726-469a2554a6d4,2,1,1,2
d16ca26b-2188-430a-8436-4e99ba012e39,2,1,1,2
c96c13b7-e465-da77-d68b-1fc7aa384bc6,2,1,1,2
2cbffa17-f404-08a9-873d-6ec400d741fb,2,1,1,2
92ab5ab7-62dd-4a77-9fee-8b28ff422699,2,1,1,2
5361d7d5-705e-9f3b-8133-d0638731f620,2,1,1,2
1130fca5-cde8-48f6-8a38-3989052af8fa,2,1,1,2
5b1e4ffe-4069-424b-b0c2-3fccd023fd93,2,1,1,2
d70684a1-c7ec-4133-9a98-96dc7535f01f,2,1,1,2
d8277913-9472-4fde-aeb0-2a0023124d80,2,1,1,2
de9eb23d-2b81-4895-9111-30d29599f211,2,1,1,2
1c6b9a58-4bf8-4e6d-ab1b-51fbd72fcf1b,2,1,1,2
ed4aad92-9877-4a9b-aae2-ad7e8e3c3eb9,2,1,1,2
3c97d0c5-6ff3-233d-8323-2d2325d9dd39,2,1,1,2
55787450-c7ac-41e0-9062-ac831f645613,2,1,1,2
19ab0193-b806-4930-a969-cc8450545f63,2,1,1,2
0cb5ffb1-e05e-473b-8603-27682cc90944,2,1,1,2
3ad601d3-560a-409c-b962-4fb05be7878b,2,1,1,2
ffdbd178-caa9-46f8-bec1-937b06839237,2,1,1,2
10e02f8e-6e89-8b23-478d-347e0bbc6d69,2,1,1,2
fd2912fc-f37a-43aa-b7f7-736bc872eb19,2,1,1,2
8bf51e72-c3b5-4eb1-b8ef-3629bc4926c4,2,1,1,2
51098294-3d6d-45cf-ae45-7d462815fdfa,2,1,1,2
0a67482a-b5dc-40d8-b6e2-46dd62d5cdf8,2,1,1,2
8cb9dcbc-90e4-4301-b160-e5d115ca5da0,2,1,1,2
98273bf5-b283-4ae4-bbe8-e3193a8d8ec3,2,1,1,2
729f34d2-f34b-4142-a172-f1a1761ecfb2,2,1,1,2
268e34d4-4eb9-42ee-8f1e-c7e359a56940,2,1,1,2
691437c2-460d-481c-adb3-3f8cc64caf31,2,1,1,2
ecae81ac-9a58-4bcc-8e88-39dbdb16c7ad,2,1,1,2
cde8cb87-024f-46a7-88da-240a2e72055a,2,1,1,2
883d4c1b-1ca7-3374-c22c-97ccb7f18ff7,2,1,1,2
7704dfdc-c518-4d32-9953-e1d45f1260dd,2,1,1,2
5feff691-1925-4aeb-b5f5-28118bbab4f6,2,1,1,2
718ffcf7-097d-4aac-bbd0-685592c9abba,2,1,1,2
8206c084-89dd-40a5-8f06-26ce3c187802,2,1,1,2
a6b077d8-2ebf-434b-ad54-ea697dc2f0ef,2,1,1,2
e25d584a-4d01-4bb1-a93a-30628004c513,2,1,1,2
a4580d24-23fd-4400-8f2a-4d372c154c6f,2,1,1,2
4f2e40f9-891a-4ebf-b6dc-eaf88f943bbe,2,1,1,2
98001120-ecb1-4094-99b9-2fa7a2ec6b8b,2,1,1,2
9473da0d-e15f-4d2b-8338-024ed0edd37c,2,1,1,2
50d5b148-488f-46c6-997a-47f8ccd1e459,2,1,1,2
bd0e13e3-de82-412b-96ea-f33f25e38da2,2,1,1,2
82efc11a-df6d-54be-36a9-aaed457e3b21,2,1,1,2
831bc658-53cb-46c8-a00a-7f35085c2a0e,2,1,1,2
66555e8c-7f9a-4dca-96cb-d097efdd64ee,2,1,1,2
1ac56e88-1f13-44ef-82dc-69e3f6a0ceed,2,1,1,2
c74286a2-2937-4eda-bfd7-a85b2645aa58,2,1,1,2
2be311dd-6f6a-4ce2-a84b-b730cd2ec403,2,1,1,2
e9dea506-b355-4b71-8d9e-83c0832600a1,2,1,1,2
88f9a27f-0fb8-4423-82fd-6ee20f3ddc57,2,1,1,2
80106dce-2b7c-6ae1-b0df-166a14358fb8,2,1,1,2
8ae269b0-b014-27f5-140f-81d9812143f4,2,1,0,2
1a7c7e93-6c7b-43c7-b018-b87b9f71ff5a,2,1,1,2
56be1bca-1861-49ed-8f6b-c8c7fe15741f,2,1,1,2
705a6e2c-8117-4ca4-8dbd-af5b924cf9d5,2,1,1,2
fd482b8d-0f01-4348-a202-d219257e9849,2,1,1,2
7c7b3d47-ed7a-4a88-b7da-25a4c8f5fd0e,2,1,1,2
e8d6c244-fcec-4628-bba1-329b33b68bf7,2,1,1,2
c00cad61-6f0b-4e4b-8c41-74d328c3378a,2,1,1,2
17b7cbfc-e737-9f08-7fa9-e1e774e8e20f,2,1,0,2
ee06fd90-f383-4914-92bb-d929b0925d31,2,1,1,2
d729bb91-b72a-463f-8fe2-0a0355555029,2,1,1,2
d168d522-ce3f-4864-8020-05e99d9bc27a,2,1,1,2
05674367-a7f9-4de8-bc3f-be6ab5965308,2,1,1,2
4e87f6f9-6af2-406f-84b5-b4e2c05d7d15,2,1,1,2
6e1619d9-146e-4923-a710-78db75a45948,2,1,1,2
ed15f6b4-0b70-482c-ab5b-89da8f557157,2,1,1,2
e2541191-8726-4697-883a-1023ab51b625,2,1,1,2
d28d8d6c-192a-41b3-826a-0019ef3d611b,2,1,1,2
ff68159b-1127-4698-9d09-6241823839de,2,1,1,2
4b1bc07b-fec5-4ec1-b7fd-f0b429ed1997,2,1,1,2
0da0fc7d-cdff-4513-b2f5-494913f13e13,2,1,1,2
a56951f7-d3fc-4d29-b1c4-09666f18cb9e,2,1,1,2
21b05a8a-5258-4b49-b93b-286004883ed8,2,1,0,2
abbee0d7-b754-4c91-8f77-42b388060788,2,1,1,2
b335bb1d-7dc0-4875-9350-2c18cd2d0cfc,2,1,1,2
0f623735-010e-4c83-b114-06340f33fb36,2,1,1,2
761a8b63-0b20-411e-a7d8-0d2851775cf5,2,1,1,2
4116d548-ea13-4c91-8631-46c40155236e,2,1,1,2
f1d5d68c-b334-4dc5-bb23-c08e8cab9466,2,1,1,2
104a505b-c0e9-404c-95eb-6b6e1280bf65,2,1,1,2
ff494ec6-5e01-4beb-8a49-0987002f21fa,2,1,1,2
56d95df9-ae1d-4489-b0d4-1fc58fc592e1,2,1,1,2
b0f8e47d-334f-403d-a980-743a8d855ea6,2,1,1,2
03f63dbb-1482-4e2f-bb17-a68409a224f9,2,1,1,2
9dd9de95-40be-452e-b1bf-9435d816e7f2,2,1,1,2
a8e60451-ccd9-4488-9582-66b888baedbb,2,1,1,2
6049c2e5-2545-4499-9f7f-b5f6f2758a3c,2,1,1,2
a773cd3c-3af4-4a0c-a438-4d5d327d59d3,2,1,1,2
81873aa3-b71f-4837-82c4-10650d960e80,2,1,1,2
3454700a-7490-4ed6-2426-ea61e2fa2b73,2,1,1,2
5cddde28-62e8-4b67-9dc7-3ab85e4c0153,2,1,1,2
337bc372-56f3-493f-8550-38024cc6f8d5,2,1,1,2
7421d4cf-0657-4dd1-899a-a706d8706fb6,2,1,1,2
d9048dee-a023-482e-9e52-1b828e5f5cfe,2,1,1,2
b5256b72-7dc9-4b97-acae-cc0db7ebebd0,2,1,1,2
7a609ffc-c1da-4abb-a628-601fbe7189fb,2,1,1,2
00bc94ea-7164-4b24-8c63-afe04587e580,2,1,1,2
6169176e-917e-4789-ab44-3f77786ca11d,2,1,1,2
75aa841d-fb47-4b1f-9617-f80b50fa7625,2,1,1,2
26dcd926-f467-bfab-63e2-8f1e45c76cae,2,1,1,2
ae039a6c-046c-41fa-a30b-c8fbbf1a46ea,2,1,1,2
b41de8d1-e1d8-4eeb-ab5f-1c95ddb2092a,2,1,1,2
00527190-220e-4119-ab96-5f253fb3e724,2,1,1,2
855c3590-5d24-43f8-a02f-3012fd62ea39,2,1,1,2
b931335d-0894-4bf6-af6e-51466d88bfd4,2,1,1,2
d2bf1b01-8e73-4a48-a86e-b428756498bc,2,1,1,2
24913291-81e7-4b6a-8e68-4ca13239b576,2,1,1,2
9cc294d4-5b39-55ae-0033-919e205b2ea7,2,1,1,2
00f8df82-b017-4c26-b5bc-11ea41e6e681,2,1,1,2
6546d211-670c-49e8-b156-c3930a0672b2,2,1,1,2
c46b9f50-8db2-4d33-aa3a-7f4002e3c49d,2,1,1,2
52e85955-7acb-43d0-b2c6-de140f811133,2,1,1,2
cb7fd4e4-efbe-4971-9218-f32eda76989c,2,1,1,2
d7f6c714-ba94-4039-9642-509bbf0547d3,2,1,1,2
8fb9868e-4c57-4ca6-9d00-99fb9a3293a4,2,1,1,2
e57b335e-8f1f-427b-9cf9-824c2446fa49,2,1,1,2
8101d61a-930a-4934-a809-d7569fc99170,2,1,1,2
58ba3fc7-065f-4928-8b94-6c66947e90bf,2,1,1,2
b5509471-0205-401d-9cb6-b86bc9aa5cfe,2,1,1,2
267cf389-e25f-0a58-7ba5-26bcee1888fe,2,1,1,2
daa5d31c-e7e1-4ddb-839a-b41b3f913864,2,1,1,2
8144a2da-5888-4f7d-bcfe-87907e118ab4,2,1,1,2
805c2849-b6da-42a7-8f24-4023f781ed43,2,1,1,2
7fa70ec0-eb5a-4e02-bf6b-779932468811,2,1,1,2
abafb7e5-6316-41a5-a4b6-5e3c74bc5e1b,2,1,1,2
b87fbb37-52a9-1a6d-10a6-5b35244dc2bf,2,1,1,2
944ac58c-9224-4667-9a30-219e22f618c0,2,1,1,2
fbd137af-db25-456f-b49b-dd4dd68dbb46,2,1,1,2
fb5141e7-7551-4402-b264-579ca7ef4143,2,1,1,2
6708f588-bf2f-45bc-971a-d19a3bec985e,2,1,1,2
4d0a495c-e935-4bae-9081-44a7c30e7c11,2,1,1,2
8a6fc04c-6cfd-4d02-af29-2fc50eaf56ef,2,1,1,2
85c07422-909b-41ce-b353-bc184cb998e2,2,1,1,2
b46b9123-9575-4c8f-b840-c4a0bfd67b14,2,1,1,2
1eb80dfe-ab71-4036-a776-afda5477084f,2,1,0,2
45f215da-bf81-4d05-8fb9-03d1cd2f291c,2,1,1,2
34e52e3a-5139-4c78-b787-c032b6744cf4,2,1,1,2
a2bdc113-1448-407f-b8e3-e265a9643656,2,1,1,2
ef1fc5dc-17a9-488c-b0c9-9b457e5a7a78,2,1,1,2
c61b109a-6323-43b4-8e19-1727383b54be,2,1,1,2
0a797478-0a91-d53d-3003-d900193351d3,2,1,1,2
24396cab-e21c-47af-8714-cfe7b994e808,2,1,1,2
29eb5bd9-7cfc-4084-884d-ca1898a42d9f,2,1,1,2
593787fa-71df-3fce-8e23-a7b6eda0b7fe,2,1,1,2
247f829f-6541-41b2-af3a-aa0dfa109c60,2,1,1,2
8a88018d-9568-4b2e-9563-dcdfe0002965,2,1,1,2
e192103a-31d2-44bc-ba94-2d70ddc14f52,2,1,1,2
9c0abe75-c1dc-49d3-8911-39ac7c75ff88,2,1,1,2
a30e1f98-86ef-4014-bdcc-705e5e5c6c7a,2,1,0,2
369accee-3344-4f45-a7f1-15ea49340568,2,1,1,2
a883ce0f-6b7e-4b9b-97e0-fae3208b2b23,2,1,1,2
c5b1475b-3502-430c-8c4c-33c41342868a,2,1,1,2
2b2032a6-2eb7-49a5-aaee-10ccbbc8ea2c,2,1,1,2
a58a7595-9679-c2b0-1ce9-90feecf57c65,2,1,1,2
4d124449-ab4d-f1a4-683e-a1f2578661dc,2,1,1,2
0c5555ec-10cc-4488-bf3d-dc85b6c25afa,2,1,1,2
7fcd1254-30fb-494b-b0ee-e8b8736586ed,2,1,1,2
f03ecf55-82f1-44f2-b636-51beaed7b468,2,1,1,2
079e1e95-e156-4df4-b1e3-6edbb3ee8dd9,2,1,1,2
68c8f326-b381-a8ca-09f3-bc4a40941b4f,2,1,1,2
0195ef67-668d-4810-9807-a9a623cdcf47,2,1,1,2
9fb8eb77-446e-4e8b-9b00-707df4e0ee72,2,1,1,2
311e8614-a85f-74c2-83d2-b2fe0d751e02,2,1,1,2
53a9ce5a-36d5-4a83-9c77-d2681696d0f9,2,1,1,2
c6c5ff43-7158-49d0-aa2c-781e6075d04d,2,1,1,2
c905c5ac-2dba-4cdc-b2e8-186df5bed424,2,1,1,2
e595f8cc-0ed1-474c-bbb0-8f1877b70488,2,1,1,2
dbe45d12-3a0b-4c72-9d18-12a48f571991,2,1,1,2
008f0430-2a41-4d19-ba67-66d86c2aa874,2,1,1,2
a9ca1925-d102-4009-9f77-452a1fa071cb,2,1,1,2
2684e9f9-693c-4638-88e8-95c0a3ef77a1,2,1,1,2
78ead244-c0c9-49e3-97bc-8de8a286b13a,2,1,1,2
9ae61901-3c0a-4d9e-b063-bfcda1afefc4,2,1,1,2
f4a4cbd9-2cfe-411f-a4d5-30f088c71dc6,2,1,1,2
8c312348-0d8f-4a9b-85a8-72558384b01b,2,1,1,2
d5991750-486e-496f-93f6-4e09643633b5,2,1,1,2
a5138ea8-46d8-4741-b118-c2ab97cdd338,2,1,1,2
fa9c02d2-d02e-41c1-813f-5c943a959286,2,1,1,2
a4480ebe-b010-42d1-8e65-fc8d8854d887,2,1,1,2
4a05113f-8ca1-f350-40a5-82048a05baf7,2,1,1,2
a79129f9-cc84-469d-be75-f7e1a043a8dc,2,1,1,2
d98debef-39d1-df1e-43b4-9f03f1d450a7,2,1,1,2
4db220b5-422c-4141-949f-f0242aaaca91,2,1,1,2
3affc45b-686b-437e-a384-d959d55d92b7,2,1,1,2
63f79608-153b-457b-96f8-868c32db8fcb,2,1,1,2
3a55ba89-efb5-4c89-9ccb-25389ba95e17,2,1,1,2
0686dcfc-8f49-4e14-b1f6-fc977f1119a5,2,1,1,2
43260ceb-d588-468a-b711-69d4afc3aa3f,2,1,1,2
ecaa3083-7077-4d36-8c20-3eec3bfe2a11,2,1,1,2
a9d31b2d-ab16-48a3-884a-64b95fbeee64,2,1,1,2
1e38faad-fef7-4bf6-98fe-6fdb796ab4d7,2,1,1,2
138608e2-8620-44cf-9fdf-7629e831fdc3,2,1,1,2
d886ef7a-7b8e-a0aa-c8e7-1ea42cf947c6,2,1,1,2
53ca9cdd-e992-4c06-8fe0-15d30eaa445e,2,1,1,2
cd6a8cba-de46-4a84-b805-7edad0374271,2,1,1,2
0a82b457-ef51-4fcc-b4e5-c861aff55ea0,2,1,1,2
a2e1b60d-f89d-4bd0-822d-f38c0ca11e34,2,1,1,2
dae46bcf-a5ba-42a4-b3d2-f5b4cec1dc17,2,1,1,2
ae510054-4abc-4cf3-aa12-aa67c82564b9,2,1,1,2
1afff3dc-3ff1-46ad-9ad5-d13ca96af176,2,1,1,2
273198f2-2f80-4e55-8283-42c1819e9274,2,1,1,2
905fc3de-7256-48c2-9612-363b2525b644,2,1,1,2
a88fec29-f36d-4929-a738-4f2318562b65,2,1,1,2
24d08c68-200a-4ab7-bb31-8fd7c26a3cdc,2,1,1,2
b0c642f3-6f00-43ff-9d97-800122ac4831,2,1,1,2
dd014137-93dd-a009-9502-293edd40934e,2,1,1,2
595c8f33-12a7-4ee5-b4ae-53124891e0b7,2,1,1,2
fd8ef1df-f63f-4b6a-b3cb-90c3e3579636,2,1,1,2
e1f3ffd1-89ee-4a28-9100-889e25ade38c,2,1,1,2
d16a3a4e-db8a-45b9-b01b-28a43127ec6a,2,1,1,2
64df1fa3-8c83-455e-a5cf-2a193c721776,2,1,1,2
df948a3a-c057-4e2a-80b8-63e9856e8b52,2,1,1,2
55255031-a700-4082-81bb-e3b4038abc58,2,1,1,2
7976d835-39f9-1dbd-3763-dc65114cb04b,2,1,1,2
627773f1-c812-4d13-9fd0-7d84769ba8fd,2,1,1,2
91a0bb13-a107-4bf3-9f10-b23dbd2f25b1,2,1,1,2
f05d43c4-3d2d-878b-78ca-308e053f173c,2,1,1,2
046cf8f4-56f5-4baa-9b3c-621e0e32e27d,2,1,1,2
9518db73-a57f-439c-a632-d821fd64cfce,2,1,1,2
c97c852a-ae42-48f7-9818-ff15da46f31d,2,1,1,2
365beb43-f8f6-4bf7-94f4-e3d0cd91fdb1,2,1,1,2
29ea448b-58c6-428c-8a94-1a7d58bb48bd,2,1,1,2
680e000d-f8f5-44eb-861a-21bdf7e5a4dc,2,1,1,2
a3819753-34b2-42f7-ab6d-c07fc54e60f8,2,1,1,2
d38f9127-e9a6-4b36-976c-37bc5b04c830,2,1,1,2
a7f136d7-fb86-48ea-8ac5-7dbe7f67500b,2,1,1,2
e0fd1462-58ec-42b4-b77e-63daf5c07438,2,1,1,2
aa9707bd-e9f8-074d-c899-221014cb03bd,2,1,1,2
d4691629-078d-4afd-a16a-f22488474357,2,1,1,2
b1d480ed-271a-4de3-a9cd-fd4aadb0473b,2,1,1,2
a0fe45c9-e990-4d52-88d2-a31678c2ab07,2,1,1,2
a222a2cf-8a65-8754-d988-09c3506d94b9,2,1,1,2
c11a4af4-116f-44e3-87dd-f159291e0261,2,1,1,2
c15a9a3e-0fba-a6ec-5caa-89b03f2febcb,2,1,1,2
aeb6ec69-3830-41fb-b5df-ae062d306dda,2,1,1,2
b545e309-de1b-44c8-ba16-58c7bd97bbeb,2,1,1,2
0bffebe3-1514-45ec-beb2-ce07caa8c546,2,1,1,2
686a3cf7-f112-493b-8c93-53d2dee78515,2,1,1,2
362dda9f-e489-43ce-9b08-8fb58609fbc3,2,1,1,2
05b864b2-2c2e-4082-8510-433d2367e0ae,2,1,1,2
98d80dfb-1e58-4590-9bb4-a4fd9fef45f4,2,1,1,2
f7d4879e-25bd-4144-964d-f18a99958776,2,1,1,2
0d162e01-4bbf-4024-a3f0-f3cc4e74233e,2,1,1,2
8fb31192-eb6f-4409-ab50-036cf750b8a7,2,1,1,2
4601258e-2db2-441d-934a-7ff712359f53,2,1,1,2
b38d770f-6642-4742-ac4a-d85fecaa336e,2,1,1,2
605704da-b930-41b2-8b91-f565e897c093,2,1,1,2
c775cd02-de22-476c-b730-4babb313ad3d,2,1,1,2
49fbed74-b237-1735-9c4c-d56cab829956,2,1,0,2
702a8305-f379-41ad-928b-e286ba2ec641,2,1,1,2
f22ce866-3d30-3e85-3b44-701e5238a831,2,1,1,2
354e290e-ae3f-442b-b7dd-c49dd33c1e7c,2,1,1,2
f55c3412-d378-464a-b22f-9026d8e55471,2,1,1,2
ef0f5085-e85d-41e9-be5a-57a0a65f7d6c,2,1,1,2
76e72f67-13af-482a-82bc-d1e93f34f5a2,2,1,1,2
90e7c348-bf8f-40ba-87a3-9f1165dbe5b9,2,1,1,2
94c3b2ef-097d-903c-b4d7-c9d295616454,2,1,1,2
a462d2ac-6100-4c01-8b9b-a834126e8e76,2,1,1,2
90219631-e32d-4078-9ce3-ab4bef53b990,2,1,1,2
c249a992-36c5-422e-a844-c4692d4b8833,2,1,1,2
6332bb51-7e06-4836-bcbb-0842efc0a9a4,2,1,1,2
74b6ef06-2b53-4caa-b799-e4905ea5cf7e,2,1,1,2
425cc4e8-b3ca-4ce0-bca4-b108c65ece27,2,1,1,2
1ea8857a-9f13-4d17-a500-febc9c06262e,2,1,1,2
ea2ba7fb-9b71-470a-9c4c-b643a4a3827c,2,1,1,2
89571cb2-2b61-4c61-b3cd-fc4411d320de,2,1,1,2
f01150f5-694a-458f-8dca-6fde69895382,2,1,1,2
cfc5013a-c37c-4d88-a47e-cc4666aa0744,2,1,1,2
b2b04bc4-b9a0-4493-be27-825c133f6e31,2,1,1,2
83d5db26-ade3-4944-84bd-9d6435b3d79e,2,1,1,2
00f3bc49-170e-4df4-91eb-2eb9745b54e2,2,1,1,2
c78e87ef-d931-40c7-b7af-205c65716e6c,2,1,1,2
a772e56d-e0f3-4673-839d-5119c9f16737,2,1,1,2
0245b635-8cc9-4cba-8e2c-26c3e0030b21,2,1,0,2
d748cce5-6f02-4af2-af6a-bcb7a60e19b2,2,1,1,2
dc73d83d-7a7e-4c6c-8277-0027a0a34a21,2,1,1,2
1e856fb3-6e77-495f-9a54-d96a7c2afbdc,2,1,1,2
b1a833fb-e11f-4c8b-b9bc-48ec7e40cbf4,2,1,1,2
4d2bf01f-25b4-405f-8bfb-744d1862faa8,2,1,1,2
0eec9a57-5e9b-4c9f-9260-afd7cb015d70,2,1,1,2
ed9e6e97-031c-4828-86d4-63fec082073c,2,1,1,2
27ac4e50-6d02-413d-8921-889a13e5b738,2,1,1,2
300a3f78-80a7-4a5c-b7ee-513d8c4f5986,2,1,1,2
ea593de4-5271-470b-9a41-c2e4fa54557b,2,1,1,2
72bdea80-0e08-1e75-c19f-15b7bb3232a1,2,1,1,2
5e1976c6-6385-4df2-aa8b-8d4da644deef,2,1,1,2
b90eafef-d1a7-4483-99b9-c0d12c2073f2,2,1,1,2
e94a439c-d48c-4e7e-bba6-a8b809401b3d,2,1,1,2
0499851a-8bec-49fb-a2b1-ec282ad54393,2,1,1,2
fde2b895-c68e-4e0b-af7e-67b785c40247,2,1,1,2
3f39aa12-b140-48b0-b2c0-eb0250633192,2,1,1,2
5434e9fc-82f5-4b1c-a276-634bc9705d3d,2,1,1,2
41cd2146-ffeb-418f-a7f5-4c095c2c83da,2,1,1,2
f4a2ed46-dc29-4869-aa94-deea51303ea3,2,1,1,2
7fa83b04-54ba-40ad-b908-016ba18ef977,2,1,1,2
22073ec5-0765-49ca-a273-1feb191bca20,2,1,1,2
dbcd45d4-8404-40c4-a813-cd19a1e1f825,2,1,1,2
d34c70e4-9d54-4663-a96d-c57d4c2f66ba,2,1,1,2
c2ada7f5-6f4f-40ff-9abc-03c522a23599,2,1,1,2
ad508738-ecb0-4156-8911-7946ba559ba1,2,1,1,2
1e948a35-9496-4e33-8c1e-5bc204caa028,2,1,1,2
d84cad1a-7ed8-4446-a1ef-07d86d98e9a4,2,1,1,2
16487ede-1d39-428a-98d5-f9a3001c0f7e,2,1,1,2
ea004911-6840-4a0f-adc9-e5143cf177ed,2,1,1,2
4876fbb8-a8fa-4bfa-8991-baa88df307da,2,1,1,2
aebebddf-ad72-461c-ab1c-c25f46fa85d7,2,1,1,2
d146f199-7735-4d33-abdc-f3ad5f50b8c0,2,1,1,2
d39280d4-a0b3-4200-a23f-3475a6a60039,2,1,1,2
c56203e5-31ab-495f-b2a9-95843e62bd55,2,1,1,2
f2c4dd60-d3f7-4e4e-be7f-46bb9a0eb887,2,1,1,2
e050e0ba-782f-4d0c-a063-c1d9c710339a,2,1,1,2
5809e6b6-2a68-49f2-babc-dda92b818da9,2,1,1,2
17f8fb06-2043-4602-9a65-75edefa7aebf,2,1,1,2
b358ca93-f6c9-4108-b697-74fe4be2f67b,2,1,0,2
f79eac06-7c18-4b55-8b97-525bae9880a0,2,1,1,2
b8bd8da3-b2ad-4054-86ad-7a53c9e15ffb,2,1,1,2
ac973438-e645-4643-8d58-ac07c24e016e,2,1,1,2
5e84e2c2-a5da-4c51-bfd5-8d810da448cf,2,1,1,2
92f82ea4-a321-1fde-5947-7c47bc33e208,2,1,1,2
a45d97d8-0ee4-45e0-8448-244b253d8645,2,1,1,2
25adb167-3514-4318-bd44-d5a770f3487a,2,1,1,2
d6a88c2d-ee4d-43b3-90a1-31597e573b58,2,1,1,2
a79570b6-a846-4595-b015-492d96d2735b,2,1,1,2
d06afdd8-94c8-4ebc-a3c5-4837dd0b7104,2,1,1,2
8a0334d5-5836-4f80-a5ec-da3ef27d904a,2,1,1,2
40a0df33-7cc6-4b19-9556-52024ebba3d8,2,1,1,2
8136cace-d528-4cc1-b636-156d415bb29f,2,1,1,2
cd12ebda-4a46-409d-9e05-b8208ac1232c,2,1,1,2
b029b54d-a2dd-47e3-a904-4e412dcd316c,2,1,1,2
956d643e-c46b-43a5-a1f5-0a1b47e5ea29,2,1,1,2
00c07bdf-0571-4fbb-bf22-07bd9f84ce2b,2,1,1,2
223a1c9b-d619-a22e-5b86-d7959cf8bfb3,2,1,0,2
6b1723d5-2711-4c95-af26-796dabd6111f,2,1,1,2
34c244d6-277a-414d-a42a-c53e8a7a4db2,2,1,1,2
3cdd24bb-09cf-4e16-958d-915c56c5795b,2,1,1,2
4f758fe6-03c5-4afe-8147-5f23472240b1,2,1,1,2
34cd9148-9952-4c01-8b07-80984d20130c,2,1,1,2
1d673f28-08d5-418e-90c5-973333aba943,2,1,1,2
f4607c0a-d2fc-4b74-ac5c-7210586e133d,2,1,1,2
7b35e70c-2e2f-45ff-acd0-57954976f89f,2,1,1,2
1ae51d93-e5c8-4596-a40f-80625d2c4f3b,2,1,1,2
78722b1a-2e2b-46ff-a169-768897e84058,2,1,1,2
be71d4aa-7359-4e15-a679-f0f0e9a499ee,2,1,1,2
c8856fae-fcb6-4f0a-983e-e6f523f65298,2,1,1,2
1df637ce-18cb-01e5-af31-1cbed83fe336,2,1,1,2
d86f4b58-7773-4c28-b06a-af4143d9b7af,2,1,1,2
2b6101f3-dae3-4010-b0f0-1d219a8dcd12,2,1,1,2
b00295a0-fdad-42bc-95ab-c6e5fb5be8fe,2,1,1,2
edbe714e-84ac-48c4-8036-5daf940ae9a4,2,1,1,2
ae4cdc01-c703-e483-77b3-f1fac954f8b7,2,1,1,2
79f9d10c-578e-49f6-984f-af9f9b136e42,2,1,1,2
6a511a5e-8552-49d3-976a-65fad218b6bc,2,1,1,2
595118d6-37ac-adcc-a7a4-c2952d949fd5,2,1,1,2
0a93ffff-e0a2-4a33-82f2-1b8dc441ba14,2,1,1,2
4d49abab-8f0c-47d5-bda6-ac8b5785548c,2,1,1,2
8e4894ff-8c94-56f8-69aa-cb362ac2511f,2,1,1,2
b91fcf71-bc7e-4098-81d1-6a3f2d8571ed,2,1,1,2
fdfaf2a6-c161-44f6-a7ff-0c03a222ca23,2,1,1,2
458b60e3-1109-435c-b9b9-dc24aadd0861,2,1,1,2
706c5c3f-0ba9-4864-8c66-93929a507ea8,2,1,0,2
3350edd9-11a4-4306-aa00-df80a328371e,2,1,1,2
12bbe79d-56d2-4e83-8042-30f8083138ec,2,1,0,2
3de88b26-745f-41c3-a625-e82cc4be9556,2,1,1,2
cd4e73cf-3cde-41ac-862c-96a816ba7348,2,1,1,2
ffc80abf-8d7c-406d-83a8-1c26cea5d864,2,1,1,2
27c30924-b4ad-425c-8ccb-48566880a2fd,2,1,1,2
0127807d-ea57-4f51-93d9-c30d63caea47,2,1,1,2
07840383-f822-4c09-b618-5d8698e028e2,2,1,1,2
fe3f055c-beba-42f0-b08e-dd9c23979782,2,1,1,2
41823183-a982-4cae-a2ef-188be055431a,2,1,1,2
41de0923-4a22-45a8-a78a-1515e12d3551,2,1,1,2
0db5dd5f-7859-46bd-a42e-bbc7a596d6b4,2,1,1,2
25a05db4-1fb4-4c2e-a456-4246bad80020,2,1,1,2
08e29886-fc5a-42b2-82aa-14f06226e520,2,1,1,2
2b2a4390-03d6-42e0-a948-84ecfeedd70f,2,1,1,2
01786f3f-b9e0-4d05-87f8-722de116e075,2,1,1,2
ef907f4c-9608-4923-82e4-48779df85d20,2,1,1,2
f1442fe8-c305-d956-6451-3bc4fe943325,2,1,1,2
dd13456f-58a9-ffce-4d63-12c5e2c7ccdf,2,1,1,2
b2ab9dc4-ac5a-4108-826d-64d44f05bf42,2,1,1,2
0048ac6a-1194-421c-96e4-290726080e44,2,1,1,2
30880e15-d117-431d-970f-4626ebd63534,2,1,1,2
6f79e222-a371-4120-be6d-67388bae0744,2,1,1,2
b2361911-6edf-4fd7-86d3-f79319015ed5,2,1,1,2
ea516c1f-af06-4a85-a1e4-c26bae7dc815,2,1,1,2
214ff3c9-91c0-40b1-ac5d-1eafe476ea66,2,1,1,2
a5af42eb-65b0-46cc-bb95-a7a6eb5e078e,2,1,1,2
8b271dd5-4b0d-48df-be40-768b3d7dc027,2,1,1,2
2812441d-692c-84b5-6c1c-24f10467a85b,2,1,1,2
482839e7-2f1a-4da5-a959-3b933310c5b8,2,1,1,2
dad70cf7-7b7f-4f3c-a5a9-689a3eca9729,2,1,0,2
fd42d560-3a57-406a-b6db-85527817ec2a,2,1,1,2
2460adc2-01e4-4c09-b03b-aa5d82677154,2,1,1,2
572b2beb-6c54-4667-bafe-48e936f0b624,2,1,1,2
0f958f82-2d25-429e-aab3-21e91563c13f,2,1,1,2
5ba931f7-dc3d-4fac-baf0-ea70e110a680,2,1,1,2
1e0fdae0-1c29-4a00-b733-99afa25f7a1f,2,1,1,2
1ec1de5b-3b2d-4c2a-b84c-05582b119a6b,2,1,1,2
ffac4016-0251-4375-a08c-6bf40339c1ef,2,1,1,2
07f675d0-2c3b-4f07-bdc3-aab023a85a58,2,1,1,2
2da5be0b-4fb2-472a-a98d-4c563fed7a6a,2,1,1,2
51a60a6c-c440-40db-b454-4094bfee4007,2,1,1,2
3e321593-ff14-4cdf-8833-484e26d6966d,2,1,1,2
cffdee1c-b04a-6809-e558-55d5be7ae9ea,2,1,1,2
9d3ac070-8f5b-4289-9f47-0e60748069da,2,1,1,2
b375c620-8a2d-9de1-eaec-37098e5cf4c4,2,1,1,2
8b990aed-603f-7b6e-f7de-2b65f72c4db3,2,1,1,2
9dabdeb3-e679-4301-9269-548a772f725c,2,1,1,2
fdb4e01b-bf76-4fde-84c7-aa5bdb052d30,2,1,1,2
f27a1a9a-a281-4ec9-a8a6-66ab66f8dfda,2,1,1,2
9d1d3418-2214-4556-a46e-4d0141ef3363,2,1,1,2
caeed58c-b110-4d68-8745-000d771bf2bb,2,1,1,2
72e61cba-5949-4c4a-bdef-b3c346217dc9,2,1,1,2
d0cbfe1d-176d-4cea-8f6e-793c6a61ce62,2,1,1,2
560e6e63-f22d-4126-82f2-1fa24dadc4bf,2,1,1,2
7b4852be-dc32-4b52-a9c1-800632c36823,2,1,1,2
6374eb3b-5dbf-4410-afe0-1f832044d330,2,1,1,2
ecbf6af9-732f-4767-aef5-d259bdebf742,2,1,1,2
8281481f-8565-4a02-bdf0-550b2d8e5e41,2,1,1,2
b629b38c-214a-415b-86a6-2bff2548ebf2,2,1,1,2
703f6e4e-0e3d-4781-9350-fb9ba73a601c,2,1,1,2
1652bed6-0d01-4fba-baa5-49ac78eaab39,2,1,1,2
00f7d60e-5659-430b-a715-2631e05f1bcf,2,1,1,2
c9926624-9582-bafe-98d6-0915512a9335,2,1,0,2
26f9dfe6-6119-4188-aca5-b4e887131c9c,2,1,1,2
cb9d2ec4-ca30-4750-a9b6-dd4663caba83,2,1,1,2
36256864-82da-4ace-9f91-67d60e2ec7c3,2,1,1,2
7dde9a92-0185-4abf-a0c0-274ba73ee5c2,2,1,1,2
44d17582-b3f2-4f9c-a339-07d954715805,2,1,1,2
cac47430-f4a3-4418-bd0e-87a190a31136,2,1,1,2
7a83ca7d-33df-4d00-86af-f02ee7616ada,2,1,1,2
8b5caa67-04b8-48bc-a3d4-956ae68e6619,2,1,1,2
6705a13b-eabb-4c09-9db3-9c761db98435,2,1,1,2
5033ebc0-0f81-4a95-b120-7e7613290650,2,1,0,2
b45a1475-3fc8-4c3f-b83c-ef0e383cf890,2,1,1,2
8ba3dc3a-7dbb-4f71-9d4f-7900759e798b,2,1,1,2
c5a74e8a-d437-4145-92d1-eb31cddab5c1,2,1,1,2
cc7298ac-a694-4f7b-97f9-ad4a5b303313,2,1,1,2
44c1d1c8-72b5-447c-a927-40b11e41b68b,2,1,1,2
4bd95c9f-7714-4c28-9313-09e496611fdf,2,1,1,2
95787162-785e-41a5-b1f9-c38907396c9f,2,1,1,2
fd5b066e-d631-4e98-8ba1-3ad0c238aecf,2,1,1,2
f4e1684c-8680-402b-ae0a-9b35461af5de,2,1,1,2
b312c694-99e9-4426-a361-7acebf2eeee8,2,1,1,2
c0b3ce35-d42f-42ef-8afb-c01ca4de8d85,2,1,1,2
01dbef39-bca3-4144-80b6-97f27917dffa,2,1,1,2
30549058-5f0d-e8fb-f5c4-e006886c9d26,2,1,1,2
d5826377-64d8-4f2e-8be8-aefa26399231,2,1,1,2
17fc8e07-a333-4cd5-bdd5-ba20d6c2e155,2,1,1,2
663ff2bf-f51d-d084-d509-987cec46420f,2,1,1,2
acc4ae77-793b-4cdf-bcaa-37720875e4b5,2,1,0,2
cc46bc5b-d72f-4a3b-9a5c-faf4dad0ea57,2,1,1,2
550b0243-a13a-4868-becd-0e41171731c5,2,1,1,2
13567b98-1dc7-486e-95e4-550c83b1dcca,2,1,1,2
24562be6-3c31-3559-1d69-88aea2adac50,2,1,1,2
7dfebdd1-7798-4917-95aa-c6b40d0487f2,2,1,1,2
a2c4c836-81e8-41ff-8966-a9b891fb08a1,2,1,1,2
498ab658-4f1b-41fa-84c5-073b277c997a,2,1,1,2
d1ced4ec-4282-4c1b-8205-d6a98577258e,2,1,1,2
56e6c7ba-1178-4db4-b6cd-ba78934a89f2,2,1,1,2
3eda6314-e4fb-4dd6-b218-17fa76e6e5f6,2,1,1,2
d6ef1883-31de-893f-9022-e60728cafb87,2,1,1,2
49915512-3226-4e56-947d-7f676d57d921,2,1,1,2
1e10c45e-202f-41a2-b152-8671fd2e236e,2,1,1,2
69b22253-0860-4297-8cdf-0a59ef324bfd,2,1,1,2
469bab80-48f1-492c-8d60-c7eeced53c00,2,1,1,2
4ecc310d-4f56-9462-2cfc-0234293fb15d,2,1,0,2
777a992a-c4eb-48ba-8fd1-e545fb404bd7,2,1,1,2
951d9ba2-3975-4727-abc7-c31b4dc1c06c,2,1,1,2
1806602a-afb3-41dd-967b-814df762d08c,2,1,1,2
8e82c0be-f70c-46e3-aa61-7680d0b490be,2,1,1,2
7a10452c-3e79-4721-a1e2-0e5acb997743,2,1,1,2
55aa767e-eb0a-4fea-88de-4744e26ec3a0,2,1,1,2
f69c44af-0e62-f111-664f-0014ac4ef4fe,2,1,1,2
c7480a82-70ed-0ee9-55c8-ef76a5fb87b5,2,1,1,2
5843342a-663e-498f-bb9f-dfbabb457b53,2,1,1,2
26a2d5bb-2260-4db8-9ea1-ee5f4ee9567a,2,1,1,2
a858e4d2-426c-4848-a11a-83efa0b815f5,2,1,1,2
bc71bd41-fbcb-4ebe-bd93-14cc34661e1b,2,1,1,2
0706ed99-063a-4249-8fe8-646243d21757,2,1,1,2
fe007761-6c10-49ac-8c79-767106ede8a3,2,1,1,2
045503e7-6a6d-40a5-b398-0133d78c662e,2,1,1,2
a5b2a143-8827-4ff5-8bf0-0a9d55d77cd5,2,1,1,2
db01c5a7-58d2-437a-aeb0-25aa4bd881fe,2,1,1,2
3c0e4767-92c7-c851-06fa-ceddae757d60,2,1,0,2
864ac2b3-693c-4081-8232-b8136fc45ecc,2,1,1,2
244f5196-1261-49aa-9082-162e17b82566,2,1,1,2
487f4770-36cc-474e-9213-b877bfdbfda5,2,1,1,2
e6b019c8-d975-4176-a28a-d87b70299925,2,1,1,2
647c44ab-4548-4701-8871-f85e1b98680b,2,1,1,2
bb392c79-d05c-491b-a97e-9495a901bfdf,2,1,1,2
02529105-73ae-4948-b6e2-64114900e198,2,1,1,2
3286cafa-05f4-4657-bec2-1b0c3d49b732,2,1,1,2
bbdae641-dd2b-466b-9043-532c44ccd566,2,1,1,2
7c40c80a-78a2-4add-8583-fdd9ccc9ac65,2,1,1,2
292f7122-29ff-417a-919a-c9c2a086a40c,2,1,1,2
33b28eea-d228-4fb1-9d0a-1a1454fad8ff,2,1,1,2
90dd427e-e1df-4858-addf-cccfdbee4322,2,1,1,2
ee843545-ee07-4d35-8764-f04be79295a3,2,1,1,2
274e5a43-bd5d-490b-9d21-89a65c7931ce,2,1,1,2
04a9293c-f6f9-4343-8bc1-2d2f9e331d2b,2,1,1,2
769ff103-d5aa-4f0b-95f8-33cf29ba033b,2,1,1,2
fdc80ec2-ffa2-4b19-ab4c-a806f86e759f,2,1,1,2
3654bc4c-85de-4344-9f34-5b5ea1232a2b,2,1,1,2
1aa29ebf-368a-4f4d-89f3-ff0418c7dc71,2,1,1,2
76903b82-079a-4c87-9518-9f9893b5ba87,2,1,1,2
7b867979-a224-4863-ad46-f38fc0669005,2,1,1,2
5bcd1e4b-bd9b-43cd-89de-36da56f3e659,2,1,1,2
4b72637f-4348-4507-bb67-41d78b0d8634,2,1,1,2
5378cd52-0f34-4a84-8f89-15eb1414d915,2,1,1,2
c5545bc8-59c4-4356-9240-5979ceb36dfd,2,1,1,2
356db037-8711-454a-a13d-5915c405074d,2,1,1,2
afe75f69-f549-4f04-a48a-c87a99b6f32a,2,1,1,2
98ba22fc-5ba0-41f0-ab5c-7b93097b5bc7,2,1,1,2
a2a87dba-272f-4207-8632-1cdb0de9e469,2,1,1,2
f19ecb7a-594f-446a-b822-2abcc9dd7ac0,2,1,1,2
cc443189-f43e-4a28-9b3d-d390eeb0e9aa,2,1,1,2
9644c4fa-e779-4637-aa51-319b7765a4c5,2,1,1,2
dc54f92a-41d1-4222-8ef2-2379bdc42e64,2,1,1,2
358ad9cb-c3c2-4dc3-9492-cbc47909a0bf,2,1,1,2
1dac28ca-58cb-4a0a-afa1-7e18a47fc55b,2,1,1,2
e2ff8ea8-6d87-48bf-87dd-03d4951dda2c,2,1,1,2
b246b048-784f-4b78-938b-eb824cca251b,2,1,1,2
530cb449-c812-476f-bc1d-0966224dc2d5,2,1,1,2
9adf1a3f-97af-4227-8adc-a6a3e10fa698,2,1,1,2
ffa177b5-51a2-4db0-9c24-caccaa429ae5,2,1,1,2
ec861866-e2a0-4c74-8630-0c83e9273885,2,1,1,2
9d96598a-4350-4d66-ace2-c8743d6103e0,2,1,1,2
3606b14c-1cbb-4618-8115-a63a5f814a7f,2,1,1,2
68d49e86-f9d6-40cc-801a-47ec0f7298b0,2,1,1,2
7e67a8bb-ee91-4a1a-b5eb-6218f84648d0,2,1,1,2
8cb23d9f-b9ce-4b11-b82c-c2e5f3dad6ec,2,1,1,2
8e49ee1c-8493-4c4e-b685-882e663d7bb0,2,1,1,2
eae2df44-f2b8-40ca-a39e-200d9c77acb2,2,1,1,2
30c6ad1d-d026-4a2d-acf6-e700bc5357be,2,1,1,2
1ccbba3f-6515-e19d-0965-edbcdb41f50a,2,1,1,2
36393d68-2cae-4c64-8403-b3d5a89832b6,2,1,1,2
71a01433-77da-4b33-a438-968a1513cda7,2,1,1,2
501eae20-8238-4ec7-804c-0eb0af17faaa,2,1,1,2
5f6dc92e-c01e-450d-be7e-a350a45232f3,2,1,1,2
ab371a38-0a6d-4121-8957-9c8df2cefee3,2,1,1,2
db673d03-1acb-455f-83c1-c9c50c610632,2,1,1,2
4b54e6ab-55ce-46e4-80a1-17ddc2ff968d,2,1,1,2
30c1e5be-1ea9-461e-8ced-50ca0238e20d,2,1,1,2
2d6f6142-7d29-4e85-9420-7fac9109359d,2,1,1,2
aca65316-0b25-444e-849a-5513bb654f00,2,1,1,2
739ae6c9-a5d7-40c2-8f21-d045a40aac11,2,1,1,2
0d874361-74d6-4ec3-a3a0-ac0a0db6324a,2,1,1,2
ccc0edf4-62eb-421a-8dec-e8b75a5fad5d,2,1,1,2
700ee7bd-7d9b-4f3c-b358-b688731d7eab,2,1,1,2
dd496e2c-796e-4dff-94d8-8152e83ab56b,2,1,1,2
30fbb541-d032-47db-ba0c-d9e6796c573a,2,1,1,2
08edbf53-0c2b-4769-84ed-d91c81e68cda,2,1,1,2
67e629c9-c51e-42fc-ac69-0583ad73c2f9,2,1,1,2
b41ebdc2-cecd-4cb5-8c92-5523a796198c,2,1,1,2
7ffdea60-2fb6-4a77-b01d-cd97bd89f1fc,2,1,1,2
dff9421c-944b-4c22-abca-b92785d6699f,2,1,1,2
b5990cdd-479c-4a7e-b6ea-52fdab62b451,2,1,0,2
8b4a23bf-eec8-e479-40ad-cc30653b5be4,2,1,1,2
460d3b36-199d-4027-a2a0-900bb73584d5,2,1,1,2
d3211504-9ea9-4361-b9aa-965df55b28a9,2,1,1,2
146c1386-dc24-49fa-b8ee-62cce5410f55,2,1,1,2
e61e99d2-6da7-421d-966b-a29787474b18,2,1,1,2
6d589837-6b02-49a2-a494-c2d7c5d0b2fb,2,1,1,2
14d5d4c4-f344-457d-9121-82887ecf1f35,2,1,1,2
3b57063b-9888-47bb-b8a0-1d8d268a06de,2,1,1,2
3f2725a7-b94e-4fd7-aa5f-0117afb63795,2,1,1,2
e7e9cec8-2716-4323-bf3c-c959b999c157,2,1,1,2
112f48d6-ce36-fa96-be04-23d7f4ab41fc,2,1,1,2
d95d06e0-14b0-43b1-943f-01390435ebdf,2,1,1,2
5a137677-4bed-4d12-8292-26963e85f233,2,1,0,2
b6037696-42a3-42db-8505-9de94b4d1e32,2,1,1,2
8b31f1eb-725f-498f-b469-b81358e5acdc,2,1,1,2
99fde797-2490-4b67-a41f-2b7ce8dd81ad,2,1,1,2
4a0066d1-5c66-471e-bb99-9c574a7c68eb,2,1,1,2
ec4d9c03-bc8c-4421-86c6-bd98010bbfa8,2,1,1,2
e515a2bb-e73c-43bb-bb52-7a9c85a87fb3,2,1,1,2
9b1eea42-15b0-4d4d-8ca9-8da60241fb54,2,1,1,2
28e9f5e2-5d84-4202-8ca2-be8b6d5caba5,2,1,1,2
9bc1e51e-aada-4b2a-a14c-305575b93c00,2,1,1,2
cdce8e8f-9a3e-41db-8194-6574fde38af2,2,1,1,2
1b09d109-ee8d-4398-b1ef-5b481d64b992,2,1,1,2
4ed0de9f-fd0c-4ada-b4a7-ee2e5fa915bd,2,1,1,2
40ca091e-cef8-41b4-b85c-4702c8f90fbb,2,1,1,2
45aac71b-d1f4-4a94-9ab2-630dfa3b09a7,2,1,1,2
c85a01df-217c-4c1c-a6aa-d878b5fcc06e,2,1,1,2
fa7eacd2-0baf-4123-ade9-ace39ab86207,2,1,1,2
863906ba-72c1-41b1-b627-302c3913380d,2,1,1,2
2e2c62bd-7b89-4451-9b1b-8b7d90e5a86f,2,1,1,2
61a9ebe7-1fcd-440c-a422-d90064cd39cb,2,1,1,2
855bc127-40fa-4ca5-b724-b46605486029,2,1,1,2
22599caf-bd07-4180-bfdb-61a997ed4468,2,1,1,2
dde32385-4c48-402c-bfb8-156b03f4e975,2,1,1,2
042bc4d7-7d22-4d29-9b86-e7000a1a9907,2,1,1,2
3581b265-d411-400c-8212-365eaa19ae0b,2,1,1,2
0d9559c4-6afa-4df7-a93d-2514e159f079,2,1,1,2
5e0191f9-7af0-49d8-82f7-571b026f2913,2,1,1,2
039e0fc5-b85a-4b6f-a1eb-e45b25c011f4,2,1,1,2
786dc8ec-c001-e859-508c-0817557b6e1d,2,1,1,2
cbe3f92a-58a3-2df7-3fe0-07cdcfdcd1fe,2,1,1,2
48cf258e-e518-48a6-a346-f26ef8822a87,2,1,1,2
c8999db3-9268-4fae-a460-30d57b7e00f1,2,1,1,2
26dd2500-48a2-4142-8195-ec58fda31553,2,1,1,2
e2cc25a4-4aef-0b69-4ecd-3d20eff5c761,2,1,1,2
9046aa3c-94c3-4b61-9562-4ae9a4fb9304,2,1,1,2
f2c32e27-944e-4e7f-a06d-ad4f334f5be1,2,1,1,2
0e7fb52a-7b19-454b-ad92-37f371c5c0cc,2,1,1,2
93fe20af-19a4-84b5-3917-cfac096f7c71,2,1,1,2
d8c664e4-f72d-47b9-805c-5da7fb801701,2,1,1,2
aa8f9df5-f58f-3ec9-aa4e-9d535a0bb4b3,2,1,1,2
bc29cf07-f87d-4728-b25a-d359f1b79e8e,2,1,1,2
27dc1efd-976b-4257-94f1-340ae93ec01a,2,1,1,2
b297e6c4-4c9d-d864-ecfa-c618d7740ccc,2,1,0,2
21d1fbef-46f9-7667-d35b-3cf864344059,2,1,1,2
72f938a1-2c9d-436b-9850-fb30fa78f4b1,2,1,1,2
7a0ed104-a3ab-4313-a027-b0cbffc08536,2,1,1,2
a6feff53-e3e6-4b6e-9acc-77cd52275668,2,1,1,2
fff2b067-a0a1-4c81-bca8-d0039ccb5192,2,1,1,2
13d179c0-af4b-4ccf-bb00-46268e3f6dfa,2,1,1,2
cabf6a9f-bbad-4b2a-b73d-bb8df2eb6534,2,1,1,2
d5a9dc64-1cdf-4861-bef0-72f8c425fa51,2,1,1,2
a42f2d4a-154f-438d-a20d-f18aabd0e733,2,1,1,2
482dd3ef-4baf-8d86-849e-5454031fe297,2,1,1,2
b3d57c39-35b7-4ca4-bc95-dca30c4cb537,2,1,1,2
12a3b2bc-6afc-4bc1-a289-5cfbda6c1ead,2,1,1,2
6b898b54-05d5-30de-02e6-5e6bb5198cd5,2,1,1,2
e457626b-9d75-480d-a982-d004d0145b13,2,1,1,2
de40241f-27b2-4b64-a3bc-f52c3b628033,2,1,1,2
d8947bd1-8fe8-4817-881d-b496e2bd4972,2,1,1,2
a23a2506-2d80-46eb-856b-f26351277a45,2,1,1,2
1a950d8b-6dbd-4f8d-a0de-3c15ff0f8b89,2,1,1,2
03b55102-816d-4d42-8c17-e2b89b5f492e,2,1,1,2
2e9b0e45-ded5-4a56-967f-f5901eb7b727,2,1,1,2
6c060c23-a512-4812-ac29-c967e9f750ac,2,1,1,2
a5251ce7-c431-4291-91b8-9b06792bfdb1,2,1,1,2
65ff39da-d40b-4ce8-8b47-4249a05f6ed4,2,1,1,2
6f25670c-28fb-468e-ac3e-b5a410b02cc7,2,1,1,2
5f3c02df-863d-4280-bbb8-87e547a27bc4,2,1,1,2
77e96c96-3699-4d1e-b06e-847ebcc5e24a,2,1,1,2
e0b51864-44cc-4cca-bbb1-3da02169f96c,2,1,1,2
156854a7-9ee0-3ce3-7d22-f256f369be07,2,1,1,2
371b9972-152e-4f04-8c5d-13d9d8aa9de4,2,1,1,2
636d644a-202d-46dc-9f8f-40c44f5ed36b,2,1,1,2
7752c6b3-d050-426b-aaee-05c47faf6a27,2,1,1,2
5cf89436-4e48-4cb0-8a29-1f5107ad7e99,2,1,1,2
bb4c8bc3-2364-4cc0-a3f1-1a74a8dacfb7,2,1,1,2
d423c91c-f53d-4df8-85ee-6b5f9020dff2,2,1,1,2
621bca8b-0f92-4170-a36a-d279d448da78,2,1,1,2
9d4e9256-66a5-489b-8282-e29b2ef18c56,2,1,1,2
0b9890f5-c0ea-43d3-9465-2acd1e2ba87d,2,1,1,2
26b0d303-c3ba-403c-9853-af5a76a8624b,2,1,1,2
83353cd1-675e-4049-a0ce-d134d14bb864,2,1,1,2
f1999bf8-32e3-9eb3-a77e-f5ce54d6e1c4,2,1,0,2
07eb9bde-2706-4b3c-9c78-f84805edaf90,2,1,1,2
23e9c96a-8557-444d-b75c-d851fc233344,2,1,1,2
7b6adfd6-0dd4-42e6-9f63-3d23874fa492,2,1,1,2
da466117-15d1-ac5b-214a-6967396d4927,2,1,1,2
bd5825d1-b8a4-4b17-8be1-1326429ffc0f,2,1,1,2
0905a77e-52d0-4dd4-ba04-24d62b6f2713,2,1,1,2
e07d0cb0-c6e2-4195-8e49-1e30c80057ec,2,1,1,2
2f102817-f1a9-43cd-9227-b79639c525b6,2,1,1,2
eaa527e6-97ab-440a-b846-19bd401b1515,2,1,1,2
d560cbc3-5f76-4662-9e85-c824bcc4fe31,2,1,1,2
4e8c43c1-aae1-4fb0-bddb-18ecaf2111a4,2,1,1,2
2fcb41dd-897e-4c8a-815a-f31e3d747163,2,1,1,2
0d7c7c71-6ef7-4ba9-a2e8-0a3bfbc9663d,2,1,1,2
4cf6ad8e-21de-8cea-efc3-d64a09a87eb1,2,1,1,2
dbd25bf7-44ce-4dd8-81eb-eb98b50550b9,2,1,1,2
b1c492ef-a2cf-4cf1-ba02-a32a9d26c737,2,1,1,2
db8a488e-d540-4797-a04c-fc819387268d,2,1,1,2
b5c12335-e6a4-4400-8df0-14633b3836ed,2,1,0,2
be39207d-bd3d-45fe-b666-974ff6d56766,2,1,1,2
8588016e-1690-477f-8695-d7146e804f9f,2,1,1,2
711e91d5-a051-4430-a271-4ad8fd5f3820,2,1,1,2
bfd73740-8e97-4730-a5bc-dd119e69ad67,2,1,1,2
90213229-a861-2f49-80f0-e4c61d8fd7f5,2,1,0,2
7dfaf607-1c8d-4eec-be24-769169301f2f,2,1,1,2
71687e2a-1cc8-484a-ae54-c297049a644d,2,1,1,2
6023bf36-7c61-4759-85aa-98711e542913,2,1,1,2
540c0935-f8a3-4194-a8bf-645b8ec64658,2,1,0,2
7140c524-80fe-46f1-84e9-3fb899fb49f5,2,1,1,2
f9a44fb5-6315-4b10-9c12-a36bc6f6735d,2,1,1,2
cfa62ed0-47d3-4655-b3e8-c97e41312f71,2,1,1,2
3479efe4-eb3d-4f76-a9b5-3983bf9c247f,2,1,1,2
ae7dde3e-acd7-469b-a88e-83f7aa582dbd,2,1,1,2
de8b3cf5-172c-4b84-b6ef-308bd57fd4ea,2,1,1,2
8251e754-97a6-483e-90dd-c67438a176f2,2,1,0,2
86f97f16-dfa9-4387-9157-60491a3b589c,2,1,1,2
e9788a6c-8ad5-bf27-20ca-c4da89d67ed9,2,1,1,2
97250150-22dd-4287-9c3d-6289fcf7453b,2,1,1,2
e144a31f-2b49-4300-9389-7d370ee75873,2,1,1,2
3a8d856c-5cd2-4cd0-8266-b7abf0049495,2,1,1,2
50caefee-c782-4b65-9d7f-36043b067d5d,2,1,1,2
0c14a2a2-b3da-4c52-9c67-e66dd4995bda,2,1,1,2
cf55f041-783f-4680-a269-6e14dd99001c,2,1,1,2
a1952db5-09ca-447c-bd53-f32ecb19956f,2,1,1,2
c4ea3870-718d-2e43-9bb1-7c4113b1e088,2,1,1,2
e5c2dd13-f1c6-4182-af98-08e7c86096ee,2,1,1,2
3d09a6e8-ae00-4356-9da0-c6ff81279c45,2,1,1,2
09b1c6d1-0b0f-4e90-93db-6eaa52122650,2,1,1,2
41b7e612-a91e-49cc-b09c-b270a64e3c43,2,1,1,2
bf4da48a-6fa8-4e09-ae16-225bc8bf0962,2,1,1,2
1510ff48-de27-4656-ad8a-bb65c05f2032,2,1,1,2
206c4f36-fb23-41d9-b9bb-7de87ae16980,2,1,1,2
97c59927-3a6f-9ab0-4fa5-c20a457f0082,2,1,1,2
f0794aaf-3c8e-4c6b-a3a0-9b4808a744c6,2,1,1,2
5fb9a2ee-8330-485c-bab7-ddfc50b72056,2,1,1,2
ea48e6e5-b55d-4c12-88cb-fbc591981f04,2,1,1,2
015bcf1a-0a30-469e-a533-dc49f8eaeb82,2,1,0,2
4bfc6c86-952c-4d4a-8b6a-db284d7d0f4e,2,1,1,2
13d9b49f-707e-424f-9f03-4b54cb1209a7,2,1,1,2
283bf6e6-8bc7-4866-9a6a-357c5aefb907,2,1,1,2
ffbc5c9a-82c4-4863-9559-f9bcee9d728c,2,1,1,2
c7450f54-5cf1-42fc-9142-48c98cd9ebf1,2,1,1,2
c9706b18-ff17-4c31-b87b-268242383f58,2,1,1,2
8b9c22e4-a718-4a75-aebb-91a51bff5706,2,1,1,2
4c1f87da-3134-4f58-b02b-9ad956104ff2,2,1,1,2
9cd94132-00a7-423c-bad6-bf3bb5c8f5c0,2,1,1,2
c7d5d115-bd24-e854-79e4-91024751e766,2,1,1,2
142396b9-2448-4f8b-9ca1-57d6c9ab650f,2,1,1,2
27de9708-bfe0-214a-1e71-20ccacb3701f,2,1,1,2
d41a11c2-634e-4ebd-a9da-70c711d06ef8,2,1,1,2
24db3391-4522-4adc-a2be-0968d0cc9663,2,1,1,2
db6f470b-5922-412f-b76c-18477f286f03,2,1,1,2
b3de163d-4ba6-45ee-8607-a288f165c8d1,2,1,1,2
c2640ac8-e635-4fb0-846d-d408464b466e,2,1,1,2
6a3ddc1f-5df3-311f-127b-e62c82c9dcbc,2,1,1,2
398bf4d8-15bf-45b8-a384-cad3d084a0c6,2,1,1,2
da12600b-99fb-47a7-8b7e-a7b1a74c817f,2,1,1,2
2cb42ce9-0ab6-4e54-9fcb-625deeb76ebe,2,1,1,2
fb0eb6d2-b55b-4c61-8353-2031805f3844,2,1,1,2
c14d4e79-7bbd-4e12-a83d-93eb9baedd27,2,1,1,2
94034f65-9b55-49ff-8a55-5a329b32fd4e,2,1,1,2
e3f6cc90-39be-447b-b769-3caf7d7ded00,2,1,1,2
f2547c1a-acfe-4463-8b63-aaf65edee886,2,1,1,2
69634db8-93c7-45ca-8332-8778ab24ef2f,2,1,1,2
ae2893c2-9c18-4723-9f98-aa371d4d7637,2,1,1,2
970245d7-5cce-4163-b15f-67bf11f71758,2,1,1,2
3571246c-f64c-4d48-84a2-bfcc3a1c0b1e,2,1,1,2
b3229337-dae1-41a2-b43b-94509146744c,2,1,1,2
66712d99-ec4a-4b6e-a312-927243f2d1d5,2,1,1,2
893c3ccc-3e1f-435f-adfc-9cf91f286caa,2,1,1,2
d1ba562a-5b81-4ae6-a3e7-fc08c351c370,2,1,1,2
2d4efc56-5675-459f-944c-8aaab26db674,2,1,1,2
a1026461-c433-4a9a-9bc6-3da4201588a0,2,1,1,2
dd9ecd8f-3f59-44b4-b365-62dc00080c49,2,1,1,2
f0e0f678-6ace-3e05-0a1d-a92a7d4e9fdc,2,1,1,2
7cc94f43-e031-422d-ba58-941c88572b8b,2,1,1,2
356f63cc-272e-407d-b82b-63773d4f11e4,2,1,1,2
c86a46b8-b82a-4eb5-8caa-0d887c0eedba,2,1,1,2
5d6d7cc5-7d07-4acc-b581-4ba58bd6c51f,2,1,1,2
a4116178-78ab-422f-ac27-972657d78ddf,2,1,1,2
aeecc36a-302f-4c12-bb34-f4dc45161805,2,1,1,2
640a2279-392f-4e1e-9e5b-2a7a6f0258c4,2,1,1,2
0eca6f6a-ce83-4111-9057-d31459c8bc63,2,1,1,2
398da1f3-0303-473d-b86f-943c308c1b8a,2,1,1,2
351e3cdb-292b-4006-92b0-5715268f0cf2,2,1,1,2
5debb0cf-0800-49a8-81a9-3d2bf0176d11,2,1,1,2
a138c636-3d74-38e1-abd3-25671e3860d6,2,1,1,2
e49c5c04-786b-4640-84cf-4d4e7dcaa58c,2,1,1,2
2dbf956a-f559-4f01-a529-d2a301bf782a,2,1,1,2
87f7d3bd-58d6-4ab1-bfc9-15eec66e1708,2,1,1,2
00ca1105-79f9-4022-a1d9-45bc38bd58be,2,1,1,2
40d8f629-ea87-8530-433b-2f0a25953be2,2,1,1,2
eec56566-ba61-471a-b477-a5d282588517,2,1,1,2
4aad91c3-8272-4e9b-8caa-c2424e22b0ee,2,1,1,2
f0fb834f-73a4-48c6-8d74-41b5240e196e,2,1,1,2
bb801a25-4a18-4e5c-a621-ddef3d00135c,2,1,1,2
477881a7-e726-40c1-8507-2ec3ab635ab0,2,1,1,2
84e7a51a-b224-4c33-b2c2-2c15d872c244,2,1,1,2
94188a4a-9a47-4b6f-8d04-a9d9a7adaa24,2,1,1,2
31ead1bd-de33-4b4f-833a-ad7b67879d15,2,1,1,2
b0d2f4f5-8947-408e-bf33-45f5e9c460d8,2,1,0,2
a2e98dec-a156-a997-eddd-76bea30c7592,2,1,1,2
d439e211-f1e7-4cbc-85df-7de9d7520c39,2,1,1,2
77526c9c-1fc4-44a9-bfe8-2d331eea90de,2,1,1,2
83309e30-6909-949e-81be-ebbd7375f188,2,1,1,2
6fbb1c01-b1b6-4506-b827-b5a8adf2164a,2,1,1,2
c5eda5cc-dbd1-4686-8236-d6cde50e1868,2,1,1,2
d127310c-3065-45b7-a411-763a2205f1b7,2,1,1,2
3bad1048-3c8c-4cf4-bed9-2ef0f5c3376c,2,1,1,2
c95f167d-a6e0-4a8d-a232-c85a0ef627be,2,1,1,2
7c3f83c3-ccdd-4baf-ab40-a4298e9fd9fa,2,1,1,2
7bdf4e49-4fab-4705-a07e-6f4a68d87b4a,2,1,1,2
3039b813-0747-43d1-a4a8-0c1611250e7a,2,1,1,2
97b56cee-9854-4fda-9d2f-902dd292ef3e,2,1,1,2
8f38fed5-9476-85ad-ea3d-0f8f8e90b16a,2,1,1,2
23939a4f-7402-457a-aae9-5845529a27cc,2,1,1,2
e2a5aea3-2a59-4185-aa5d-2f5304cd2fe9,2,1,1,2
8fe2a295-311b-42ae-a8f5-6706a592691e,2,1,1,2
de60e5fa-3aca-4e5c-bb98-083664ee062a,2,1,1,2
c20209c6-5971-4a05-8b02-bbc1b83a88d7,2,1,1,2
d0196312-e88c-c618-22f4-75bc459ee465,2,1,1,2
ed0d56e7-a5bf-4928-abe1-8156dd0c371e,2,1,1,2
390aeb11-a7be-4842-b9f1-35ab42d00d7f,2,1,1,2
24418e98-d60c-457b-ab42-c7809994f301,2,1,1,2
f6f4366f-23af-4850-8eda-1dff953de3de,2,1,1,2
5e2d7288-16a3-4403-8f3e-47b40d8f4f0b,2,1,1,2
0298aade-6c91-4aad-becd-068aadba29c6,2,1,1,2
2b223110-f8fb-4245-9e43-063e3a094c2c,2,1,1,2
2bd33907-1710-4f8f-962a-4ecc87e08d91,2,1,1,2
36622281-0e51-43ec-869f-603a9e4500cb,2,1,1,2
09d1a9f3-beef-1cbb-2548-46ef225331df,2,1,1,2
765811d8-0c38-425f-a362-bf9363f3e881,2,1,1,2
bca211c1-1189-468a-8f09-7119893df22f,2,1,1,2
974ab783-2991-4695-a447-cb8537c76672,2,1,1,2
3cf4a8d6-bfd9-405c-aaa3-d1c291de375e,2,1,1,2
09fccea9-4711-456c-abf6-90a9bf527388,2,1,1,2
7bbed954-a9c3-4be3-8c2f-174069bead83,2,1,1,2
18a72b5c-f55a-4a6f-b80a-baf2c0ef3378,2,1,1,2
9a9bf17c-32dc-4e8e-bc1a-b3fbd8925b6f,2,1,1,2
c10211b4-a24a-132a-c09f-09d2dd238082,2,1,1,2
6e2f93fa-052d-4b55-bd96-22fd9947e319,2,1,1,2
9a1e3e57-6817-4f02-af61-e850f007a399,2,1,1,2
5245f832-c9c1-415f-b542-cc05e99d228e,2,1,1,2
78859d09-96fd-4f38-9d79-c7d643992fe0,2,1,1,2
3979130f-bc00-4657-aca6-748b9b3ae863,2,1,1,2
355ec69c-8d7c-4069-ab06-bacce3ebb0dd,2,1,1,2
02849061-4e2e-46ea-93b8-95dc0b50e90e,2,1,1,2
2b23f9ba-fe9b-4acc-a298-e1b626a9ac42,2,1,1,2
265ad4b1-1e67-4498-bc28-7cf9d4bf158f,2,1,0,2
f881f366-8790-4af0-9aeb-7855045b06bc,2,1,1,2
cdb0d145-7aa5-499a-8c9b-fbd07f4b13ef,2,1,1,2
19a949dd-0713-4642-a6e2-27e41b6fa596,2,1,1,2
2131c750-6492-4dcb-ab80-1d991119f0ec,2,1,1,2
82107162-ba6b-4223-f9c4-9c7cb2bca8cc,2,1,1,2
bf49535d-9a75-4ac0-91cd-e265aa1ad17f,2,1,1,2
e9c61e04-8904-3a8c-9ec1-1e89d949c3eb,2,1,1,2
f39ba07a-94cc-4a16-b625-b8f416b19215,2,1,1,2
3880cb49-a652-49f0-ba3a-e424d7e80630,2,1,1,2
019d9547-fa42-4300-a6c5-cc03e2ab0064,2,1,1,2
d3a40b2f-1796-45fa-b7e7-934d80129b4c,2,1,1,2
4e9f979d-687f-4a41-93f6-257e809bfa61,2,1,1,2
a33d8274-d285-422a-baa8-11a6d87a9c4a,2,1,1,2
12ef9103-2a76-4234-920e-4f4a6c675ce1,2,1,1,2
57470bd3-4919-40ff-8c7c-ffb9929ddc9c,2,1,1,2
775492b0-6088-4491-8440-5fc53183ef35,2,1,1,2
b1bc0467-6e60-4a56-8895-677be59d5378,2,1,1,2
a83fbea2-460e-42d8-8f93-70f0864ea166,2,1,1,2
edf38063-75ad-4243-a137-3597919c02ee,2,1,1,2
623f762a-9462-4365-a520-503e8ee58da9,2,1,1,2
4427a78a-ddfa-4c38-9430-0cd54dc38969,2,1,1,2
7e91c9fa-dd88-43c2-8ff7-986965c680b4,2,1,1,2
91f3221d-cf3e-4e0e-9613-a3726fe84f63,2,1,1,2
23de45c2-3a7e-44ff-9667-470ade229023,2,1,1,2
a4d07d2d-4c6e-4c46-80da-0783c5514b63,2,1,1,2
6865e4b1-30bb-41e2-8cf3-4e014d9f6f62,2,1,0,2
c862d005-4efa-3d00-bd47-e36de0a6fe46,2,1,1,2
946fbcc4-89ef-44b5-bfd2-ee6300478ddd,2,1,1,2
e7f94371-1563-4c32-93b7-de2087811acf,2,1,1,2
afb089cc-5ae7-4287-be4e-a55f8f45f4ce,2,1,1,2
87d3248a-260e-45e9-9b9c-063fb1a27f86,2,1,1,2
1e863459-ffc3-4ba9-aaab-aee8931723f4,2,1,1,2
4369ca29-fedf-4f4f-b555-e60c784a3309,2,1,1,2
1342edf9-21b6-45cb-9b08-bf6d548cf1db,2,1,1,2
24023d27-1736-4e8c-a931-342c6e0b7b45,2,1,0,2
f2959002-c70e-2fe8-2203-db790fda9e77,2,1,0,2
147427e7-2990-49a3-8750-243fc0579a67,2,1,1,2
d9e999fe-3aa3-4c86-a8fb-6fa919606795,2,1,1,2
eb24f717-07eb-499d-a67a-abc8920cf7a4,2,1,1,2
738b03b6-faa3-4770-ad5f-7e4703ed6ca4,2,1,1,2
af5d6f3e-d60a-433b-800e-0bbdce0ba0dc,2,1,1,2
ee8d4cca-3caf-4e0d-9ec0-220eb0874363,2,1,1,2
bde13554-cb62-410f-857e-3360849f010a,2,1,1,2
eb098e2d-adba-4e9d-ad03-fa9ec94d39c5,2,1,1,2
858fa1ae-32f0-46bd-8ab1-7f24e2201f1a,2,1,0,2
b47b3d69-7d27-44d0-9433-e4dc9f6a3af9,2,1,1,2
a4dd9ed2-5140-41cd-9dd4-8665ba052f5a,2,1,1,2
185ef7af-c770-4524-9540-77324dc0872f,2,1,1,2
1e072042-c278-4afe-9d66-e85621dd3b3e,2,1,1,2
8006cd36-fe9a-4617-a56d-ee6ecd381022,2,1,1,2
10ec56af-ad27-46ac-8cc6-b563c0e03e3a,2,1,1,2
bb124968-b8d0-4bba-bc56-f5d0eeb58505,2,1,1,2
45df3e90-1e51-4e97-dd5d-10c366694b3e,2,1,1,2
4111dbe2-fa7e-4681-bd7e-bd0202224a39,2,1,1,2
4e0a84fc-d65d-443c-9cbd-d251ae89fd95,2,1,1,2
6066af2e-b673-5303-3328-55b456a65e73,2,1,1,2
e2e94741-7b2d-4306-8efd-c2f51ca65cff,2,1,1,2
e20361ba-6d7b-4420-bd8f-2ad466845c64,2,1,1,2
1f62a53f-0132-4e33-a284-b8ce80ff9071,2,1,1,2
e1abc312-c24b-4241-893c-af6b63399fd2,2,1,1,2
223993b0-919c-44b0-86cd-1d7906461e52,2,1,1,2
faeb39fe-2952-fa5e-1e28-2a57f383a397,2,1,1,2
afae8574-0082-491e-bd3f-42523db3e8fb,2,1,1,2
3aa2eb99-e00a-478f-a300-e934957634db,2,1,1,2
c019b61e-394b-4bfd-8662-ed829f9f857e,2,1,1,2
da9bd4c1-8fbc-415f-ae82-c6eef6d03f1b,2,1,1,2
ff82b9f6-f15c-4ec9-a04d-74393f4e221c,2,1,1,2
8e51a1e5-2013-433b-bc78-824890f20647,2,1,1,2
e126836b-9358-4c08-9c94-f7de6ee218b3,2,1,1,2
4613067d-e6da-42d3-adf3-3b699fdc1130,2,1,1,2
81c8d601-acbf-490d-aed9-ec63a00bacf9,2,1,1,2
925eac40-b3c7-4d16-b582-1456173f94f3,2,1,1,2
906fd097-147e-4520-895c-84eda4762bf7,2,1,1,2
01951237-3eff-4591-a52d-41cd7e38037f,2,1,1,2
cdce9191-964b-4968-a85c-2fbacbf3fa02,2,1,1,2
c995eb1f-0040-4d18-b818-4d1e7a20ad71,2,1,1,2
4bfe24b9-0429-4c37-9130-32e671f766b2,2,1,1,2
6763bc2c-5d54-4e04-8bd2-4fbfe6075757,2,1,1,2
5bdd21cc-e00e-e5b4-8d58-ac6d4f7689c6,2,1,1,2
de4bce88-d006-4128-bf01-b4536296d157,2,1,1,2
b266b0fb-83cc-4566-8e9f-fa2c69e139f0,2,1,1,2
d44483fb-b7f3-e51d-5157-36ffd7ab15c8,2,1,1,2
837c38af-56a4-4a59-99f0-f6af89df224b,2,1,1,2
cb67dd6d-59f6-f52d-3f3c-3d0a6c176c20,2,1,1,2
3a28f22d-d840-44c7-be5f-2f0ab36f1939,2,1,1,2
b6074891-8f0c-4804-8043-fa434310d004,2,1,1,2
1625cded-e174-4aa1-99bb-2641f1003cee,2,1,1,2
e0625d1b-9571-d28b-0760-f18a11fd5cbf,2,1,0,2
835796b6-fc19-4303-8cd6-cb594410c2b4,2,1,1,2
3cb4e9d1-45f7-a423-d6b9-b9ee12ac4bd6,2,1,1,2
d7d5c63d-e8f1-4d5f-ae25-31c2fb5725fd,2,1,1,2
7ef2d009-800d-c9b6-0f15-5f52c1c6c3e1,2,1,1,2
3493440a-cd1b-45c2-b530-7a90e90f34c0,2,1,1,2
960e4e8f-3082-410d-82c2-56e833b37e26,2,1,1,2
7837d6fe-e3e8-4223-a981-c78bd2132979,2,1,1,2
666d304c-ae52-4e3b-a05d-a4d07f725e7c,2,1,1,2
4eeb4299-98ab-4c4c-9273-e6643a100e30,2,1,1,2
ee2d49ff-6281-4b22-bf5c-53cf4d9ca4c6,2,1,1,2
8923289e-007c-4102-890d-73ee2d91e2c0,2,1,1,2
e3c7ee5b-552a-471c-bf22-760b7011d994,2,1,1,2
c742dea0-a484-4c7e-af55-6fe8951596e1,2,1,1,2
72a75d70-ef01-44ce-98bc-df18b33cf783,2,1,1,2
29f1dd72-5233-4fbe-a5b9-6847cedb689c,2,1,1,2
dccba25f-ac6f-4aec-aa9a-4740d195b74d,2,1,1,2
db70b80d-441f-47bd-ad77-2f9fe213a5fd,2,1,1,2
3615e171-91ea-4902-a2d7-273922c06f45,2,1,1,2
fd225cb6-ed15-439d-845e-5eaf176f0dfc,2,1,1,2
0b16a953-024f-bd95-7513-2b0141936e5e,2,1,1,2
698c5e32-6808-41db-8064-334be1a062fd,2,1,1,2
8c17ab77-4e4b-42d5-ac2e-80e5fed41e32,2,1,1,2
a5595984-7e84-4e72-a636-5c054407a417,2,1,1,2
42d36b16-4ee4-dfc5-0a9c-354208b38b8c,2,1,1,2
52c8bcc8-f50b-4471-8301-81a185a19734,2,1,1,2
5b090f7e-357c-442c-89ee-50bb554eaee1,2,1,1,2
fa9ea3a0-4034-4aef-9120-e16cbdaee79c,2,1,1,2
9ffe32ba-b0f1-4080-be5e-8b8b9619ca29,2,1,1,2
96d423d3-8189-4177-8576-de4231e63277,2,1,1,2
2e4aeaf7-353e-49d2-a99c-6bb60b2eaaac,2,1,1,2
fefe250c-7e43-474f-ba33-231b6c8b56c4,2,1,1,2
5b63b96e-ce21-4e9d-b014-94c325323273,2,1,0,2
ff50cedb-d73a-3fc8-8dd7-9eaad3e799d0,2,1,0,2
0ea49891-3caf-4cae-9870-ef0e9bf50bfb,2,1,1,2
880a377d-07f2-4241-91f9-3136d41b0396,2,1,1,2
a60e6207-0b35-400c-9bd5-f4bcf0a08d50,2,1,1,2
627d927c-1be5-41c7-91e9-28394cea443b,2,1,1,2
017b72f4-af92-4192-9c04-3577625230fd,2,1,1,2
d95e5699-c01b-4942-8f93-23bb56ed303d,2,1,1,2
ae150877-0896-d2af-de07-32b106814eb0,2,1,1,2
7799804d-86e6-4f58-8e6a-c11cc88d347d,2,1,1,2
804b2821-4264-b275-d3de-c41c7da756ae,2,1,1,2
2ce42502-0f63-49f2-aa0f-e58d27a5d2af,2,1,1,2
d753fba7-ed37-41f8-bf16-94d2c4b54b49,2,1,1,2
105871c4-44c6-493a-b943-1bc2a62cd4e0,2,1,1,2
c302e05a-1274-4351-b347-0a345c38486e,2,1,1,2
88e3dc98-2276-4004-98b5-ce6c0a45d19c,2,1,1,2
5098b25f-5de0-48f0-bf7c-184080557515,2,1,1,2
0d503036-7870-4738-8d9a-04730589eef4,2,1,1,2
607ea5fb-6003-425a-947e-d637ad072f85,2,1,1,2
1cec0cc4-a081-43fb-8e34-aa3542f149d6,2,1,1,2
214d09c8-cf88-4338-820e-a4b235b10031,2,1,1,2
1ad55408-f63e-4279-ae08-09be6a1c6431,2,1,1,2
dcd3ab02-c4c0-42e5-896b-9bed303fc26a,2,1,1,2
318addfb-2ee1-44d8-bdaa-b5f72446d007,2,1,1,2
b89863b1-3c02-4457-af22-58791ff6d60e,2,1,1,2
da8d8974-2d4c-4276-857f-516161cd8deb,2,1,1,2
9793fb5c-74a6-483e-8d1c-96df9b84a66a,2,1,0,2
0c833434-7571-bada-af61-12e313b93bcc,2,1,1,2
fccb221d-f362-4db7-9e24-9c1a68785445,2,1,1,2
233d7c8c-1707-402c-bd62-5006cc6a9fde,2,1,1,2
f713ec4a-d523-45b1-ada4-5f7cc2930e18,2,1,1,2
f53a61cc-e929-45c8-8ba4-ddd6f25eec4a,2,1,1,2
be4f3e98-5ddd-4d75-b8df-6456dbfa03cf,2,1,1,2
43a3aab1-b242-2516-7c4c-59b402b4c472,2,1,1,2
ce0371f5-1138-4a74-a7ea-4455dbdfbcc4,2,1,1,2
f60f1751-4ad1-4056-80f7-2b0fa2efeaf4,2,1,1,2
e9464f4a-7fe5-4775-a62f-05176c37af18,2,1,1,2
de19413a-da7f-f370-5431-a4b5fea7e228,2,1,1,2
eb72c388-68bf-4770-8e1a-fe2f0b335e70,2,1,0,2
e67f01bb-9f47-4df5-a0b2-44580dc002a4,2,1,1,2
3afa21a0-874e-45e7-96c6-70fd57ebb020,2,1,1,2
4287a3ea-cff7-4a8a-8879-fabde4f121d6,2,1,1,2
611487f3-4460-4784-b857-b4f228b27047,2,1,1,2
8a7a153f-4499-4ef0-8929-930149b79d42,2,1,1,2
711e0caa-e365-464e-b5d5-7c939de577bc,2,1,1,2
2c40ff12-025c-4559-a338-40552a943236,2,1,1,2
a0820284-0c44-4d85-97f2-ee76851e0d76,2,1,1,2
a8c12fc9-d44e-473f-897c-86e72e5c1e06,2,1,1,2
82d93767-733b-4e42-b45a-10865c54d85f,2,1,1,2
aac94300-4a8e-458d-b37a-ef7b8273b0b8,2,1,1,2
b105606f-45c7-4092-b2f2-8666492f168e,2,1,1,2
1c481cb3-205a-4893-b1e6-64201763b725,2,1,1,2
895a0bbe-67f4-410a-92c0-67deb237efd3,2,1,1,2
d428abb2-6785-4cbf-988f-b7a2ccc15fe5,2,1,1,2
5debf1a5-9f9e-4f51-8f3a-ad52194240f7,2,1,1,2
e0c9ca5b-d39b-4efc-bc40-df3c28527166,2,1,1,2
05914d62-8458-44fa-971f-705b130716e0,2,1,1,2
b7a214df-9c3b-4832-8760-228a7c7c1f84,2,1,1,2
028e769f-ac46-4d10-84ed-73899839306f,2,1,1,2
d3296daf-426b-4277-b6b0-07db0590b4a6,2,1,1,2
ac4ecbac-1d1e-4a44-9349-6a957e758974,2,1,1,2
2cc69ad7-35cb-4abc-ba70-016227ecabe9,2,1,1,2
f0d06d96-02e2-3b53-29d1-d18e58230e41,2,1,1,2
d4754879-81f7-46d8-9655-1802eaf03ca4,2,1,1,2
9ff65036-d5d9-5215-13ed-57fa999262b6,2,1,1,2
4d35a111-6f73-4405-a34f-04220a7b6e25,2,1,1,2
7c7c49f2-085a-8cd2-fd4a-4cc2d1c116c5,2,1,1,2
2d92eca4-ec8b-4a83-a170-66ed20e08480,2,1,1,2
aa05e160-7665-4e81-ba13-b141a2217fcb,2,1,1,2
c967a92c-5e22-494a-9eab-d90d7ead6ec3,2,1,1,2
9daa2b99-9e5e-31e0-1f63-e53b74919beb,2,1,1,2
aeca78bd-ea07-41f7-9348-ef0ee3bce036,2,1,1,2
d70768ea-7ccb-e11b-72b6-d48fb2b91118,2,1,1,2
4567112e-0936-4705-bc34-7959e4d4c39f,2,1,1,2
ae2194dc-dd94-4ef5-834f-510a62684d7d,2,1,1,2
155a75cf-87b0-4e49-b640-a52c7ce1a670,2,1,1,2
04fe8bb6-4b59-d922-38f9-62be3df9396e,2,1,1,2
39464d1c-010e-4a85-9ca6-37b01dfb6dbf,2,1,1,2
141032df-5d0c-4606-8ccd-b69cc031678a,2,1,1,2
305a89a1-ba55-454c-b962-b577a539bb68,2,1,1,2
ae1f576d-738d-45d3-b5b0-bbfbd515efa0,2,1,1,2
b40a7857-e753-4988-baac-597e820effd4,2,1,1,2
f32be81e-a063-4205-b121-9ea94489f397,2,1,1,2
e9b513cf-c0de-4421-abe0-4b3d930aeb35,2,1,1,2
dc629fd6-3411-410b-8b93-362c0311307d,2,1,1,2
2d812ff7-073b-4030-bd80-255801bea226,2,1,1,2
f92cabe9-d26f-40dd-b9e0-e36b57c0da43,2,1,1,2
003276f5-f87d-4ccf-8b9e-758f1a951ca7,2,1,0,2
58c2f5df-36bc-4306-8045-8ddd7697eb92,2,1,1,2
a81c20f8-3861-403a-a8f1-b51de36952e4,2,1,1,2
aa1163bc-3220-419a-9a55-86ec3c5b8158,2,1,1,2
279ae808-c950-4fe6-8d32-2d55b5a3ca05,2,1,1,2
3f72cdaa-6228-9e1f-5cce-846024eb7ca7,2,1,0,2
955ea3c5-a4ca-430d-a420-5d8a81397e02,2,1,1,2
790c51e7-c325-4cda-9825-5e9b3bd896a1,2,1,1,2
3f0eb452-6ee5-4c87-96ab-4864c8239514,2,1,1,2
b61d85db-0044-4cbb-9f8f-27d3c7657b62,2,1,1,2
27de04c3-ab7c-43fd-91c5-0bcced238579,2,1,1,2
f32e65fb-cb82-4347-848c-617ab38d1755,2,1,1,2
af5b7a8a-f8c2-46ee-9f83-1432a167cdef,2,1,1,2
f6172e11-7306-4459-bb70-c9f293880c92,2,1,1,2
19647fda-7684-4aca-9371-481976394857,2,1,1,2
628fb2cf-a481-45cf-bf4e-c127d62ef17b,2,1,1,2
290c6761-acdc-4a28-a370-cb6886f1dd16,2,1,1,2
7ff7a5a5-dc2f-4de9-bf8b-f3bd317288db,2,1,1,2
9ca09913-ff2e-4ec1-a6dc-c5f01d85de2b,2,1,1,2
bfff7d85-5869-4b28-a88c-e976af4e1777,2,1,1,2
18472ea1-a1f3-463a-8229-871fc5032fa6,2,1,1,2
5eed90d2-455b-414a-9b8b-279d31ca1def,2,1,1,2
c54d8cdf-85ab-4ba0-957b-caec11c09063,2,1,1,2
db47a813-d8ad-4d14-97db-482a411bc432,2,1,1,2
f821ae04-5685-4bc8-9397-d9b033351a58,2,1,1,2
4ea62172-de83-48f8-92a8-efada1663064,2,1,1,2
81045b0d-61d9-4bb8-89b2-d74f85c71b0e,2,1,1,2
f89de51a-efd9-4ef9-bd7d-73c6353bdb2a,2,1,1,2
36be86e6-2869-478a-aeb9-af9adbab81de,2,1,1,2
e2969cb9-3a6f-4521-a020-042fe88db303,2,1,1,2
71d634e8-bda8-449b-a541-401c6916b100,2,1,1,2
dc6871ec-69b8-db8c-0b8d-4039c139d6d7,2,1,1,2
673b6fb9-c1f7-4fea-a663-6615cecb97a0,2,1,1,2
f48b40b7-718d-3fa7-889f-852ff1767904,2,1,1,2
bcdb4ffc-43da-4c5e-a6cd-b45768ef4a8a,2,1,1,2
b40ca0d7-ed8b-479c-9bd2-7b2790eb5d26,2,1,1,2
078decb9-80d0-44e5-951e-0fe8130dfb23,2,1,1,2
12f4e7e4-f146-4883-83e9-312d1c0e8d9d,2,1,1,2
92a00871-b5b7-42c7-ae66-a570eb39f4db,2,1,1,2
32dedad8-7c04-4fdf-a286-ac6e9a36627b,2,1,1,2
297a4ba3-8532-46cf-a0a4-d30c2397a7e4,2,1,1,2
4f48d6e9-7b3b-49f7-87ed-18a61583a442,2,1,1,2
49e7494d-3b43-4b8e-a458-50ebbe1fb43f,2,1,1,2
441167aa-af7e-47e6-a7dc-c39c42394411,2,1,1,2
ea94b052-abee-4f97-8312-56f209958759,2,1,1,2
826b33ba-a463-4bcc-b7c4-df70bc8ce7ee,2,1,1,2
2135e230-3888-449b-b1a4-409817873825,2,1,1,2
897f4aa0-60c6-4805-88d2-98239b4a9c17,2,1,1,2
fd5e5221-d11a-4740-987d-ed34f06f9fa4,2,1,1,2
32aefff5-70d9-4269-ac2c-ebfd583a7591,2,1,1,2
a39e1e47-1acb-452e-bc0b-f5c7834c2a64,2,1,1,2
bd1698cc-db78-4061-ae5d-fc0c5d0fb137,2,1,1,2
6741038d-5d77-45bb-bf77-5bbdbfac6858,2,1,1,2
f860ef79-310a-405b-86f3-e0dcfc4d7dca,2,1,1,2
2fcabce8-2954-499e-b0e9-fa0345eeb9c2,2,1,1,2
ff226454-56c1-44cb-8264-d7782ad17478,2,1,1,2
c51206c9-a047-401a-a656-7b67697d524b,2,1,1,2
fcd1b330-6976-4bc5-b0e1-8579f4cbdfd4,2,1,1,2
2a6214ad-aa08-4568-914a-98fa01a1ed4d,2,1,1,2
4eaa7092-a7ac-4d24-b8db-7f958985cd47,2,1,1,2
570c366b-5d56-9441-65f0-f88d0253af13,2,1,1,2
1c0535dd-e8e5-4f13-aca4-a3be518990f1,2,1,1,2
8181e27d-bee8-4a0a-a116-1e7a5ca364ac,2,1,1,2
5f293a4f-cc70-49a2-ab81-5806304c1dac,2,1,1,2
ac653e2b-e681-4a0b-9037-5e4a0727a8e5,2,1,1,2
4bda3228-a16d-4e4a-aa35-1283c014b625,2,1,1,2
b0cd4856-a1f5-4eb7-b295-56f2221eb3be,2,1,1,2
127cfcad-bd19-43e7-9518-7c04bdeacf2a,2,1,1,2
e10f4564-2130-4014-80c9-35df1f21de0b,2,1,1,2
a885684b-9769-42ba-96b2-49be2a24bb6b,2,1,1,2
1fea6d7c-838d-4754-b3e3-661ac4edaf8b,2,1,1,2
00081276-3234-e35a-0095-e5dc957603d9,2,1,1,2
fe0b9329-cf72-414c-b046-f1f48db85b39,2,1,1,2
9a039b0f-bc34-4a07-a43a-eefc6ae93e9c,2,1,1,2
646a15d7-7770-4c25-9594-72fc93195ba2,2,1,1,2
d6257c5e-b732-4cee-88d0-ed604947a5f3,2,1,1,2
974ac3de-9c3b-491e-8dfc-d110f6bf638d,2,1,1,2
5c61e479-1180-4406-b379-294178060c1b,2,1,1,2
dd61e7ed-7429-4710-9b9e-d1093f991a93,2,1,1,2
b2d9ce48-85da-4878-bcfe-f2e18143261a,2,1,1,2
2e5b9e00-0bda-4576-baa4-cbec4aa6008a,2,1,1,2
18b7b1f5-45d5-4ce8-bcb4-e12e3ec1685f,2,1,1,2
73d9448b-6c79-4782-ab27-b7c2f628fba6,2,1,1,2
522970c2-30be-47c9-af8b-5f4f9523fb63,2,1,1,2
6c5c3872-e055-4bac-8ed4-08fee983e7df,2,1,1,2
e1c60155-865e-43e5-be9f-71961dca2763,2,1,1,2
18bd31d2-f691-4653-b07d-d742eac8d340,2,1,1,2
0530d16a-ec0c-486c-92a0-b109b2bb048d,2,1,1,2
3af44e63-ca02-4c3c-91bc-c36f2a6d13fa,2,1,1,2
1d0c010b-2ee1-3d95-f403-1eef902d10bc,2,1,1,2
981ff4c0-686c-44cf-b1e4-7ee9863cefbe,2,1,1,2
2d80d58f-2f96-4d2a-96fd-60323c9d4344,2,1,1,2
be0228e7-e185-43ca-883b-1201f5792eae,2,1,1,2
120176d3-0b5f-459e-943a-6f7d4bd15cd9,2,1,1,2
c920b086-7d9b-4135-84b5-10df254a7d24,2,1,1,2
8caab47b-547d-4ac7-9170-fb8589aea7cd,2,1,0,2
33548350-c1b5-4b8e-a648-0fe154ead481,2,1,0,2
f2101ff3-9cef-408f-97d4-ce9e7dd56cf6,2,1,1,2
26b37c46-0fc2-9ae8-6555-f081ba08ba31,2,1,1,2
702b3437-9919-47c9-ae2e-97fb8e048c33,2,1,1,2
d81e3531-8912-47f9-a6e3-44367f8ffc10,2,1,1,2
8e9e80a7-c7a6-3201-172d-6dcd19ace180,2,1,1,2
6206fd0d-c142-4018-927b-4a111d84fedb,2,1,1,2
94acb34d-8d05-46ca-9d12-746cdd0a0847,2,1,1,2
6461d3e9-da0e-b882-2508-fffa6cae3b9a,2,1,0,2
ed85abaa-8619-4aeb-b4d2-a75a57d864aa,2,1,1,2
105694c9-92db-4264-855a-78b3b73c2275,2,1,1,2
151e56e3-9b1d-48fc-a5e4-9174b52954ab,2,1,1,2
939f4a51-841c-0db8-7214-79599859459b,2,1,1,2
d80de7f6-cfda-4d3e-84bc-b75e3bcb5706,2,1,1,2
aa3323de-ca7b-4885-bfc8-84cbbb69da57,2,1,1,2
74bbcd04-6fa9-4d50-a88b-aa23136e731e,2,1,1,2
b63b11a8-5bd0-4797-9d38-91ddc837bb25,2,1,1,2
8f48d1d9-cdfd-403f-9ee0-52d6871f60d1,2,1,1,2
f8464dd6-b8f9-4ea7-ba02-448905c6572b,2,1,1,2
7e809b75-e1c6-4990-aa8f-104624fe590b,2,1,1,2
ae8c1acd-f879-454e-a2b9-ffb4292b43b6,2,1,1,2
38010f76-f3fb-4cec-8f9c-7e13797f170b,2,1,1,2
3e7fdab7-cb64-4cba-93be-656964a160bf,2,1,1,2
17386ad9-df9a-b8ec-872c-9150385b658a,2,1,1,2
dbe09988-62d8-43fd-a660-ea4babb7d471,2,1,1,2
760d29d8-374f-49c8-924b-cde90832ba61,2,1,1,2
ec223274-f743-4df6-90c2-b7427edc5450,2,1,1,2
e5d276b8-2d44-4b75-8b8a-bbd50ac4e62f,2,1,1,2
069ca89c-c150-4eba-bb38-6ba8e28a6b37,2,1,1,2
d2729169-0270-4242-81a9-c0ac8d3c6c88,2,1,1,2
aef3aabc-10fd-4f7a-b057-d57fa8f72bf3,2,1,1,2
e656119a-0dc1-4d7c-a2d1-f89ba1b5b7d6,2,1,1,2
9c18ef1a-c0f6-4d35-93db-4c2e66852ef7,2,1,1,2
ec244c5b-6fb0-463c-b106-de9eaa52b865,2,1,1,2
e9e3da2f-47ef-49e8-b640-f3025d69363b,2,1,1,2
0183eb73-a627-4160-b16f-ecee552e8e87,2,1,1,2
d3a673d9-0d8f-4dee-986e-587c9e978f54,2,1,1,2
47221cea-c48b-4433-8f6d-8d810bf0d483,2,1,1,2
fbd926ae-b8a0-480b-aa2d-129cb9ceef30,2,1,1,2
f65ac4ef-ad27-4f87-b8d4-889c941c2487,2,1,1,2
563e9980-ab8b-4844-a9a0-e14d9ecd373c,2,1,1,2
fa91cc15-b8bf-4b06-bf0d-7e1823bd5e77,2,1,1,2
0d0849ab-deed-4fd1-a871-3f02bbaecaf1,2,1,1,2
9d27cfae-8aa5-44c8-aa7e-23bc97086452,2,1,1,2
d346c1d7-516b-4213-a2a2-f98805822660,2,1,1,2
66d7fc08-5c2d-4fb2-9091-e01586ca229c,2,1,1,2
ade83d80-ff47-4a84-a8c9-e381ff08ce0e,2,1,1,2
324e6ede-ca53-4b77-ab03-87b926515138,2,1,1,2
1d244a9e-1673-47a0-8122-d16c64c854cc,2,1,1,2
c98870f0-983c-4b65-8933-84921f2f7e60,2,1,1,2
dfaaff22-073e-4437-b933-1031af7e856a,2,1,1,2
66a0d010-b056-4666-9830-70d896e093a4,2,1,1,2
919880a5-95d5-460f-a76e-07e22aea38d5,2,1,1,2
60b2b88e-e88a-4956-b0e4-88c1d49ca26b,2,1,1,2
29ba8d4c-d882-432d-ab37-04e179629f71,2,1,0,2
18cbe6d6-b4f2-4190-ba73-5e7ab98787aa,2,1,1,2
7d3dda13-5c1e-4aff-bba0-206e587603d8,2,1,1,2
ac5ab412-7e21-422f-ba61-7e35789e9026,2,1,1,2
463f838f-168a-4f84-84af-a6184c7b482d,2,1,1,2
953cf46f-b7e0-4149-a342-4dcdb092a01b,2,1,1,2
aae8809d-3456-4181-9a9c-6fd13dbd68f4,2,1,1,2
7b312605-5798-48f3-a502-70e4994b52ef,2,1,1,2
5cad66bb-720e-4f57-8a56-d05517d24c87,2,1,1,2
5d9d1790-7cc6-49c2-baa9-25a7757780fc,2,1,1,2
1e5c3e61-2d17-40f3-bec2-1358f4f8f204,2,1,1,2
862c82ea-b13c-47bc-976a-eec47c844e3f,2,1,1,2
d4f8210c-093c-46ae-a4ac-8fe976e56152,2,1,1,2
f14ea892-4c13-4696-91cb-cabde8d51dd1,2,1,1,2
7d07df0a-ab23-4f39-8719-04547909e1ad,2,1,1,2
83d20639-39b5-42c6-80ef-c94802daf3e0,2,1,1,2
96d8edc8-6046-4b6a-91c8-7dfd4d9232ff,2,1,1,2
c27d5de2-0f6a-4027-9838-97a633776b3f,2,1,1,2
1cadf3cb-0c3e-4de4-900d-9cd01cc81948,2,1,1,2
976d66cd-dc80-4734-b7ce-666e2d65d29c,2,1,1,2
43ffa17a-210d-4086-ae3d-4fa0f6e5e722,2,1,1,2
5cfaca1d-05ae-4657-a2c5-3b1939f9f85b,2,1,1,2
42d2d4d6-d97e-456e-a01f-7762845ffaa1,2,1,1,2
39e80347-a394-47c6-8c2b-c3a6755db200,2,1,1,2
eca8dcdf-7215-3d48-4ea5-ff3628c1b7f8,2,1,0,2
a4aba322-bb92-4b3c-9655-8ae2c55db8de,2,1,1,2
c1f97670-94e1-4324-b9c5-864c6d6cb1bb,2,1,1,2
1386eb58-fdd0-8183-a308-5e847d3fcba7,2,1,1,2
6cbf6681-50d3-4705-aa72-356bc30c3c81,2,1,1,2
1eea2aa2-7390-4629-b20d-20d1cf15e3f9,2,1,1,2
d0f7a1ea-e1df-4c74-bfcf-a991449c2534,2,1,1,2
be12fc61-a5e6-4557-889d-abcd64e7ab97,2,1,1,2
7a864cd9-ccf4-4445-a451-e00ed683c219,2,1,1,2
e1a7ce96-9046-ec2b-0ca1-201d66f5b49d,2,1,1,2
505ac296-c1a2-4672-83f8-153af66cea51,2,1,1,2
3ed20539-5c85-4b75-864e-3cbcab8041be,2,1,1,2
434e3786-9074-2aa3-c172-872709cf9a8e,2,1,1,2
0901ad27-ff62-40dd-b848-62f89930ab81,2,1,1,2
d4d03105-eeb8-4219-80d7-80eeeacf81c9,2,1,1,2
e53e74fc-886a-4b66-bd5a-7ca450597bd4,2,1,1,2
923c651f-606a-4971-b7bd-a276df62f79f,2,1,1,2
0be71ff2-c394-3397-c00d-e1f5b17267a0,2,1,1,2
bb79615d-db66-472e-800a-a37ee1778336,2,1,1,2
4c5fe32a-e6d5-5daa-6e9a-ed2b7e0554d4,2,1,1,2
448179d4-ce49-446a-a71e-4a62c33cf5c2,2,1,1,2
bf654fd3-688e-e5e5-ed01-b253e2cd86d0,2,1,1,2
50bf8c56-b1c6-4a0c-ac82-d04add362b71,2,1,1,2
1a74f646-fa63-4eb8-8eaf-4502b52e5dd2,2,1,1,2
44846553-a87c-1905-3223-43e938c8ec7e,2,1,0,2
51eeb227-53e4-4f15-a5a8-3492a2f3d678,2,1,1,2
c85be5fe-276d-44d1-936d-6c193f3b039a,2,1,1,2
4a14e3b3-298f-4b78-b447-91a2a4eafe59,2,1,1,2
30dc6840-ee4b-413d-8d42-df37fd5331fb,2,1,1,2
b9b40ab1-aa42-4729-9558-6ec42dc33de9,2,1,1,2
28fe7885-5c63-424d-9373-bfed3c583a14,2,1,1,2
89708dc0-f5e6-4509-8036-dbc98647b73a,2,1,1,2
1d02934e-e028-45c4-a8b6-ee2289b8a6d7,2,1,1,2
5e157f84-3d67-4892-bd38-e62bc3cd6c42,2,1,1,2
9d6e3be7-b7e1-4714-aacd-27527460d5f4,2,1,0,2
94be8ca6-af92-4860-ac92-fe820d413f95,2,1,1,2
4b47c938-52b6-46f9-8aec-d405bf469b9c,2,1,1,2
b84e9a0f-0c70-4f55-994a-6864fffa5f9f,2,1,1,2
9b5012d4-529e-4130-a787-d6cc84b982a6,2,1,1,2
354446ed-9a91-8613-b6f9-9da5decbea67,2,1,1,2
7e123799-d79e-4c23-9164-3c90e29cd03b,2,1,1,2
b586fccf-b219-41c0-8f56-f8f60c12c946,2,1,1,2
438c677f-61aa-4eaa-9e36-6998b79fe850,2,1,1,2
43b27304-36f4-4dd4-a3d8-cd08e7fc4bf1,2,1,1,2
60f0107b-095e-48b5-b193-d63bb97824bc,2,1,1,2
cd57d1cf-a3d3-44dc-9df6-e3d62abf531c,2,1,1,2
843f88a6-2ebf-4c77-98d4-39bb00815e00,2,1,1,2
3f306ae9-110f-43c3-a19a-593f74ecb3ca,2,1,1,2
f4d2e92d-8075-4731-a044-6b6acaa5abf0,2,1,1,2
772e9a5e-5d97-40ae-a545-8358e2dec875,2,1,1,2
5689ea48-9cac-4ae3-8197-ee278f47e694,2,1,1,2
960b7860-bf91-4407-ac78-cfa3da079e28,2,1,1,2
4b6df574-c8d7-4279-92aa-027c327f1234,2,1,1,2
e595497d-8ae5-4017-b346-b30822d749b7,2,1,1,2
29fd9de4-05fa-4400-a642-6286f7b26f98,2,1,1,2
17594a97-f59b-47ed-a7f1-f307968bdcb5,2,1,1,2
197c2850-a8c0-49a8-aba4-cd98c5ef7e3f,2,1,1,2
19dd3087-e3da-46b4-a892-b3729414dbee,2,1,1,2
faf50d3e-e4ee-22ec-a49d-0b1781978041,2,1,0,2
ecc326d7-d355-469f-a5e8-333e8fe35436,2,1,1,2
da24f316-053f-491c-98e9-28e1ab01d6d8,2,1,0,2
91c89d3c-6769-46e9-9a7b-e455ea96fb8c,2,1,1,2
eaedc73b-609c-4be4-b118-b226be4b47ad,2,1,1,2
d7f69cfb-59cf-4d93-89f0-2e49302f0572,2,1,1,2
832e9ab6-03a3-4f78-a84f-09fbde7e40fd,2,1,1,2
68204f8d-4120-4973-bb0f-e62f42e6f09d,2,1,1,2
a3c7ec6c-74eb-18e0-23d8-e099eb9a8363,2,1,1,2
1b53c1d2-815c-4609-af2e-5241cda3267e,2,1,1,2
f9fefa81-016d-4e17-8a3f-35ef11d36120,2,1,1,2
cbe59321-55d2-4d03-af47-bd8c749c1381,2,1,1,2
7c3a5edd-0cdc-36cd-8915-a21ae3a8be39,2,1,1,2
eba6a1df-0d1a-4d7a-9f8a-66d6bd8c3b2d,2,1,1,2
0ceb0533-a182-486a-a4d4-a62506123c3c,2,1,1,2
62f1cc23-13a0-0946-3e1a-b090e9612083,2,1,1,2
aa09552f-deab-4baa-815f-5e634987c983,2,1,1,2
0359cc8b-d8e8-456d-89bf-7b3684508382,2,1,1,2
b17876aa-53d6-4088-b49e-f50f7a8e8f0d,2,1,1,2
448eadbf-9f1e-4903-b99b-f3581a75334b,2,1,1,2
d62f1ec0-5acd-4583-8d85-72220d9926f0,2,1,1,2
30b7b42d-c02f-4e83-8291-5e386fb8681a,2,1,1,2
db70c6ca-c5c9-4c55-8be3-584ff9e6743e,2,1,1,2
1559fa42-3a60-4802-b734-c56e92eaf8a8,2,1,1,2
c0df6aef-77d3-4002-bda0-0bdf39fe6863,2,1,1,2
ac6ad45a-accd-4437-9051-da4b716b3ac9,2,1,1,2
5fef4030-d6fd-45c4-befb-8aa38d6b6ed7,2,1,1,2
c7a46b16-17da-46b8-a97d-760014a72008,2,1,1,2
7a3e0230-138b-4260-a658-2b14463e704c,2,1,1,2
0a021898-8602-4778-bd76-f54a9d4c9951,2,1,1,2
97d0338a-b6a1-4229-a04b-99c34359c884,2,1,1,2
492ed2e0-ac5c-41fb-9676-eac1c8a7c117,2,1,1,2
47a64a8d-1bd8-4b9a-9ee4-6f8399f291bc,2,1,1,2
2bb5bf6a-59f3-4154-aa16-4181e596c162,2,1,1,2
d27ce1cd-df00-4ea3-bf37-b76c6bb9d2e3,2,1,1,2
4566ab90-6be5-4e34-b61d-a49bab76d6c9,2,1,1,2
e1b4c02d-0eb6-4d18-9363-5aa7b89e5528,2,1,1,2
b50a5d14-36e8-41c1-ad65-11670e9af397,2,1,1,2
2cb7c558-82d3-4291-b33a-ab7442001529,2,1,1,2
0617b8e7-7723-4d57-94f4-0e521c327062,2,1,1,2
ca27c286-61de-4bb2-a6e5-473ca75c1533,2,1,1,2
f40d957d-291f-451a-b220-4badf1459b13,2,1,1,2
6d811660-e37d-4bd6-bc25-0e75eea71cfe,2,1,1,2
4a6a8fd3-ee3f-4e10-b1b6-b9faec2bbdae,2,1,1,2
7cfb66b2-c16d-4515-af4f-e56d0b37dac3,2,1,1,2
9c55a36a-fdc9-4931-989d-fa92702cca93,2,1,1,2
d367994f-896b-4db4-b076-7ee808f3478b,2,1,1,2
d82d221b-a156-4e4e-877f-c748e2e24737,2,1,1,2
481a21c4-cf52-4372-81cb-9b0ca4ad92e3,2,1,1,2
cb56766d-eace-4069-a4ab-e97c36b53177,2,1,1,2
fba90134-01a4-4d63-b6b4-09b7f13c603e,2,1,1,2
d9ac9a1b-b237-423b-b969-79739f578fc5,2,1,1,2
ba834471-6693-40be-ad27-997af7fec5de,2,1,1,2
20ae79e0-6047-465d-be50-464e3fd14e50,2,1,1,2
8f95fe96-b7a7-4679-8fa3-04da53e74bea,2,1,1,2
2979e279-34c7-c1f6-288d-4ed638d81fb2,2,1,1,2
cfd99ca8-d67e-198b-0bb5-04b891268b73,2,1,1,2
2049e2d3-2a8b-4065-bf10-1e1d41e8da1f,2,1,1,2
68b709d2-41fc-4c3f-83fa-1e1e0dc48d91,2,1,1,2
41161ed7-1547-40f0-b192-1b4305d205df,2,1,1,2
050079c4-12a7-4c5f-38ac-c1dd7f13c49e,2,1,1,2
db3675b6-a7e7-44d9-a0fb-b776e3d408d5,2,1,1,2
3b106321-fb5b-4b15-87d0-0f6cfcbc8405,2,1,1,2
b06f2c0b-0935-4e21-9b5a-40509ab53d33,2,1,0,2
eba4d176-4165-4f82-b50e-5206e8eea17a,2,1,1,2
9595e6a9-a5fe-4ac0-921d-9199997138a4,2,1,1,2
e8b5dc53-7d70-424c-95e0-34d40c64d775,2,1,1,2
3b1f0b7a-2342-4604-af25-1d43a4ff3fba,2,1,1,2
fe5d92f7-c7eb-4111-8bb2-823ae06be9af,2,1,1,2
78f741de-c978-417a-a22e-2a5b6e84342e,2,1,1,2
eb1ed800-5d1d-491c-9442-050ed50bdd16,2,1,1,2
1f039cf5-7398-43b5-8b59-46d69a71d4c7,2,1,1,2
589ce47a-70f5-4d80-bdac-9c72fd46a104,2,1,1,2
05fc6e18-2d6b-4175-b122-7d052a5e5028,2,1,1,2
bd3da005-0b2a-43b7-82f5-2720fe15c0af,2,1,1,2
741314a3-3a2f-0c80-0aee-f5d272a5c6a0,2,1,1,2
0b30c339-bac5-4b8f-b240-106ccc68a5dc,2,1,1,2
a68f854c-eecb-41a2-91b1-5d6c1cba47bb,2,1,1,2
b22dc96a-4a38-4f8b-aafd-92a9e4e94145,2,1,1,2
f7a6b0ce-9183-47dc-8540-5a52b025d29f,2,1,1,2
dbeb832f-8d87-423a-bd7b-717f88528440,2,1,1,2
0b8b0a69-9072-44ac-9059-f13f69a0036a,2,1,1,2
b3465b69-7cee-47aa-acae-f29ad558d35e,2,1,1,2
2bfbc735-fb39-4b94-9647-267b89ed8a33,2,1,1,2
5e8c1940-8321-4ef9-837e-4971adac340c,2,1,1,2
e92b52d2-7acc-4f1b-b309-767a7e5ff6f5,2,1,1,2
ccb1c544-2e87-41d4-97ed-e65015a7ec47,2,1,1,2
867d5cea-5d1c-e002-7cff-91d8dd13399f,2,1,1,2
d8f17577-6e1b-4e94-81da-02532ce9b25f,2,1,1,2
5daa092c-55f0-495c-9c0d-e9e567938a53,2,1,1,2
f56af18e-7a79-4338-bf3c-483d85096957,2,1,1,2
19f474f2-3775-4458-a7cf-fdec74775084,2,1,1,2
0645a905-8d0a-41a4-a5ff-246d8df926a4,2,1,1,2
670154ec-2a84-47bf-af40-b1f0c282543d,2,1,1,2
3908be30-c1a1-473a-9d99-2fcd8c7ff852,2,1,1,2
24cffce0-484c-4d0f-adef-7f25811d7e93,2,1,0,2
6f494d40-bc8d-4f17-b65e-6fa6631cfd54,2,1,1,2
519b679e-3086-41c2-98fc-a32a37e4aa67,2,1,1,2
b3528250-9675-43e1-a8ee-98fa6cc99b21,2,1,1,2
bf1fceb6-372e-b47b-c2c2-3c3405195f9d,2,1,1,2
34807c97-46f6-2ab6-541f-1b91f98fdbea,2,1,1,2
172e405f-5c24-4dc1-a776-dacae5a15d27,2,1,1,2
b9b685a3-6c31-4d6d-b10d-141b9c504188,2,1,1,2
9f5ff312-b242-46ff-b748-e6796ad95922,2,1,1,2
c0170aa7-e1ae-486a-bffa-e6ecf3db93da,2,1,1,2
908f54c4-478e-4b46-8252-92f148e07df8,2,1,1,2
939408e3-54c7-46a7-9380-984d16df5d19,2,1,1,2
cb8bd42d-11fe-44b2-9f84-21101cfdd74f,2,1,1,2
71bec008-3253-42d1-95cc-940191836910,2,1,1,2
396d4772-0f2a-4990-ac1e-f33936c76003,2,1,1,2
d59d3da4-1bc6-75c2-f67c-1776dfcacc2e,2,1,1,2
ebf21326-4118-7f5b-0b82-bdb890bd605e,2,1,1,2
4265b94f-1226-4c70-b2cb-96d5894317d9,2,1,1,2
22cf1183-c3aa-4abd-95a5-a0cabaf61bd8,2,1,1,2
057542db-038e-4a48-ab74-c25aaedb9f0b,2,1,1,2
7bc08417-29ca-e11d-5d0b-af6787ee3595,2,1,1,2
8d7bf6dc-9225-4112-95e4-8097dc8071f0,2,1,1,2
2fde7c76-9fc1-4d2f-a278-b1d77b3f6e31,2,1,1,2
a9645760-57e4-b73e-5883-593e9dbee80d,2,1,1,2
7a6c5d9c-ccd6-9985-ca55-3c9c95013426,2,1,1,2
3486c5cd-df0d-4c40-8824-6f5943000194,2,1,1,2
5ee33591-11fb-4198-96a3-e05a277f3c1f,2,1,1,2
408f17ef-888e-4929-b726-04e16702abf6,2,1,1,2
f49602d2-79d4-4faf-9c8b-c825a47f0fe5,2,1,1,2
900a0f49-c6fc-4199-a79a-e10fe45b3d6c,2,1,1,2
5e5db2ad-7bb6-adb5-e8bf-ebf7eff07a60,2,1,1,2
cb427bfb-89a8-40fd-ac79-d77d85a0c8e1,2,1,1,2
0dfef9f6-1e8b-4e33-83a8-d68d31744271,2,1,1,2
c391865f-6102-4a69-8513-b556e415acb1,2,1,1,2
120dd8de-505f-4920-bb33-56b784c68fbc,2,1,1,2
16a7f693-dcc0-4bec-9eed-7d51a76aeb85,2,1,1,2
9cbc3b2f-0370-4815-be5a-0e132e1edeea,2,1,1,2
6f23fe42-04c8-9cec-f2a4-fb1431dc9029,2,1,1,2
0ff82775-5812-4aec-8c01-e0104b594c9d,2,1,1,2
0a4f0519-ee1e-4dad-9bda-ef1fee59e5bb,2,1,1,2
f485ddea-28f6-d80b-cfb5-297d6d1c120d,2,1,1,2
43a4fe6b-6aee-43fe-82e3-63d04146a798,2,1,1,2
2db87d2e-a159-4c3e-8966-88c4dd83ad6e,2,1,1,2
760a4018-a1bd-4133-b02e-058a04f54b7e,2,1,1,2
ff4a2437-ccf5-43df-9252-dc5d06be7a2f,2,1,1,2
e3ae4311-830c-4299-9594-08ff7e565a46,2,1,1,2
396a063b-a3bc-4a49-bd3a-92104ad6251d,2,1,1,2
8f700555-1dae-426b-8bc1-ac19df18dc95,2,1,1,2
1c6c8c61-e476-4568-a7ad-c8389232a71c,2,1,1,2
ac0b9d7f-3ffa-457b-a5da-0ce41f61911d,2,1,1,2
9e54a0ef-3650-47ae-bd45-03979f91b45d,2,1,1,2
20d67e95-b22d-4354-811a-cc7f2c9460b9,2,1,1,2
4c0952cb-2cc6-4df7-a398-4d0e4855fc5e,2,1,1,2
1d95450d-aacc-4f18-b8bd-8b48b07eb7cb,2,1,1,2
531cbc97-5dc4-48f3-a2a2-ab681ee3af8e,2,1,1,2
276c1bda-806f-4536-9632-b6d6053904d2,2,1,1,2
b8723921-7d4d-4de2-b926-55ab8c735478,2,1,1,2
8b20f7be-1e75-4e17-aa81-c9273fa0ca4c,2,1,1,2
165fc4ca-c1df-4497-b717-7d5f77a90796,2,1,1,2
0691a9fd-25d3-40aa-95a3-d4758c4ebbc6,2,1,1,2
371fc710-ef48-488d-aff1-83c6d3c4f515,2,1,0,2
189f0944-1267-4ba5-8c2a-d3abd12fd9f5,2,1,1,2
23caa0ad-6de2-4bee-a01a-bae4a33d9094,2,1,1,2
ac91a03d-278e-b5f8-8d76-146b94232821,2,1,1,2
35ed7002-411d-4cf0-aa4a-5ccebd3e1130,2,1,0,2
48389c54-da1f-47b9-bbe3-985a6c0e5f35,2,1,1,2
d07adb08-160b-412f-8573-0f3dbe02477a,2,1,1,2
c317c805-4bfa-4096-8a9c-3bdc765aab2c,2,1,1,2
147d6770-94bd-4d1e-87d2-190e3e97d0bc,2,1,1,2
f99f475e-593e-45f2-a90e-ac5453ee791d,2,1,1,2
7afb8ff5-a98a-4e4a-b767-4d1efb5c2feb,2,1,1,2
c87f1074-0570-485b-8146-054e31ba1aeb,2,1,1,2
4930baf9-0ecd-43df-b82e-d3bbad55a0f8,2,1,1,2
f04f15de-ea02-4dcb-8c58-44d02ab4ed31,2,1,1,2
8873137b-d808-4ded-93bd-dab227202800,2,1,1,2
b8143aeb-6593-a1d4-1d2f-43d7266e544e,2,1,1,2
802a95c4-dac1-442e-ad48-c867de1a6635,2,1,1,2
1225cfa9-9031-015e-29b0-e9502187d2e2,2,1,1,2
f26346db-9c13-473a-ae18-60bf0d2e4dfc,2,1,0,2
c639bc5d-f6b8-45b9-b48b-be48138af92f,2,1,1,2
7df0606b-8021-4dd8-8dc8-0c2af18abad8,2,1,1,2
3d28c254-6f33-47a1-8bf5-1127829c7c56,2,1,1,2
59ef59e6-415d-440d-878b-9215b7bc7c2f,2,1,1,2
5299aed5-40ae-41d8-8316-e0686ab2babb,2,1,1,2
e13d9149-1028-4ff4-9539-41234781190a,2,1,1,2
80a4ae4d-ad8f-4728-ae65-dbbccba39127,2,1,1,2
3703f6a0-f85c-45eb-97fd-8a2313373439,2,1,1,2
1e8005de-f3d1-4be0-ae92-a9b5cf557ebc,2,1,1,2
27fd707f-04c2-449d-8812-249e53e8cbc0,2,1,1,2
90dcc57d-c897-1e2e-0264-8375112013d8,2,1,1,2
31fb1ad2-0109-4576-b5a7-30a0075dbef7,2,1,1,2
69f5a462-2f4a-4b6f-bc10-2764b4aee217,2,1,1,2
bb95c187-0ecc-4e5f-a54e-225dbb77473c,2,1,1,2
28c58670-f689-4b5c-8458-7fb9d0441334,2,1,1,2
456def7f-63b0-476d-be64-49ae32fdf1ef,2,1,1,2
dd11f56a-152d-677b-0105-a6f9ec0f19c6,2,1,1,2
9d89db9e-e948-4506-9461-7d1502d6da9b,2,1,1,2
c0372fe2-545b-44e3-8c60-4df277380631,2,1,1,2
d26594db-9e65-4b37-a63f-3232bcb48292,2,1,1,2
fb1ae915-d783-4735-b0a0-71a214c08284,2,1,1,2
32dc6d5c-8abe-4ed1-bd3a-6b0acb766c6c,2,1,1,2
9d9910d2-a41b-4540-babd-3717016d2fd6,2,1,1,2
b2ab13f9-b323-4f7f-92af-3f8ea861fb8d,2,1,1,2
a6a91f96-5e21-48a0-808f-72a88519e1ff,2,1,1,2
a96f3a8c-a119-4b18-a8d4-55ad1b763f85,2,1,0,2
45025642-dd8e-43dc-b148-768be1f62870,2,1,1,2
8e98e4be-0a03-4858-9330-e0aa9ca6b1db,2,1,1,2
ef5e06d2-f3e1-40c0-8c09-b2b59beebe43,2,1,0,2
fb050d9c-c70d-40ab-b20a-aed399fcb14d,2,1,1,2
3a0a91eb-2ac2-4666-8d3e-5d2600e894ea,2,1,1,2
fbf9bac1-b61f-4601-8487-732983f95fc9,2,1,1,2
be12a3fb-9ff0-4a8a-9cd3-0f3ab63c0fbe,2,1,1,2
2432a704-9ac8-4b36-a592-c986025e469b,2,1,1,2
9c9309e0-416f-43f4-ba18-5859a8146d1f,2,1,1,2
850bc081-2139-4fc2-a415-f6cc4ae25fb2,2,1,1,2
669f69b1-e6d6-4925-b35e-213b53062b49,2,1,1,2
4955e5bf-8251-4ae7-a61e-1b2e36976ed8,2,1,1,2
41945cab-9dd1-4993-90e0-757867ee2b89,2,1,1,2
b21cabb1-b51c-4ad2-8422-28ff984c4fb2,2,1,1,2
3ec10cb1-c5b0-4779-9723-a2d7f511f3af,2,1,1,2
20eecb9e-a320-403b-acbf-011b8b953ed2,2,1,1,2
6053d5a1-c2c6-4eb5-a041-7f7999d659f4,2,1,1,2
d1cd99f0-9077-44ed-b74d-8d37296e6fa8,2,1,1,2
f2f928a5-25f9-4649-a58f-0ac27bd801e8,2,1,1,2
22892ee5-4f95-43f2-b384-b88ec2539a02,2,1,1,2
56252b74-a905-407b-8337-927feb3680bd,2,1,1,2
cbe44bc4-c3d3-4380-9816-e693ff8c9786,2,1,1,2
fd626bfc-7ad4-4754-97f6-381482d88760,2,1,0,2
8375aa9e-3d7b-4b19-843c-cb27f654287c,2,1,1,2
5b6053f1-ef57-4d1f-8b55-4c2c78f8d65e,2,1,1,2
0e427fe6-0573-42c8-8326-b66bbdbbda8b,2,1,1,2
ccc762e6-c37c-4e85-9a56-8d569cd63dc3,2,1,1,2
58b6fce4-f9a3-4797-8974-f61adcad9fc5,2,1,1,2
c03f6385-36a6-417a-bf1d-1c5adfec2dc5,2,1,1,2
ed353508-9ddf-491c-926b-3824c6c05e24,2,1,1,2
4b3c47e8-4660-40e9-9be6-d35bc60fdee3,2,1,1,2
49daf99b-b0e7-44ee-bb16-68595707f21b,2,1,1,2
0454a0d7-7a49-4fbf-8536-d913cf3042c2,2,1,1,2
e0182978-0cde-47b2-b1a7-224f8a9e65be,2,1,1,2
4040d02f-b057-4626-b890-1cfacbd261b5,2,1,1,2
4c922301-fea8-4101-a28a-5f42b041c255,2,1,1,2
dae1cd16-7ac2-4c50-865d-234756b03a3f,2,1,1,2
d9868e52-fef6-4078-8fa2-2d82d2162211,2,1,1,2
0891a64a-6053-4b58-8730-b0f65888373d,2,1,1,2
c4ae57d8-2bbd-4a10-9c47-e6d4c80a53f5,2,1,1,2
cf9e7e4e-ec9a-452e-8e15-1ba14c746360,2,1,1,2
6ae5c47f-772d-4ea5-8847-28d47cd4e8c4,2,1,1,2
c4adf791-f518-256a-f5c4-b9882c3122d7,2,1,1,2
6dec9c57-ffe9-4aaa-af53-7d447896ec53,2,1,1,2
10f9a260-7119-4f0b-91a4-dd06daff52ed,2,1,1,2
8d7942c7-5b68-4c09-a916-a52c8788e157,2,1,1,2
1d1b29f8-00c5-4286-b8ce-562adc7fc754,2,1,1,2
8161e991-e8c1-a310-0a8d-968214d03b7e,2,1,1,2
25ace5c3-8436-4991-8c42-f5ec8c77d197,2,1,1,2
5bfa4496-5660-48d4-a8d4-94da598caef8,2,1,1,2
cbcf3c16-8ca0-4bd5-9595-5185770c3158,2,1,1,2
39ebfe42-2ecc-473f-9487-7d116ea7dfe2,2,1,1,2
7a01a449-b2d0-43dc-9f0c-da5d9ecd158d,2,1,1,2
0c467d31-b636-46d5-83e4-4d8f8553990c,2,1,1,2
e9caaa58-b11a-4793-a6a5-3c89db97e4e6,2,1,1,2
596f3aa5-7b6f-49d5-ab6e-fdd489e143b0,2,1,1,2
6806a5e1-ba3d-4cae-8fd7-a49bade060c8,2,1,1,2
f5b498c4-1a5e-4b1c-9549-99823d80b87b,2,1,1,2
f7597a71-db2a-4fe1-a78a-77d16aff0fb8,2,1,1,2
3c6d880d-f3d9-443f-beba-d36ab3d1f370,2,1,1,2
0b9eb637-d8d1-49b5-9bc9-05e55e175c4c,2,1,1,2
3908f384-5cfe-426b-ab24-16274b0f0d29,2,1,1,2
3d464ba2-3dee-4891-b816-6b44580cb596,2,1,1,2
3ae70496-de2f-ea0b-add3-cfe28041ae38,2,1,1,2
a6cd83e9-3d77-2153-6c4e-b9376d1a5053,2,1,1,2
45aaf38d-7dc5-49b6-bb23-30500e2bdcd7,2,1,1,2
32095bcd-aefd-48e0-a098-6955c4110051,2,1,1,2
c53b95cc-dea7-495f-a530-388f0d70a80e,2,1,1,2
bec654f6-ea0c-46b6-b428-bae33bb38d1f,2,1,1,2
dfaca1c1-f5c7-489f-9957-ec7f56acf7b7,2,1,1,2
8ba21c00-a5f1-4469-909c-66f88304bc8e,2,1,1,2
4ad6faa7-7cc1-40f9-9c4f-0b445acb70ee,2,1,1,2
7c3b045a-dc31-408b-bfcc-d863a807329d,2,1,1,2
ace76858-3fd6-4e86-a07e-b91743c9b856,2,1,1,2
865a6673-7925-4819-8c62-47aaefd4e542,2,1,1,2
5bb342d3-6064-e671-3bc2-06c20ff88fca,2,1,1,2
7b635ddc-fed0-43cf-9c42-ad6646b5fb62,2,1,1,2
3d75456d-ff4b-4018-aedd-605a956724b4,2,1,1,2
e96f8cec-47dc-4387-9795-0b7c88c0f527,2,1,1,2
f5af2356-9a70-46d8-b094-fce7aa804d9a,2,1,1,2
da2cafac-dc9f-4e26-988d-bf31a551f1da,2,1,1,2
3f2c967e-9e87-463e-828c-e6db610d0006,2,1,1,2
35ee47a1-3701-4c78-89c3-5300831f8c1f,2,1,1,2
a07a89f0-83e0-40e9-8b8e-778a4b542b4c,2,1,1,2
6dbc061f-9786-4d1e-bdd7-226e166ed066,2,1,1,2
5141ae67-6c65-4a03-91f2-a26a92a6a499,2,1,1,2
2145b4cc-0ee9-4542-89a2-125c78b146bb,2,1,1,2
e1331c99-6e67-45c1-81e2-d946e63acde9,2,1,1,2
4c9a9ca0-d6d8-d594-beb2-f57953975514,2,1,1,2
3bc09486-b7a5-4b28-8f74-d19eb45b4ec1,2,1,1,2
b1203e6b-d6b7-4aa2-a038-27da2c6b102a,2,1,1,2
e10b1d49-33ba-411e-93ad-0653c01ada96,2,1,1,2
bb878fcf-5f77-43b7-a9a0-60877e35d31e,2,1,1,2
f4674bd7-9263-474f-9266-6f299b40a0fb,2,1,1,2
d207f9c8-ca40-41f1-94af-995111507428,2,1,1,2
0343cc8c-a827-48c7-9fe4-2f800ee69cc3,2,1,1,2
6e49302a-22d2-4b90-a0c7-ff107e80968a,2,1,1,2
2a78133b-cb08-4f25-a178-3eecfaa545aa,2,1,1,2
151744e3-b813-48d3-9663-83b0e49b18b2,2,1,1,2
33844c7d-a594-4757-b4c9-fb0f6ef54608,2,1,1,2
75db5223-ca35-4a20-bc2d-2cce5349a6d2,2,1,1,2
2262109c-7759-4d24-8b30-f4b9ebd1ee28,2,1,1,2
00e4da58-91c6-48e5-85b9-2756c4c84212,2,1,0,2
d97542e0-bd9b-7b53-dcf4-2b6cafa86ab1,2,1,1,2
43106e1f-ebe5-4094-aadb-948a1033a76d,2,1,1,2
2df18979-9155-c5e7-6b81-8a9f7bffacfb,2,1,1,2
e604e51d-ef63-4b73-9c6a-fdc717bed90d,2,1,1,2
9eff896e-b352-4193-a83d-2fe43fe2e8c4,2,1,1,2
fc5068c8-216f-47c8-9ab2-453ae4360536,2,1,1,2
a245143d-2f0d-450f-0926-5c3c8e5f6799,2,1,1,2
80dde086-ccbd-460e-8bc7-89c5277b09e4,2,1,1,2
b2b37811-7875-4760-974f-10c37802e890,2,1,1,2
8bb8371d-47c5-46e2-804e-df6fd16ac7b2,2,1,1,2
6310b5af-9af3-4ee6-bac1-5d2863e7002f,2,1,1,2
eea065bd-262f-4ed4-ae4d-b94ba81ccbd7,2,1,1,2
9b14cd90-efbc-4308-a202-345cf5d01703,2,1,1,2
e4521f8c-04ca-4981-af01-afeedb816ce3,2,1,1,2
facc4f62-ab5f-4e5c-8c07-32b8d5038219,2,1,1,2
fb94d376-0750-403a-9001-61e93a0a1007,2,1,1,2
4f6a7849-3a7d-b70d-1362-b5e1ba96db92,2,1,1,2
c824e523-e4e9-a0c5-157f-7928830b342c,2,1,1,2
0fc54d8b-b48e-4672-8e3e-86737447e5da,2,1,1,2
ee2e7ba5-704e-490e-8cac-95b9e55de327,2,1,1,2
6e4da05c-f864-487e-a402-de6023ea880e,2,1,1,2
c6701de5-37da-47ca-a656-d8960b4db274,2,1,1,2
fea53ec7-6384-40b0-a4aa-2b9ae60eb3b6,2,1,1,2
7698fac9-0ac5-4780-9a49-a7d714ec0423,2,1,1,2
d55a3716-4ee6-3619-6015-7cf8c3df906e,2,1,1,2
21c68ea0-7457-45af-bd5e-39e7e86f0ffb,2,1,1,2
c79539af-71cc-7fb3-cbfa-10fbb7860041,2,1,1,2
8d15327e-bc05-4c86-be4a-1ae6ef97fc17,2,1,1,2
c00a2484-fb65-4463-9e30-86b0f3d161d8,2,1,1,2
3d0dbe6f-2b3f-4d4a-9577-e515502f37a0,2,1,1,2
add0b2ec-0381-4c41-84c5-acafe3fed2cf,2,1,1,2
fa0d6df4-3d29-4d4b-a5a9-44661ee7db97,2,1,1,2
8122a4f8-46bf-4571-895e-799e8b0b2638,2,1,1,2
a0d896b9-0f2a-46ad-bcdf-a0b2b00e71b1,2,1,1,2
3a3fe86f-db96-4258-8d31-fda1a217ffb9,2,1,1,2
3e0c388e-b08c-428d-9994-c0fa947bc201,2,1,1,2
ca746821-3b51-49d6-994c-4bec75a0a6c2,2,1,1,2
863ca228-01db-4808-b0f6-014af609dbab,2,1,1,2
6e69dac2-b441-4e10-bd44-bbeaf83649cb,2,1,1,2
ff074e98-b33d-4a4e-b51d-66a0d707479b,2,1,1,2
e5578514-2f03-46ad-bdf4-f7869f78c5c5,2,1,1,2
a0d0239f-e57f-4f51-b888-eb9fc4d5ee6b,2,1,1,2
46604ce0-3a65-4cec-b357-4c4ea26af888,2,1,1,2
8bbde579-9ea6-4cdc-9b44-8d6cceb1bb95,2,1,1,2
e62fdc67-5046-4c1b-87dc-be269fa82478,2,1,1,2
b4e4b4f3-d333-47ea-a2fa-7595576563ce,2,1,1,2
8e80d399-9ee4-46b9-a04e-7647ac9eb844,2,1,1,2
bc6a36e7-9185-46b3-b956-e8b2e5d338f7,2,1,1,2
9d76907f-3b1e-4b88-b487-9a20444890e9,2,1,1,2
b5da820f-2050-473e-aab3-7db70864d286,2,1,1,2
e967ee19-876a-4319-83a9-a00a7b148705,2,1,1,2
5eb32580-a0db-4dc9-8bea-d8c3cf5c502b,2,1,1,2
c4be9fef-98be-44f1-a1a4-f07ab8cb7098,2,1,1,2
4d36bd0f-61d2-2448-bd04-b82aa86cb52d,2,1,1,2
04d8b96d-5b9a-416e-96f3-0a0c597b4f27,2,1,1,2
f3f64ec0-6944-47e7-92a7-c3190dc96758,2,1,1,2
f9ffff3d-4abd-4050-acef-d6ecca850625,2,1,1,2
49944806-de06-4706-b574-923036ec3fb1,2,1,1,2
887a3d13-7497-4580-b423-51f662e48fa3,2,1,1,2
5666dd43-3fcb-4e27-ad4f-58c226e6ba3b,2,1,1,2
768d3c7c-9d1c-4382-b2c0-f2da82dd72cc,2,1,1,2
1ee5c546-59d7-41c8-a526-84f02dc272d5,2,1,1,2
4271b962-e1db-4fb0-806f-0152e3e8436e,2,1,1,2
b3d5e922-ee1a-4afc-8db7-bf60ecaaada3,2,1,1,2
5b7bfea8-4445-4fa7-a597-be84e5bd3afe,2,1,1,2
d33e8873-c557-46ce-861f-e02887c7da63,2,1,1,2
3b78b262-3532-4fde-b5ce-770fe104ced2,2,1,1,2
406565e4-5867-458b-8122-366bbb64e8f5,2,1,1,2
63797f45-eca9-4143-bac1-ccb2a11ddbe4,2,1,1,2
c03b400f-11fe-4beb-bedd-1ae5f0d86f4d,2,1,1,2
fa06ced0-3b77-6553-4f93-a0e59d3a1512,2,1,1,2
adfbd8eb-a0dc-4966-a95f-279d59d30c88,2,1,1,2
4cd5c52c-920b-49ce-a553-8e724465923d,2,1,1,2
285209e9-0ac2-47b8-a4c6-c570a1dde2ad,2,1,1,2
16aea45d-08e0-497c-8ff7-748a870d12e6,2,1,1,2
95094844-3e68-4749-b8f5-1e3de517e187,2,1,1,2
28d509a9-6c66-4b60-a951-9b93f8470bb3,2,1,1,2
9aca3218-8f99-4a11-9c22-1bc2de7b24f7,2,1,1,2
94533011-2bb6-43fb-b973-783f3a8d6f82,2,1,1,2
7a33f123-4bb5-42fd-94ed-01f079573f55,2,1,1,2
33c8844e-57f8-461f-8600-7b58ad89f514,2,1,0,2
cc82f4ac-4314-18bc-0959-55a7ff9c0534,2,1,1,2
7b18166c-7724-4fa0-8797-82ef69aae9f0,2,1,1,2
020ad4b4-0e6e-4466-9652-ca5eb4da743e,2,1,1,2
f1cf3a20-4787-4510-9a24-66ff3beb1e7c,2,1,1,2
aea4388b-0f58-41dc-8c4c-9e7802b3e038,2,1,1,2
8648d588-3df2-4f23-96e7-2d5607ef0f8d,2,1,1,2
80579e2d-c090-45e5-be11-434717fa2b74,2,1,1,2
e0ae8f15-ca5a-48d0-a119-8fe5c9b50044,2,1,1,2
6c523d6f-4ec2-429b-a5d5-2ebb99cd9189,2,1,1,2
13b491f6-63f4-404a-a3a9-3b3dfeefba27,2,1,1,2
986c69f6-1261-4ebe-940c-c4e65d2a9451,2,1,1,2
3ddef7a3-80b3-4d84-b061-e94bff9cd7cf,2,1,1,2
8342deee-3255-42a6-98e8-2efc4aa530a4,2,1,1,2
9e51c46d-ca86-477c-81d9-954c670a5a54,2,1,1,2
8fa27604-2929-43fb-be7e-d6debf1a267f,2,1,1,2
ad462ab5-48f0-41e0-881e-f0aade9184b3,2,1,1,2
0d2aaefa-c1ab-456e-be45-3bbc8af47ae0,2,1,1,2
3f65a18b-ecd2-42c0-8660-ad258abb4bd5,2,1,1,2
d2a14463-0d2e-41ae-b449-18196838cc7b,2,1,1,2
f7591f94-bdb7-4f51-94dc-bac28f5d7b36,2,1,1,2
3f293e18-c370-4a2a-a8c8-dfe3a58ca6d7,2,1,1,2
ba196f97-1f8f-47a6-ab1d-f87c0c839a09,2,1,1,2
021bd029-7349-44f5-a019-1f8e545b2e5a,2,1,1,2
ae756e19-34ba-499c-bf30-e0cc38c99eaa,2,1,1,2
cde8b1fe-f508-470c-aadb-fdd8f1f3e5a9,2,1,1,2
4840e347-9d58-4c8f-b832-c8188c8a3842,2,1,1,2
f8d60e45-06a3-406f-a73c-aa54f6da325b,2,1,1,2
63c849e8-b8f5-4206-b1ba-e31c0d9b89f6,2,1,1,2
a9b27d63-7d40-5cba-8781-86a2f472163b,2,1,1,2
37cc8a3e-5fb1-4473-8b63-44807b97eaa3,2,1,1,2
1001b553-a612-453a-9128-5ffd6cd7889c,2,1,1,2
2e56fa26-99be-41f0-930f-f97a04335c93,2,1,1,2
f67dac41-1ffd-4bce-a9bb-648253365143,2,1,1,2
33b7c99b-5be9-4192-945a-9410f630137a,2,1,1,2
193482e4-1078-40ff-8833-31a3ad477258,2,1,1,2
1836c3ec-aa80-0667-7c49-b255fa4dcd5a,2,1,1,2
cb41bc10-a13d-4cd0-b03d-d4a5ec097ac4,2,1,1,2
5213ace3-9a6b-48f5-8981-414959a7dc5d,2,1,1,2
88ff0131-21c8-4d2f-8921-7dd8aa18fc4c,2,1,1,2
b5dedbb9-a08e-466d-93bd-5fce09bed2d3,2,1,1,2
dcb85136-48ac-45e7-bc0b-090bcb0c38e7,2,1,1,2
06f4024d-45f8-4d85-a4ac-8f27f83fb0f4,2,1,1,2
c17d4b88-730e-469b-acf0-83d3770ee0c6,2,1,1,2
0bf010f0-c501-464f-aadb-b9777c3f2158,2,1,1,2
5b1f39b6-d9c1-4c18-ab97-3b834d5f702d,2,1,1,2
711d2024-d1e2-483f-a79a-e838727f7264,2,1,1,2
dfe39966-1ff3-4338-b1da-982ffbd8d449,2,1,1,2
4f771fe5-4a72-46b9-a549-80bd4064795a,2,1,1,2
3349dbcd-7777-41d7-b44d-e12080b63987,2,1,1,2
a54140bb-01cd-4dd6-a219-db50b170b57f,2,1,1,2
176b475d-143c-49d4-a28f-f92cf4fa5ca5,2,1,1,2
bc26c1d7-e6d6-432c-f375-4bacf0f0ea46,2,1,1,2
0bf98947-9038-44e7-b46c-86904969ccb0,2,1,1,2
85b73c77-b2e2-4b22-9090-543c6755b966,2,1,1,2
ed779b04-4c84-47d2-9715-b2f8c44c82b7,2,1,1,2
42cd84be-4d52-45cd-b095-8be30ef1cc6b,2,1,1,2
356bbee0-8303-4f2b-9a64-727a15e421c8,2,1,1,2
78b298d9-8c9e-4bd3-ba1c-f57e218e3b92,2,1,1,2
163f2239-b95f-4805-bc2e-2a9899bfaae1,2,1,1,2
26124b2f-5412-42a1-94f6-25d638cec85f,2,1,1,2
a1f1d9f6-aa32-4c38-b919-e7f4ad79b5f0,2,1,1,2
7455e9ea-39ef-4f20-627e-c99791c0c880,2,1,1,2
350392e6-b70b-4b37-a66a-9f4f4f654a90,2,1,1,2
e44c8d4d-4855-4612-aa3b-b5e6bfb590e1,2,1,1,2
516202c4-7fb5-40cc-b2e4-c84fc7fa8265,2,1,1,2
9d999b41-e1c3-4d26-921b-07738332a0a7,2,1,0,2
a699140d-283d-427f-894b-a7ab7cea3d09,2,1,1,2
9620ae19-a889-4470-a728-bbbd93932d31,2,1,1,2
10f9f120-1f94-48f4-9f4d-2d5a70f43e80,2,1,1,2
336464ba-4b17-45f3-84fb-c30bd8572ed6,2,1,1,2
a966b9f2-d476-4028-97b9-b2fea96b8a8c,2,1,1,2
c34a9bdd-c25f-8f94-535f-9783a1a569aa,2,1,1,2
f3eeb5db-66b1-4a96-9fe9-04ded6de7c8c,2,1,1,2
90990a66-3162-4eea-ba94-ea87e174f220,2,1,0,2
6f3518b1-972f-4099-a035-f1fc05ddb997,2,1,1,2
47d9d7f2-da62-470d-90c6-d5146233d619,2,1,1,2
79d1e4c9-3b9e-437c-b3ec-32234c1b0bcb,2,1,1,2
c432f041-60da-48cc-ba9a-16198b7c7f78,2,1,1,2
71ad8b96-de56-48f2-a69c-15ede9063faa,2,1,1,2
7b9608cd-013c-4e61-8d99-3ca3e9d64d5a,2,1,1,2
2bdd9f55-dbad-448c-a943-5bbab27d423a,2,1,1,2
cdadfa15-8ce0-4591-83f3-4a2378b1e26e,2,1,1,2
ef1609a3-da48-4a84-a3b1-6788a3813abd,2,1,1,2
98bed0aa-40ca-427d-9c35-db6d7948315d,2,1,1,2
cd0be9ac-3646-4594-bbef-6fb1b276d157,2,1,1,2
26b2afcc-fe9b-44bb-8709-cea5d95ca8fd,2,1,1,2
92e32809-8e88-4aa4-9cdd-6ceeeb82bcb9,2,1,1,2
e8e08865-a517-a00b-ff85-9472b7bc77b7,2,1,1,2
3baff87e-94a5-40ae-baa3-09159b94957a,2,1,1,2
bb3f3d72-6943-487d-975d-12acad062a42,2,1,1,2
2bf659b0-b2da-44cb-a02a-5498d63effbf,2,1,1,2
f5a23a06-ab7f-4053-88c6-eb03567e827b,2,1,1,2
0da092b5-2518-49a4-9db4-e37cd80fbf39,2,1,1,2
d6bee8fc-a004-4492-837e-e7c98fbc20fd,2,1,1,2
997e1f00-2671-412b-a01d-d2231c56c950,2,1,1,2
89b8922e-5d4f-4bfa-bb92-9976e6a0c20a,2,1,1,2
d33fe155-b2a6-4506-b8a9-96550b9fa8d2,2,1,1,2
14876600-428e-4207-a8f9-c7740c2cb214,2,1,1,2
1b673c83-ff8c-8918-6967-8cc6945f7434,2,1,1,2
ece5c7d0-5318-4439-897f-ab110f564c97,2,1,1,2
0d810520-d478-4fd6-9c6c-dee94e522400,2,1,1,2
2abd3228-e22c-45c2-97d7-f255f5e8202b,2,1,1,2
bcdddecd-4f54-40f7-ba8a-81f89e828981,2,1,1,2
7b578bed-67ed-43c6-82f4-7d9e3649711a,2,1,1,2
8f10dadd-d675-4c64-bb4f-b833073829a0,2,1,0,2
cf40b6bd-af2b-487d-9ab7-4b59ad075639,2,1,1,2
0feddabd-3a77-409b-8495-66ec4c53fe25,2,1,1,2
d77ee7a4-98d6-450d-83f7-a5038136f970,2,1,1,2
4e44cf0c-fa71-443e-8fcc-ff2ba87eabca,2,1,1,2
11ffea07-923f-44de-9344-1b299dea1d3f,2,1,1,2
116dff02-12bb-4af4-b1d6-c3899ecad6dd,2,1,1,2
0436e05c-654a-49e7-9959-c58a14dfc05b,2,1,1,2
cd010957-9d6d-4f72-8773-1267d6e4f4b2,2,1,1,2
8032ba30-7e78-4abd-8a93-2c971b317a6d,2,1,1,2
e1730556-3636-4871-aa9a-84a2f94b70f3,2,1,1,2
b49a219a-baca-4164-88a6-9e93b8bd83a7,2,1,1,2
b6f91240-b837-4f33-9de8-62d2c9aee273,2,1,1,2
6bec3509-b621-4721-aaad-3d3b72a83c7f,2,1,1,2
09a67645-636c-45df-a2ae-6057d1452cb9,2,1,1,2
585d4b30-0678-4f55-a3cb-ae05440dfe8b,2,1,1,2
f087b538-9edf-4253-9cb7-01368ea42c43,2,1,1,2
035df21f-6f57-45b2-a1ac-1010fa60f752,2,1,1,2
6596d8d4-44f2-4e2e-89af-db07070becaf,2,1,1,2
c913f7fd-c342-4c2e-bcf3-2d2fee31ff7c,2,1,1,2
c8d23f8e-1715-4c60-8a9e-1bcd00a79be1,2,1,1,2
b21ea6de-7ecd-4882-9d85-77db9ceb3e29,2,1,1,2
bdd4d94a-ef59-401f-b003-ee9200eadcfc,2,1,0,2
cfa3747e-382d-448d-9e9d-ff94509c5820,2,1,1,2
5dd14eee-85e2-41f1-a8f1-0a186adc12af,2,1,1,2
dcf1cee1-4255-445e-9140-8868952842bf,2,1,1,2
fe7e83c4-a46a-a6aa-ec43-7e4cf473f836,2,1,1,2
f86b197b-29ea-49f4-be5a-9d57288b18a4,2,1,1,2
2ba6d31e-c7d9-40f0-9b54-4ad0d4b551c2,2,1,1,2
c3e81e11-6c42-4b63-9d32-8a8a34126d46,2,1,1,2
75cb55f6-0359-4dd0-811d-bd56085676ef,2,1,1,2
672bb060-b5f0-4460-82d2-9e1441b44e72,2,1,1,2
e845edf9-291c-43bf-8590-9785c1c13a1e,2,1,1,2
7e7f03bc-9837-4399-93d2-30c0c601ac4f,2,1,1,2
6440fb3a-d8d0-4550-b3a0-e38afe745e31,2,1,0,2
a846e52b-848e-490c-a415-1ea6c8bdb925,2,1,0,2
93bd45ef-b5ff-4ce2-9d6e-f6f60a6f479e,2,1,1,2
a1a3602e-47be-4eb6-81b4-2e32ec4d138d,2,1,1,2
e795af9e-b45c-4e29-acb2-474e69eda5e2,2,1,1,2
ef01fdca-8b0e-4112-bacc-0bf503eb7b6f,2,1,1,2
d1401090-3958-44f8-94aa-af1c132cbdfd,2,1,1,2
696b7467-32a3-ea34-1071-fef3ec777e53,2,1,1,2
28453da0-1c9e-4976-b763-6f22fe680cc3,2,1,1,2
b2c93379-54b3-43cd-b916-611df25c26e9,2,1,1,2
d449bc23-b557-4425-8af6-eba7546de908,2,1,1,2
1af3eb2d-843f-621c-754d-859b68598176,2,1,1,2
cc1736a7-a3c8-4bf9-bfe1-ea4aa7b230c9,2,1,1,2
0c92ad84-6595-4b89-a96c-99de62ba27af,2,1,1,2
29eb6f2f-08ab-4d01-9cd6-7808da790ff7,2,1,1,2
c5c916ce-ba1d-495d-a8cf-3d07ea828531,2,1,1,2
29fbafb5-376b-4776-a67b-5fecd379f9c7,2,1,1,2
aa0b5f68-da4f-4cde-969e-4737bc473abf,2,1,1,2
6685fb61-91e3-4133-8393-f751ef183ad7,2,1,1,2
ec668431-9c57-4d1e-bc58-900af3a93932,2,1,1,2
f4ded25b-62f6-46de-9483-e114ba0d82a8,2,1,1,2
027135cf-589a-4d13-946f-c74e42205fef,2,1,1,2
f14a4061-eb00-4b4f-b78b-0d53a7e96f66,2,1,1,2
54d073a2-8a88-4c9a-a3cd-b8f4817274ef,2,1,1,2
54808bfd-8f2d-486e-abea-ce8ef3c72b78,2,1,1,2
ec031d26-80b2-9da0-53a4-cb36eb2a271f,2,1,1,2
4b03e68d-6e18-4935-8553-ebf0cf9780b8,2,1,1,2
4b17d12b-cc3c-4589-81f6-a50fc93cbec0,2,1,1,2
a74866be-edd5-3401-4edd-2757a9f3ccd8,2,1,1,2
3e28f474-a284-4ba5-b72d-eb4b7cd2fd1c,2,1,1,2
1b6ed5c9-5fcd-4e31-b4ca-33d8289c2120,2,1,1,2
7cd4b569-956e-684b-078c-f53a2a64c274,2,1,1,2
3fbff690-9ce1-403b-86bd-288e1d052180,2,1,1,2
c42961e2-c1e4-4d79-a984-3afa5e0cc634,2,1,1,2
cbe2f42a-30f9-4b05-b023-06e5a4debd68,2,1,1,2
3d7c3df9-486a-4c73-b3bb-5d2607b2ca2d,2,1,1,2
7e53d552-d1d8-4393-840b-80fab9a8c4d6,2,1,1,2
615a87db-beaf-46e7-9152-7554cea8f5ad,2,1,1,2
ae35cba2-e705-4479-908e-14efc8bc8a73,2,1,1,2
aa8c9768-0bf2-4b20-82ca-702cc82a410b,2,1,1,2
7080f8bb-41ef-4ac8-ad02-8bb1ccf9ccc3,2,1,1,2
69b626f3-872b-4e4a-9eee-7cadf97dfe8e,2,1,1,2
c108c2c7-fa62-4f8e-9993-10aa25aa9b32,2,1,1,2
9af5aa96-8c41-491b-9568-0e2ec2e79445,2,1,1,2
303c2285-001f-4b48-a68d-6b01322d3c01,2,1,1,2
adf569e7-f84f-c6c2-dfc9-1e4f6aa9b9ce,2,1,1,2
76a9383f-cc5b-40d8-900f-498982a2f819,2,1,1,2
e317e691-0f95-4966-87e5-97b85a25a0a5,2,1,1,2
096c1af6-b8ba-4dfa-82b1-4905b24ab3b3,2,1,1,2
628890a0-cf03-4652-90eb-22f07f2a1451,2,1,1,2
0a34af1f-51d4-4c55-9c43-f1d6a7295c9f,2,1,1,2
7703bc0e-e44c-4736-a2bc-4698e58c893d,2,1,1,2
efd5f98d-38f6-4d25-9acf-98c7ced92b5f,2,1,1,2
f80763b8-42a8-4ee5-a9c1-61514a5eaaf7,2,1,1,2
7b44df93-cc6e-4a14-b2ee-8c1c45a28c38,2,1,1,2
dfb212a6-c949-4436-96d3-b4f6ea85c349,2,1,1,2
0985724e-f73a-450b-a353-2f96a6edeb86,2,1,1,2
3d0d00bd-cbb7-431b-8018-590f61be7a1f,2,1,1,2
f44e4732-7e5f-41ed-b74a-9eff76c05108,2,1,1,2
b4566d4a-3d04-4fa2-a332-c872c9f9159e,2,1,1,2
0c9c45f3-8c0b-d495-45a2-22bf45c73fcb,2,1,1,2
7a0683aa-e399-4fad-ad9c-188790e41738,2,1,1,2
53833a1b-b016-43f7-aad7-d229e98cd9ca,2,1,1,2
58b81ff5-cc1b-49d2-82f5-2fd30b08453c,2,1,1,2
156e5b55-93e0-400b-982b-e215fed0aaf4,2,1,1,2
f0e07365-3557-4d10-a4e7-099918525a58,2,1,1,2
9e2679af-4551-4493-8927-1fba06221af3,2,1,1,2
b6c1d7f3-9d98-482a-a5a8-7c2d1fae60c3,2,1,0,2
dc0e8f98-a11f-cefd-f77b-f86b8fd8d449,2,1,1,2
49da85aa-c179-4a1c-99d3-63e10a0540b4,2,1,1,2
f4010877-f850-4ae2-902c-72b8cb3bde96,2,1,1,2
d72590a6-3253-32a4-d2c6-fad9c369490d,2,1,0,2
c19e682b-a679-4902-bb31-3e892f9c65b0,2,1,1,2
2f0d623f-975f-41ee-8698-9ff6f7868dde,2,1,1,2
1d2c53cd-93a7-4260-8b5d-f3b96a0851c4,2,1,1,2
58f010ba-48a3-4f03-b9b1-7519474e688f,2,1,1,2
26b4d1eb-e90c-42ee-9c7e-a58c249d421b,2,1,1,2
93d66fa1-a7b9-489a-9f11-255450e9b826,2,1,1,2
f8b50108-c8c3-4f9b-8128-4ffdc13ed725,2,1,1,2
9e18c8d1-da82-4dd8-8895-e87832c2a518,2,1,1,2
4b22b6ab-c7d8-4595-a4e0-526a0d955a2f,2,1,1,2
a729328c-e616-64f9-47ab-7ab448be33b9,2,1,0,2
268ee82b-cce0-aa3b-aa71-41fde49a11b7,2,1,1,2
f469eea7-1f60-9f98-ee94-507b4b1fdbec,2,1,1,2
cc06b1d4-fca7-4d05-acda-77a8ac34bc77,2,1,1,2
a979e9fb-02af-4482-bfa8-30b8533c7aba,2,1,1,2
0fda17a5-6de0-4e8d-976e-7755fc1d029c,2,1,1,2
30732373-d011-437f-9e56-298e060e3db6,2,1,1,2
b60e7342-e7fc-483d-b339-074b2bf1ba5e,2,1,1,2
edc22e8d-060b-84be-abc7-3f17ccead2fe,2,1,1,2
c90e4473-f78b-4534-8acc-7ec71da4cfdc,2,1,1,2
a88bcc32-f670-4350-adb7-f4f91edadf9d,2,1,1,2
98a52bd3-f9f1-4155-838b-b2be2bd37f6c,2,1,1,2
d7e23095-2f3e-4820-9542-d6f17821dd0e,2,1,1,2
70c5a673-214d-4377-938a-1ac07e36e94a,2,1,1,2
264d6d87-c80f-4b20-ae2b-78d6352d9304,2,1,1,2
67f73e19-e647-4183-b8eb-63be300c4b4f,2,1,1,2
f54edbfa-ebf9-4f89-ab91-d9ccde590c7c,2,1,1,2
c9242305-928a-4818-9338-f12b83fabbe2,2,1,1,2
ad233074-3958-55bf-16d6-dfa84717185f,2,1,1,2
e8f3a672-13e6-4e6f-bf80-6b6cac922e69,2,1,1,2
a38df527-e041-43ca-bf86-f79ecd5605e7,2,1,1,2
bed96ad4-cdc9-44bf-a7e5-7f4bf60fa8bd,2,1,1,2
4089b24a-3b39-440c-ae47-9fbcf4206134,2,1,1,2
b02032bd-609e-49ee-98c5-5f5271a41221,2,1,1,2
71949c4a-2ee3-4d9a-85a2-5a9227263ac7,2,1,1,2
b2285996-17b1-4269-bcbc-e65ed1f21405,2,1,1,2
b6bfbaa2-4953-4a43-b556-86824c7406d0,2,1,1,2
db6d0496-bb3c-c1ae-f2a5-7316a58c23ad,2,1,1,2
55466e7a-8b0a-4a2b-af23-04f3e38b850f,2,1,1,2
168adc8a-7926-34bd-628f-2101eec06d58,2,1,1,2
af3464b7-8708-4ebd-a15f-e47dac44b684,2,1,1,2
ab7c6e0e-2725-192b-e6a8-a36806da256e,2,1,0,2
69c41585-56cc-4771-cae2-117fd8b47d0e,2,1,1,2
61a58085-00cf-4637-a934-671d02404c65,2,1,1,2
83d5a8bf-6cd9-46b9-bcfa-e5ae1cc0baa4,2,1,1,2
815b6d1c-61b1-4d47-a3e4-24bd31674607,2,1,1,2
2a817a19-5576-4dcd-a226-b30f4fe1760d,2,1,1,2
0d6befd6-c0ce-4f1a-ab83-7bd61abc0140,2,1,1,2
3ea3e4f0-6f5a-41ea-a411-8350a93ad1a0,2,1,1,2
8831cd92-3112-4e39-84e8-f1d725bdc51a,2,1,1,2
edf10ecb-3e55-7b31-934f-64de559e55fe,2,1,1,2
a04fdcd0-a7e2-4b6a-99f3-e9ff8d0e7f2d,2,1,1,2
2585b79f-f21b-499b-8ebb-e504269cf8a2,2,1,1,2
a7e6e233-52d3-4aaf-97e1-017b9d85c65d,2,1,1,2
4032e172-f5b2-481b-9dcc-1da7e08d78af,2,1,1,2
a5c1810f-78ee-4c67-a09c-db33ee0ff331,2,1,1,2
01777782-028e-4720-a420-a86b53323cf8,2,1,1,2
3d18ceda-d6cb-4d5a-9f24-b52bff3c3eb9,2,1,1,2
fe08fc66-7442-4246-9f22-dcd4a5412525,2,1,1,2
b49cb6b6-3ac2-418f-8853-5e3c6d873e91,2,1,1,2
ce106233-9e29-4080-9219-e606e8185ee5,2,1,1,2
585c79ea-4acd-43da-887a-91175177bac4,2,1,1,2
57828863-7e8c-4f4e-823d-edb98a277f94,2,1,1,2
07a0e80f-09b0-4b09-a59f-afa69e21a295,2,1,1,2
854003cc-7092-43a1-9cfd-562098304b72,2,1,1,2
9ece11b2-0088-4ae8-a44e-cc5e2a36df85,2,1,1,2
cc7bc65f-5db0-49e6-99bd-d8b58a626986,2,1,1,2
0e6a3f52-4e40-448d-a779-3cc749ec0fad,2,1,1,2
c08a5037-ad9e-41f5-89fd-7ecfe57959aa,2,1,1,2
a761c08f-b2b8-43dd-9477-46ab869770af,2,1,1,2
8ff3248a-18db-4e11-bb33-5297d0d95412,2,1,1,2
5be9f2af-e863-4db4-8746-5a2c1666a115,2,1,1,2
99fc7963-7cb9-444d-849f-39c31b0845fd,2,1,1,2
40abc8c5-274a-20bd-fc84-610aeffd4ad7,2,1,1,2
7ab9973b-8041-4a9f-9718-9e5b9080968d,2,1,1,2
82e03a43-1e08-4abb-9092-4897cda3783e,2,1,1,2
06f70078-cf6f-4442-b726-b153a303f9b2,2,1,1,2
3c5368c3-1465-4b61-bbfd-fbf5988a7156,2,1,1,2
f473cd66-9e9b-4b6a-9e85-4cb61fdfbaee,2,1,1,2
f2828f04-3018-45db-b625-143cafc319b1,2,1,0,2
26482692-93a1-4258-aa7a-0d6519913c6f,2,1,1,2
f2c3f197-5e4e-485a-bfee-4cd390e92e97,2,1,1,2
58d0b34b-8f56-4e89-b9b5-06704f2480b0,2,1,1,2
f0e76622-7131-4878-b6bc-b7f9701e1cfa,2,1,1,2
3a65210c-e509-d673-812f-765791f1b6b8,2,1,1,2
274675f7-815d-423a-975f-3c0f97829577,2,1,1,2
90578e32-c988-49d3-95dd-657f6a7fca50,2,1,1,2
d79d38fd-9a14-4785-a90c-f28cc3c714fe,2,1,1,2
d17617c4-96f5-4936-ac57-0d35a0c68740,2,1,1,2
07904e17-8ce2-444c-a8d4-9f31a191a066,2,1,1,2
00e780ac-92c8-4b29-aacc-19b87a2bf3b9,2,1,1,2
deac7189-a828-4a6e-8368-08d9f3cc2658,2,1,1,2
1fdff533-d6a7-4242-9c10-62505781479a,2,1,1,2
c22b576c-94de-402b-81e0-3af7836c3b78,2,1,1,2
92d96fcf-2281-4023-a98b-947bc7bdba04,2,1,1,2
9bf04f0f-a079-45da-b8cf-89c43f4353b3,2,1,1,2
7fb978ee-4b54-21f5-af91-21a6732f61d2,2,1,1,2
a2b71c3e-eb4d-436e-ad55-6cbb9640a7cf,2,1,1,2
3d465dc5-5985-457d-8d43-0106d9a3dee7,2,1,1,2
cff4e3f0-66b8-4502-aa96-2fcbfd690dc8,2,1,1,2
d6420b21-3c9c-4128-9e4b-9cc74227d263,2,1,1,2
052cbfcd-5037-4fa8-991f-11f9d9bf96f5,2,1,1,2
2da7c793-01ea-4479-b06c-37a81f6e6f77,2,1,1,2
c8548ec0-c240-42ab-8b99-1f6d33214c95,2,1,1,2
0af1c11a-4b75-4422-b6d8-087ea8f94184,2,1,1,2
9f34c9c8-bbb7-416c-9a55-671daf1c6a72,2,1,1,2
12873dd8-d4c9-4d58-aaff-89275fd6d62b,2,1,1,2
f146cbea-200b-4e95-9c73-8316f7128839,2,1,1,2
c7265588-117e-46ac-ad12-240646184cea,2,1,1,2
381b9ff8-401b-4c95-bc6c-6824ecb1f2b7,2,1,1,2
7a9b2249-2183-4e2f-b2a8-0da2fd085c74,2,1,1,2
fc7d52d0-a6e9-4a45-b196-43a2d3956343,2,1,1,2
9640ebd7-0d9e-4f0c-8d77-bb954760090e,2,1,1,2
0182a8a4-aea7-44c8-a857-38c1834d70b1,2,1,1,2
07aa6cc3-0554-4d37-95fe-3bffc476622c,2,1,1,2
e53d47aa-5b1e-4367-b54d-2a4eea8f34bf,2,1,1,2
fe8a8270-885c-45d2-b1d4-3d77d2d93cf5,2,1,1,2
2597afc6-19c5-4fc2-abce-74fe5cc92fc7,2,1,1,2
43e5db99-d745-491b-b96d-80b1f8aea972,2,1,1,2
ae3a8404-ecc6-e15f-72dc-d5de22b2e97a,2,1,1,2
5978d7a1-c5b5-4508-8c75-123a13cef29b,2,1,1,2
96c1d386-715b-4541-b0ad-1691eecc3353,2,1,1,2
27e60f7a-e41e-47be-bec1-366288f78b05,2,1,1,2
701b0cfe-6e5f-4203-9f03-1ab93a210d59,2,1,0,2
d4b3a4f2-0a32-4ea4-ba95-65a2680fda05,2,1,1,2
cbe337a5-76f8-401f-869d-76c75772100a,2,1,1,2
35ff1928-ab96-49b8-a3ab-f41a7b48bd7e,2,1,1,2
1431af58-6aa3-4fd0-b51c-6f903d6e8e7d,2,1,1,2
9ac40d7c-9499-477b-a9ca-e9be4ff0109f,2,1,1,2
d5fe8cf5-72f6-4b2f-b7d3-252c2917b67e,2,1,1,2
6fd9c6a6-0f38-44f6-884b-6bc53147be83,2,1,1,2
cc1018cc-ef73-4862-b013-270b97d021aa,2,1,1,2
5558e2ad-942a-840d-3645-c6ef93c8b270,2,1,1,2
987cefb4-5cc3-433b-b015-455db41aa5be,2,1,1,2
713c6429-9453-4722-a7cf-5def6708c993,2,1,1,2
6716b93c-8bf4-4ede-ac37-af2ab9262cdb,2,1,1,2
4635230a-e130-4ba4-b8a1-46cb2e40a7bc,2,1,1,2
bae71ccb-7ba6-475c-bdb1-7d9b21b72e09,2,1,1,2
2ed557b4-2ed2-4789-99b4-64a45d1c5f13,2,1,0,2
7adb6512-be50-4e5b-a0ee-4a78b6163ae2,2,1,1,2
8b9526ca-d751-db32-51f9-4ebe9a193af8,2,1,1,2
99d198e3-d164-4629-b9e9-14892b219e95,2,1,1,2
87ef0e5f-9031-4b9b-92cd-4e0ac18b71ce,2,1,1,2
3ef50509-df6f-4ad7-91a0-3a0a94b578b8,2,1,1,2
fd6da278-dd64-45e4-9120-efc92aef2a78,2,1,1,2
065d5ace-ed55-44e9-80e5-aeef65aeeef8,2,1,1,2
e0d22f84-cb64-48cd-9908-b7dada62c33b,2,1,1,2
6fda0895-0731-420b-915b-ac40ae9d58ca,2,1,1,2
7d45cde4-66b7-4165-8e7c-1416460318d8,2,1,1,2
748db8bc-0886-46bd-830a-54f36796c932,2,1,1,2
47bbc6ba-a15f-4ce4-8f1d-b034cac7fe57,2,1,1,2
d44a4824-3ed6-5a51-c4d4-a8436c546f36,2,1,1,2
85f02f1d-8143-c2d6-bc4a-b963a4976695,2,1,1,2
c92927b5-c174-4284-9bcb-d6c87c54efa4,2,1,1,2
494227ae-170b-4327-bbe5-a0e2fdd2bedf,2,1,1,2
3876a8e8-be09-48c4-913b-b756b2e93f0e,2,1,1,2
8ad706a3-2d9e-4b62-b4ee-3853b5c57c18,2,1,1,2
e38d63a4-fe4d-4b25-9b7c-65f52601b930,2,1,1,2
c38d2734-d9da-4291-9085-08c4df4647d4,2,1,1,2
2b629b1a-99da-4e28-a21e-1cadd2df48be,2,1,1,2
00a4c365-adfe-49f7-20eb-29960d61c959,2,1,1,2
622d766e-9c39-4bd3-ab50-4a5941765a3a,2,1,1,2
49f30d0d-138e-40fa-a36c-f0ac19015035,2,1,1,2
bc7350f8-5c6c-ffaa-6f4e-75f03c1f9e9c,2,1,1,2
bb5e1bdb-4fa7-498f-bc97-942bf3ceba30,2,1,1,2
ba41ad63-a0e2-4de0-a20d-c5faf5de01f0,2,1,1,2
3031a9a2-c8aa-4863-a51b-e739c1de9177,2,1,1,2
04a39f63-df1e-42ff-b924-89696c02b9ad,2,1,1,2
09247b2e-5942-4eaa-98d3-aa12823d8f1c,2,1,1,2
6bba31b9-30ce-49c7-88a6-f479cb438e4b,2,1,1,2
f129dc97-fd3d-4a7d-981f-b2b8d48f4e20,2,1,1,2
7e2bae74-ffef-49a9-94e1-d8d8113dfd89,2,1,1,2
975b99cb-fc3b-4585-af0c-827dec8c9bd0,2,1,1,2
a197e4ce-268f-41f9-887b-ee905d7c66a9,2,1,1,2
61b2598c-b762-44b8-bd3a-5899b65cadc7,2,1,1,2
bf00b810-3263-490f-ba15-95672825b845,2,1,1,2
c759386b-dd55-44aa-a233-e7741c57bf05,2,1,1,2
764e8081-fe6a-4be7-bdb9-4bc2609c7485,2,1,1,2
9c9b01ce-d5b2-4bc3-90f9-5fdfa1b402b7,2,1,1,2
b4af6295-69d6-44b8-9d83-f24d1e4593ea,2,1,1,2
c0cdc8cd-949a-ff74-226a-e0cbf5b9de8f,2,1,0,2
762d9129-dc53-4575-b5c9-40ad44e14ceb,2,1,1,2
7a166760-455e-4cf9-a4cc-1669bd77ab1c,2,1,1,2
917dabff-687e-4688-9c69-c1f703768469,2,1,1,2
9263b049-4655-459e-bc4e-01463deef937,2,1,1,2
5f637975-716e-5150-1727-b05109bea2a6,2,1,1,2
eff7475a-8e25-4553-ac0a-26bea3155e8d,2,1,1,2
d94b7ddc-1870-4d41-9a6a-bd7123b42544,2,1,1,2
efd34bd3-444a-4155-a245-fb75bebaa401,2,1,1,2
c9cab97e-08d7-4652-8fc8-b2db1316d1e7,2,1,1,2
be970dec-9acd-4331-80f0-d6fc0ef7a575,2,1,1,2
ff2a99a4-ef78-4157-8445-bc0914c2d07f,2,1,1,2
889316a5-a4a9-440c-ba94-61f04c7cfe5a,2,1,1,2
d1bc5892-9d33-474a-9cef-43ace045b63d,2,1,1,2
80541d57-e987-4028-a76f-bacd9f408a16,2,1,1,2
469f13e8-911b-404e-8361-9ac711ab04fa,2,1,1,2
1d361241-9326-1d43-b619-5ef87e930a51,2,1,1,2
8ca9d831-1689-449a-af35-cc3327077511,2,1,1,2
6d8dc957-4a37-467c-a78d-b8cba7906e82,2,1,1,2
7dd35bd8-c164-4277-b15f-7ab07b6c4ba4,2,1,1,2
254fd9d1-82d6-47d8-bdc2-642ecda5ba5c,2,1,1,2
cdcb48a4-1995-4da9-9389-ef6e8d2a065f,2,1,1,2
de1b5d1c-bc76-417f-0891-37a347c390bc,2,1,1,2
74788b44-2cd4-4299-a8fe-a06202127e86,2,1,1,2
57c588a5-f037-4b2c-9f1a-980fc618dbff,2,1,1,2
3683cd46-4b98-4dba-ae9e-0e82e5bc7356,2,1,1,2
932c8f30-c3f7-4b33-98e7-ce90ba38afd0,2,1,1,2
92deab26-f0c3-45a0-af9a-9e4bb3676200,2,1,1,2
b2ab5812-765e-4bb3-b811-36bd4dda9916,2,1,1,2
f898af02-079f-4eb4-8ca5-30f7bc1a2c1a,2,1,1,2
c974d74a-7e47-4e41-b8f2-818974f9fad4,2,1,1,2
ca644816-23cc-410d-be0c-72c9d94ae146,2,1,1,2
73833c40-88bf-4acf-b4ea-f2f4dece725a,2,1,1,2
6027b3fe-b5dd-4deb-ae50-899a56fa8ce7,2,1,1,2
04e80b94-3a00-4a97-9877-1cf0c464a002,2,1,1,2
4f386b8b-bccf-4412-9f6a-85a0ff8ea8a1,2,1,1,2
d969ca5f-122a-48ea-a7c9-addaff6e84da,2,1,1,2
b2cc3247-b976-49bc-9672-3471e834bc58,2,1,1,2
1fc2b2e0-479f-47eb-846f-4ce7a1fb9feb,2,1,1,2
08e55b40-5f5f-41a6-af37-b10fc1b35128,2,1,1,2
ac219f55-125a-4d8c-b5a6-18c97a94ad6b,2,1,0,2
96dd0fb9-36a9-4dbe-9f89-ef12c07c4fba,2,1,1,2
6ee913ad-9e42-426f-aa36-9504cc15fb79,2,1,1,2
b758d86a-b3d7-4cb3-9527-afdaabe5d1e4,2,1,1,2
f94e945b-48cc-45d8-8aca-bb978ee8b5eb,2,1,1,2
1ecaa3f8-5dc2-4124-b338-6cc7f45806ce,2,1,1,2
31bd236a-1baf-4328-b057-1a3dacc3e9e9,2,1,1,2
4fc5ba16-aa21-40d0-bf48-d1745c283f9e,2,1,1,2
31c5320f-773e-964b-78da-5aef91f8346b,2,1,1,2
8f5105a1-da5c-4ff0-a4db-9f71de3bfd6f,2,1,1,2
bac3fb2b-216f-495f-877a-6bfe0c7ce246,2,1,1,2
5fa0a03e-252c-4512-9055-dcec126b25d2,2,1,1,2
5e8dc738-1316-46ec-b656-3431d1a3d075,2,1,1,2
921da80b-ed42-4d38-a315-8ab7afdb6f5b,2,1,1,2
5678d89f-6a4e-4ee8-b312-c7c05cf8fd78,2,1,1,2
21372743-eb29-43cd-b81f-a687b6bdc93d,2,1,1,2
362d0d7b-6c1d-41ab-9188-1bdfb812e0a4,2,1,1,2
9a95f7db-04b4-4cca-b21f-c70c4db0a029,2,1,1,2
23da2b95-2613-4964-964d-a4aa470ec95b,2,1,1,2
a83944c9-ff02-4341-8666-9b41b2739255,2,1,1,2
8e908027-3d18-41d6-9c54-b66b184b8e8d,2,1,1,2
3f7edc00-f571-48e7-802b-8385cfc38537,2,1,1,2
5709ab12-e6d7-48a7-a752-93fd0a862198,2,1,1,2
4ddee0c2-6584-4320-8672-cdc49c138932,2,1,1,2
058e7b5a-b064-4618-bfa9-7b372126b253,2,1,1,2
6ce80a2a-bdef-40d1-9039-118b2b76809f,2,1,1,2
0990ecd9-cd6a-4f8f-b03e-851d6c7c3741,2,1,1,2
680d1dea-9a8b-4f86-a399-2c68462b338a,2,1,1,2
7ca1d52a-ea03-4d93-8e3e-87b24a9769c0,2,1,1,2
04142d73-e064-4577-97c6-5e9d44731294,2,1,0,2
a1fcdd09-44df-4173-8dcd-975975bf94db,2,1,1,2
d78da601-1d2f-434e-9cca-f96fa8a36dbd,2,1,1,2
0a09ef20-a9e5-4313-bcd7-d27c9ae2824e,2,1,1,2
70183eec-4d7a-49b3-80ce-02e6b522b4d9,2,1,1,2
b53259d8-1a34-4e66-8111-2f5be7d8daa9,2,1,1,2
53b2e55d-dd3e-46e8-8e11-cbded469619d,2,1,1,2
c46728a4-73f6-4655-a6b1-2d5620ac0540,2,1,1,2
762caa5a-3e1b-4570-b02f-34856ff87509,2,1,1,2
91d2155e-1884-927b-42eb-ca6d41c2c077,2,1,1,2
4f16c812-7f01-824d-a6e5-15bd601574eb,2,1,1,2
b3427cc2-f705-4524-9b2d-283252f6ba55,2,1,1,2
18b2d5ed-81e4-44f4-b236-9cec136cb99e,2,1,1,2
c3f91640-3b3b-4a50-a83e-5eb6d34eb014,2,1,1,2
30f196d7-4b03-4de5-946c-aed3787a84a0,2,1,1,2
b6ac684d-5266-4507-b60d-b1230b71329d,2,1,1,2
8f6c3de0-93b8-487c-b295-ac7330760a23,2,1,1,2
2562449b-5529-4c5d-8ed4-49e6dc056b9d,2,1,1,2
e0142c12-7b08-3120-32ba-0d25fd6a48f2,2,1,1,2
c89cede4-222a-47a0-86a2-022ca34895eb,2,1,1,2
9841ed10-b34c-438d-8839-1e8f9f168e34,2,1,1,2
9d381185-4173-4de5-8029-6beeef912bf1,2,1,1,2
21222b4c-aacd-44fb-9c8f-18e2c6f3a69d,2,1,1,2
c9b546ad-e165-4168-b9aa-cf0eeea3d065,2,1,1,2
ed971c9c-9eb6-4f08-b5c3-26d9ee71e59e,2,1,1,2
eba77651-855f-4371-ac58-8bcd581fad20,2,1,1,2
2b9829a1-cf27-4c7b-b8e9-c6598e7411a5,2,1,1,2
94fc58a7-a4c2-4ea8-8efd-2734ef846555,2,1,1,2
471460ee-58dd-515d-b117-54719a7e4291,2,1,1,2
ecb3a4ea-20ff-4539-80fa-f2aa596f91b7,2,1,1,2
7f6678b6-1d8e-493a-a041-da9f2fbc5093,2,1,1,2
a7e8bbde-ff9a-4e93-b149-e1678631306a,2,1,1,2
a9a30a11-4c98-491b-bdf8-3c16e8806d13,2,1,1,2
8abfeb4c-c581-4e1d-90c6-8fca85c6fb0a,2,1,1,2
55e2eab1-a2a1-4314-b5e5-36858031d9d2,2,1,1,2
597b46ec-4f5e-4a48-a812-3a5fc6ef57ab,2,1,1,2
e6660d54-8ecf-4492-91d4-e2256cd4a3c0,2,1,1,2
80e0ef58-9bf0-4631-ad57-6e755a4d4fc9,2,1,1,2
4faf08b9-4028-46d8-bdcb-887d93f9ca1f,2,1,1,2
9a2e2554-ec97-45f7-b0ec-ec3df84bf224,2,1,1,2
676f5d56-1607-453e-9b18-7b548a024fad,2,1,1,2
5529a818-37a6-b1dc-3b93-ca84c1a08d93,2,1,1,2
3edab70b-ad7b-4a7d-9376-df19a5be8c93,2,1,1,2
752339a1-a2d7-436a-93b2-1d7de695c618,2,1,1,2
061529eb-074a-46a3-acc0-b057d180be47,2,1,1,2
90fb2622-39b2-4bf4-88b9-f4df77002a17,2,1,1,2
6edec247-1b44-401a-9dc5-954207105674,2,1,1,2
1f4f33bf-8948-401c-a583-14dcc36ae522,2,1,1,2
4d15a788-f69a-4c34-9e23-0ecb4f1a3d56,2,1,1,2
0474d7f4-1cc3-4de0-af8e-7ba1e5226a5b,2,1,1,2
46e47a76-c0f3-40f3-46a3-71e8787efd75,2,1,1,2
7e7043d3-92f2-4458-be5e-b79e72586056,2,1,1,2
c89c047e-fd32-88d8-2c72-3024aa10b0fa,2,1,0,2
fa3bc3cb-9e9d-4351-b3ee-844ccb09850c,2,1,1,2
21e7a485-cd81-41f5-a24c-fff28289c4da,2,1,1,2
bd368e30-028f-491e-b4ae-acee45656fd1,2,1,1,2
a5d01051-bbc6-478c-aa52-4add33903c7c,2,1,1,2
73e24610-b000-41aa-b6ea-731c68e705bf,2,1,1,2
d808be35-37f4-44f7-bc53-5cef37221222,2,1,1,2
af97ca88-3e1a-4c6e-92c3-6dff0355c123,2,1,1,2
065132f6-e119-4d11-8cd2-2b0418880ae4,2,1,1,2
81b9915b-75bc-4bef-9f1d-2a2ef1ebfc86,2,1,1,2
b6e0fe03-695c-41cb-af1e-090c7afd713b,2,1,1,2
139a9b9c-4ab5-f5a0-cbc1-e4c840e13692,2,1,1,2
dbf8c023-2b1f-4914-a364-e6a2fcd68695,2,1,1,2
2d805aa9-3070-e0e0-f5b8-1fac9f1afc9e,2,1,1,2
def1689f-e5cb-4ba9-9003-bb674a73b21e,2,1,1,2
decd0ec0-fc50-4d2b-88ec-7ee6c2153078,2,1,1,2
2dee4449-0496-4321-ab12-65890c326826,2,1,1,2
8d4774d0-950e-42f3-a735-9e733b8277b0,2,1,1,2
01863074-6823-b381-ae81-400df3f9639d,2,1,1,2
a2b84f21-d1ce-4cc3-a007-9e6fea82636e,2,1,1,2
c8d51c85-d48b-4b76-8025-d76d14ba2d7f,2,1,1,2
ec1b0fad-ffe2-4f23-9093-50ba0ad6cf2b,2,1,1,2
3b35da6c-43b3-4172-aa67-8d4e9a73def3,2,1,1,2
e03ac8b9-3722-4105-be61-d4a05e32243a,2,1,1,2
ee440379-0606-496d-bb40-1c9913e3862e,2,1,1,2
33a7fe16-cb09-432d-8baf-dc3ba6a4d344,2,1,1,2
4e843f6b-5e1e-4eed-b425-639652981673,2,1,1,2
2da85807-7951-4973-92c2-e94d92b52427,2,1,1,2
6f1e3460-de2f-4bda-948a-c71d15135020,2,1,1,2
9e12c45f-93ec-4adf-bd5c-ee45292be4ff,2,1,1,2
907d1756-72ce-4d8a-963e-7f692b74d13d,2,1,1,2
900847cb-2607-47de-864d-a04c7230c2be,2,1,1,2
db21f0ca-5238-4d17-847f-394355cf6781,2,1,1,2
6c39a3e6-9114-44d1-b30d-5d46609fc474,2,1,1,2
f62a4b54-c330-4ae8-adb0-297b27c43051,2,1,1,2
78cb24f3-1a19-4a26-8a57-14dece07a537,2,1,1,2
a5804ae2-8a37-44cd-acd8-2245bab56643,2,1,1,2
70669b03-8806-49fb-be32-2c9704128597,2,1,1,2
e8d0f319-96c5-46d8-9619-9382f4c8ccc8,2,1,1,2
a697fc74-ffc4-4c30-bf6c-3052eb453b69,2,1,1,2
f5b8a491-c8f3-4ba6-8481-d774d8a8d089,2,1,1,2
c9fe4406-c4a9-4a67-8401-bfc4ae48a008,2,1,1,2
128090de-f206-47af-bcb1-36268fa75b2b,2,1,1,2
f89171bb-0e36-ce35-351f-fa3adcc18591,2,1,1,2
e6152b07-12b5-46fa-9f70-87f1d3300dbf,2,1,0,2
c5a0ed50-da3f-4439-b5f0-ac77451075cb,2,1,1,2
bc325de5-101e-c915-ad52-8e203000d8d2,2,1,1,2
3331b944-0cf1-48fb-9304-ae2c4590ae0b,2,1,1,2
c9ce7da1-90fe-4acd-8a03-6332a14eec61,2,1,1,2
89eaf1ae-eb25-4828-aef5-3c28c2cb918c,2,1,1,2
92f6e0ba-9a9b-45aa-98a8-531ed1d2a78b,2,1,1,2
d315fb51-b225-666f-f6d8-a9e886f29385,2,1,1,2
1ad2fad0-5e86-d9ef-5740-fc80e32c6fc6,2,1,1,2
1761704b-e8d0-4b42-a741-03d01fabb706,2,1,1,2
b4eb7a8f-82b0-4ba1-9fac-c509ffc9db03,2,1,1,2
7bf99573-feaa-4ce0-b7d7-924d41230af7,2,1,1,2
5beb8a44-6f0a-41dd-92e8-a2e9bbbe177e,2,1,1,2
75b54f78-020f-43ff-b78d-58908bf54338,2,1,1,2
3359a53c-b38c-7f38-bdda-83ae91a2a28a,2,1,1,2
20af4204-e560-4efc-931a-5b735fc2249c,2,1,1,2
d2ac11a0-a9c8-e784-5ecf-7a1ed25a2ba9,2,1,1,2
4391e4b2-98b6-be52-1718-3d397e1d74c8,2,1,1,2
06bf7e4e-0117-4136-b013-0d90326e0671,2,1,1,2
881f6bfb-8e71-4c29-9ed7-bbd92b31bb24,2,1,1,2
1c0dd4a6-84ab-4ef1-a071-52e9171007ed,2,1,1,2
016c06d9-5e93-45b6-8c73-fcbabe16ee59,2,1,1,2
e4f55292-050b-4fda-b4ea-3e67c2d81e82,2,1,1,2
7bfee30b-c463-4365-b257-96981b99f58c,2,1,1,2
36b2785a-cd85-4169-8923-19ce99b97477,2,1,1,2
2d925ff0-f7cb-4350-8a57-d7f8e1a50347,2,1,1,2
9356a977-04dc-dc84-10e3-8aa1fab67fa7,2,1,1,2
6303a4d2-21b1-4463-adfa-2b2ad812f87e,2,1,1,2
9537204f-664b-4b00-929b-f5e1775c2a9d,2,1,1,2
695f6dbb-e6c4-4438-b02d-916719a93775,2,1,1,2
2bc86053-96f6-4bc5-9256-1d4bfc835b18,2,1,1,2
a6d488cc-eff4-4f7f-90a1-55fe731c3a09,2,1,1,2
d0784883-f527-410e-aa01-4bafdbffa25b,2,1,1,2
f07bf1ef-8dd1-4707-87aa-227613064ca0,2,1,1,2
08dacf76-b8b0-4667-ba5d-395a64146fac,2,1,1,2
e07afaaf-079d-4216-b008-32d065fa491a,2,1,1,2
a0d87887-c416-4c63-8362-07142a485ba5,2,1,1,2
3f0b4e03-b164-7575-9406-615e0ee21448,2,1,0,2
eda8e87d-4880-4747-a9ad-cfd774506c6f,2,1,1,2
9b946e22-57d2-4a25-9cb7-223de7b1ecca,2,1,1,2
c57e1e6b-0fa1-47c4-bb16-e7e11fdb4210,2,1,1,2
274c1078-12a0-8448-28f3-6d74dffdf4a8,2,1,1,2
d2f614fa-fe36-40fd-a4ca-0d68e1fa4739,2,1,1,2
85ae9c68-4ed1-4841-83ed-4f8ff413f87a,2,1,1,2
ce899160-9ec4-4946-8057-03c26095784a,2,1,1,2
8270559c-8640-49f5-9bb0-2f3ffa99e237,2,1,1,2
78887084-7980-457e-b0a3-8148aa6d8dd3,2,1,1,2
4502a13d-f13c-49bc-97b5-44dc1a262c12,2,1,1,2
8efa06da-a12d-4a12-954a-b3892c1add63,2,1,1,2
265a004b-8841-474f-a76f-3f75cacfc5d2,2,1,1,2
385e3c33-01c3-46fe-8251-da548ac3dd7c,2,1,1,2
9ced3258-c261-4af8-b7fe-393f3c6c603e,2,1,1,2
13262ba1-f030-4f69-949e-172c32853e63,2,1,1,2
a8dc8a2b-bc62-4761-b311-5c640a05fb8c,2,1,1,2
be604af8-f679-4590-8300-e370971d99db,2,1,1,2
01d4daa3-ceb9-49d4-8283-f6641cd687a8,2,1,1,2
ccfd8a8a-1837-470f-9618-cbe997b95f6a,2,1,1,2
a1ab814c-e410-421c-b5e2-8acfd7174b42,2,1,1,2
718811c9-25d2-45b5-99b9-2a4fc91ffd40,2,1,1,2
b8df45d2-713b-d6e1-dc62-d7098b8dc3d5,2,1,1,2
555976e2-7b93-4a2b-ac82-864bbdeca6c3,2,1,1,2
2527d9ea-a8d9-48fc-b469-733385218a5f,2,1,1,2
12a4a13e-bb3e-429a-868d-f80a06ff63c2,2,1,1,2
ce4f53e1-ad0f-c667-cb48-3c69dfa1b0f3,2,1,1,2
3866ec09-c502-4c7a-8ee5-53c490edc85a,2,1,1,2
9677f96b-04ae-4222-8d81-5055b931822c,2,1,0,2
a1d6b7a4-9ce9-42f0-acdb-bd7e8f7669bd,2,1,1,2
7cce3f00-954e-4b29-a553-61175f6151cf,2,1,1,2
563b5a7f-d640-4521-9c65-7f0c2b09b4ab,2,1,1,2
5e7a556a-f48b-cc98-b9e3-4f54fd9a672d,2,1,1,2
2007640f-4efd-48af-a32c-5147c510427b,2,1,1,2
161c88a8-6b6c-4255-b884-6dd83be9885f,2,1,1,2
126e149c-72c0-42de-b034-504828dab31c,2,1,0,2
dd253663-0891-4470-8aef-11524543c642,2,1,1,2
47920e4f-4a1c-49a6-b886-2d5d201c3a67,2,1,1,2
91f9708e-775b-4857-bf4c-b44486b3406a,2,1,1,2
8841e089-e261-483d-b37e-52091e0435ad,2,1,1,2
31f8a72d-42a6-4828-bb9d-2ce1a4446cbc,2,1,1,2
d49b3518-b507-4d1e-ba92-4708a9eb8d91,2,1,1,2
ff5c88e0-c8e3-42fc-bfd6-a783231f4c3d,2,1,1,2
eda19de1-b642-e4f6-849a-401e4405c023,2,1,1,2
2ed14a40-20ea-4d11-95ad-4796afebc789,2,1,1,2
83c580cd-62b0-43b1-bf57-359520019a91,2,1,1,2
c3cb652b-5683-4565-90ff-e1a869357698,2,1,1,2
0bce7c7a-03ad-45d9-a6fc-f0e12f461d68,2,1,1,2
7f1aa3f0-a996-4f6c-bed9-59dcc54ad474,2,1,1,2
b4c0b5b6-084b-4cc0-b9df-326948f1f783,2,1,1,2
49aa7987-59d2-0fdd-bc14-3103efa8febc,2,1,1,2
72ffc536-416a-449d-b025-72a73a420b43,2,1,1,2
3eba34aa-c22a-4d05-b83c-82c93f73e014,2,1,1,2
77b3a8e0-b235-00ae-761f-0173c6efee9e,2,1,1,2
63c8030a-2a8a-44e9-92be-98ed1391066a,2,1,1,2
b0052210-b04a-4beb-a337-1e8591c31235,2,1,1,2
58283aaf-f873-4a31-86e4-bb322cefb66f,2,1,1,2
b2d54b47-2cc5-4386-be83-97562fb48912,2,1,1,2
95c7a884-25d5-4484-bf55-9616bab920a9,2,1,1,2
ae0b785f-2e40-4ffb-a528-c19a4ee462d0,2,1,1,2
044ed81f-987d-4627-a001-201fbef500d0,2,1,1,2
5f5576c6-c0ad-4f7d-91bc-9bc7da4aa5a0,2,1,1,2
1fcef2fc-db56-4ad2-afd2-a60088413076,2,1,1,2
002b65cf-ae13-4806-904f-673ed799f6b7,2,1,1,2
8b356d56-17f9-454d-8764-5b5b588aec38,2,1,1,2
f4d897f4-9117-427f-ad65-f7e2c120886d,2,1,1,2
80312080-2d18-4e11-b66e-f78b2592d254,2,1,0,2
12f3f867-ad0c-6104-5d27-1e6feafc74e0,2,1,1,2
fbe6030d-f9e2-438b-b8d2-fddbb03bc696,2,1,1,2
bbb9ed38-bee9-45c5-a403-cb9a0ead0138,2,1,1,2
86ce5ac0-89c7-4408-8aa0-44701c17a5a9,2,1,1,2
06805c16-2b85-4c0d-b3fa-b82149b934de,2,1,0,2
be5fdcab-068d-421a-8ea3-996d7e0d1467,2,1,1,2
5d38543d-67b0-4a8a-95a7-06893f4f14ab,2,1,1,2
7bccd8a1-5f21-459c-8f71-137c5b17538f,2,1,1,2
c6aa4473-70b7-424d-9a87-566889304b38,2,1,1,2
93488772-c7f2-4cd6-b959-62b107444a42,2,1,1,2
1d1c7aae-2372-422d-9b70-2f95939ffc6a,2,1,1,2
4e7f9478-1d8a-4102-91e1-67a238e09db7,2,1,1,2
4a518da5-b822-4779-9aa6-edb19d4dba47,2,1,1,2
96a57532-c78a-409b-847c-8d36e4cfe7d9,2,1,1,2
30673663-a58d-4b7c-9aa8-64aeac7b8a8a,2,1,1,2
1f5f2215-499c-3684-1b37-9e125144a7b8,2,1,1,2
f341e9d0-58bd-4014-b55c-fd44b7c50699,2,1,1,2
9f247cf2-8271-4a31-b88e-367ae156cd23,2,1,1,2
9fcd1baa-3750-47be-8355-fe27cd128287,2,1,1,2
1d4f6133-a243-4ac2-8b78-3419a087acac,2,1,1,2
4f46b55a-0d02-bbbe-dfb7-03d478621f4d,2,1,0,2
79fbb944-5f26-44cf-b9fc-95a478fbe75f,2,1,1,2
07165a18-e5ff-4cf9-b8d1-428c7df48d93,2,1,1,2
24ee3bbb-9706-4ae1-a2d1-6cd708931926,2,1,1,2
538f2f06-9236-4cd7-a2d2-e7dfb9dafa68,2,1,1,2
90bcb9a7-dcb9-7b13-f5d3-aed39a4caa23,2,1,1,2
4931b2c5-8936-4b73-a514-fea6221b647f,2,1,1,2
1eb250ee-51fb-44f2-a272-1509ea7953c7,2,1,1,2
96615d10-941a-4359-9ec2-56e12a47f7a5,2,1,1,2
e87fa765-48a3-4d11-95a0-585b3f68c4f6,2,1,1,2
5c9a1546-824b-42d6-98ab-271ec96e7853,2,1,1,2
bfd5b346-a3a0-48a3-bd58-2ff9d2675c54,2,1,1,2
667ab9aa-c3a1-4e86-9543-65e247c5e582,2,1,1,2
830e28b6-151b-90c3-8d2f-db6db10c7284,2,1,1,2
d560a77b-39ca-47a4-8800-2e219b3f44be,2,1,1,2
641055dd-1e47-4d44-95e4-e56853f3e1e7,2,1,1,2
73fdfd93-0960-41b4-bb2e-645e24d3ce75,2,1,1,2
11d2d58f-e87f-b88a-7513-97249e313f5f,2,1,1,2
6f2f5344-e7e4-4ad6-bfe1-8a4101938965,2,1,1,2
fde57ce0-aa3b-427a-b660-abcd1e30f44c,2,1,1,2
a8b8fe02-f430-02bb-ea7c-8fbd6ba83b8a,2,1,1,2
83ab09d2-055a-384a-1403-7bdd6d2d128c,2,1,1,2
24220a7a-5f46-3462-ae41-5d17c0deae7d,2,1,1,2
8e31769a-67c4-4560-b590-1a5739896753,2,1,1,2
8d4c1340-165c-4330-a730-22adee785349,2,1,1,2
7dc59d27-1e95-47dd-a4fc-b1cc46f05f53,2,1,1,2
49aa2971-d20e-44cb-9714-818a787cc3f5,2,1,1,2
6def5f54-f149-4a8b-b9ea-cfb5465f829d,2,1,1,2
ee226983-b8eb-45e3-98bf-5ca73823c88d,2,1,1,2
8e15164c-f82c-449c-8a0a-77cf1bb27eca,2,1,1,2
b0987c5b-6616-9135-d3a5-7a7b1ebc292c,2,1,1,2
e7a6d896-bc1e-4b68-a4b3-3f288f3b3b88,2,1,1,2
23f749b4-dcdb-4cdc-9538-0dd04571e7ed,2,1,1,2
f838d083-6f5b-066f-715b-efe1817629db,2,1,1,2
5bf74b81-5c1d-4217-955c-a8798235dc09,2,1,1,2
732e64a6-cc66-4f0e-8c1f-e38f9b558a99,2,1,1,2
c89030d0-0a8e-4665-be32-c4373788c7d4,2,1,1,2
1382724d-a8bb-4d22-959f-687b95ec711f,2,1,1,2
4a47b3b3-2432-4124-965c-2bd24cc9b85f,2,1,1,2
c4e87b76-6684-4d98-8e14-fcde2027bde8,2,1,1,2
84d2d216-7469-4bc3-bb74-cc5c72b41ec6,2,1,1,2
53855c67-3675-4b98-8054-45feefb867c7,2,1,1,2
a88d73b2-82ab-4720-ad53-4b11e5eb602f,2,1,1,2
360f6bee-fca8-49cf-a4f8-f30fa96057ff,2,1,1,2
ea21fcac-0b2a-4d1a-b9d5-6c1a9449a21f,2,1,1,2
165f955c-a399-4d37-bef0-1b7bc388bdfc,2,1,1,2
70f6d503-7a5d-45f1-b363-f18b2dcd8a56,2,1,1,2
55224b06-3c8f-4905-8ece-130ce6fc653c,2,1,1,2
15a298c5-c6cc-45d0-b069-099ecd71cfa8,2,1,1,2
9c375230-8319-40fc-aff0-81b6e7afdab0,2,1,1,2
e98d639b-3c92-4f49-8cba-fbf69e18982d,2,1,1,2
fe1b7e29-ad8b-4b4d-87b1-3f7841e935be,2,1,1,2
b0418f66-a21a-48f9-b679-d073f412f92e,2,1,1,2
64095f32-48ac-45ff-bf42-f0c665fbfbfb,2,1,1,2
4633eca0-2a57-41d7-b90a-76a51ee63900,2,1,1,2
979955fe-f878-4e11-8b7f-34e5cad292e3,2,1,1,2
fbb3568d-4432-4828-8037-9a0f309b257e,2,1,1,2
c905c4fb-03f1-4511-bab3-770f45e19a20,2,1,1,2
46dc538e-4ac2-42c8-9150-01c8639149c2,2,1,1,2
e7e9968f-c9e4-4e1e-916e-262622f64207,2,1,1,2
e90e6dfb-6deb-4b80-93f3-8e9b00d7d36a,2,1,1,2
f8bae447-85eb-41fa-bec7-07cc5ca80ec5,2,1,1,2
007d9382-2a97-4838-9500-f7fc73781cee,2,1,1,2
2e8e4bb2-9ace-4714-bee1-bde4b55cfa2e,2,1,1,2
074ea603-6f80-4327-a40a-a99c78473d52,2,1,1,2
ffc7e575-f699-48fe-a0c9-84f0b2830c20,2,1,1,2
c2118185-d6d7-4f34-9a35-b7768c181ba1,2,1,1,2
bc653216-eab5-4bcc-90c2-4abde0a73e7b,2,1,1,2
675163ad-8d4d-4fec-9307-5799fa1d6461,2,1,1,2
e6b81557-f899-4f00-b6c7-d28cc52e4312,2,1,1,2
56ca3855-d6d4-4150-a341-83dbc0984f34,2,1,1,2
bf4fb498-66b2-4501-b960-c95c0c578aa3,2,1,1,2
8d023b98-7afe-42cd-8c30-35221e6b434b,2,1,1,2
887ceafe-794e-4e62-8ea8-1c1e89209864,2,1,1,2
03b67ec0-0eeb-487d-a409-753f1152f1e9,2,1,1,2
431b8d3a-db45-4ee0-9630-11155b33b755,2,1,1,2
d89976b9-01a1-4822-b645-c3131f07148d,2,1,1,2
a535da9b-cfd1-4fa1-87e5-0c47ca672d98,2,1,1,2
c6f5e605-246c-4c0a-b20c-4fc7d4a195c2,2,1,1,2
738c6f7c-3cac-43f1-9923-8d77bbadfd45,2,1,1,2
3e143a16-2bd7-46f7-9b5f-a85a4c9847d8,2,1,1,2
297ca22e-3dc3-4b33-8ae9-99d9405bdab6,2,1,1,2
e10a2d30-89c1-40bb-b39f-ecb56c4d6f5e,2,1,1,2
a4eccb05-d9b8-c907-fcbe-fa18af240e1a,2,1,1,2
f418ff35-b41d-442f-8743-bc69a7744e50,2,1,1,2
1855bbe4-1091-fff4-e262-ebdd5130b06f,2,1,1,2
dd12e63d-b1ad-4743-873b-e3796bcf7ec8,2,1,1,2
ac39c5d4-5505-4bc7-ae44-ea6831ac2122,2,1,1,2
5968802d-1de4-4903-a24e-bd9a8d62cfbe,2,1,1,2
20637c86-3228-481d-87a6-e5b9a7d3da10,2,1,1,2
5c97714b-e987-497d-9dac-7c67deb3df72,2,1,1,2
649e5d12-9aaf-46d3-a120-f8525bde5912,2,1,1,2
6ed850a0-619b-48e4-b623-8e58b00db270,2,1,1,2
b94994bc-7685-4482-b211-78282730eb1b,2,1,1,2
7170637f-eb40-4f3d-b2d2-9bb7d7acf933,2,1,1,2
7476d2d8-4c82-46a9-a9f6-d1c35f13778c,2,1,1,2
c12a780f-0b24-41b9-b677-5e699dbcb19e,2,1,0,2
d99d7920-f48e-49bf-93da-7361fcd5ed0d,2,1,1,2
14ef7c76-2a9c-4253-98e7-e04fdfb33da1,2,1,1,2
af8aa57f-ac55-496e-845b-66fc36b7685d,2,1,1,2
6b05cda9-189f-424f-bf53-3221d28111ac,2,1,1,2
33b5ced1-721c-4b01-9663-49f23cfb769d,2,1,1,2
a474f96d-6599-4a15-b477-7b3c4135efdd,2,1,1,2
304ad80c-6c91-42ae-873a-dfb17232c5a4,2,1,1,2
2ff4cce6-cd7a-4ac2-b223-b44be653c36d,2,1,1,2
7818d408-ae2d-4f59-8574-27026c3b1fbf,2,1,1,2
2c0394b5-65fc-4797-816f-d03298067bbd,2,1,1,2
b95c6f02-466f-42da-6555-bc24de169fcf,2,1,0,2
60e314b6-a6d0-46c6-8e8a-b5663e334beb,2,1,1,2
b1a4745c-2e5e-49eb-a1d9-f950875464f6,2,1,1,2
910b41e1-a95c-4e7e-8f21-5b647a488367,2,1,1,2
c34e4054-0be2-4262-86e6-be3b55420d93,2,1,1,2
83c0ec29-a34f-4e30-89fb-0cdb05eecdf0,2,1,1,2
d0eddf88-2712-45d6-8eea-fec8ab9daa01,2,1,1,2
caa6d6e8-5717-47c8-842e-fd448ff2b10f,2,1,1,2
1ef161fe-bb93-f20d-d973-8cff8f0cef09,2,1,1,2
ab10007d-541d-4c0d-a27d-6b9780ed1989,2,1,1,2
35d083a3-e976-442d-842b-d08ab7db563e,2,1,1,2
1a4788be-e03a-467b-a4f0-0c379e3ef3a1,2,1,1,2
47960605-6f28-4e48-b957-40ff207b5a03,2,1,1,2
2982ebd8-d103-42bd-b365-6758535154f0,2,1,1,2
1b4ef4dd-8711-4905-8652-7d144d0a2012,2,1,1,2
e54f5dcf-549d-4af2-8ac2-32f382329975,2,1,1,2
4b932f9b-0420-481c-b6ee-b7a3420aaa0a,2,1,1,2
e0483e59-ce40-4a47-a41a-2323c4f996c2,2,1,1,2
d7f2f97a-7462-4a5f-b592-0a08cb5bb771,2,1,1,2
b7d5f073-8907-4b93-9ca0-299e80489dde,2,1,1,2
bc7c210d-f10d-4186-ad0e-f3666057eb00,2,1,1,2
dcaf42d3-e557-4642-b0ba-0de80d75a241,2,1,1,2
74bc87f3-98bc-48a3-9f6f-6787495fb1c1,2,1,1,2
cf7f84e3-421e-48fd-aa55-94c263ef69ab,2,1,1,2
07a9dd2a-9469-40a7-af5a-6fbabb0f36a1,2,1,1,2
35f59ef4-6ae2-41d2-b556-e2d1cc560884,2,1,1,2
e5a20cde-f986-491a-b64b-7935397d4142,2,1,1,2
b46338cd-af3d-44de-ba80-370adc38894a,2,1,1,2
5508284a-523d-4eda-a4b9-a17d579cf92d,2,1,0,2
614f77fc-9d34-42b4-b00c-0986af69c4f4,2,1,1,2
ed878d3f-e122-435b-8e48-29d04ea750c8,2,1,1,2
1b4760af-21c9-400c-bca3-2ae6ae4c0162,2,1,1,2
d4f2795a-7889-a7a3-13b7-03774eb48585,2,1,1,2
94366dc5-8883-4a20-999c-3308f8b6c8f3,2,1,1,2
af6147a6-4984-40d4-a7e6-a35857d7eb8c,2,1,1,2
56d16d85-2052-4553-8c0a-4b905f8de152,2,1,1,2
5476cc78-bbd6-42c9-94d2-dfc29a8f2606,2,1,1,2
e21eabbb-2bc4-413c-8036-64bbc2acc9dd,2,1,1,2
87a3aff9-310c-421c-ad2a-bf93ed5fba80,2,1,0,2
cdbb2c0e-c53e-4503-92ed-1353e8a4a363,2,1,1,2
d4ea18df-b023-46db-aede-9b759528e68d,2,1,1,2
61001846-3f0a-4a42-9af5-a918d68500cf,2,1,1,2
710f2c72-d5fc-49ae-8c13-039a6eb91f7c,2,1,1,2
a1712a41-2364-1f04-6892-6eb8d12a292d,2,1,1,2
672b82f6-05d3-4ff9-9ba4-8d0a0ca8f5c8,2,1,1,2
acd7416b-4aaf-428e-b408-cf3a966c0a46,2,1,1,2
6bd97672-263a-4f89-aa36-379cbb09b7dc,2,1,0,2
6ad4befc-8caf-4d86-9e63-e5e2f0eaff35,2,1,1,2
02f93b0d-b469-4ebf-b690-ea7b454aaba0,2,1,1,2
b0003146-24a3-4db9-b31f-51ecde2d5484,2,1,1,2
ab2f4844-84d5-45d8-8047-a837c4c7a0ef,2,1,1,2
0f8990b9-45ea-41a7-88e5-0ef5169d1f0a,2,1,1,2
f62bbfbc-ef2b-4b5f-8e92-ced3e448d010,2,1,1,2
32d028e2-4fb9-4134-9aed-8b997442f86b,2,1,1,2
2f0af13c-56c3-4549-b903-4fa8a1af6dc0,2,1,1,2
8ebca143-4aa3-4377-bb68-ef73b231b629,2,1,1,2
a8e19225-3434-49dd-bca6-513efc1fb635,2,1,1,2
524a281a-47af-4919-9633-7a0d0b951173,2,1,1,2
967ad235-036f-8caf-1355-96705bf87169,2,1,1,2
2320e7b2-c608-4e75-a4ea-1cc78a1844d5,2,1,1,2
23fc7c65-b7b6-4afa-8229-78d93f0611a1,2,1,1,2
3fafb9b3-3ee8-4a3f-a12f-53c9ea836424,2,1,1,2
23b65ba7-de1e-4bfb-ad24-ad6ab798d8e2,2,1,1,2
5b9121d0-ca58-48ee-b96a-104228e13cf3,2,1,1,2
6cf5decd-574f-44a0-8568-9c2360dd8677,2,1,1,2
756a478f-73c8-4fc7-a92a-467194789cf5,2,1,1,2
814dfdae-0e91-4960-9602-fc3c6347a1bc,2,1,1,2
4e0a99c0-fa80-904a-c762-1cc203c3d037,2,1,0,2
e0c20f9e-d489-4bdd-b596-203815b9930a,2,1,1,2
e13c0927-e6b3-4418-b68f-25aab2148abc,2,1,1,2
02e86318-5a15-4873-a258-d5a6dc76b8af,2,1,1,2
8e9c4313-ea4e-4994-b291-343d2a83938d,2,1,1,2
fe470a5c-9a23-48f1-a125-e635c50e99c1,2,1,1,2
5acf0300-7b09-4def-9dbe-c7530bfeae4c,2,1,1,2
3c7e032b-5b38-45df-9727-d026cfd36861,2,1,1,2
d14b359b-df4a-4cb2-b19d-42f6cf7e11e0,2,1,1,2
85673ce2-db5f-48fa-ae96-e9cfe61f616e,2,1,1,2
a9db833e-c16e-467b-b403-97222f7ee715,2,1,1,2
5b103fca-5606-4511-b549-ed5b515297f6,2,1,1,2
dd960e85-dd17-448b-9bee-a65b6a488aab,2,1,1,2
96ce0a28-9fde-485e-a0dd-a295706ee3bf,2,1,1,2
fd466c32-79e4-465d-a11f-08fe1448b52c,2,1,1,2
e2dc0dbc-8f05-4247-8bb0-c79294b9b6c8,2,1,1,2
e7431911-5498-496f-88ff-69d434cbf3a5,2,1,1,2
8d143f2a-9f25-38b9-76fe-9c042a75bd4c,2,1,1,2
eb1d4d11-34fa-41ab-aedb-08bf0471be99,2,1,1,2
3a4702e3-3af2-4a16-9604-88f0d9d98508,2,1,1,2
bef93cc7-1a1c-4136-877a-54e2d1a76f92,2,1,1,2
36edd6ff-7540-48c9-8490-8daca6a7c91a,2,1,1,2
ec5a8821-19d6-4de6-ae77-0d56a377ad99,2,1,1,2
699e4342-a0cb-41cf-91b8-e44c836128c6,2,1,1,2
ae8431fd-5e2b-4c18-a9dd-2758c0d83616,2,1,1,2
9fd102fb-c37b-404a-86ac-ed7f98c41a2c,2,1,1,2
984c643c-96ab-4444-a3d9-8f23c71873e6,2,1,1,2
3d9e650e-b95f-4045-8a68-4e10b831e3b1,2,1,1,2
fa926b1b-097f-4786-8380-b578649d8f04,2,1,1,2
2a36c62d-4eb0-4cd6-9aae-24be997dcbce,2,1,0,2
ab6b8284-6857-4cc0-8366-ce10f051a2f2,2,1,1,2
3bb46407-006e-4774-9d8d-aaed182c6481,2,1,1,2
85595a2d-c5b0-4014-80dd-a23b99335e19,2,1,1,2
b7991f39-e8fd-450b-82ff-94a58c712231,2,1,1,2
cccf8699-68ff-4b90-b0be-d183c12941d5,2,1,1,2
3b33c9f1-014d-472d-b4bf-c2271b1f8a7d,2,1,1,2
2247c466-52af-c40f-942c-71b3ab27fb24,2,1,1,2
308daad0-0181-4757-9414-98332af8c0dd,2,1,1,2
4f4a3aaf-3028-412c-aca6-7d4e142c3d6e,2,1,1,2
eb42ab95-9c22-49b9-8a78-e2186c27d834,2,1,1,2
f342c385-a433-4702-97e0-e45dc400287b,2,1,1,2
55bf2907-9d9f-4b2c-8749-555c24cbe1ac,2,1,1,2
9eb5dc49-6442-41a1-b7c0-1ee465e4e11f,2,1,1,2
f8d0bad2-9b5e-4fde-9fd8-b1bb3757b85c,2,1,1,2
e6da8bdd-79cf-4fb4-9953-3270b989baa3,2,1,1,2
7d540e5c-9779-42e8-8147-7824f08a1fd3,2,1,1,2
f94589f5-8992-48c2-8421-746ad09f4a9e,2,1,1,2
d9c409bf-41f9-4163-90b7-ff8fc65f035a,2,1,1,2
85959590-ad60-49e5-bb44-19ff31c84c79,2,1,1,2
0b0c2769-d532-4b9a-89b9-cd39d8576c08,2,1,1,2
a3287f87-f0f9-4dde-9cf8-bfa4637cd413,2,1,1,2
f4284b6c-23ef-4709-93da-9d8d04ff5443,2,1,1,2
59b44603-7031-00b1-179c-49c3da5ca0cd,2,1,1,2
0a7e6944-10a1-4a17-8d20-b41eceb06a94,2,1,1,2
cac1d5a7-9ab4-4c50-b049-784b49120a68,2,1,0,2
42377805-a86a-4e9a-8d40-1d3926b4723c,2,1,1,2
642c7816-9fbe-47b0-b167-ca1d0681626e,2,1,1,2
53d51ef2-aed0-4d9a-b3b5-8b34a4d740d5,2,1,1,2
e7f09c64-cada-45fd-bee5-676f69edc51a,2,1,1,2
269cf8fb-7c98-482b-b09f-fc77f000d510,2,1,1,2
af634caf-18d6-4c7e-9c3f-d44cbbe097b1,2,1,1,2
a1c5926f-8360-44d2-81f8-609696a107ac,2,1,1,2
7be0f739-3966-40c6-93b9-080c3e89f2a8,2,1,1,2
5c9d1dea-61fb-43ef-a471-b2eb2902e69f,2,1,1,2
822bfbb4-a9cc-4932-9dbb-47d167775b75,2,1,1,2
a79b7d59-e6c4-4bba-a878-a9685605b25d,2,1,1,2
c1fec59e-f2fa-4b0f-82c0-72a6b3e68d42,2,1,1,2
88e46669-405d-4c44-b877-ec1dfc093af0,2,1,0,2
f285d8b3-72ea-4465-8bff-b6f1da0d4263,2,1,1,2
cd435576-cba9-447f-bd91-2f9409eb1f72,2,1,1,2
f9cb7617-4510-4af5-9829-8a1b52df71e2,2,1,0,2
20ba7d4c-a3ec-485e-bd6f-5407a28d9dd0,2,1,1,2
6b8addde-8753-4fd9-a807-7727113f28b7,2,1,1,2
6590d460-9304-4f46-8331-f9f6297c89aa,2,1,0,2
62cf93bc-4d8b-4242-ad2b-bf5b7b6c5f4c,2,1,1,2
b830dc4e-3ae8-48c1-876f-6ef7a7a1be3e,2,1,1,2
85670215-cfc9-4eca-a9db-0914141a699b,2,1,1,2
56c3875b-5f3a-4f3b-b28a-37ad7b1775aa,2,1,1,2
07c381a4-b920-4025-96f3-6c4461cc355c,2,1,1,2
67c081e7-4e83-481d-a96d-52334eb58c35,2,1,1,2
d0183b48-8985-4c62-8370-5bef2e273f6b,2,1,1,2
1b4c3c6e-eded-4c0d-b4d6-07c52a94d275,2,1,1,2
b214482e-77a1-43fe-8366-731fd261478c,2,1,1,2
6d87bf54-710d-4f87-aea8-be0238404d9f,2,1,1,2
0614df81-c090-4fb6-a2c5-f5f8962284a6,2,1,1,2
037436cc-1310-45f8-9a95-eb6bb8585905,2,1,1,2
cd4e8795-dc91-41c3-9e28-c163ced4f9fd,2,1,1,2
2fb4beed-7ce4-4b2b-bf82-91313430af5d,2,1,1,2
18c996fa-b062-4be4-a453-f0d65ea31ad4,2,1,1,2
ebb304b2-5fba-4ba1-a778-6ebd06274aae,2,1,1,2
f0ab97e9-479b-486e-8d82-7dddc6687bd8,2,1,1,2
a37cfd0c-dd44-48d9-a012-eca9f7704de2,2,1,1,2
8b779676-a8b2-47ae-9610-654f7db3486a,2,1,1,2
3034aff5-0fe2-468a-8e31-c01c87f626fb,2,1,1,2
8881e214-7e62-4a2b-be91-a583c8a5954b,2,1,1,2
0c369324-079f-48bb-9457-98571ba51b41,2,1,1,2
a37f2e9c-29e4-4d34-9964-052ee7d5e6c8,2,1,1,2
3df266d7-cf0f-47aa-879e-cde752f0a715,2,1,1,2
4c550a1f-c383-4f94-ab89-bd8e41bf974b,2,1,1,2
c4d20d39-49c3-43ad-8fa2-6f3cf7496341,2,1,1,2
a25c96c5-64d1-4458-bfd8-13a835fee436,2,1,1,2
eb795400-f915-b65c-0a1d-5c27f88c090c,2,1,1,2
21f11171-7e01-47d1-82ff-e65ba022b7b1,2,1,1,2
bbb019d4-198d-4ff7-b09d-99e1b9e5da27,2,1,1,2
a389db7e-1623-493c-8927-0147de5bef6b,2,1,1,2
40ac7208-ec23-1815-b018-c358d4af9ad8,2,1,1,2
24bbcc05-1321-4530-8567-1beec2e09f06,2,1,1,2
658f09f9-c332-43da-98bc-30eabb7fbe08,2,1,1,2
2fb83ffa-b2aa-41ae-8479-812a6c22d09d,2,1,1,2
d192d480-d78b-4429-8461-3f2069ac697a,2,1,1,2
b3f6b294-03f8-4f33-90a1-5a125a27c288,2,1,1,2
4dd22edd-4b1e-4fae-b4dc-41d3946b5315,2,1,1,2
411f66a2-746f-41b2-9ce0-73d6653ad462,2,1,1,2
900878be-c3ba-479b-b833-c843db079803,2,1,1,2
84ff1d4e-87d6-4f58-9864-e9649aa9dcec,2,1,1,2
4603d295-be51-4015-8e0f-e6c1d1370bfb,2,1,1,2
c91c7d03-b572-6807-c5bc-48e2461be892,2,1,1,2
2634e0e7-e53c-43a3-8672-0dfcc1efaaf0,2,1,1,2
838c7ad4-9600-4254-b4ea-cf180ae091b4,2,1,1,2
d7119128-b93a-484f-ac47-675c9e2552c7,2,1,1,2
b7a982fe-701a-44db-aded-2f99532392d3,2,1,1,2
331d252b-6bb8-4073-931d-4bbcf67d5454,2,1,1,2
79894a25-5386-44de-85eb-d9d4a2430eec,2,1,1,2
e1ddce95-ebae-4d6b-bfab-7f9a0977bafa,2,1,1,2
63e24f77-e306-4c02-8fd8-8757ba3f90f4,2,1,1,2
f63b0be1-1798-41a1-801e-b9c6a253c21f,2,1,1,2
fda351ff-5303-4dd0-8251-88833d9be6b2,2,1,1,2
49369881-99a5-45f3-a7fc-d41a9fbb3063,2,1,1,2
9aec17e5-164e-43a8-9be3-b03831cbb528,2,1,1,2
1c5112b4-bb91-4576-8705-1c078f924092,2,1,1,2
60e86e66-c35f-48b6-8524-3cf33d464c97,2,1,1,2
5e56030b-88af-6614-b610-412b4990d14a,2,1,1,2
b9a2a7fc-1868-4ba6-9bf4-e02a1fce42d8,2,1,1,2
d57085b0-2ecb-4fcb-ab71-daee0f9ecbd6,2,1,1,2
dbcb4b42-495e-9f6c-9f94-724e27222f39,2,1,1,2
3c58930b-31ea-4560-b3e7-675e8514def9,2,1,1,2
81b83603-afac-f1d7-e1d5-e6e00b1417a7,2,1,0,2
bcfee331-bee5-487c-b864-6d2ced817053,2,1,1,2
e67a127e-8501-4a72-a330-4d9db08c0c01,2,1,1,2
403bed70-d6a6-48ee-a8bd-92a04fa6eead,2,1,1,2
3937df5a-d284-47b1-bf8f-4f70d06d54c3,2,1,0,2
19709bfd-95ee-4964-9188-24fb3f038df9,2,1,1,2
2998b1fb-f9d7-48b8-9f86-369d47f0d70c,2,1,1,2
a6af5981-9d74-47ca-a70c-2615079ef4da,2,1,1,2
ac6f6946-369c-4a27-aecd-5d8556103326,2,1,1,2
5bf7addc-db36-4c74-a2a5-eeb00343a70c,2,1,0,2
f03a3ebb-47d8-4569-9ff3-59b7912c6b35,2,1,1,2
b6dd9b44-07ca-4295-b1a9-a22baedb11ad,2,1,1,2
66f0aef0-d237-4b35-86fd-28f66fe7206e,2,1,1,2
1f09e820-5f82-4366-825d-906bd218a1a3,2,1,1,2
a20aa0bb-9f55-4640-a226-ff7a29369033,2,1,1,2
243973bc-7d7b-4c07-9a6d-d363c2cff988,2,1,1,2
99b9d998-4bb3-4cd7-8ef9-5551b558a2d9,2,1,1,2
55c54740-d9f2-4d1c-bc54-ed586a57e122,2,1,1,2
f5ee9cf3-7e6d-455b-b267-646aca9d3aa6,2,1,1,2
b7d39188-f391-42f2-87a2-3797351118bc,2,1,1,2
a7602368-c5c9-464a-8bb8-cb61dbc6a88f,2,1,1,2
d19072cb-83c4-4e45-9806-c07c9368ee7f,2,1,1,2
632d17db-004b-4613-b245-81e34afec7f6,2,1,1,2
783232fe-07fa-dd35-bebb-1c7627298b25,2,1,1,2
80979468-5254-4346-a370-870f8cfcdee6,2,1,1,2
bd974e33-362f-456f-90cd-183e23bfb106,2,1,1,2
a6e6d36e-a175-4590-a22e-6fc094fb6c07,2,1,1,2
73aeafd6-1543-55a0-8a47-248c3f94ec04,2,1,1,2
7a3865eb-e3d4-490d-b014-5bb754ec9647,2,1,1,2
0777b2be-93e7-4faf-ae0e-e90364cba465,2,1,1,2
c02e3f7e-9b95-4633-8d1d-7be06cbee34c,2,1,1,2
38108943-dc2c-4b13-b998-40a5d02170c7,2,1,1,2
5aa1357b-18a8-418a-b2a4-60462ecd038a,2,1,1,2
f89b72eb-7127-42bd-b087-ce1db24276f2,2,1,1,2
79a85a7c-bdc3-48df-b277-b6e97d668e3e,2,1,1,2
f1f9e02c-a18d-4cf1-947e-7b2af93821ec,2,1,1,2
18b77e16-e892-44ed-9201-02d7b363c7fe,2,1,1,2
f7c3ea89-50f1-4b04-99cf-91eb26daadb8,2,1,1,2
3d882702-0184-46aa-8003-d6eb652f9bf0,2,1,1,2
28328a78-96f2-4086-b983-0cd97f97ebf2,2,1,1,2
e7934377-350c-44fb-8ea7-800a9fc306b1,2,1,1,2
e6a0a512-fbe9-c67d-30a2-634bafa66555,2,1,1,2
929d7738-3e91-139b-d99d-4aca474716f6,2,1,1,2
cd255dd0-5976-4ba9-a5fe-436771304412,2,1,1,2
b7286d5a-e642-4764-9b89-c3e89a7189e9,2,1,1,2
f8000f2c-9129-4fcf-b7aa-e35915124dba,2,1,1,2
3ddd5989-a0e8-4f49-8ceb-6d73efacd663,2,1,1,2
d984b43d-36b9-4f04-b8b3-ce372420e232,2,1,1,2
df5cd335-1f12-4f04-af12-16ec2a0fb33b,2,1,1,2
3d19e527-447b-45ed-8456-f53d1e2e180d,2,1,1,2
b5a97df4-b6e1-4f2c-81a4-2591f62ce626,2,1,1,2
e8259cb1-0f57-b046-42c1-64b1c39f0110,2,1,1,2
1ac3a000-0e20-4ac1-a2d4-cbe7e9c88679,2,1,1,2
6eb4ad64-da49-4dac-aedd-3d5459a1cbbf,2,1,1,2
8ee03675-eb3a-4257-8e8f-7796285ffac0,2,1,1,2
964b55c1-be63-4230-9fbb-c0675c32fde4,2,1,1,2
c6ab98eb-88a6-4185-8bb4-337bbe2074ee,2,1,1,2
12c45063-c4d4-46a8-8f07-3a2d1ce31aae,2,1,1,2
c6b5edef-2f10-426e-ad30-afdd8f8e8125,2,1,1,2
deb2229e-511c-0e7e-be32-690f787ff139,2,1,1,2
7dac21d1-9579-4594-bcdb-6318d046802b,2,1,1,2
80e072ec-67c2-4250-8ba4-3403cea14a65,2,1,1,2
d88a9fe9-3859-4040-bc1a-281dc7048196,2,1,1,2
a5a9f22c-c696-4f12-adf8-bf4b134832c1,2,1,1,2
1b3d41d5-db69-4fe4-9153-6ed0e5fbae67,2,1,1,2
a37d961d-4750-438f-9716-6f110a724b7e,2,1,1,2
b26f5094-10f9-4a71-805c-72f7563b3a8e,2,1,1,2
040525c8-6853-4ee2-8b11-10226f8b2160,2,1,1,2
1ec1ce9f-8c55-4301-9d70-77cea0773798,2,1,1,2
935a6eb5-c886-4db9-84e5-d803778cddbf,2,1,1,2
e2da0a11-6cc1-4a6d-a7b0-573f05d7b1ef,2,1,1,2
64b4a556-4d1e-49d6-9bb0-d2867f367002,2,1,1,2
feb67ea1-1089-47a9-8ef2-d31ef560ba6d,2,1,1,2
22228583-42a3-44d5-83d3-93addb8aa352,2,1,1,2
e74a961d-4e67-4137-9fd1-1b37066b84b6,2,1,1,2
00e62fa5-d1a7-4a76-83d3-83fb47280791,2,1,1,2
1afaaa0a-d119-42db-88c8-0abf83a81b5d,2,1,1,2
84c2c20a-4ab3-4ac6-a7b6-9d9b2a2ae658,2,1,1,2
66915cf5-9b2f-485b-a365-108cd80f178c,2,1,1,2
50c8f577-a4e6-4085-bbee-e056f3f17593,2,1,1,2
67158151-8d1f-4509-8d2c-3b893155499c,2,1,1,2
f368bf44-e0e0-412e-a304-e58bbed215e4,2,1,1,2
e16fbdd0-20f2-44c3-8eb1-ecf71f81f6dd,2,1,1,2
a57dcf4e-98bd-4af4-9232-3abca4a214b9,2,1,1,2
9c65f3fa-e738-2b0c-94e9-e569223ae339,2,1,1,2
19a7189e-1aac-4371-a767-6e0c9e997bb9,2,1,1,2
d9b0ff43-8ee2-4083-ad08-6a433bbd59c2,2,1,1,2
7ad41c9d-2b48-429a-aa02-5735a4475112,2,1,1,2
d3279c45-962d-4534-a956-28120f5d9aa8,2,1,1,2
d92403cf-c0ec-4ce6-a90a-471b0c4ac75e,2,1,1,2
965abebf-08f6-4d22-82b5-bb31ffaf9b74,2,1,1,2
a38ba2e9-d7a2-4276-8768-535faf6084ad,2,1,1,2
3bf589d3-4617-4b5c-b24c-dc505c735977,2,1,1,2
be891de9-28b5-4bff-be92-9c7e2c4da608,2,1,1,2
213e1c7b-b261-dc93-6186-fe2f2fe0e244,2,1,0,2
20568c3a-086f-48a5-baf7-7fb5986c71ae,2,1,1,2
b4b496c4-f09e-4e73-beca-80ef93394a6a,2,1,1,2
30407908-3a16-4c71-87e1-7066b16439f4,2,1,1,2
ff0200ee-7537-4e1e-bdf6-9da2f0781e1a,2,1,1,2
05cd710a-07c6-ef4c-0607-7533f3b892b6,2,1,1,2
eaa01f2a-5690-4870-8ed1-d1cfc333a21a,2,1,1,2
85cb660d-05f2-43ef-8224-ad82431d77f9,2,1,1,2
885c6caf-6c11-462a-bf91-fabb2bc05cfa,2,1,1,2
46bfa53d-970e-47dd-bc27-8e1311d188fc,2,1,1,2
44818d9b-4eb8-4917-b4f1-4f72d97cf912,2,1,1,2
1c63dde4-e7d0-4e23-b33b-ca7e00c3c7b8,2,1,1,2
bd573300-cea0-41e3-8a3c-2ed14e9cebc1,2,1,1,2
93656c89-57e6-43cc-8a36-f4a2598c8e33,2,1,1,2
cfeb5df7-5373-4ee8-a7dd-02beac212c49,2,1,1,2
459a32c8-2eea-5649-3f1d-1978f30042f4,2,1,1,2
f2d36801-6499-4ad9-a696-dc2e76edf2fc,2,1,1,2
b74edf2e-bed3-47d9-a1e0-62b45aca8b06,2,1,1,2
146b19e1-b353-4440-84c4-58080bfb7c3a,2,1,1,2
6831aaf0-1db6-4d8a-8e33-c8d56ba187f1,2,1,1,2
b1f6ebc2-26ad-493b-b180-9cb976dab714,2,1,1,2
d4e85c94-ba42-b160-a021-4c97faaf52f6,2,1,1,2
4b880e00-3152-4f14-b60e-b84635d5fe40,2,1,1,2
a4b1a85d-d265-47a7-a2d1-e918c1a3460e,2,1,1,2
82a1fb52-838b-4749-8ab6-42dad82f87c2,2,1,1,2
f53f046b-9a34-e64f-92af-fcf8df3f94e3,2,1,1,2
083e0487-4b72-437b-9383-ec1c028d8ed2,2,1,1,2
1bb3a411-89e9-4ba5-9eb8-d1ee1f179126,2,1,1,2
8acf58e0-ec2d-2b37-1fe8-f80979eb3e69,2,1,1,2
4d900fb1-b2b8-48b9-887a-ea0bc6b2cda8,2,1,1,2
23ee501e-2848-414d-89a3-86900063857b,2,1,1,2
d2ad68c4-4cad-5355-cabf-dcc5dfd15669,2,1,1,2
73e1f9a6-12c9-4a8a-9876-aeee0bcaa089,2,1,1,2
3830a766-e1b3-e2b1-cebd-6f6d5bbedce7,2,1,1,2
7d93f8c6-63f3-bd30-0527-4dddb2c8f5e2,2,1,1,2
076d0299-9018-46cd-b577-0a3ef5aa49c4,2,1,1,2
995e2a51-b879-41ab-86cb-6c3b74ef7712,2,1,1,2
ce32a44e-b877-43d7-8e74-73046e943317,2,1,1,2
2f6f6b30-2d25-495b-93db-0719dc4a153c,2,1,1,2
f5a073bf-a83f-4aca-afc6-1f93411700b6,2,1,1,2
89c7fb06-e871-406e-a8e2-db6f1bdf02c8,2,1,1,2
da8d8c8e-fff7-4a05-9d34-5e922f79e057,2,1,1,2
d8d3e85f-96c9-4ae4-b7c1-bc5d243d7175,2,1,1,2
7f66f01a-c64a-91f2-e90f-09b5fa3ca89b,2,1,1,2
0a50c368-4154-4876-b5a9-334b3a640ec5,2,1,1,2
5734fb77-7fa6-4c91-81ab-9552fe07a03e,2,1,1,2
17f78039-d284-4c9f-a963-a7036d5d7d55,2,1,1,2
307818f2-b49a-42ac-bece-ea48b5d2fe12,2,1,1,2
42fc0858-5a16-4b57-ac79-5edfbf4a40c8,2,1,1,2
95106940-3e4f-4b91-b6dd-8c661ef52ebd,2,1,1,2
d730e9f7-e309-4f41-b72b-3addc392483e,2,1,1,2
88dac7c7-d5b2-4205-8217-ed1b7e4dfac2,2,1,1,2
43d6f384-137b-4bca-97c1-92bf560ff58e,2,1,1,2
7ae19651-044c-46e7-8197-1e69bf119c9f,2,1,1,2
6a3eb073-5875-4595-b9cd-38f97a26c3fb,2,1,1,2
5d1c7de1-3437-a992-dfa4-13dd77751aa1,2,1,1,2
485141b7-57b2-0411-ee80-51b812a8f026,2,1,0,2
7dedec85-aa1c-4844-b370-b174921764c3,2,1,1,2
b50745b8-0fe0-48b6-91bb-2f2b1282bbe2,2,1,1,2
1f627db5-6120-41e4-a7f1-f579fa77a38a,2,1,1,2
3ad94cce-fdbd-40a8-b1ae-fb3d3b6be1e3,2,1,1,2
95f980d0-17a8-4ac3-a024-7629acc946ca,2,1,1,2
a81f8d9e-0b4a-4b35-915d-9d8e308506d2,2,1,1,2
3bdd70c8-6c07-4fe3-950e-c0ba933eb520,2,1,1,2
f2fd05e8-82a0-4c32-9fc7-632d05250de0,2,1,1,2
b86e55d5-1c83-4252-9e52-abf1c79cddcd,2,1,1,2
8ab080f8-060b-f9c2-5b88-0440125d5787,2,1,1,2
4e9bc8f2-ba0c-4e32-b721-4f57797ddaf2,2,1,1,2
7abe036b-708c-4293-9a5a-0a34449a3fe8,2,1,1,2
0abebeab-f4b4-4d36-adaf-3dcefe658563,2,1,1,2
3377e59a-e267-44ad-b4ea-aeff330ee3be,2,1,1,2
dd2d3bb3-19d1-4310-11d1-d64f5e273009,2,1,1,2
5c146c38-e7ab-4457-812d-e761282f62c9,2,1,1,2
0de79948-be7d-4642-a491-6faacacfacdd,2,1,1,2
dac4b0bb-bc30-4e52-b4e3-34a35a063010,2,1,1,2
a5d96a01-55ae-12a5-8255-0996fe6994a1,2,1,1,2
f5c02c5a-1c40-4c10-b7f7-72c61936d06f,2,1,1,2
fe5981b3-d61c-44a1-8dc5-75e8fc2c966d,2,1,1,2
469766e6-adae-42ff-ba89-3e0840e270de,2,1,1,2
3bfcebbe-4cb5-4472-9f0b-795eb3855832,2,1,1,2
f5a602ff-c273-464a-815e-5bf08eb39add,2,1,1,2
56cde282-46fb-4915-8d02-45d787d9457f,2,1,1,2
4fe92ce6-9a8f-4227-b96e-91b3defad38f,2,1,1,2
eeb43556-c40c-458d-9721-43f33d0569a2,2,1,1,2
c40ee6ae-3d0e-456f-9291-b07481dcd7e0,2,1,1,2
7d77d3d4-0281-4e64-a275-799f60f81416,2,1,1,2
76de7088-89bb-4e5a-a5a8-ce6532ca4f35,2,1,1,2
e9b915c6-a86c-445a-8b7a-708f97e30358,2,1,1,2
077bc7d3-a99f-4146-9c09-51b6b8e0ae3e,2,1,1,2
3d14b0e6-f019-4ffa-88a0-8a70f622ee4c,2,1,1,2
14a4ffd5-aaf7-4292-88a3-ce66a7955e28,2,1,1,2
90df0c32-ec5d-03ad-38c0-3be0c440f0f3,2,1,1,2
796be152-beca-4631-9d71-45864bd9612b,2,1,1,2
9357ff6a-a10d-47ff-a12b-d2ff2884a56b,2,1,1,2
0ef90afb-e0d2-4616-bb86-6e42e5607929,2,1,1,2
616b31e4-01bf-5f36-44fb-391c2844e208,2,1,1,2
19eca563-6777-a6d7-e685-be8cfaf995b0,2,1,1,2
46d98721-cfdb-4427-9789-6abc977bc69d,2,1,1,2
b7f48cc2-c898-4c80-8038-2c4aca2d7b48,2,1,1,2
a756db9a-6161-45e3-9b4b-5f4bebba10ed,2,1,1,2
551b2b89-d387-4de9-a126-02d27fa3f993,2,1,1,2
a1a8515e-4d3c-891e-99fc-2de57159f522,2,1,1,2
bfac644e-55d6-4352-b77c-f4e697d0d9b7,2,1,1,2
0969d22a-c67b-434d-96b3-f29598dc839e,2,1,0,2
2efa7ce3-8924-418a-876c-36e239b924a4,2,1,1,2
8a328333-a23f-4f5e-8ab8-6632fee0b8e1,2,1,1,2
df124519-843b-49f3-9087-a8d2106ad54c,2,1,1,2
3caa1497-2696-4d58-9e8c-349f0585488f,2,1,1,2
10133fc7-169e-45fc-a069-0ef157028c53,2,1,1,2
bf94dad3-848d-4a31-b3bf-4a821e55700b,2,1,1,2
19fa544c-9cba-477d-bb18-1e7548962286,2,1,1,2
3b16a9ae-8e2c-4c38-9788-9344c4b26564,2,1,1,2
ed3dee63-f406-53a3-6bc4-80310ccc4b01,2,1,0,2
7ef7ca3e-d3f0-4032-8121-2ef639a0340d,2,1,1,2
0a4bed33-ae41-498c-8a9d-09e80151b7e6,2,1,1,2
8a75e3dc-2ead-4d22-ba48-3930d9ca6d66,2,1,1,2
2820a450-8a14-4144-adc3-b0b5b7f41a8e,2,1,1,2
cf7fac78-5589-44c2-a9eb-77266ae5e575,2,1,1,2
80172711-0a04-30e2-c219-d8efe25c7084,2,1,0,2
7332d24e-415a-4f8e-8bb0-2105f2b1c6f6,2,1,1,2
5bff8c93-b335-406b-b1fc-8a89d048277e,2,1,1,2
2c8cfc78-c8dc-41e7-82b0-bff68fd381eb,2,1,0,2
9a93de43-69f6-4c3b-8cff-c7fa68f56643,2,1,1,2
ea117ecc-9856-4a96-8982-34ceade3b9dc,2,1,1,2
742f16fe-fffd-43ae-941f-ccea26a26496,2,1,1,2
7a77789a-52af-4109-8097-d61a1564f1a6,2,1,1,2
7072e2a7-d8cd-430e-a90a-b400aa6d0367,2,1,1,2
080cfcb6-c676-415b-80e8-fa7b8a9a810d,2,1,1,2
6c3ed600-7e1b-42f7-a7f0-99ddbc3ab80e,2,1,1,2
908e032a-cb09-4d63-a40a-ffd81815426c,2,1,1,2
b9669681-1865-4e3c-bb54-15ba8c5664e3,2,1,1,2
f5bf6aaa-697d-48f7-aedc-4e7ecbf43457,2,1,1,2
f26fb771-3ef7-4cd9-a206-b7baa1170ece,2,1,1,2
c2255b7d-5356-e88b-cf55-623c9ff2c57f,2,1,1,2
f2c122a3-1952-4bf1-a5e3-39602fe428af,2,1,1,2
7797b1bc-84b6-49fc-a11f-44401b3bf098,2,1,1,2
4e9397d9-52f4-4d49-90ae-0c039dde86d6,2,1,1,2
e819dea7-e1d4-472d-ae34-c43de75c65a9,2,1,1,2
c74bf7d8-86fd-4702-8965-61b502e7571c,2,1,1,2
18cfd4fb-407b-425f-b54b-e1615f60a0b5,2,1,1,2
4c758ec9-22fa-42e7-88d6-a0284dd8ad9a,2,1,1,2
49926b1f-6651-483e-bb15-f07d2da2dcca,2,1,1,2
04dcbc87-dae1-4a0f-b9fc-3be201b93ea2,2,1,1,2
a12d7eca-953e-807f-552c-c4b1b3cd2801,2,1,1,2
4876e0a2-3df7-1b32-9d22-eba83d483407,2,1,1,2
c5c24a9a-aaad-4ddd-9e94-ecac912438f7,2,1,1,2
e2ccbfa3-0a3d-4fa4-a7d0-c751a4612cea,2,1,1,2
c8a1a527-e6fd-43e2-a7f0-ecbcdac31573,2,1,1,2
347873d0-6978-4263-b3c7-744abbbac729,2,1,1,2
80ab8f4e-42d3-4524-a00a-a03db81f5e79,2,1,1,2
caed726b-65be-47bb-a02c-a303a7ba96aa,2,1,1,2
4c44a444-29b7-4945-8015-ec4a90a9a8ca,2,1,1,2
c0ad5233-4182-4890-b377-39b0017cb7fd,2,1,1,2
f5245d6b-80f6-4cb4-a5b8-a06ab4ddb7cc,2,1,1,2
0a39f143-7cc3-4e58-bd73-004d61e14e2f,2,1,1,2
da32dfad-4eba-4816-b917-bf68d6b49313,2,1,1,2
1a70b920-f0bc-437d-99e6-02c048e9243a,2,1,1,2
03caae8c-38f1-8819-2157-330d6bb80846,2,1,1,2
ff6b49ea-a675-4be6-9af5-f71b84d642e9,2,1,1,2
48702485-0748-43a2-889c-861e36dde55a,2,1,1,2
f2376e0c-7317-4243-a125-26c3587691e5,2,1,1,2
c5562849-0002-4f0b-90ba-e9cbe3a53297,2,1,1,2
6c6de14b-a659-4041-94a4-342421e9cb4c,2,1,1,2
1ec45b36-c62a-4014-ab9f-0252128a4d3b,2,1,1,2
9c7de05a-fc6c-4c81-8c26-69b616f32b39,2,1,1,2
44ad0eab-1a89-42a2-98ac-731540c62629,2,1,1,2
bd1f4964-2b7f-434a-a8b5-954a439dcc67,2,1,1,2
52100f5c-8b05-463e-ace0-f673f5106e98,2,1,1,2
dc36aaac-dcc5-6777-df8d-c2521b4db809,2,1,1,2
5556dfcf-5237-4c83-adc6-0c7f937d4d0f,2,1,1,2
6b8b54d1-92f0-4dac-a290-335b77539802,2,1,1,2
3006f98f-6df1-4b56-aa58-dcea055c9ce3,2,1,1,2
a8de8a58-aaf5-4640-8042-3dce09c1ddc2,2,1,1,2
bf8f1241-96e4-4bfc-ad18-8fdabeb8dc60,2,1,1,2
84e01ad5-a726-6a02-f5fb-8612f334f5a5,2,1,1,2
e71e6cd2-5984-4117-94a7-d42a7d59ab92,2,1,1,2
00862146-8717-4f24-80e3-98027422b330,2,1,1,2
35ec453c-5f1d-4141-8d69-9316cceffef4,2,1,1,2
67b66e37-dd14-45d8-8329-f1fb19e99954,2,1,1,2
80a13a07-14d9-4fb2-890d-f80f23366d60,2,1,1,2
f616338e-1525-445e-82f8-7a2308f79bee,2,1,1,2
148f8ad1-56d0-484b-8a82-fa0c9d9e3567,2,1,1,2
d1f1a671-27f7-4471-90ca-feb51c4f97f8,2,1,1,2
ddc2c0b0-8c44-e071-fb37-46e52868e57b,2,1,1,2
4c219726-2bdf-47e3-8400-777af4d72687,2,1,1,2
540b396b-eb8c-44fa-8982-51a488956587,2,1,1,2
90520159-7e1c-4812-b643-3f3afa42a7f3,2,1,1,2
5ce0e738-b90d-48e1-80fe-d3cf37c62287,2,1,1,2
1d0d4c91-2da1-41d0-aaed-5c68e5b1f955,2,1,1,2
cf569dd5-8ed0-4210-a688-2073de610e90,2,1,1,2
684549fc-72c8-5edb-48b1-52d0f192613c,2,1,1,2
7a6ab269-ae5c-484c-8142-90bb430efc6e,2,1,1,2
337bcd9e-2958-4c98-980a-c8fcc657c7a0,2,1,1,2
0410f3c0-f048-4ac5-93db-c4df2352274d,2,1,1,2
7cff9553-1824-4a97-a0f5-ac211359cf69,2,1,1,2
4a833bfc-be2f-438b-808c-049dc84250ec,2,1,1,2
32016e31-de5d-42c0-a94d-aaf53355f282,2,1,1,2
37d283e3-b17f-4fef-b249-debb3d7de2f1,2,1,1,2
18c20f61-58e4-43e8-be85-f8ff466246c1,2,1,1,2
34f22451-9ff0-483e-b838-ab51b994a713,2,1,1,2
0928e8e6-2d0c-41ac-9ba9-0ca770b0805f,2,1,1,2
0ac89927-e903-49bf-9ab1-da427d28e86f,2,1,1,2
158a01f4-3ca8-49d1-b048-0b8d4090bd07,2,1,0,2
b5541ba0-1984-99f7-3164-2ea49589d00f,2,1,1,2
d464f8d0-cf3a-4388-8a86-5cadf7337cc4,2,1,1,2
daa3d49f-808d-4259-ae6f-fcee73f9e868,2,1,1,2
7afe7cc9-d6ac-8744-027e-fcc0ff5558b8,2,1,1,2
5cce203a-daec-450a-9cd5-7e686319df3a,2,1,1,2
ec2b7fb8-2b0b-4190-b487-38d70316c5ad,2,1,1,2
942f923c-20d8-439e-991d-f3c2d16f44c1,2,1,1,2
3e2ee4f1-1c44-4f3d-8d43-529ce12d7aa2,2,1,1,2
00675ae5-a3d1-4356-893a-cc64ac9d7e4a,2,1,1,2
4bf15158-310b-4d53-83d9-c9a3b75c9319,2,1,1,2
3cf11b36-cfdd-4c84-9cdc-ea41aafe6c59,2,1,1,2
b5f316dc-b202-4469-953c-80f60401b6ac,2,1,1,2
4f304e09-7da0-498c-91ba-937d770cf253,2,1,1,2
2829b760-12ee-9734-d147-4a239618682e,2,1,1,2
c267c927-d873-46d3-a71e-d3b1ccde6b72,2,1,1,2
ecde4469-b559-b9a6-6207-a06e6a3bc7ae,2,1,1,2
1e62ac69-b536-4e23-980b-404a2f5313b2,2,1,1,2
1af9a1e7-4ec9-49c4-8fa6-0e4609358047,2,1,1,2
8a668434-10b0-4322-a30e-2dc5e266e279,2,1,1,2
eb27cc83-93f8-4518-8f04-6ef59c2e955d,2,1,1,2
139574c8-5bb2-4032-8da9-45b35997da90,2,1,1,2
3ae584eb-b173-4aa5-a47e-c14adcb96f1f,2,1,1,2
8c2f1aec-968e-4da5-8e2d-23756fea2921,2,1,1,2
b8e4822b-fc8a-4408-b518-e9ea07602dfd,2,1,1,2
c06497c2-e611-4ebb-a11a-173f86b74f2f,2,1,1,2
5dd1d8a7-60bf-492a-9c08-ee6ddc462f5d,2,1,1,2
d5bc1b37-07b9-0181-92ef-7bf71fdc5bc9,2,1,1,2
b927294e-67dd-44bc-9500-5f35e8b5429f,2,1,1,2
cb3413f5-aa6a-4632-83f6-184332083e4e,2,1,1,2
b3e31576-1da9-4811-abbd-9cf2efd0e4cc,2,1,1,2
5bed71b3-293f-4404-bb09-f2422c2908e9,2,1,1,2
fa28d22d-d3f7-43ae-8aec-f9703634bfe6,2,1,1,2
bf8bfcfa-71fe-4922-b290-603d06d6c037,2,1,1,2
2d5879af-b545-4b34-b973-6ba58dcfe379,2,1,1,2
ceb5a127-a928-4e42-afca-82c0f65015b6,2,1,1,2
bee4e1af-3536-421a-b577-538d5ecfb4ab,2,1,1,2
7c0834ab-4c8f-0467-8859-cb3010cd3c81,2,1,1,2
3ecbf796-1d22-49b9-8d67-15ea2360a855,2,1,1,2
b1092254-4f6a-4390-8ae3-09ee0144e5dd,2,1,1,2
013f0eb1-f8ff-48c2-bc8d-31e19acace0b,2,1,1,2
d3142da6-e204-4a4d-a282-9dbd4560e1cd,2,1,1,2
bde8c195-74b5-4ab2-8eec-551ec6448443,2,1,1,2
16cead28-8339-4a26-833b-f6435fb8db12,2,1,1,2
ffb9282a-c7f8-4f57-b765-20ad5e04bb0d,2,1,1,2
302c352d-4169-49d8-88df-f4ff969a10f5,2,1,1,2
101624fe-9c89-4463-ae8d-ca0d2934c7bd,2,1,1,2
b2e39630-5f9d-4b63-ba93-d2abfe231d87,2,1,1,2
1586edb4-43b0-4041-a8a9-e2631833b670,2,1,1,2
f7529969-43cc-4abf-b11a-0eda158beaf1,2,1,1,2
4dbe9e74-0347-4ba8-85ad-efb24a6c860f,2,1,1,2
e0cd4a74-29e9-4a3a-bad5-17c7da99a8e0,2,1,1,2
722e98f3-527d-418c-a493-2a4fa6a10b6f,2,1,1,2
aa8424fd-c518-42fa-be29-99be7d8f620b,2,1,1,2
1f67c9a0-94f0-48e4-bd32-0e8ed12aaa90,2,1,1,2
85a9886b-8ee3-459d-8dc5-40cba59d93c7,2,1,1,2
33c17a7a-79d5-48dd-ac16-d9a45aebb6b5,2,1,1,2
fa231051-7de5-46e6-9ae3-f7196d4654af,2,1,1,2
1105e6fa-b1a2-4d6e-93f8-f1de75fa2c31,2,1,1,2
f36561fa-dec3-45d5-a54d-eeaebbf8157d,2,1,1,2
4f00ba84-79cc-a06e-9b68-f2be24799002,2,1,1,2
339a02c8-313c-4500-ae2f-0af7ccebfb05,2,1,1,2
815e5918-9a68-46fe-ac6b-879a0ac65d3d,2,1,1,2
4dc29641-b9e7-4b91-a6ca-c8e9423de822,2,1,1,2
e479ab75-7cc1-4835-9299-d51fd90ba7dc,2,1,1,2
0d671b40-a21f-4a1f-a726-f3826d57112e,2,1,1,2
26616e70-3e7f-4837-a2d0-c6113e5a95ee,2,1,1,2
a60104da-4a77-4ca9-b52d-c27a17f172b9,2,1,1,2
92c04ddf-692a-4fca-82f4-d8205b6b6f08,2,1,1,2
c98a236f-0283-4818-afce-e68c3d125697,2,1,1,2
648f8887-b3d5-4178-81cc-3c39deb5545f,2,1,1,2
cf64054b-57e9-4ab9-a861-0cc5ce2187ba,2,1,1,2
17e20a63-d5d9-a4cf-0a99-6187135f9a26,2,1,1,2
1b167892-8a44-4b63-9478-7cea52a34907,2,1,1,2
c8878c87-66cb-42fb-8b4e-d59175ccdcff,2,1,1,2
89f307a1-5400-4782-a16d-cb98f6e885b4,2,1,1,2
c8ad5d87-44a2-4a57-be26-50a2c3932f3b,2,1,1,2
1cda1a24-c297-4bbf-8a1c-d81d930d5104,2,1,1,2
b40f3d65-4911-404c-81d4-2846e25ae7d9,2,1,1,2
f8412002-2277-4afc-82a6-d6ff1737196c,2,1,1,2
5efb6aa5-b624-48ac-988b-373e9c37ec30,2,1,1,2
010d6364-e0e1-4855-8b6a-e5c333451edf,2,1,1,2
a2907cb8-1b8a-47e8-a3f3-c706d63fc1b5,2,1,1,2
dcf1e553-1b36-4998-a8d9-843007e34e13,2,1,1,2
56fde01d-b5f9-494c-b2b6-f8e59dc61e6f,2,1,1,2
99e203d8-5bcd-8185-caa1-b2282c978c92,2,1,1,2
5beb5894-7011-4b08-8a15-66b3829aef21,2,1,1,2
efc547a9-71c4-4082-946c-7f86897dfe7e,2,1,1,2
d8b6d3c9-c46b-4e08-9ed6-0de429e4c269,2,1,1,2
0e195c80-6e48-4b08-96bd-90e295974499,2,1,1,2
f6ef4fd1-1ab7-49ee-89ed-ae0bea9fae11,2,1,1,2
f910d329-7911-40f2-a5b6-ba2c75ef5c87,2,1,1,2
d62195aa-c58c-cf33-9069-92385b32d88d,2,1,1,2
f819fb57-86d0-4f08-887d-43ed9f83d0d1,2,1,1,2
c7c5428f-607f-4dbc-b591-3425c91ab310,2,1,1,2
2a45e7fa-e1b7-4345-aadd-b7db176314f8,2,1,1,2
8507131a-3da0-4270-b33d-0c97d692d232,2,1,1,2
7d447f9d-79fe-4381-b306-7676bcea4eab,2,1,1,2
6af329de-23ce-4bf2-9575-edf4ed8e6a5a,2,1,1,2
d4948160-1ed6-831c-efbc-460652e871ad,2,1,1,2
4c3cce92-8415-4a94-a98b-e2a170d166aa,2,1,1,2
2c0be6a6-1043-4103-8b6a-e656b066d09a,2,1,1,2
1b6f7e8e-6df8-98f1-d04d-42f0c05cb12b,2,1,1,2
3d3e7138-1c71-4d49-a1bc-93a5f79b98c2,2,1,1,2
65596906-dd33-4ba7-a8b1-cb9c4b0efc5a,2,1,1,2
66b9088c-c660-4f18-9b0a-4c7fbae9787d,2,1,1,2
c625c47f-ae14-4ebb-b858-46ca7ec7d045,2,1,1,2
6f0da9f9-06fd-4feb-9f50-5c6b75fb8534,2,1,1,2
412dff69-585f-4ded-ae9d-de14bfb4d49a,2,1,1,2
18e6e371-ba3e-4bdb-b271-8597333de7bf,2,1,1,2
682f7fd3-a9d5-41e3-a6a8-a9d4e98fd641,2,1,1,2
16479614-c05a-9e36-670f-79e5ee09ec73,2,1,1,2
f0654005-7c05-42a3-8d18-70e440ee7eaa,2,1,1,2
953715a8-96fa-4a7a-b777-a800bb68534e,2,1,1,2
4517966a-11a1-49d4-8c51-41ad33d723f2,2,1,1,2
8b4c98e8-7eb7-4c3e-bc90-48a685d450e1,2,1,1,2
d20f272c-08a2-4821-b983-7607899ec61f,2,1,1,2
17008c29-30e1-c05c-2fcd-91c3ab52020a,2,1,1,2
ca451628-6116-400d-8256-c369d3403991,2,1,1,2
79ee7729-58e1-4ae2-b63b-206ddb0c4f27,2,1,1,2
da87e3b3-ce17-461b-a3ac-82811aba848b,2,1,1,2
066f47bc-91e9-4b63-973f-b403100cd19c,2,1,1,2
9de6b65c-900a-4b50-b141-825ec196112b,2,1,1,2
eff74a58-4e77-4da6-b998-117c34880d13,2,1,1,2
9a2b0b92-cb16-48d4-9d52-59a3a8cb2f4e,2,1,1,2
68600a17-3bae-4c45-a9a2-3bef6a15634c,2,1,1,2
4def7194-4085-4fc3-b3ff-ffad273dedc0,2,1,0,2
63156cdf-5e0a-4274-8598-090ff5da1ab5,2,1,1,2
7ad2a1f2-5d7b-922f-6afc-79316e822529,2,1,1,2
36617c3a-d297-4111-88d4-3982cbc28668,2,1,1,2
98828fb8-ff4e-d7e3-617b-6707f367755c,2,1,1,2
d5b295ff-13e8-4122-a031-a1ab6602b92d,2,1,1,2
e8794dc5-6d8d-487f-920e-f82392615b08,2,1,1,2
f2ddf732-0fba-4a43-8c76-afb06f79fab9,2,1,1,2
8cc8a2e0-befb-4afd-9117-911fdc22a4c9,2,1,1,2
efe07f32-03ce-4e39-a385-9ce4a825f188,2,1,1,2
54adefe4-db55-4e0a-a02a-d83f11425d78,2,1,1,2
9445493c-0541-42bd-b59d-2c571052dd86,2,1,1,2
12f3bf65-045e-49f5-b06a-6bd72b3d6ad1,2,1,1,2
d611ff49-be7d-42c9-b1ba-e80f6a1bd306,2,1,1,2
f087c26e-0495-16e5-fbad-270744253b6e,2,1,1,2
bb1e0290-5672-6b56-c35e-361f8352be5b,2,1,1,2
886f53f3-074f-42f5-9fe8-d9386a254ed0,2,1,1,2
cc313fc5-c46a-44ce-bf68-399f0547921a,2,1,1,2
fba3dd29-64c7-41d9-b26e-b2b20089486c,2,1,1,2
f6b5c536-0494-4391-9e83-b759c4b6d4e9,2,1,1,2
6259319e-535f-4849-89bd-60f814fce0be,2,1,1,2
3c8a852a-46c2-4531-a2f6-7bc7504f7b5a,2,1,1,2
7eecc480-28ee-4372-aab7-d10eb4f76aab,2,1,1,2
7d34b162-dba4-493a-b70b-a52e3443fd21,2,1,1,2
3371a373-8c31-47c4-b0bc-1571df6dbe82,2,1,1,2
b4d767ee-a6b8-4b76-b376-7b1d5acd2388,2,1,1,2
ea9c2b2c-27a8-4000-96b0-6eee7e42ee80,2,1,1,2
960852bb-94eb-47e4-9e61-54bf2006ba30,2,1,1,2
10e767db-19f8-45d7-9dc1-ca7a5a896890,2,1,1,2
cc214a04-aae7-46c5-b7b6-509404bb20ac,2,1,1,2
ebb806a8-7e45-4073-b9b6-a91d36ded395,2,1,1,2
a0c0f5c5-b9e3-49af-8159-74d2c00218e8,2,1,1,2
e45b1c8c-7ac8-44a8-974c-8b031d74dd30,2,1,1,2
a31f27d2-81cc-45b8-809f-785196e26e36,2,1,1,2
2df6546e-1ad3-48db-91ff-0be098d86973,2,1,1,2
64a54bbd-52ae-4dd3-afae-e6223286956c,2,1,1,2
e64fab0e-137c-4e2d-be7d-0952b0cf4560,2,1,1,2
f864b07d-b45b-ad1b-4806-837651cca07b,2,1,0,2
da63db2d-5b36-4bfc-8f7b-21ed5c7d8c48,2,1,1,2
2aaa9b02-a60b-445d-ba4b-d5f05b84e62b,2,1,1,2
d51c0089-a508-42e4-9e96-1c1af9103cac,2,1,1,2
4740f9c9-7f08-4c31-87fd-5c96fd6280d6,2,1,1,2
7ea5866f-5b4c-415a-bd09-8707fd2814e7,2,1,1,2
90766498-0d60-428b-9b8d-52314e65e859,2,1,1,2
92c82c34-68d1-4726-809f-a3f8d1196174,2,1,1,2
35bdee19-442e-49c7-8d17-6e43d7748f87,2,1,1,2
799c216f-a2b0-44c7-9d1c-d235b380dcfe,2,1,1,2
6cd617fa-56fb-4f4f-86f1-588b84f97d29,2,1,1,2
a63644ef-195a-4972-a259-655337d1c97e,2,1,1,2
89fd6874-e84f-47f6-90e3-1b0bb39c0f86,2,1,1,2
e5e8d126-237f-4672-b569-42fcf71f1412,2,1,1,2
92bb028e-de1c-4c59-9041-c6321b58e8db,2,1,1,2
d03f4424-28fc-4b52-85fa-9105a53532c3,2,1,1,2
3e9aeb13-eadc-414b-9698-0519cc6b2062,2,1,1,2
dddda94d-93d7-4657-ba75-f19603b5e87e,2,1,1,2
00fec786-826b-3125-2160-7a3ea72a0e75,2,1,1,2
58875534-e4ad-49fe-a85e-c4b73846d723,2,1,1,2
bc8d3586-5be6-4b68-97ae-da191fc8d408,2,1,1,2
b5090ff1-a5b7-4b15-9837-e6408e995554,2,1,1,2
fd22ea3c-d8cf-4a89-8ae5-ba4461627c04,2,1,1,2
9da35df4-d00b-433b-b3b9-9b8dbb9ccf49,2,1,1,2
41bc80cb-2ab7-4a19-8d0a-12048d8f5f33,2,1,1,2
92f8d2c8-cfed-4aec-ba66-5130da79aebf,2,1,1,2
ff23ccd5-6909-4016-a64b-eecbbde8e822,2,1,1,2
8c9e0273-7abe-4337-822f-f38fa3e069e4,2,1,1,2
2b4fe369-f3c4-4b74-b055-d236ef22a209,2,1,1,2
593c2dfb-fac1-4fcc-918d-f0ad061dd4d6,2,1,1,2
f1257588-57d1-4a47-b3f3-106c3eae370c,2,1,1,2
54107422-cf10-46a8-b824-954ecf83e698,2,1,1,2
05da35a3-53e2-401c-818a-6acf3a7884c5,2,1,1,2
18e63ef0-0646-444e-a28b-995ab7dfd5a9,2,1,1,2
7a16c841-c157-4cc1-9420-0a5633f0de06,2,1,1,2
0d8748ed-90f7-4623-974a-4f50ca3bad72,2,1,1,2
ae4ed0d6-9f99-45ed-8892-1f2ad011a0e0,2,1,1,2
7c794854-11ac-4be2-a8c5-44f9f9e01b5c,2,1,1,2
ba846f6a-a92c-426f-a1a4-5564b0bfaf94,2,1,1,2
99e4a416-52f8-4bcb-bdbc-55e28e0642c0,2,1,1,2
db616c99-d235-4329-a7d4-636bbfe4686b,2,1,1,2
8a1a5bce-a134-47d9-b53c-6eddc2202e9f,2,1,1,2
6665e0b3-48a0-4705-a4b0-d2b333a54e08,2,1,1,2
f6f52b50-289e-497b-b350-edae2f3f430a,2,1,1,2
53ad7f9c-0543-44f2-b603-ff2ea1856961,2,1,1,2
e2ea3445-6e96-42cb-abd8-943868d11811,2,1,1,2
856bfbfd-86b0-4e70-8438-925ca6c7d70a,2,1,1,2
7b7c60fa-67d1-4009-86a6-f3dc7fec22fe,2,1,1,2
b25f57f0-feeb-4ec8-9f21-52ceccb9ffd5,2,1,1,2
2ce28222-62a7-4fb1-abad-1959f0f61219,2,1,1,2
4104642c-8663-460e-9e91-9da394ff3173,2,1,0,2
d2c8c44e-73ec-4819-9138-660d0996ee81,2,1,1,2
e133c2fd-d149-49ba-8d90-7581e7a9f4f5,2,1,1,2
295a648f-4982-4afa-b565-145b57c41fc2,2,1,1,2
91e03964-1565-493d-a536-9b7d41c63047,2,1,1,2
295605ef-a8f7-008f-bb31-8d78f2695ed8,2,1,0,2
b44fd245-effc-4a9a-bf02-a365afb9d60a,2,1,1,2
bd1db7d1-8df3-4d4a-ae98-ecc5c9359528,2,1,1,2
05944103-ade3-4782-ba64-e470dbf81ef7,2,1,1,2
77cbd19c-cf2a-45e2-a8e6-98c6446a9028,2,1,1,2
b3af1e77-0509-4acf-9312-80e4d1cf2b4a,2,1,1,2
6baf6fe5-c1e9-4465-97dd-d9ce3dbe5a07,2,1,1,2
116798da-7ffc-876e-1901-f4188828ade1,2,1,1,2
b2923969-6595-4d4a-933b-6b3b5ec56841,2,1,0,2
7de4d7fd-bc51-4859-8dc1-870ad103e5d0,2,1,1,2
e6a6a2b3-0b5d-48cc-8b94-061d776ba30d,2,1,1,2
7c55969a-aaa2-418c-8850-b75d155d107b,2,1,1,2
25e824b5-38a5-4c36-83da-eafb3c3c8bcb,2,1,1,2
00220747-3fe9-4b60-8c73-50b994218728,2,1,1,2
d67249eb-9768-4efc-bc33-e78b63ce52e3,2,1,1,2
ceefd0e7-74bc-4f82-9946-1b389996f8cf,2,1,1,2
0e880821-bbdb-42f5-a068-21994b7fbdc3,2,1,1,2
c497d5b7-5c36-4b70-a007-fc34e378089e,2,1,1,2
7e30a136-fb01-491b-9a3b-f31cb1cd0279,2,1,1,2
c27ebc9a-f946-4528-b4a6-b5ad2eae8241,2,1,1,2
34b42487-579d-47df-a85d-1dcd5e8b3f58,2,1,1,2
c4babb48-64ab-49e2-829c-bf69f96f7580,2,1,1,2
b9a63f56-a15c-4b42-8ab7-a794816e63b5,2,1,1,2
3d846aa4-720d-1b75-16da-745fab2619f9,2,1,1,2
ecc1e543-ffaf-45d4-aac4-202651cae13a,2,1,0,2
0ff9b916-5f90-4b77-8e84-ca38ea04f972,2,1,1,2
98b5d257-56b8-4873-b91c-9dbcbf6433a7,2,1,1,2
b18befd1-4504-4c23-986a-3aa8eccb67fb,2,1,1,2
068b8812-5fee-4055-9b9b-7b4a9871bf59,2,1,1,2
885c714c-1fe5-37ca-cc44-1e503716c5d2,2,1,1,2
cacf780d-1614-4d0d-b403-60c46c060db2,2,1,1,2
cd62530d-a143-4906-a247-200b9110a911,2,1,1,2
ee46b253-64cf-477e-8148-6def1cbf8ccc,2,1,1,2
564782aa-62f1-4cdc-b3d6-97d7a6b82636,2,1,1,2
52235341-81d4-46de-8d98-b16bb80d682b,2,1,1,2
b51b4cb9-3c93-4a9c-9ca1-90b8b8ea3b09,2,1,1,2
2723e610-e898-4ab4-abf8-50bcb6018756,2,1,1,2
81729a90-467b-43da-8344-2d2806b2de63,2,1,1,2
26e46bf7-148e-4d62-8413-8467bd9416fe,2,1,1,2
6f830956-fe42-4982-b2a2-b6c17a8488c8,2,1,1,2
ba1f18c3-a074-4785-acae-13785a01e066,2,1,1,2
f00cea74-f2f3-425e-adb0-15daa0a835ff,2,1,1,2
5718b0a7-5ab0-4dac-8696-7a1aadba44f0,2,1,1,2
e20cdd2e-ff0e-4f39-bb2c-c69eba6561ac,2,1,1,2
7aead1a0-cb9c-42d0-b3d7-22fa822a9e2c,2,1,1,2
e6f8b7dc-3693-4770-aee8-2fd6bd5f2f93,2,1,0,2
287623a7-1638-496f-9546-daa2c1adf0c2,2,1,1,2
22d5b8bf-e67e-40b4-8a03-b970c381fc03,2,1,1,2
23d4a964-e57e-4eb3-ab51-3e01d46f87a5,2,1,1,2
aac8a84f-b5ae-43d5-97a4-4e9f8bbcfa40,2,1,1,2
9d962c73-ca01-40e8-9ef2-b208fcc01180,2,1,1,2
c1944b5f-40d5-48cf-8971-ae056a1f73fa,2,1,1,2
0e167c5b-4452-4cba-aea1-342641247be1,2,1,1,2
01488887-ccab-460a-a254-be889f5a5cda,2,1,1,2
a96ec6d0-0427-4b8b-aa78-8e9b5e4d2e16,2,1,1,2
1113ba18-9bce-45df-92b6-4bd948cb0982,2,1,1,2
7b001bb0-9361-455d-92ac-79546a4e05a9,2,1,1,2
e9101664-8cbf-9d2a-7c40-d000f5a1e29f,2,1,0,2
70e5ca49-99f8-4938-8a19-c993f20e3476,2,1,1,2
ea305236-53b1-4a8e-be7e-747f5c05f157,2,1,1,2
db265d37-2e0f-4fb4-a34b-052a013080b5,2,1,1,2
a7598d8a-02c8-43e5-87de-dc78b9eef170,2,1,1,2
463f415b-c3ae-47a2-a283-9143f7c3a8ef,2,1,1,2
e708b0e1-2dab-43dd-9f40-b39a656b2aff,2,1,1,2
0822f9b3-580a-4a88-8b26-06db175e3f60,2,1,1,2
925151df-3b5a-485e-9846-5d6658042904,2,1,1,2
591a9a20-42ba-43c0-86b5-88ed5d4a4012,2,1,1,2
2882d6d6-06cc-49d7-90f7-d07c77a35bb9,2,1,1,2
d097207d-7cb7-4b07-9d0b-e0a46dff35db,2,1,1,2
28f8451d-a236-4358-adf3-6bac8b6a90f0,2,1,1,2
fbacbf46-f568-460b-b141-c840ac6d87a9,2,1,1,2
d0dd0e50-555e-4d1e-86c0-f84c2c8bc5ba,2,1,0,2
2b0b6c7b-3870-43f0-88b7-d4f859c045ec,2,1,1,2
d6fb34aa-c279-4ad9-80df-8290e4a258ac,2,1,1,2
d79c57b5-1b8c-4138-9efb-46e8422a5d8b,2,1,1,2
ddc20fbc-c74f-400f-ac93-cc3cc2d9d78c,2,1,1,2
bf88dfc9-1fe4-446c-964b-9638eb460dbd,2,1,1,2
7b8f41f7-bde4-4616-934c-ceb6cac3a977,2,1,1,2
ee94ecf3-0598-453c-9968-96f8899ab16d,2,1,1,2
77cc31e3-9728-43e5-9570-b4b40a2a7722,2,1,1,2
0cf750e6-6154-44ed-929d-33b4d0dc0a4e,2,1,1,2
722f8010-36e7-4e66-921a-e289ebbcb3bc,2,1,1,2
bf433cff-997d-4487-9f5a-9befee422ffd,2,1,1,2
0eb9a626-07aa-4141-9922-13fb8fc3d781,2,1,1,2
e400ee58-a1ca-45fb-9437-43f1518c7249,2,1,1,2
4317dfd2-527c-4b8d-a846-daa3d43e9e9e,2,1,1,2
f12cd2eb-d2a5-4b7b-9a35-d8f82ca8afe2,2,1,1,2
b2765143-4414-c7ef-a1ce-bef8f75fa89a,2,1,1,2
b83607b6-d245-4fe3-bf6f-b253960aa9d9,2,1,1,2
a78d346f-acb3-49be-bcf2-f423903c3855,2,1,1,2
d6320bf8-336c-4b97-b78d-50999dfa5f7b,2,1,1,2
060166b4-67da-4edd-b7b0-303f5ddae7f9,2,1,1,2
18c836de-1bd6-4c96-bde8-685a5e2df6b3,2,1,1,2
13ebb637-7b95-4bd5-b5fa-ac84c22db222,2,1,1,2
22031f86-c09b-4187-b856-f68bf69e9b4c,2,1,1,2
b45a75ce-aafc-4814-a323-28996e2b1689,2,1,1,2
9165c170-e3f6-4c79-b6c8-10073469b4a4,2,1,1,2
c45a1854-f43c-448e-9212-2e62f0fd2f65,2,1,1,2
73420694-0d81-4086-8264-25637517bdf2,2,1,1,2
16218a95-9d10-41d0-9bf7-a39708cdf0d6,2,1,1,2
d92ffca4-60a7-426c-9bc7-fe146cf5af1e,2,1,1,2
3428faef-60b9-4ffb-ae68-d0f8fbe0bd60,2,1,1,2
c117d295-ac84-4a08-aeb3-0dc5fe307cb2,2,1,1,2
c654603a-ccd1-908d-3110-9c24f32b4a22,2,1,1,2
590fba29-d3dc-4f09-9247-858258ca76ee,2,1,1,2
acf2cae8-b8d2-4107-ad2e-9049097717ca,2,1,1,2
389fc59a-b6ea-4171-b955-e5b13ebca962,2,1,1,2
1f371d19-12b5-4035-a0b9-17570cdfd3bf,2,1,1,2
76d6bdbe-8146-49f2-92fb-3e4d1aed4ec7,2,1,1,2
9fe0da0a-ccdd-45d4-97d7-0cd2f83b752f,2,1,1,2
2bf673db-84ed-8020-3ca3-e1aafd2bace2,2,1,1,2
4e999f0f-dded-4bd6-8183-a6e4814ba316,2,1,1,2
026a6d15-6e57-4847-aa20-fae73fcff6e9,2,1,1,2
f8e1d553-fc25-242b-96fd-b45a0644ec2a,2,1,1,2
e2762e7a-677d-468b-82a8-4ceb08bd12cc,2,1,1,2
9fc158c0-dcdb-4e0d-bc3a-3ccff1df3737,2,1,1,2
15f4cba6-faeb-4d38-8d7a-1e68c73ca8b7,2,1,1,2
04ec7a73-4893-458c-a42c-de61fcc377c1,2,1,1,2
4b883de4-3228-f763-a9cd-2d0c9d5e28c6,2,1,1,2
2c2a1b68-c10f-4d44-a376-d9447e06eb08,2,1,1,2
845d01d8-e421-4cac-b2cc-1faa7ebd4def,2,1,1,2
5b2ae822-4dce-4145-a016-7c967dcaa883,2,1,1,2
80ad5e5c-1f8e-4c5c-b9c4-1c66a42b73f9,2,1,1,2
ce99cbb3-f4f1-4e55-85d7-cb9ffeb6df53,2,1,1,2
f102ea76-2725-4f38-bd56-16772b96c5d0,2,1,1,2
1e7c4d95-99dc-6ef1-274c-06911b6feab0,2,1,1,2
2b477c28-3114-4a60-b031-8b68d63ae9df,2,1,1,2
2863a74e-236c-4b25-a08e-e2332bc2d20b,2,1,1,2
0ca2999f-c7fa-4efa-9beb-4592b0cd53ea,2,1,1,2
f4e059f0-8ca5-48d1-9baa-dec16456abfc,2,1,1,2
46a87edf-19bf-4b62-86a0-007de174bd52,2,1,1,2
6fd63c92-5ff1-4b7f-ae68-df342f9d71a0,2,1,1,2
e1fd1ca8-06f4-4a1a-88c4-84b0bb0d4a03,2,1,1,2
edc4fd86-cda9-4142-bdfc-a07d1e1c6f2b,2,1,1,2
2f3f66b9-35c1-439a-8d9f-0d445875d471,2,1,1,2
89b3bc4f-b15d-4d0a-85af-9dc53126b836,2,1,1,2
ffddc9b3-6005-6e91-96e7-9700aecb306a,2,1,1,2
47b83ef3-ad08-4121-8b82-40094f0ef36b,2,1,1,2
067ea84b-6447-3a1d-e440-22e0c5a3393a,2,1,1,2
3cdffdc8-b436-4b5e-ac75-73b88f72f284,2,1,1,2
e32dc1db-c34b-4042-b724-d2636de69dd4,2,1,1,2
71629ee0-8ff5-4603-9141-bf5dd8dc07ce,2,1,1,2
22fbfc03-3d05-4da0-adee-309ba578eee0,2,1,1,2
0e7624d0-fe4e-475c-96b3-a84bf5aad6d1,2,1,1,2
b5eca7ee-09bf-9bdb-c6b3-24e1e477eb96,2,1,1,2
a080a22f-ea29-455b-b151-63184a078ac4,2,1,1,2
156c7bfb-0b63-448e-a94b-91bbc7266b6a,2,1,1,2
5d61ebd0-2cf9-4dcf-bc33-1d5e508df6b3,2,1,1,2
afd8096b-4a90-4d92-affc-e18466774c03,2,1,1,2
c7a5c588-271f-473e-9e37-438a917a606b,2,1,1,2
f80f2edb-b88f-4fdb-b302-c362bc1be9a8,2,1,1,2
1f93e4b8-df3a-426d-86df-a730b37b3886,2,1,1,2
c9e86c89-528d-4ad7-a6a0-ec42ffd6db5e,2,1,1,2
29535f54-36a8-0335-044f-b41a867364cc,2,1,1,2
5f73c726-1b34-41fe-9bd9-14d3263c9e9e,2,1,1,2
f5739dbd-bf94-453e-861b-5ba83ce5caba,2,1,1,2
32538add-9487-4ad9-9226-26a67e8de76f,2,1,1,2
51479c39-0e08-43d6-a2a9-a97166ad709f,2,1,1,2
d23039b9-d6e3-4c8d-b834-82685fa5f1d0,2,1,1,2
4ff3a87e-4bd0-480e-95ee-1cda852bcd46,2,1,1,2
8377409c-82dc-4305-b0ea-3c1def117087,2,1,1,2
ca6bba2c-f078-4e00-b485-a8017c161591,2,1,1,2
943a45a9-75e0-4710-9ccf-358c20f17cad,2,1,1,2
bb260fe0-8a89-422b-815a-c36ca2458f51,2,1,1,2
c8492c1b-7c39-7b74-4163-de7ea2f2f76e,2,1,0,2
d32839d6-447f-4d65-8832-8ee70bebf792,2,1,1,2
f5990512-5bf2-4960-a222-67d657134a4f,2,1,1,2
1640eb17-74b8-bb22-373f-3e2b0b69318a,2,1,0,2
a4b5cb3a-7de2-4401-9136-00c7c8baf4bf,2,1,1,2
6796c029-a46a-44ff-bee8-8940c70669e0,2,1,0,2
69246c68-7960-4770-ae29-c2edbe6eea92,2,1,1,2
84ecde18-070a-f844-162c-d9ed374ad478,2,1,1,2
25e877d2-f392-4775-86af-bf8d7e1d724d,2,1,1,2
ae0d9fde-c8b9-40bc-993b-b68fd99ad5d6,2,1,1,2
14b97e0d-dd5c-4753-a764-8f9b845045bf,2,1,1,2
ba156a21-3349-4c67-917a-9ed205e6a989,2,1,1,2
8142c8c5-8f06-4018-9fc0-6e827236a9bb,2,1,1,2
8dcdf185-7d68-417c-b5b0-6db7dc1264e2,2,1,1,2
761c1a65-5ce6-4721-9190-c30a7fba1ae3,2,1,1,2
a83fb3c5-579e-41d0-a579-6f239b8acb7e,2,1,1,2
0746f90d-3a54-4262-8fd2-40a20de7c3fa,2,1,1,2
27ebb160-33c9-464f-8659-390d1525912b,2,1,1,2
4a5d7855-2d09-44cd-a3d4-6cf4190b5683,2,1,1,2
610c9fb3-68a1-4f26-a298-1283f8ddff16,2,1,1,2
6156c6f8-2dd8-4dde-ae46-bd79a6b61235,2,1,1,2
28d9e49f-a099-4fce-9921-ed37070e99f4,2,1,1,2
07e0722b-5141-47b8-9fc0-c0c3bc8a1fe4,2,1,1,2
254120d9-bc4d-4456-bae9-4930c912388a,2,1,1,2
588c69fd-4c1d-4237-8ce2-186daf64a921,2,1,1,2
1366e1d8-c596-3080-f04d-83a60c1fa59c,2,1,0,2
618fdd79-f7f1-42cf-ac53-a362fb3e2096,2,1,1,2
3752111c-4ba4-4bc7-ad41-28cef2699fd9,2,1,1,2
68b2631f-2869-4d81-a593-5093415fad15,2,1,1,2
64920238-db68-48de-adbf-18ec8fee2ffd,2,1,1,2
d692cfdc-4fea-4048-b1ee-ef739ab67d2d,2,1,1,2
4580c189-2f3c-9225-0ee1-f4cc5e75df7f,2,1,1,2
e0cfbc4f-b951-49cd-a78b-d3fe0573d675,2,1,1,2
9e32804c-de34-4757-a499-4f10d199e217,2,1,1,2
e940d130-fb4d-4e9d-8946-9432e38fb4bd,2,1,1,2
608d3b2a-1a94-4966-9082-d0a8f21150f4,2,1,1,2
448f2069-1da3-4960-b590-c2adf5401488,2,1,1,2
8e3c6364-1550-4b24-99bf-8487effa7ea0,2,1,1,2
916f8f04-f2f4-47b5-bb54-56851b0b4f6a,2,1,1,2
ac7f8910-d342-4e47-b588-cf29bdc8143f,2,1,1,2
bf7bea22-9d24-44d5-acf1-3a0bff848d3e,2,1,1,2
6441bbf2-68ac-4223-b494-9923ab035fca,2,1,1,2
b282416e-3438-4f71-8fcb-24246769447a,2,1,1,2
ef69b5fb-e344-410c-9096-a079c5462cb0,2,1,1,2
273c5d32-c081-4967-a746-71766756431a,2,1,1,2
97ac73d1-87ec-4cea-9e85-5b057286c74d,2,1,1,2
b47ef541-6207-4724-84e8-618dd2beeffc,2,1,1,2
acf398b1-83ad-4010-9a09-626e954bbf22,2,1,1,2
4a557a2a-6ac0-4f0c-914b-54da598a23c3,2,1,1,2
15a0f82f-7cdb-4864-b2e5-a3359f18c215,2,1,1,2
761923a0-700d-492c-b6eb-904a54b43216,2,1,1,2
e7e478a9-e1c5-472f-882b-510fd92eee3d,2,1,1,2
5752f12e-cc0e-4b94-8c39-78d5797ac3b2,2,1,1,2
4cecde6e-8fbd-4043-ba50-8d7becbad70d,2,1,1,2
97f6467f-2031-43b3-ad70-5328be66f928,2,1,1,2
2e557c1c-12f0-4d39-bd67-5fc9e2de714c,2,1,1,2
6176ed81-cefa-4315-8b07-7e42c38cd865,2,1,1,2
9534eed9-c8ad-4d08-b1ea-cbef50f1018a,2,1,1,2
512202b8-81b3-ca52-9658-2e8459dcc105,2,1,1,2
2e38704c-50d9-4d12-a881-ea8df8f2227e,2,1,1,2
83e4c096-65cc-4812-9ce0-67ab843aae7c,2,1,1,2
636e92c4-f677-4119-b9ec-b55768dab99d,2,1,1,2
700c0b06-f308-4dde-8dd9-ca0ab3b33585,2,1,1,2
53c74d90-6fcb-4729-a707-f5b4fb08ae18,2,1,1,2
b15eebd4-fd61-4267-bf59-5c31f80319cd,2,1,1,2
5fcb56e8-02d8-2004-cdcf-73f89c2fe7dc,2,1,1,2
61aa3eca-b291-49f2-9444-a3fbfbe06392,2,1,1,2
b7f067c8-95d0-42d8-a52c-2ba21565f0d0,2,1,1,2
bd84ef16-ac92-4377-a376-bce474dd6f5c,2,1,1,2
6feeb397-ee03-f009-79f5-ec94010fe108,2,1,1,2
0a744b9c-7606-44d1-ac11-9c957ebcca8f,2,1,1,2
7c088329-ec80-4829-83fa-da9e708c7d58,2,1,1,2
db085748-3710-435d-b42d-66cd3e98549e,2,1,0,2
b6efadc7-4e32-478c-b934-e08944195b23,2,1,1,2
3111e238-b435-455b-9253-fee52887473a,2,1,1,2
e1a38913-ca16-40ed-ab81-fafb58917c26,2,1,1,2
be16ede3-0d6f-47e3-a42b-6432ecdf5e64,2,1,1,2
5a480e8a-0d54-48b8-afcc-d6e92a4f0974,2,1,1,2
1fe78529-34f7-4fba-8c74-f08134598b02,2,1,1,2
52366d5f-51a7-40c6-a14d-fa2c04636e82,2,1,1,2
cff07e71-b1f4-4a0c-84f9-128f00ea585d,2,1,1,2
7881d8bc-befe-4c02-9d43-a3033cb39fef,2,1,1,2
6cc93f9d-42a3-46b0-ba43-5af6f9f58c6f,2,1,1,2
66757722-8943-432f-8bc3-87e5dc372d72,2,1,1,2
7ead8444-c09d-423b-b55b-b93e86b7a7c3,2,1,1,2
dddcb060-bbbb-4774-aaeb-849fb22aa47b,2,1,1,2
cfe6b29e-e852-47f7-aeca-bc3cae2d97af,2,1,1,2
8fcb3070-a920-4d17-be18-0261ea166f58,2,1,1,2
2a03091b-de76-448e-af8e-7fa0eaea8f12,2,1,1,2
fa8a06fd-690a-4e16-acd1-7ef59010a494,2,1,1,2
6e923ef5-4ecd-4ee4-9476-f9165cc3aca9,2,1,1,2
b5256e5d-1c4b-46df-9e69-539c1bb65669,2,1,1,2
d047ee54-2236-40cd-b7f7-36d46434077e,2,1,1,2
2dcacb6c-d62d-bcb2-6c41-7fc3bf411380,2,1,0,2
6e3bfaa3-3b98-44a0-8169-f9876a59e0a5,2,1,1,2
c9505fbb-91ae-49d3-8d7f-a8a19103458d,2,1,1,2
3217d9a4-b252-46a0-beac-d14117f3c9b3,2,1,1,2
1b2e8e2d-cc63-4dce-8940-b1b2165b2b5e,2,1,1,2
645a1432-5885-fffc-573a-6fa4c6399521,2,1,0,2
1242e3fe-70df-4394-a953-90d6588bdfe1,2,1,1,2
c473d38a-788c-47b9-8da0-9877dc59b5a0,2,1,1,2
9e7a1ce4-2fef-4d59-8598-768df03643a4,2,1,1,2
b445dab6-bf78-4f2e-9d10-fecc4d76747e,2,1,1,2
f8e5c3fa-213a-4115-92ff-ddf1d11fcef7,2,1,1,2
e92438b0-520f-4800-a156-4ec9e0cc7eb3,2,1,1,2
7fbd5388-2e73-4038-beb0-ba634be373ba,2,1,1,2
77c1c1b6-5f10-4207-925e-bd8a14d864f9,2,1,1,2
f2a2bfa5-1368-480c-a5ca-451be219b395,2,1,1,2
72cec087-8e40-43cb-9d7d-0efc439db035,2,1,1,2
6c56341e-73c0-4225-a16e-da3d80a1a952,2,1,1,2
2078310c-bcba-4b17-89da-6997773c6c04,2,1,1,2
40fd8753-a365-49e3-9c02-9cbd8f5dcde7,2,1,1,2
263808ac-fcf5-46c4-bf46-dbd462ba078d,2,1,1,2
32f13b21-157c-4827-8abc-8066874f2859,2,1,1,2
25ec1a74-3967-4f98-9296-86c70fe7d2be,2,1,1,2
928e6bd4-4da3-4388-9825-8dfcac7f1812,2,1,1,2
bf8b853d-9e0e-48fa-8f97-0d2a6ed98bc1,2,1,1,2
df8cab28-c0fb-4515-ad41-87d5947f6f61,2,1,1,2
8941e4ab-7d00-45f0-84ca-cc87c9d65597,2,1,1,2
69eefc55-61d8-4c44-804f-744feeaabb72,2,1,1,2
c0ac2aca-2176-4fc4-ba11-8d546195a337,2,1,1,2
31c1e2e5-8387-4eb3-83c0-ec9e8177e52d,2,1,1,2
d7bea0b9-a842-403b-a32d-130060fc0383,2,1,1,2
d620fa60-7ade-4d04-9438-c0079f1f4481,2,1,1,2
19613cb6-384f-4b01-92e7-ccb6fabdde21,2,1,1,2
d91ec096-8cf1-4206-af74-cb83e4dd54aa,2,1,1,2
2a94f62f-b9db-4346-5989-9c1ded1f9315,2,1,1,2
94c5cbb8-70ad-436b-8bd1-d45fce470313,2,1,1,2
1906c87d-30a3-4dcd-a550-acafc4156f01,2,1,1,2
99397f6b-6452-87b7-be6e-dcd3f9cf293a,2,1,1,2
c2ffa40c-a008-4326-696b-2b189d96d146,2,1,1,2
911bd869-de66-4bd0-b934-90aca9c79e3b,2,1,1,2
ecdb0710-ca28-4c92-a564-6bcf3e5f4c59,2,1,1,2
862b4c27-7afb-4e49-ab57-7dcf59f8fd57,2,1,1,2
49d88fb0-222b-4613-9225-ac8c5277bd35,2,1,1,2
b9d4e129-4d4d-4ba1-92b4-5981434476b6,2,1,1,2
893e5ef9-9866-44da-909e-65f24cd61413,2,1,1,2
7ef56417-dab3-4d59-a137-e0ef9e48427a,2,1,1,2
f1d0717b-d4df-3dbd-2940-eb76ed4ed746,2,1,1,2
3f07c1cf-9e1e-4ec2-ba37-77844e9c7c48,2,1,1,2
57d2adc9-6ef0-42f6-8dbf-7f3b77a6fdaa,2,1,1,2
771b198c-e3c5-4b16-ba8c-418f75a15405,2,1,1,2
8899f93d-bc87-4a66-9952-4cc6d1c40974,2,1,1,2
98955919-b023-4d0b-98a0-1f3a2c3467c4,2,1,1,2
30867b8a-cd6f-4feb-be86-385c5b0f0061,2,1,1,2
9806a2cb-fc32-4869-8043-291df5e6cefb,2,1,1,2
1aec51c8-e54d-4e64-9c1b-1e96d90336f7,2,1,1,2
514e704b-9132-4b7e-a241-6190633ddf5c,2,1,1,2
ebf55800-a3ba-4c69-a502-a4c7e21ea67e,2,1,1,2
08dfd11b-a959-4b24-9124-9889917f682e,2,1,1,2
2feccc4f-301c-4623-b6bf-51e135538465,2,1,1,2
85f3f611-f5d4-4b03-95c0-2ec88ff770f7,2,1,1,2
b4d10285-8c7f-4614-8ace-48ba8eb6c6b8,2,1,1,2
4d1a5fd2-9d92-4915-954a-8d25160cc759,2,1,1,2
75df6b15-8afc-4d75-9d47-ec525b66ffa4,2,1,1,2
05349146-cb20-41db-bdfe-8f9c9d21837e,2,1,1,2
66ae2a27-d4bf-c53b-abb6-6c219674f0f3,2,1,1,2
df38957b-f094-462f-b820-96e92bea9ea0,2,1,1,2
6d05105e-29c9-4b4f-adc4-385b4fa67439,2,1,1,2
3dd0177e-2aad-4a39-be42-bae9cb174935,2,1,1,2
4b0df2ec-837b-483a-96a9-3449969735dd,2,1,1,2
babcfcdf-3524-4a6d-987d-644ad5b945ab,2,1,1,2
220459e3-a52c-49e9-87d9-f84543281851,2,1,1,2
a32bc5e6-cf42-4551-b551-6f39ce1dab86,2,1,1,2
a2306b30-10e8-4ad9-bdc0-fcc2e13fe65d,2,1,1,2
3585289f-bd64-457d-b423-e8aede3d36ae,2,1,1,2
8db13806-cd07-74db-7c3b-df4d51f134b6,2,1,1,2
cfe9d2e2-c664-434a-b3fa-7a22cc97e8d5,2,1,1,2
101bebff-5473-4c44-80c7-1df8d05dd05c,2,1,0,2
d0cbb670-a2ac-45e4-9a5d-b2dec69d6ff1,2,1,1,2
0e1c46a7-6a60-4e37-9b6b-9bc5be5fe0c7,2,1,1,2
55cbbbee-d27a-469e-a93f-a0f7449d0587,2,1,1,2
98e5c76f-2fe4-4394-97b8-15bdc215a081,2,1,1,2
927d12d9-b14d-4dcf-9d04-74f5b6c285da,2,1,1,2
50c53508-0a2e-4c56-95ad-b6f93b91f627,2,1,1,2
d996762b-6d2d-4358-af48-c0b85b0b669d,2,1,1,2
1743658b-d7d4-4f3a-b912-5ee793003f70,2,1,1,2
97cc56bd-f231-484c-9120-d05848feb847,2,1,1,2
119de411-a0c9-4a36-9df6-0737a9683355,2,1,1,2
8c83c066-8ec7-452e-ae91-2bb4e7623957,2,1,1,2
b512130c-0d13-403b-b08e-656f00e52de0,2,1,1,2
9d743390-fb07-765c-3342-a0594c52db74,2,1,1,2
4fbcf699-2a5f-4938-a258-7746e4073821,2,1,1,2
d4a46f9b-a5a3-4053-ad27-df42c1f86f30,2,1,1,2
73853d89-2baf-42c4-83a0-ae7755d19eb7,2,1,1,2
0dfc652e-2ae8-414e-9cea-16087855960e,2,1,1,2
334539da-d649-4eb8-9226-18b25d8d969d,2,1,1,2
a9319793-3a35-46b5-9dde-5a3c54d3663c,2,1,1,2
4f4aba57-e8b0-471c-baa8-0a09013460ff,2,1,1,2
33b95349-e795-4ece-9c0e-6b9a1ece92ba,2,1,0,2
980482c2-dc77-41ae-bca1-836ab4ddca03,2,1,1,2
ed4d5689-e17d-4754-8266-f1f74288730c,2,1,1,2
e4771015-d094-46f8-9c96-64c252e6ecd5,2,1,1,2
a1372f68-8dcf-4c1a-9220-2014b6f51d88,2,1,1,2
043b3e18-10f0-4637-9efa-70afb54a1633,2,1,1,2
915ec2db-3924-4413-9198-282eab2d99b2,2,1,1,2
fd62de9d-ec58-ae23-827d-34607e79da23,2,1,1,2
cf295473-5cd4-4446-b8fe-b64472fab6b0,2,1,1,2
e4a209e9-bcdd-4d2e-945a-c0acaa76cacc,2,1,1,2
c8a2b83a-5ef6-4eaa-be19-10e0e1e8e462,2,1,1,2
0910dfb9-cd5c-4330-9873-5b4aa152ad2f,2,1,1,2
375d4930-b09f-4567-921a-062383805336,2,1,1,2
7a4dbdd6-b7f2-4619-bbba-092958620b38,2,1,1,2
2c5e0473-bba3-43e5-a54d-ad712a7fee12,2,1,1,2
915a7da2-b793-4d9d-8fc1-06d816838d75,2,1,1,2
707d7782-6015-4119-9b23-e6257bc7d602,2,1,1,2
3eec12b6-b9b8-4d87-879e-8c84a5fee938,2,1,1,2
e93fb219-18ee-4234-863e-1f18cb4e0f72,2,1,1,2
4a586818-33a9-d925-03ed-d3287d192656,2,1,1,2
71f4e4bf-c4aa-46e0-9b07-64888b930b76,2,1,1,2
545b769e-c880-40c2-897b-58736b48454f,2,1,1,2
e78fdcbc-e2b7-4023-b075-095ac2116642,2,1,1,2
6166fd50-a718-4f76-9260-a9c7a61fbdd1,2,1,1,2
6483d8f5-815e-4df8-a994-0cda92a42ca8,2,1,1,2
d51e9411-5a61-4e87-8aa3-a1b5306ec91e,2,1,1,2
ee6cfe3f-9d7d-4802-b8b9-c51ea46ee95b,2,1,1,2
9e1e7c39-6dcd-4cfa-9c40-d40181e98067,2,1,1,2
42061206-12b8-48c0-b580-0c8ec062b14d,2,1,1,2
2291c539-cb35-4695-a8aa-e1335d0e984c,2,1,1,2
299ca209-5ec2-4f14-ae0f-c59380c16fef,2,1,1,2
f45983d1-bd7d-49c2-85f3-62800aecb0d2,2,1,1,2
5c74a018-2441-4e5d-91dc-2752c5fe3365,2,1,1,2
15a37071-9ecb-4da4-ba9d-b8b20cebaa49,2,1,1,2
dee2d0d0-b562-4c40-92d6-da18982b1c3d,2,1,0,2
f3f997e8-ddf4-4ffe-83d8-f9e9723139de,2,1,0,2
09507215-34d3-44f8-941f-b4514d58a955,2,1,1,2
e32da4ef-522b-4443-957f-7550a5113ed4,2,1,1,2
7da0e629-1213-49f1-adcd-b762c9d6f304,2,1,1,2
3b6c336c-42b5-45d4-833c-8507105c4550,2,1,1,2
7bd1f7a1-3663-4e00-b1c9-81941595b106,2,1,1,2
ce51fc08-fb32-4038-8a6c-6730762091a3,2,1,1,2
1d76ef80-181d-4301-8840-79f8403d1af9,2,1,1,2
e81a93c5-beea-420f-8a4f-25e33170397e,2,1,1,2
557f0cfb-32ce-f5ba-2fec-7d304633f62c,2,1,1,2
6c2b247d-db3e-4959-b7e3-8bc98d007167,2,1,1,2
dcd4721f-6f3a-4db2-a796-86e2b49e9047,2,1,1,2
42e7b1b7-e9f9-456e-a315-0b4243b6fb57,2,1,1,2
751150a1-4237-4684-a4ac-656c7d81c47c,2,1,1,2
15f80612-dde2-268c-e422-af58615263f9,2,1,1,2
c0b2aa97-254f-412b-9e76-64ad74539fa8,2,1,1,2
9dd00daf-9cf1-7a52-4dd1-0cb856e45d8d,2,1,1,2
2c133f1e-d14a-4d54-a96f-eff44c68ba26,2,1,1,2
22375442-2a36-4ef1-8f06-d7c18807c957,2,1,1,2
7845559b-1a89-40a5-af81-9f9bc5ca2607,2,1,0,2
31d86434-bd45-43a7-8e3e-73fd2775e582,2,1,1,2
bd3fc278-95be-475c-8942-8bf2bf126c66,2,1,1,2
c2cc37cf-c49b-4849-932b-787d2297f119,2,1,1,2
50bd692c-e661-4e89-954f-784314bddf28,2,1,1,2
7a4e1351-3600-4144-a1ea-b30738ebfd1f,2,1,1,2
8864d864-56d7-412d-94c6-303a94421500,2,1,0,2
56a5bcae-cb1d-4b89-a343-a3cba63b59ca,2,1,1,2
fb68810c-3fff-3eaf-7d41-1aafe3350179,2,1,1,2
2609835b-298b-41da-bb98-0a2ac9179a6f,2,1,1,2
4f8c3599-1eeb-41b0-827c-88655cc87dd3,2,1,1,2
1117bb1d-158f-45f2-9840-516c376c3fa8,2,1,1,2
bd2fc492-13b4-4a4b-8659-cfc6d6cc8954,2,1,1,2
25ad0c63-845f-49e0-a0bb-5d3512a2200b,2,1,0,2
c25c3650-2a05-4209-8f76-ded1debb291c,2,1,1,2
4aeeb1f7-1824-4602-902d-0415b3848174,2,1,1,2
b8802043-654d-4262-b868-7768d31e3a62,2,1,1,2
505ef27b-a79f-4095-bb80-b90c412875bc,2,1,1,2
71b72705-ab04-4d26-b77b-f275c107f025,2,1,0,2
de2c56c7-79e2-45dd-a678-1a2ae8a5421f,2,1,1,2
6e5e2af4-2a8b-453f-bef3-f8a7ea421a61,2,1,1,2
9f13cb37-c064-496d-808c-68be6a158117,2,1,1,2
3c9f27ef-8d70-4b33-840e-f516a5b3e530,2,1,1,2
78be0065-5f67-4df3-b22a-1905fa673e74,2,1,1,2
83cdece3-e80d-4832-a8a7-3a215cf80981,2,1,1,2
d24223d7-0b4c-7c50-8762-4b5d2daf52ca,2,1,1,2
1e0efb44-fb77-4b51-a91f-7b96f451a8dc,2,1,0,2
268963a8-4921-42c8-81d2-bb91388ba872,2,1,1,2
19ad4e0e-a7c9-4a2a-8100-e1dd76eebc93,2,1,1,2
67711408-f094-61d2-94c1-bbff7d7153a7,2,1,1,2
18793125-8182-489e-bc0a-cb931cd812ac,2,1,1,2
1bf6c883-46c3-4977-92b5-b070f59b9714,2,1,1,2
40474a9d-177b-467f-90d3-2eb7837fa86c,2,1,1,2
e958ae62-a54c-4178-944e-eff7a905dc39,2,1,1,2
c610742a-4e13-402c-9d79-2dcfc1f161e2,2,1,1,2
c9fd81fe-227e-4378-b684-15c0ebaa1917,2,1,1,2
2542403c-128f-4f77-a642-976e045b60fa,2,1,1,2
21ceda0e-0a7a-4a08-ad83-4918e4db334f,2,1,1,2
b4b260ad-4434-4da0-88cd-40b7f539f0de,2,1,1,2
2ae9738e-a4c5-4876-8b63-e6f7d6e40a42,2,1,1,2
152ed60b-f1db-47ea-a493-57414e52025e,2,1,1,2
a9efd23d-f5fb-4c82-a6b6-7d32121da3a6,2,1,1,2
f3dafd66-9d88-4b16-b69e-fd95591f6db7,2,1,1,2
daf72e14-f8c4-440a-b2f6-ef04b2541917,2,1,1,2
e381f01a-c035-44c8-a095-8e024e6ba79d,2,1,1,2
107dac04-224d-4625-a295-bb920ee4e1a9,2,1,1,2
b51c42a9-12c9-4296-8e28-32f8f9193478,2,1,1,2
28af8fb7-5a0c-4cbf-ab5f-0adde0fb7482,2,1,1,2
4e503c0e-2e5f-445a-9efb-f549cbcff4aa,2,1,1,2
6b04f7c6-2655-4aa1-84bc-bedeca49bc17,2,1,1,2
5755b97e-fec7-466f-b4b1-85a2ded963de,2,1,1,2
04045935-21a0-40c2-9c77-ccc49e3e4cae,2,1,1,2
79ba4b2d-391a-4229-8b8a-16b51050c97b,2,1,1,2
8793267f-26b4-42b9-a445-accc9ea59788,2,1,1,2
8e24c8b8-6353-44ac-86c1-0d21b6eac687,2,1,1,2
cb1a16ea-18ab-4931-8877-d8dee8507045,2,1,1,2
c9d686ed-61ea-45c6-b671-c1c7f7e4650e,2,1,1,2
8450f29b-af05-4731-be86-a0a7369fac1d,2,1,1,2
7dba7fb4-d50d-466e-83cc-474fe884020e,2,1,1,2
8770fc96-4f67-44ea-8c89-8cf6f87ac80c,2,1,1,2
9b3aa494-25d8-474c-9ac5-435d06f1f235,2,1,1,2
62ad039b-1784-41f8-9e2f-21330ab1b585,2,1,1,2
17357484-a140-4269-9bd8-e1d173030bdb,2,1,1,2
efe4a611-c13b-4a51-8df9-8a393dad58a5,2,1,1,2
89d7a547-ec23-dc8c-e159-65a669566cf3,2,1,0,2
6be72cf8-2c48-4e11-9b37-dc2764555e00,2,1,1,2
ec075645-8bfa-40b5-addb-009461143c80,2,1,1,2
e258ee77-5998-4c9d-98e0-b4c6023074cf,2,1,1,2
8495e7ba-1eb1-4b94-9e75-c6f1bf0d123c,2,1,1,2
266f9d89-804c-4fbd-91bf-36efefc92973,2,1,1,2
a9fc380e-797d-4a42-9cf5-aeb4cc6bcd4d,2,1,1,2
a18a3606-780b-4edb-9237-2372cdc6ec28,2,1,1,2
43e514bc-a2f1-4475-b1f4-df9dfaa8de1a,2,1,1,2
72dfc138-81de-4879-b8ee-c47741d338c0,2,1,1,2
a3749797-6312-4296-9aa2-ee9b19b84bb0,2,1,1,2
d5b11985-76cc-45b0-857c-782bbfa2a282,2,1,1,2
d8fa7075-6bac-4dd4-b136-b95335708e45,2,1,1,2
368369c1-c96f-49c9-a439-bb5058a23cbd,2,1,1,2
8356877a-386f-40a8-afd4-9b2a738ce984,2,1,1,2
962a7ce8-70f8-d4b6-c037-73e1a18fb629,2,1,1,2
22c6e209-4019-4e68-aa79-099ea0f30717,2,1,1,2
cc3ba272-60f3-422d-adc9-77dc142a7b5f,2,1,1,2
309ea3f7-514b-fe80-e96f-fa4bd379d182,2,1,1,2
7bc20009-532f-41c8-bebc-6985b2c95405,2,1,1,2
dbd84fba-298a-43d7-8248-de10ccb51702,2,1,1,2
c2753a47-3818-456c-b078-42d6e9f8b1e9,2,1,1,2
4cc5f292-5285-4b38-818b-f4aca7a67bc8,2,1,1,2
b89e5f26-a693-4921-8f12-20275eb3bb59,2,1,1,2
06aa7d61-5597-47e7-856a-7937bba14bc7,2,1,1,2
16e2d4dc-435a-41a9-8128-f6bff00684a3,2,1,1,2
20390f9c-1eac-4f89-94fd-ea4ad002cb44,2,1,1,2
4604ae36-dee6-4b72-86b2-a49590815a52,2,1,1,2
1f4bd34c-51dd-462c-966f-baf8e77497c6,2,1,1,2
21380222-45d2-46f1-ba72-f47559fcc658,2,1,1,2
c63a1b12-051f-4e75-8ee5-66222a067752,2,1,1,2
ab1ea4a5-a2c5-490e-942c-467d0c78cdae,2,1,1,2
5a179ef0-85c3-4785-8e42-09fe76520da0,2,1,1,2
d29fb570-1987-4148-852c-87e0577af9b4,2,1,1,2
002a865a-d42d-49db-ad53-4d0e9e4e96aa,2,1,0,2
c92bbada-c1d4-4cf8-b0c5-bfc89be8d088,2,1,1,2
09c12c4b-9a20-4f9c-be21-8c8456f93c11,2,1,1,2
d4f18844-b1a2-4a0a-a91b-8b0685045a51,2,1,1,2
10a99a14-20b7-4632-ae3b-d2b0cdbfb366,2,1,1,2
5786fc65-c27f-4eb6-840c-826a9d7995f1,2,1,1,2
25536088-3f91-42be-94f9-d309e9d40c21,2,1,1,2
dde66679-7e03-44a3-88a0-b10432ab7070,2,1,1,2
4d65a3b8-9dd6-4ca2-9fd7-65ebb5b861f4,2,1,1,2
a28ad548-3a7f-7462-f0df-81cb1dcaa986,2,1,1,2
faefc184-d51d-4c39-98a6-a7e776bc9356,2,1,1,2
fb7d90f3-cf4d-461a-9832-6b3b36d28940,2,1,1,2
daf5c1fc-0607-4464-b804-30352e17324a,2,1,1,2
3a0b1aaa-10cc-490a-9ee4-cd048cab1c31,2,1,1,2
188fc53b-5e69-4b1f-918f-ed7297ed8d84,2,1,1,2
1c507d9d-4658-c733-1f2c-468c7d955c9b,2,1,1,2
7d1af070-98ce-4c38-ab26-b1423e51950c,2,1,1,2
9eda6e85-cec0-4f38-a37d-204bd0f7168d,2,1,0,2
54a013db-6802-49be-98a2-1fa30447e9e8,2,1,1,2
656d8528-e6e2-42a7-a385-b9a4c1dfecd9,2,1,1,2
ea467356-31db-4bb3-b97b-828f1d724a7f,2,1,1,2
c70ab796-b760-4409-905f-896d13db4af8,2,1,1,2
b8dd7420-409d-4784-893f-d42543b69a1e,2,1,1,2
afe8c95f-f671-4f7d-a50d-64d57e84a0ee,2,1,1,2
65fb8988-a44f-4c48-a14e-7ed04d3cf8d1,2,1,1,2
0b10ea17-5123-4a2f-bef8-a1f2f38b8e79,2,1,1,2
7323b005-0ce6-411c-a8bb-0e1665c7d5ef,2,1,1,2
7089b366-502d-4aaa-b46b-a310edb9de23,2,1,1,2
7e5d123c-13b6-4800-a775-17425e9cc1b6,2,1,1,2
cb0de83f-3a66-4f54-af42-41d76a5e388c,2,1,1,2
6bcf7070-8908-41d6-91ff-b12408c2b37d,2,1,1,2
c1ab39cd-0dac-4edd-b81d-ce26274bb819,2,1,1,2
698c0a49-fc43-41ca-951d-4c60cc928e57,2,1,1,2
cb2e5e7d-d32b-4857-a6a8-d1deb0898251,2,1,0,2
6f7014ec-20ba-499b-b950-773ae13cc3ca,2,1,1,2
e2584526-2d2e-4e04-9b20-8c908dbe7528,2,1,1,2
a3c0ba04-f568-4bb3-89d6-8ca166a07c67,2,1,1,2
d32befef-bf3d-4979-9f32-faa19b96c49b,2,1,1,2
9cad52c0-cc6d-41a3-9345-dcc932546eb3,2,1,1,2
0bcb3786-2a97-4a54-8acd-e6f6495b6444,2,1,1,2
92acd66e-182e-ea5c-dd5d-75c1a23915dc,2,1,1,2
d393ca86-4e6d-429f-876a-d57348556f48,2,1,1,2
0adaf432-7de9-486d-9e22-70de66cfa782,2,1,1,2
06e8dce8-f284-4b7e-b9a8-fe6170fc696a,2,1,1,2
d3a1bb06-681b-43f9-ab74-2b091ac40c1b,2,1,1,2
ee5f1969-4736-4af9-b41a-be762621848e,2,1,1,2
386cf31c-05d2-46ec-9725-b34abe71db7e,2,1,1,2
22099808-1a85-4253-823f-e7cdc4cf3c39,2,1,0,2
3fe1da79-b528-4f03-9c7d-fafb220b24e1,2,1,1,2
866ee7d2-22bf-49be-b632-1c13bbbcc591,2,1,1,2
96cc2803-19be-41d5-b111-c179828e9213,2,1,1,2
8423aecc-1f9f-459b-afc8-3f4549281dc7,2,1,1,2
05231cfc-f0c9-4c72-aec9-9e5123850aa8,2,1,1,2
4e8553e8-e000-450d-86dc-b78834841144,2,1,1,2
67d779ca-ef6b-4797-9046-a71311902641,2,1,1,2
e2d9b026-d505-4fc8-87e1-060385f33558,2,1,1,2
938c79dc-181c-4375-a74e-dd87ba826749,2,1,1,2
08536c8f-f0a5-cb47-754b-87d1a960f47e,2,1,1,2
545395e3-3494-6f3f-7f9b-a89acd6e1f20,2,1,1,2
534fcfde-cd35-4514-807e-f24428c78f81,2,1,1,2
fe751683-cdff-40e3-bd36-9397ebb2ed1a,2,1,1,2
a01079a9-ed02-499f-8228-c25ed4d83394,2,1,1,2
6ad17e15-fd2e-4a94-96a4-8c982f89dba8,2,1,0,2
e4c1c152-149d-43da-8368-ab30a991a782,2,1,1,2
3fe92375-d15d-47c6-94ad-6fb2ab21154b,2,1,1,2
dcefaa18-3dff-49e4-bdf4-7fc612f700ff,2,1,1,2
e66dcc49-5388-4548-8b8f-6ae52ed265a3,2,1,1,2
6d21c345-a1db-1693-37c8-591d499dfdcb,2,1,1,2
cc036369-2844-48fc-a343-0884d37de34a,2,1,1,2
12b92faf-ea07-4152-8f2f-35a3ecdccf24,2,1,1,2
b2510604-7ae8-4138-ba3a-eb16ba2a06a2,2,1,1,2
a314b85a-85a4-4cec-bb1c-87094d7cb4e3,2,1,1,2
d4008ed1-7151-49b1-927a-edad23e45b50,2,1,1,2
b6e53afb-53af-405a-9056-0fe3435e0d0c,2,1,1,2
7d8fcaa3-fccd-42f5-a386-3025fac9b3e7,2,1,1,2
2004fac8-cd45-47da-9225-11dd8866fe7c,2,1,1,2
015ed7a5-d8dd-4cf1-80d0-e06051b50b58,2,1,1,2
27565819-e6d8-4b84-b1c3-60146f68d1c7,2,1,1,2
5db9c571-84b4-4b34-82b6-599e582cc43e,2,1,1,2
20076e07-f224-7f44-3029-389aa9f7f96f,2,1,1,2
3883e30a-7559-4a2a-8c48-0b233e3d0f32,2,1,1,2
60cec24a-5bb9-44c3-b81c-3f0080e91a09,2,1,1,2
eb3961d6-08ae-4df5-9527-bd1f10f80970,2,1,1,2
9ed70f24-9601-4b1a-bf81-a55b941f9a90,2,1,1,2
030906ec-14e2-430e-a146-288087415126,2,1,1,2
7902ccdc-1a00-4fe4-ae00-c19b164c3019,2,1,1,2
4c9f797f-9a13-4b0d-8621-19af094a8b64,2,1,1,2
85cda313-66e8-4296-8f06-e8e8b1d87db8,2,1,1,2
9b620a0f-e9d5-417e-b871-3a98a228cb8e,2,1,1,2
622362de-975e-4d8a-96a9-3cbe86991829,2,1,1,2
9d55ed28-7b5f-4b49-a0fd-fb76e1e19c43,2,1,1,2
476e6d18-5039-4f63-96e3-56f331f5a199,2,1,1,2
ad54c6ab-2cd0-4b08-b92d-323e0e19cf5b,2,1,1,2
73371635-b4c8-4237-8110-1a74f26464f7,2,1,0,2
801b8c4d-1d79-447f-96ce-a339d63de994,2,1,1,2
3e145433-3cfc-4c66-ac71-074f84886119,2,1,1,2
e65cac7a-1a99-4bf5-aef7-0c340f4270f1,2,1,1,2
58248494-71a4-4ae5-b042-d1e16afbec0c,2,1,1,2
88847c6a-2ad7-45ea-b2bf-700681ff21a5,2,1,1,2
1d9faaed-6300-4bc3-b0bc-cf5d0614f94d,2,1,1,2
efc6df80-7a61-4864-87ff-080a8e4a84b8,2,1,1,2
eae6afc3-fa02-46f7-baca-b1bd01e17c4b,2,1,1,2
8e500f19-146e-45ca-9691-fd5c6a99ff41,2,1,1,2
8e806e69-d6ed-4476-971f-e51a9ef20a8a,2,1,1,2
61720e8f-ff78-54bb-16c9-4e7b443eac1e,2,1,1,2
23a9717e-8e03-4b5e-91d6-1db2a7185b9b,2,1,1,2
79f9ed0f-d33e-4b5f-ab9c-ddab4f70ec71,2,1,1,2
cefa4cfc-ce67-4911-bd45-af2061eee180,2,1,1,2
8325053e-bb06-4d19-9f5d-30ca72f76318,2,1,1,2
fbb295be-9654-457e-aa73-498d5ef56320,2,1,1,2
3d836941-5ac8-4232-971c-551bb08dccd5,2,1,1,2
8017e525-9bc1-4a59-b9c5-146e1e725c6b,2,1,1,2
00aeba09-4c24-d760-8994-f4dae483795d,2,1,1,2
cd97024e-5cd0-47ca-b02f-3782453cfba3,2,1,1,2
b38f2226-a7be-41ce-9a6a-354737581d0c,2,1,1,2
3f148088-54f1-4a9a-a2cb-345311c44c10,2,1,1,2
8820aa29-2106-4460-8c8d-f1bad486a48b,2,1,1,2
23980767-d0c2-408c-9577-e86462be6686,2,1,1,2
565e2ebf-39b7-46cf-8ac8-68a1d602d6eb,2,1,1,2
bfc63236-e609-44d6-af65-c3a9bde2df7a,2,1,1,2
98de3529-fb33-4399-ac6e-d595ed4113d7,2,1,1,2
5eb699f2-d44f-4ed8-a5c0-90d4e199fe5b,2,1,1,2
b2fdab6f-58de-5eef-d8b1-fb8f0db785f3,2,1,1,2
515ff458-33ca-4a91-b3cf-2fd9034e59f0,2,1,1,2
a905bde6-3a3f-4a38-a259-08b5265af8ec,2,1,1,2
e52319a4-e46f-4611-a209-bdf52e073b34,2,1,1,2
acd64a15-95c2-4fc7-a238-7256fe7c72db,2,1,1,2
3ea76153-e6d5-4c57-89c6-5e534e4cce4b,2,1,1,2
a994993c-6b1c-47ba-b194-0d6543ce0c1e,2,1,1,2
0630d038-ccf9-4cb4-99a2-ed90b26b4b49,2,1,1,2
c0e69695-33a8-4084-ac05-34f772db6282,2,1,1,2
aad4f84a-7e85-38eb-3c75-2699c80f8aeb,2,1,1,2
b9ae7177-b599-43e7-835d-37cf266829be,2,1,1,2
4f4f5bcf-e82a-461a-a47e-e774a97a9dc4,2,1,1,2
0ea45b42-e660-49d3-a79b-4801afb0fe45,2,1,1,2
659fb28e-4e47-400d-8c80-77ef87f2c470,2,1,1,2
a2e5df76-49ea-48cc-acb0-8d54b607a5d0,2,1,1,2
0b826f28-a3a8-45b9-9256-81799e7210e2,2,1,1,2
56badb12-cbd7-40a1-9ca0-67c17fee1fa1,2,1,1,2
1f16e563-f321-dfd1-f216-d1675ad50d53,2,1,1,2
a44d8f51-5e2e-c7a7-9df1-71713822fe94,2,1,1,2
2d4eb43e-acfc-55ac-64df-f6fcfb91a92c,2,1,1,2
a21159ff-3e29-40a2-ac8c-d5c7bcc123be,2,1,1,2
258918ba-0f9e-43dd-8f75-5b7ceead8fd3,2,1,1,2
b87b212b-40d3-ab59-1878-019bd718d46d,2,1,1,2
3c7b629b-42c1-453d-8acf-0f3e5f42346d,2,1,1,2
ad4e1f20-2524-1aee-3d60-dde57f79a0ab,2,1,1,2
ea9e9a77-d0d9-46b1-b4e4-28a5f502a258,2,1,1,2
3e7afd58-226e-4b10-82e9-ccc8d03bf833,2,1,1,2
16409b39-834d-4b33-bca5-cb157f57296c,2,1,1,2
459fbc16-2324-4bcb-93bf-a89185c970c4,2,1,1,2
b2839165-9d69-4362-9f75-df5ba4aaea5c,2,1,1,2
533bff68-5457-44a1-914c-b7bf96b8b678,2,1,1,2
d08573cf-d409-4dce-b780-94f811260267,2,1,1,2
cbc4fa3b-3b57-4d9f-99c8-dd01679f87b1,2,1,1,2
f5549af4-9781-7777-74d3-3f82d3493694,2,1,1,2
1c53e19b-9086-4792-8f12-c90ad24252af,2,1,1,2
6a09502a-2f8b-418b-a797-38b3b693f42c,2,1,1,2
ea484ee8-bcf1-43d1-8a46-7b2abe5719c4,2,1,1,2
3f3659ee-5340-4079-ae83-58dd913bede8,2,1,1,2
db525a35-f3cf-4561-baf9-304b9db96a8e,2,1,1,2
1ea46c41-6966-475d-9a8d-d1d7cb30ff18,2,1,1,2
7b3522e6-69b3-d887-1a84-6b7a406e5c5c,2,1,1,2
45b25dcd-fe54-4b18-af10-5151ab4b8edc,2,1,1,2
781af1d3-bc34-4d89-b51f-7ec1bbf148e6,2,1,1,2
2bec5a1d-73a0-4722-a790-8bbaac721467,2,1,1,2
b3f637fc-b411-4610-b96b-a387688985b0,2,1,1,2
4c48fb1f-d771-4cf8-b0ad-4922430cee7d,2,1,1,2
ecd80994-fafd-4c4e-ae72-942c47cebf6e,2,1,1,2
66b42bf8-1659-43b9-b336-6505988a2ae5,2,1,1,2
1915c0ed-9bae-4d81-b3de-ab23cfb00b68,2,1,1,2
06077b84-29a6-49ba-ae70-8aba45432266,2,1,1,2
197435f2-15ae-c7a0-b0fe-9982e131bb91,2,1,1,2
d4aa981f-1397-4c58-9d67-8357414dd2eb,2,1,1,2
e8358b93-f60e-328b-4a3d-8c0b7679933d,2,1,0,2
66585750-1ff7-47f6-83e2-33e9ed0751a5,2,1,1,2
c4694308-bf0c-456f-a632-4b4ac648ca64,2,1,1,2
56929759-9688-4c55-8341-8c8f56b74992,2,1,1,2
69c2d161-d65f-47bb-9458-d69f88e85024,2,1,1,2
9a10113f-4d81-4e79-86c5-4add1725057b,2,1,1,2
b1c2f7ec-9ad2-4b4a-becf-c1616e408a0d,2,1,1,2
dd0c8d4f-53af-4008-9db9-6f5593c1475c,2,1,1,2
1ab9985e-8bfc-449a-b845-366bc3120ba8,2,1,1,2
4383a4de-7f04-4960-b9dc-d355ae295f01,2,1,1,2
ceb37a0c-a229-094e-16bf-63f3458920b4,2,1,1,2
b9026095-242d-4d85-93d2-34959b82c8b6,2,1,1,2
180ca05a-17d5-d786-076d-93215fd502fb,2,1,1,2
788d4740-f337-4901-b536-6774935f7232,2,1,1,2
7e852610-bb1c-4e1a-9f82-f3c8bd5fdb36,2,1,1,2
6524b94d-d0a7-4781-ba92-c2d81bcc6260,2,1,1,2
d480b1ef-be61-42e9-ab57-b64a5c0d2023,2,1,1,2
15ad3143-3d19-4a6a-9e84-2c1ebbc6362f,2,1,1,2
0f317421-fd4e-89fc-bce1-d8e42c5f40db,2,1,1,2
53abae1d-10d3-4ec5-a939-a513978acf25,2,1,1,2
192f1d39-3ecd-4079-a7b8-2ef62b645fb6,2,1,1,2
e426e2a3-2cdf-4289-a378-4fcdae18c2a6,2,1,1,2
ca7aed7b-491c-4bbe-aaf1-29757a8e8069,2,1,1,2
a74df557-2498-444f-9d52-37670141bdf8,2,1,1,2
ad4b55a0-ea14-462a-8560-e4803caa5d7f,2,1,1,2
8f64056c-fb5b-4540-af09-d7d8eeb4ea4a,2,1,1,2
b6399c4d-db76-4899-9d35-97704ec7e8e0,2,1,1,2
218492e7-b6f3-47d6-98d7-1fa8e1f18c09,2,1,1,2
ed7359f0-1ad5-4682-a52d-3e967be9c37e,2,1,1,2
6e501ec5-6095-49b0-b678-b2c3937d459e,2,1,1,2
d3857c2d-ee1c-4361-af26-3cbd0af0c7f4,2,1,1,2
20d9ca1b-e974-404e-b71f-5b2cd3350fe9,2,1,1,2
367f9d30-ba5a-4cf2-869c-1f80b30cb054,2,1,1,2
28739003-000b-42ae-b28e-81c5bdf171c7,2,1,1,2
0340204e-7e18-4b1f-bf3c-fef34b093a77,2,1,1,2
57fe7919-935c-4892-fdbd-fbf67c066fe5,2,1,1,2
a4298ae1-7f72-4e6a-9c0c-4e4e01ee02c7,2,1,1,2
7f1417d3-96a7-43c9-8245-674c6a0c3e47,2,1,1,2
2a879dd6-71d4-4cb6-bbf4-f6f1bacddfe8,2,1,1,2
1725e3aa-825f-4d4d-ab70-ed12292341b8,2,1,1,2
90974068-efad-41a5-bb40-8a3911681a20,2,1,1,2
20015ac3-6a1f-47d7-bdc8-deaa54ac03f8,2,1,1,2
1628020a-b5a7-4957-b792-f4bbafc387da,2,1,1,2
5cc87037-5b10-d086-20b4-3a7704289ce0,2,1,1,2
1bcd1db7-1868-4c46-9d09-725272bc1da4,2,1,1,2
32f5f044-bad3-4e3b-88a3-6561d55958cb,2,1,1,2
f8708b10-44d8-417b-b821-bca2ee7dc35a,2,1,1,2
92a95d11-5dbd-4fef-b495-6be6e82153c2,2,1,1,2
fa4024ba-8b8b-4bbb-af64-ea849def3a8b,2,1,1,2
a59b1b8e-e712-4c67-8972-ff61ceeee91d,2,1,1,2
bfece9ee-b59f-42ef-9f58-8f5674368c74,2,1,1,2
9a59a363-e9d9-4085-a9d5-816f1914ec1e,2,1,1,2
0c8f2c65-40d3-0620-7523-044a6d81bd07,2,1,1,2
0327c9ba-06ff-48d4-8fbc-b79fe855932a,2,1,1,2
87dda7a1-1f05-4e89-b7b3-51068b2395e6,2,1,1,2
8bc98018-f82f-4d10-a29b-eea33442a30d,2,1,0,2
1319bac9-a5c0-48f8-aef7-f2dbce666de4,2,1,1,2
9aae6275-d5fa-4941-8ae3-87a9841db96c,2,1,1,2
1f6d2673-140a-40ee-b474-dab59fcd2dce,2,1,1,2
fcf593e5-67ab-5500-998c-ca1ef3a9b920,2,1,1,2
b0a4ba96-d584-4c0e-927c-3d731ab931e6,2,1,1,2
73d80116-3019-4b62-8c52-0d037eedd203,2,1,1,2
35347129-7e2b-46bb-9f98-dfc7aedc3d7c,2,1,1,2
aa3d3faa-d29d-4b3a-8f03-d3e2347772b5,2,1,1,2
83015f52-f938-41d0-bd06-1a7ec8d34cb8,2,1,1,2
a84ac621-c6bb-4aac-9f33-8f65680237a3,2,1,1,2
6af54b57-b6f8-4c5d-8cfd-0998de1aed7d,2,1,1,2
d2386585-f7a9-4a4a-8e1b-232fcdd0b72e,2,1,1,2
54d65d09-7416-4e70-89d0-b0e236ce1119,2,1,1,2
215c76bc-0870-42d0-ae96-8e1eedd5baa0,2,1,1,2
46b8eeb0-aa8c-4e58-821c-c661dd045761,2,1,1,2
e5a96c2f-ea53-4962-a8a5-1fcd39f06b38,2,1,1,2
c15c8880-ab79-4424-a340-5064af5c405d,2,1,1,2
4bb70e39-37a7-4dfb-920b-06ca9ec667e2,2,1,1,2
5ac1ba6f-e2aa-466b-8fb5-a0b5d7fab271,2,1,1,2
8e6f35cc-3a4d-4c79-aa17-4a21995d8e3c,2,1,1,2
be19960b-c0da-2ec2-d24a-40aeb0ac62f4,2,1,1,2
623974e1-38a5-4049-a30a-758d7b64bdf5,2,1,1,2
38164968-119d-4d36-ad70-f2e59be9cee8,2,1,1,2
21704487-d142-6c15-70f9-c578069d0ede,2,1,1,2
0ba9ed5d-d051-4b66-a996-66ec1d982518,2,1,1,2
f597dff1-841d-4adb-bef6-949bb9e5082a,2,1,1,2
fb0fe6b7-e688-4fd9-9c14-be0dbcb546f4,2,1,1,2
69a3af7c-a102-471a-8672-f2d305e75310,2,1,1,2
fbabbc8a-6e24-4ba2-8926-c4179f3ff9f5,2,1,1,2
7564b5b7-1b66-4a1f-a06a-df2edf2e2308,2,1,1,2
3be6e6b9-aa4b-4d6b-8107-0a177e2924e5,2,1,1,2
8bded62d-caf3-a97c-1cb1-886aead19b99,2,1,1,2
b3773802-2f25-46b7-8644-4ae4ffd52973,2,1,1,2
ec829729-f444-4d80-87f0-8eb079791206,2,1,1,2
aede3404-ee63-4c82-89df-7e70333481ed,2,1,1,2
015a893f-7e90-4f92-9100-35c2fae9b819,2,1,1,2
b2f6b828-070c-4e8f-99d5-161e59ea852c,2,1,1,2
9394a4e0-a258-4811-ad25-0bf42fcc0e62,2,1,1,2
db5dddf1-c3a1-4e87-bd02-11199a505eee,2,1,1,2
5654593b-9c57-525a-2021-301dcd4869c2,2,1,1,2
f992da89-2e40-4a0b-a18c-0c3eedf7cf52,2,1,1,2
8ce48e20-aef6-48cf-9fc5-7382cc0caee6,2,1,1,2
eb8c4610-1ddb-480d-b136-82c337a230f1,2,1,1,2
f824c4f8-519f-4b22-8c4d-ed3a61bff9f6,2,1,1,2
6500c627-d4ff-422f-8041-c98d8e1c57ca,2,1,1,2
79461503-fa31-44b7-be61-789d6b6408fa,2,1,1,2
1eb629f4-508a-40da-a2a6-a1ae1c770ded,2,1,1,2
1a0cafb1-911b-414a-9192-d554f6406529,2,1,1,2
e72bd23d-124c-4811-927a-1f696f0070be,2,1,1,2
6a8b9b6f-8385-4a28-9945-a26fa910a15b,2,1,1,2
c9d3d617-a959-4bca-8a5e-5b6ca7c9726e,2,1,1,2
395bff24-6b69-4b0e-85b9-c66387465a3e,2,1,1,2
b933fbca-61af-4f17-953d-eb937e23721b,2,1,1,2
9052f92a-80de-4fbf-8eee-bff33a1a31e2,2,1,1,2
8fac4a58-9137-4043-ad23-83ed0ea66b44,2,1,1,2
fd957b56-8d41-4ad6-814b-0a9f4c293361,2,1,1,2
8a52955c-303b-47ca-87b8-ad0f36657301,2,1,1,2
4710a718-35ce-472b-a4d2-7ccb521ba734,2,1,1,2
aee85ef2-6de0-41c3-a6a1-971e13f45818,2,1,1,2
0b56a773-e682-4341-bcf0-662640af734e,2,1,1,2
e071e615-9d32-4406-9bf5-3cef517a4960,2,1,0,2
a07d8095-e671-45ca-92a4-aca926a099bc,2,1,1,2
a6bacbba-ad99-44c4-939f-2193db7df09e,2,1,1,2
98155e70-502b-4c5f-a98c-a28993dd522c,2,1,1,2
8df56dd1-2391-419c-82c1-e514cdea203f,2,1,1,2
dbea4c3d-d065-4291-a23b-66ceb5b508d9,2,1,1,2
2b01182e-fb2d-4a0d-bb6a-48c3638809d0,2,1,1,2
e0863b43-fdae-40bc-aed8-3992d84adc0e,2,1,1,2
e33e4acc-44aa-40d2-9126-58955d954f1c,2,1,1,2
b92ce240-194a-4dd0-b50a-0bde3e8fb2b0,2,1,1,2
afa45f4e-a541-4e45-a1e3-98f7d4ab78fa,2,1,1,2
09dd8bec-943a-1040-6299-1618035a78e9,2,1,1,2
fb41134d-73b1-4a70-8437-12b62de33b91,2,1,0,2
8146f21a-7103-4cae-96a2-c3169a06b791,2,1,1,2
1440c70b-301f-47d3-b734-0e2050ab0c15,2,1,1,2
cf7f7501-f5cf-4d5f-934f-f9d5832c6973,2,1,1,2
65084cfc-726a-49c7-835d-0cf734375a89,2,1,1,2
e715d38a-3406-435d-9ac3-ea81395d0f68,2,1,1,2
8095adbc-5f7f-4e03-a47a-f06d136aafa9,2,1,1,2
76fcd05a-b84e-4608-b6a1-363f79f66a81,2,1,1,2
f63292b4-238a-45f2-b895-45b13767193e,2,1,1,2
067b0e62-036f-4eb4-8c62-32a43ad5bcbe,2,1,1,2
8f6ab715-ed13-440c-9cc5-ea6c84372185,2,1,1,2
2f238d3d-fa3b-4125-ae68-0fba8c7efed4,2,1,1,2
d1fbabaa-ab75-4aac-9146-ede67cf8ef3a,2,1,1,2
f9eb3ef2-e7c9-4f97-8db1-4866b94edbb0,2,1,1,2
703f90b8-44b6-4620-9a4b-b3d491593fd9,2,1,1,2
6f675072-e694-4753-bf06-bfaa2ef9b260,2,1,1,2
16d83da3-1466-430b-94c1-ababdcf43bf5,2,1,1,2
ded60f84-03ef-4bdd-b6bf-4fd322ffa8c7,2,1,1,2
f2f824a5-9ecc-4548-9637-ee1db0795d42,2,1,1,2
4e4b3c2d-6a14-4da0-a45b-2c99d0450c9b,2,1,1,2
0c4f84c0-a036-7753-508c-075132056f79,2,1,1,2
92b21178-6dd2-4ebd-9368-005c211c59a1,2,1,1,2
ec86cecb-a84a-4054-a3b0-0ca51e91f500,2,1,1,2
707d6220-51a0-4f64-982e-b8a207c2ab6e,2,1,1,2
7b20a91d-1808-49da-aa0c-bc019b439781,2,1,1,2
bfe9f3c4-033f-4f41-9d6e-dca928c3a4b2,2,1,1,2
cd53f553-196f-488c-b999-3678ed1db876,2,1,1,2
14b899e7-a137-4089-a70f-ce74c04497e7,2,1,1,2
977062f6-032f-0f7b-d284-55ec601bd72f,2,1,1,2
dbd10a10-149d-4ed5-a232-eb604213a0ac,2,1,1,2
88057868-d5ce-447a-8aa1-045dfe6bb538,2,1,1,2
7648162f-9cd9-21a6-5e7e-a465c5bf2015,2,1,1,2
76b33ee4-79e1-4650-8509-2da012e8662c,2,1,1,2
ae162f44-bb23-431c-a4c4-299ab8634ec0,2,1,1,2
56634271-aac2-4947-be7d-81307627ad50,2,1,1,2
ea156597-ebb4-4b9c-9fcf-2ca6e56a0add,2,1,1,2
c8299e03-409f-47e8-a2f2-eeb2e77108d3,2,1,1,2
3b634896-3592-4f19-b11c-d321088587cd,2,1,1,2
f50f79b8-8d1d-4efd-97fd-f1c25acb936a,2,1,1,2
b36b571b-692f-40e9-93bf-6c407300607b,2,1,1,2
bf0f954b-fc59-43c0-8e32-d4643ef42aed,2,1,1,2
7bf5bb00-aa11-441a-b7c0-bb4186a1e6ca,2,1,1,2
0c3d7717-f7ba-4e5f-a5fc-345778519601,2,1,1,2
d68bca39-e809-4373-9176-8914744d15e5,2,1,1,2
2f3363f8-7ba4-4958-9a20-ea86dc441a42,2,1,1,2
b718c121-8389-4711-a5f9-c513570dfd26,2,1,1,2
fd04b0ce-bc19-0968-6f98-5e60c7e8c85f,2,1,1,2
c93a5be4-9b29-470e-af14-71d32a87d90b,2,1,1,2
0ed92def-f2cc-8e34-e5e0-a4e1c2159d13,2,1,1,2
202bf123-d3f5-4392-96e3-ab52918528c1,2,1,1,2
a110d3fc-bef0-44ef-804b-8b78c633e66a,2,1,1,2
af5cd2e1-65bf-4b26-8e91-140a907ee3ee,2,1,1,2
8bf7a38a-6613-2d8a-8814-adb5e55aefbf,2,1,1,2
e2c0dfd7-f9bf-46e6-862e-bb99f8c99a22,2,1,1,2
3e26a19c-8456-4ede-8dff-5cf24b2d3a35,2,1,1,2
87ccc21c-b588-44e9-818e-6c4d0c14330f,2,1,1,2
46364da4-ff5c-5462-663a-8d190a5b7301,2,1,0,2
084fcbd0-1a13-4d68-b164-423c694bee31,2,1,1,2
669aa7a8-fbf7-4d3c-a30c-42d3a9a2fceb,2,1,1,2
09b7a202-3fef-45f1-8163-31ee137dd8a5,2,1,1,2
358e9ce7-b587-4c08-b096-4ccd9e973b16,2,1,1,2
c5010264-754f-4492-9261-e1f60c051e79,2,1,1,2
74b6b77f-cbda-4121-b0ea-fd60992772cc,2,1,1,2
149b3100-0ac7-4600-af33-3ccf106db38c,2,1,1,2
4a06bd7d-4114-4afc-bb49-a18d9f4eee56,2,1,1,2
c66121c6-02ae-45c8-abf3-eb80488378ef,2,1,1,2
bf2ac01d-5424-4905-9457-76f54d6c25f1,2,1,1,2
1becf52d-0f45-412c-a002-ce5573503602,2,1,1,2
c3308dee-a7fc-44ef-91b9-731ea3516fe7,2,1,1,2
0b3b2e5e-86bd-474d-9eeb-19d1df39ce29,2,1,1,2
896f1f33-46ed-4822-bdbd-d9816768adb9,2,1,1,2
ddc6b4ea-bc27-4cd2-b86f-26052f077d62,2,1,1,2
d378d49e-b376-4123-8f8e-1f45c694f24c,2,1,1,2
566a53da-993a-49a8-ba2a-7abce62b4695,2,1,1,2
ffea1af0-508d-4a9f-8e00-594a3cca7c6c,2,1,1,2
989dc8d3-c155-40f7-8144-089f102a44a0,2,1,1,2
a8412bc4-0587-4348-9efb-e008c771a705,2,1,1,2
46fa9e2b-8e28-40af-a4b8-bd6deb7a77ac,2,1,1,2
f73ff167-541a-44e4-8c3f-0c25ffc05958,2,1,1,2
c3081762-3a9a-4835-9f86-8d36eaf082e6,2,1,1,2
6fca1070-ed2d-422f-b071-ed74f9b303c5,2,1,1,2
e30455e9-6089-479f-b800-7e55ac94a639,2,1,1,2
bc670302-2264-4330-8962-9f7e150c1404,2,1,1,2
89c54d1c-91e4-4758-9a70-28f8d0b73599,2,1,1,2
1ff1f507-30ef-4818-89ed-6c4c37e6983b,2,1,1,2
ddeee2cb-9ead-4d0f-ac8f-6f870244c088,2,1,1,2
00d4f874-7659-47bd-9ad6-f8d82f13f614,2,1,1,2
7fbfb0e0-9d5e-4d2e-b2e9-a8034821b35d,2,1,1,2
d00fd197-ae79-4062-bcd3-d6061468b326,2,1,1,2
6771dd0a-cfab-4bf6-930b-7d78ffafbbaf,2,1,1,2
0c8207a8-9253-4a5f-9f39-896b050cbea7,2,1,1,2
d0e34f25-4ea8-4df0-a3ac-202ff99fab7d,2,1,1,2
ca7a2e00-0d17-453e-af7a-13676a8b4344,2,1,1,2
0a44186a-d1a7-4d40-82f4-e0f8b4aeaf64,2,1,1,2
9f4e232c-9853-4c5d-a6ed-c735bbb8ac46,2,1,1,2
578598eb-768b-4949-9ce5-d0856443e780,2,1,1,2
d726430c-b01b-4257-addb-3c3cb60e5e63,2,1,1,2
28d41dc5-b89c-444e-949e-6da4b71e511d,2,1,1,2
5cf4e538-cc08-49a3-a8f3-a827b2b54c28,2,1,1,2
17e324cf-0574-4793-b25d-298d6e289132,2,1,1,2
e6efb33b-18ec-467c-abe1-cae14bbd6e4d,2,1,1,2
f326c5e2-74c5-42fe-ad23-6571163fc483,2,1,1,2
5ef13714-ac13-494f-98cc-8752c269bffe,2,1,1,2
0df12381-803b-4f49-9d7b-c37e940a0b96,2,1,1,2
b6c9ae69-1563-f299-214a-0b85291b0b99,2,1,1,2
ef55acdc-eb1a-404d-a647-3ebc7cdb76e3,2,1,1,2
f1441816-6d11-41ac-b6d4-fce70e6c59b7,2,1,1,2
7ae2b145-0315-4e3c-b50b-fd34b2194ac4,2,1,1,2
ce4d089f-6236-593f-6686-b19f00df43d8,2,1,1,2
902b1ca1-fe58-4a88-b09c-adc52c3c0e65,2,1,1,2
cddaf72a-325a-4b64-ae88-6db46213fe43,2,1,1,2
8833534c-7bb5-4976-9d03-b255a0fe73dc,2,1,1,2
7ef66b74-8ec3-4b97-9a36-e4d6dce2ae37,2,1,1,2
26db7068-5db8-4874-8f27-0961d9e29aad,2,1,1,2
a06d4bc0-6130-49ba-ae1d-f73285c86d46,2,1,1,2
08be3bf8-0e7a-4ad4-a1d5-772ea8d72d4c,2,1,1,2
d2e8d88f-e679-6eb5-bdc8-1d3e4cf19978,2,1,1,2
bc794c46-9a1d-4f88-b795-dd27c1556e2d,2,1,1,2
a27da36b-2864-408c-9fd7-fdd91523cc23,2,1,1,2
bcbf7c53-88f0-4821-aeb6-b35022fb90b9,2,1,1,2
455c00b3-720a-4631-9905-204b04a9a08f,2,1,1,2
168b4076-4c5e-48ba-9a02-df69af913ba4,2,1,1,2
dbf1da9d-f74d-4df6-8c4f-f2053f38463f,2,1,1,2
5a18ba40-351b-485f-8cd2-bd36692b1ed6,2,1,1,2
dbad7cc5-ad80-497a-a721-0c70d402b38f,2,1,1,2
1544be55-1fd5-4d41-a48a-d3c832255575,2,1,0,2
c2be8f30-ef6e-bc46-3aeb-5d61ec43c1de,2,1,1,2
23ca6957-308d-43ce-8bd6-36f655c91f06,2,1,1,2
29d9c060-b4bb-498c-b2e8-70fc9e3321d8,2,1,1,2
f11b4b9e-3706-aa66-5bdb-9770e7af17de,2,1,1,2
daa1a32d-4bb7-42da-8f0b-7a6f3f04b37a,2,1,1,2
4649e5ed-3242-4ba9-8ab3-9950187a4380,2,1,1,2
d2a10a80-5488-4a69-af51-6beebceec481,2,1,1,2
2902d8f7-c674-49b8-ae69-57aba687535c,2,1,1,2
9abb1cdf-2532-4f69-8fe5-7c813eb08cce,2,1,1,2
d0d78205-9973-4039-90c1-b57eef2bb0e9,2,1,1,2
37a0c37a-03aa-4b96-8fba-e4acb2b38b0f,2,1,1,2
a77d87ed-4e2f-4cf3-95db-debdff1b4988,2,1,0,2
da2c72d5-22d3-462f-84f7-e9c7d81b2afa,2,1,1,2
05e64778-e1b6-6eda-bc99-de56d26c5502,2,1,1,2
410bf775-807c-4930-923d-3a748c3899ae,2,1,1,2
f2a32911-ccac-4c30-9b4f-99384ad3bdb0,2,1,1,2
94d67917-cead-4bc8-b6e6-a7813c82bf02,2,1,1,2
e6f8eaf2-bc08-925c-abc1-e554ec7786bd,2,1,1,2
d9281eb5-e539-4104-ac09-c90ca1cdb1bc,2,1,1,2
e5d983a1-63f3-4ad3-9c46-23b3f2cd9699,2,1,1,2
8c37a989-a62c-46d7-8b0e-65097fff746d,2,1,1,2
88f63801-acef-4455-9be7-691b6afc509b,2,1,1,2
a6770d8b-8eb0-4b12-a701-6d8b60336b73,2,1,1,2
1c7663ce-3a7d-49a2-83fb-a585327e2276,2,1,1,2
529dac39-1638-4444-b33d-aa3cc140e4b6,2,1,1,2
b18e607b-72a6-4dcb-82ea-6fb9cee05261,2,1,1,2
14fb18de-460f-845c-178e-dbb30527d790,2,1,1,2
0c16f9c6-64af-4b33-a9a6-ecec1f2c9337,2,1,1,2
64f51a80-03b0-4cf0-a774-5d96167c4a94,2,1,1,2
23ae2eeb-0fef-4c6d-ba3d-484ee0030a5c,2,1,1,2
661b1d53-5849-48c0-b00e-2132e678736c,2,1,1,2
dbb5dd81-3b6e-4746-a3ed-ee7d82f159fd,2,1,1,2
cb62a05f-8230-4bc8-81f4-b6e3e7b8f8de,2,1,1,2
4f3fcf33-99b1-46e0-ac4e-e1f7bad9d51f,2,1,1,2
1a9f3570-f132-4db7-a103-c3dc89bc72fe,2,1,1,2
2c7eacc8-6bb0-40c0-b74e-8625fbc70a5c,2,1,1,2
7b527d81-235c-4fe1-a1bc-ab38c7013fa9,2,1,1,2
eaeb662f-b3ce-4232-85bb-c2d7d38d5cdc,2,1,1,2
4ebbc0f7-f05a-4d69-a76e-11c9be28d6df,2,1,1,2
ad577fb4-a8c2-4f27-be97-bf88f50d0eb0,2,1,1,2
e1d133b7-f547-d379-49d3-7dd66dd599ae,2,1,1,2
7ec72a76-9464-4483-bfa6-9962c5317568,2,1,1,2
de74f9fb-11be-4145-bb86-d13653dbee32,2,1,1,2
9ea2b92a-3922-475f-a785-a168f4dfc794,2,1,1,2
54577782-1ff8-43b5-ba49-4c42f6d24963,2,1,1,2
978b7566-35f0-4e8b-a4f8-9a9a4d0ac591,2,1,1,2
4f83b1e5-2953-4fca-a0e6-50021826f93f,2,1,0,2
250eb6af-e7e9-4629-826e-26f265ee24f2,2,1,1,2
f8a65c48-6029-433d-8bab-ff9b18a10c6f,2,1,1,2
a95d1bc6-e844-426c-902e-e32a241d546c,2,1,1,2
8ec8786c-1880-4645-8b57-d290bb1d91cf,2,1,1,2
4bdd37df-b0c8-65d5-91bb-926a9eb8a075,2,1,1,2
186d5de6-f454-40c9-8b59-2fd50d9c58cf,2,1,1,2
29f34240-2861-40e4-851a-fe25f54c6b06,2,1,1,2
e527932a-e832-4ddb-827b-a84f88bf7da9,2,1,1,2
f2d22451-ea69-4a02-9658-6372fcf36c21,2,1,1,2
a7f9c64b-4ac3-4bec-a42d-6a67ebc9f79c,2,1,1,2
ec321d9d-3df5-494f-a949-e4282d47aa44,2,1,1,2
fc2b07f3-e57c-434f-a3ea-ddab3487cda3,2,1,1,2
810fbe6c-8bde-4dfb-b727-60d064d388ff,2,1,1,2
4598e2b0-7b7b-4fb2-938f-71ec64fb0cad,2,1,1,2
f23a2bcf-35a8-4cd8-a2ef-e0e60272e149,2,1,1,2
1bbdcf97-9ccb-42d3-af9a-c35fc90c0805,2,1,1,2
7417ca02-0c0b-4cd2-8cd1-489a2f03853b,2,1,1,2
39956dd7-2a9d-2cc1-0bf2-5d1f527d343e,2,1,0,2
d385a91f-ab1b-460e-8b2a-20f069752772,2,1,1,2
52b63e35-2a4e-4761-a8f8-65acdcf23c7c,2,1,1,2
7cccd827-1b7b-402d-891f-5365bda34341,2,1,1,2
cd5d278b-6de8-d4d1-ecf7-dd40a2b9d4c7,2,1,1,2
c3987302-6880-4689-9b35-b9dd4fb66406,2,1,1,2
55433b92-0286-48e0-b52d-4a66a56c2622,2,1,1,2
3b19d46f-fd31-4d7c-b6d2-14126929199a,2,1,1,2
391b25e1-3bc0-42ff-9a49-0bbe5eb690af,2,1,1,2
3d0dfd12-0399-40a6-a391-83f1b20000c7,2,1,1,2
4f7210a4-1581-0edf-38db-4db62ba0d0e3,2,1,1,2
cbe2a19a-bf64-478d-b02a-cca2ef0d5e8d,2,1,1,2
31d89ae0-9e3a-9036-77b1-05e9ea34401e,2,1,1,2
d5b07f25-056c-4ff8-bb30-8cfe2aa46dc3,2,1,0,2
2d75355d-ce97-4ddd-aa75-5a10ca07f9e3,2,1,1,2
56408312-269e-4765-8d87-3532d13170b2,2,1,1,2
d2ca00ed-72e1-3ad5-d1d1-b46a37eca7d7,2,1,1,2
31addfe6-4bab-45bc-8043-f6b731164862,2,1,1,2
dbb81ca2-c218-48b6-9fff-2a894d8c1d23,2,1,1,2
fb61b815-92c6-4dc6-be46-ff35ebc1fcd6,2,1,1,2
e107b498-a6a5-cf71-5b67-33f1e031aff4,2,1,1,2
925613d2-4224-4685-833f-8b80cbbe221d,2,1,1,2
94ccd509-e8ac-4ff4-bc14-f1f7bba8c36d,2,1,1,2
346dea1a-322f-41a9-beb6-ef865ca8672c,2,1,1,2
21cc6692-9c81-420f-9dea-27034edae358,2,1,1,2
1dd46056-9198-4b55-9800-4bca418aaf6e,2,1,1,2
c6e78d37-f27c-4eb6-8d1a-38609676f9df,2,1,1,2
ffe7fd28-8e4b-45af-9094-cd73a1ba909a,2,1,1,2
76b1779f-591f-4c60-8a29-985908e5224a,2,1,1,2
ef3dc469-66a3-490f-a22b-e2c7d41f44af,2,1,1,2
4713f5be-fc30-48a1-a3a0-23c9c807063b,2,1,1,2
a3b45aa2-a440-47d2-86a1-91a0dbc4f245,2,1,1,2
2c1f630d-9910-417d-b4fc-7c5c00edb5a7,2,1,1,2
117e0263-ef5f-4cef-930d-9637d529524a,2,1,1,2
872ef983-c9ed-4049-a39f-dffab17ad96c,2,1,1,2
1d9e6123-e96d-4c25-97af-eca1c3906bf7,2,1,1,2
c1f1929b-8994-4562-a7d2-b84d02428688,2,1,1,2
16948dd6-3761-4f54-95b4-b23ba4d7a9da,2,1,1,2
b51f2a7c-23e2-4e80-beaa-15f93723aebd,2,1,1,2
0956252b-26ed-4929-b810-d9c4882222fc,2,1,1,2
b1d19406-05f9-4ad8-b9f7-c46f60584b56,2,1,1,2
8887ae5e-7571-4359-b857-36eb205c390c,2,1,1,2
4bd9a1d7-4b45-42ab-bc4f-20e4a2c3cfd4,2,1,1,2
a2d482ff-e4c1-4d0b-897e-946c21339519,2,1,1,2
98fa0f2e-d77b-416c-8695-7b58fd50e09c,2,1,1,2
b81ecc9b-0d29-419c-9683-bf7214e608d5,2,1,1,2
e16a6826-0e79-4b6d-b124-f817ccfdf350,2,1,1,2
2b83155f-2b55-40f3-ba5d-af044c792a7a,2,1,1,2
a7cd5797-560c-027c-4c0d-393d3d6685d4,2,1,1,2
9c4208e7-7271-45ff-8510-43b59fdefac1,2,1,1,2
93e6ad26-22c5-4cdc-b729-6cc70b8c3844,2,1,1,2
a28d3c3a-ea69-4e2c-917a-0d0b2ef8dffa,2,1,1,2
19506e31-e5e4-4e76-b09c-92f8e54fd5ce,2,1,1,2
64266940-9a67-4534-a10b-141b36ef13ad,2,1,1,2
907ae448-72ab-4ac1-a602-d8b1f6f6365b,2,1,1,2
d11fd5a3-dbcc-4d08-906a-329077f30a1b,2,1,1,2
e9c937fb-7178-4d0d-b3d7-11628c4fb077,2,1,1,2
2737518f-d3c2-a46c-cfbd-08695fa74000,2,1,1,2
1928dccf-9d54-4051-b5c1-6b1da9c9573e,2,1,1,2
65bf31df-1fba-47eb-9fae-5849eac6c272,2,1,1,2
16dfbe82-9e03-48df-a6f3-c34aa8d4feef,2,1,1,2
fa324222-4887-448a-bace-850ad0580304,2,1,1,2
7f5d521a-0ca9-4ac4-b2a6-de19391ece65,2,1,0,2
5dc511c3-8017-4c05-b880-9849801fa932,2,1,1,2
90ec4aef-97ce-4883-9019-d3e9722cf9e2,2,1,1,2
592db1f7-9ff5-4401-ab8d-5ae3d8bae437,2,1,1,2
4e29b272-8632-48d8-b90b-38b648db5abc,2,1,1,2
8950c936-8be3-433f-a360-0f9038c74fd1,2,1,1,2
33913558-e062-4487-ac36-716293bc8755,2,1,1,2
65681b34-c3b5-58dd-f8f2-a783e76f2685,2,1,1,2
42e50957-24af-4047-b70b-f019794d8ae7,2,1,1,2
fe5f741f-e39a-46e0-8c90-0c7b8927d620,2,1,1,2
ccf79dcb-8099-4d56-838e-a111f011fd76,2,1,1,2
42fc6872-161f-643f-b8bf-53184facc608,2,1,1,2
6b76ad55-e371-4b42-ad5b-efeae866ce32,2,1,1,2
e34efd5c-7501-4820-8f39-32e42429989d,2,1,1,2
52abef15-f800-4112-8e2b-c823ec533c0e,2,1,1,2
38bcb798-9dc4-42b7-890e-925de16cdb9b,2,1,1,2
02fa4a26-3bd6-40ca-b737-19866d461116,2,1,1,2
14feb647-3c82-4a94-b9a9-9e6694f42efa,2,1,1,2
278838fb-fe1d-2ffd-9249-f71ed8e68241,2,1,0,2
3949781e-6f30-414b-98e5-be44dc02fa3f,2,1,1,2
2c34d884-f3f9-b800-146d-643de9474587,2,1,1,2
c8123c61-b7b7-4a49-9685-f11004cf2223,2,1,1,2
33d333ed-2636-4934-b445-497ce3ae7d1f,2,1,1,2
652bf25e-5f04-4172-bf4d-cd713c1a0a27,2,1,1,2
aaaaf5c5-dbdd-41cf-a6b5-59bb0a3a4127,2,1,1,2
ad9f8d67-4775-4227-be85-35c4bee6f0ad,2,1,1,2
e9973177-3120-4c69-9565-bdbf55e075d5,2,1,1,2
9b5944e1-6bb5-43f6-9d46-afd32dfe66b4,2,1,1,2
49e80508-1a3f-45ed-a230-f7bfbf3a971e,2,1,1,2
3032955c-8823-4b5c-8a53-30ce71b0b4d2,2,1,1,2
2dfc83c7-69f2-4f88-86d0-83d5f2db9ecc,2,1,1,2
26254a6c-61e8-4ba9-a782-ffa2b9c00f4f,2,1,1,2
f6747469-1f05-43e2-8fd1-841ea8bb4c79,2,1,1,2
bad3fbc4-887b-4fe3-9d93-d29b122e0f01,2,1,1,2
ba89ddc4-998c-4dce-bb0c-a218dc794188,2,1,1,2
c462ec2e-9508-43ee-864b-756d48e4998d,2,1,1,2
205a3349-79f4-4cbb-928c-a0c09d99f336,2,1,1,2
5a562fef-8db7-4be7-adf3-dc3324b33e26,2,1,1,2
f0d95c21-e173-4eb6-aca8-db3d7e2583a4,2,1,1,2
ddec63af-d9d8-4a0e-944b-2bff9cdf2b0d,2,1,1,2
74ba24be-648b-4876-b86c-078c3b33b207,2,1,1,2
b86ee84a-123a-42ac-8da3-f35b748d852c,2,1,1,2
311018a4-80e7-4ddd-94d1-a02110d6353b,2,1,1,2
e19ac3b3-ca67-4693-25f0-7806c580e960,2,1,1,2
cbbda17e-69a1-4739-89cc-b453f4dc5d4e,2,1,0,2
2b409708-5e7e-47bf-a736-89eb413e13ad,2,1,1,2
46dc9b4c-0f96-4754-a6eb-db3effe66109,2,1,1,2
ec341596-c625-44dd-8c08-868787ed005f,2,1,1,2
8ceda6fc-ce84-4f3a-9864-526090c248b9,2,1,1,2
614a0366-2589-46c9-b6ee-aada445379bb,2,1,1,2
7f8cb61f-2708-4b06-94f1-e71697530f7c,2,1,1,2
405663e3-67af-6bc9-f61c-dd3dd033ddcd,2,1,1,2
7a59e2ce-69e6-4ab2-9434-b867f3f43bea,2,1,1,2
3e2aa6ba-07fc-3b6e-8445-99910e9fa1e1,2,1,1,2
3c2dd42d-5d6c-4c00-afe6-8f95820dfdab,2,1,1,2
50bcdad9-146a-4ba9-912b-71bdb2f223e9,2,1,1,2
d533750a-463c-41b7-9f56-1650489b9445,2,1,1,2
3452b10b-040d-46ed-b351-52849a10e9df,2,1,1,2
39053c57-75b8-4753-b52f-fdd666487d36,2,1,1,2
933ad29f-74ba-45d9-be1d-296d88e712a2,2,1,1,2
560613ca-904b-4e73-a584-26d603b5c8f9,2,1,1,2
ce6e5605-e273-40f7-b82a-f24fa8155cb4,2,1,1,2
b3fb5508-f400-42f3-8829-e0b6f8936bcc,2,1,1,2
8090b5e8-2ca4-43d8-97be-8287e084755f,2,1,1,2
8076f246-53df-4a89-a2c2-c99ee2f13012,2,1,1,2
5fff172f-b835-2cfa-4308-0a51ade3be94,2,1,1,2
49fc227b-26be-4814-a143-af0ad9844d7d,2,1,1,2
8359a3de-8871-4d03-811b-26f6176c12f1,2,1,1,2
d5f8a5a1-acb7-4e45-9572-28317e3e3b46,2,1,1,2
71ca7c90-d28d-433e-8e61-1447508affb5,2,1,1,2
1241797d-2a0c-4f83-91a3-ffdf37b7ca03,2,1,1,2
78563f3e-9f6e-4cd6-b4ab-dfe3d2f0dce3,2,1,1,2
3110b25c-ed0f-3223-bd3b-e54e67b4fa4a,2,1,1,2
26fde611-f75d-4d6a-bc35-a87c2ed5d75c,2,1,1,2
d4751313-8570-4a14-aa5b-036358d40afe,2,1,1,2
4229f2f6-370e-40df-958a-66e9dca00670,2,1,1,2
f6a91d6f-254e-49d9-bfba-4e1e7e3b3407,2,1,1,2
572b4736-60db-4e0e-8099-03936dd12088,2,1,1,2
beada94e-4e8c-4528-84e9-2b09f78d0de6,2,1,1,2
a82be603-d5ad-45d6-9d81-ff49d04cdcc1,2,1,1,2
7a4dc425-6cd9-49ca-bd98-0a0a73c35e4e,2,1,1,2
0d95cd55-f9ae-4a72-04f7-43c2b356c205,2,1,0,2
c8842a81-7df6-4c6a-b6ee-56d7bd2ddbf4,2,1,1,2
da0eca63-4a6f-402e-a5f0-befcb63a4b65,2,1,1,2
2f6f8408-fff0-4c77-9248-4e0ec64d4e82,2,1,1,2
2aab0add-6b46-446d-ba49-422606670647,2,1,1,2
71b27f39-eb16-4e61-b6c6-f644db5f72ec,2,1,1,2
2041d6cf-e6b2-47fd-aca7-473b60df18c3,2,1,1,2
3d978dd3-8613-4384-b66f-95a1fa6d8599,2,1,1,2
6af3f068-5559-43ee-81d1-11ab56c8ed59,2,1,1,2
fa9d4c57-e7ef-44a5-149b-fe7aeee3161b,2,1,1,2
510f85de-8218-4b5d-89a9-babd61e852f8,2,1,1,2
740b2bb3-f6a9-7b53-a014-648d03b4a4b0,2,1,1,2
618f6697-9ec9-4ebf-a56e-e8b7eacabb58,2,1,1,2
c080c767-42bd-49c3-98da-f0f4e5e2cad2,2,1,1,2
97edf0b4-6478-4f69-8bc8-e09f2ed40896,2,1,1,2
de775236-e78c-4582-9930-30bf003054a4,2,1,1,2
335936dd-117b-4689-8b1f-b66fb75907b5,2,1,1,2
dad425b9-dd9b-4c40-b609-0d73614c9fb9,2,1,1,2
3172ffe3-c436-424b-bd3e-bfff337005fb,2,1,1,2
537580a3-2931-4ee7-bd56-921f217dc4b9,2,1,1,2
c45a3da6-fd9a-4ef0-8e12-39ed34571ff0,2,1,1,2
e25274b9-a64d-47d2-8a05-6e7db2cf7d74,2,1,1,2
fdd30bac-0388-4cd4-83a5-9f874fe69f9e,2,1,1,2
40c2e492-30fe-4dce-84a8-0d1b280d68e2,2,1,1,2
b492be01-0358-448a-8d6e-145f7950f773,2,1,1,2
c1ab6934-97f2-4414-95ab-35b8a2791202,2,1,1,2
33ae055f-b57c-4913-b389-3fae5f6aa5e6,2,1,1,2
610cb3e3-19cc-47ef-8127-7ca11c72ac28,2,1,1,2
5968f9ab-457c-480c-a65a-6476dd9ceecc,2,1,1,2
a7f50cce-97e9-4611-8cc0-6f7bce928208,2,1,1,2
ed296aed-a02e-45ac-8600-fd294e53b259,2,1,1,2
01cec7b5-04d4-4a43-80ff-2cfb7e9454a5,2,1,1,2
7fdc6cc4-b8c2-73c9-e6f9-4b77217930c6,2,1,1,2
3a597557-91c4-4c82-b639-d603a9abdc8c,2,1,1,2
2bf5968b-1d88-4f59-95fe-b079003822ad,2,1,1,2
d1ab1615-9912-4f09-ad9f-2900e7dc2fed,2,1,1,2
260b1a92-4af5-4b27-82ab-80266aa72d43,2,1,1,2
1e39d9cf-b1bf-413e-9b25-18bad16f8575,2,1,1,2
a8683033-c00f-4381-93ad-598501f5b782,2,1,1,2
59af2cbd-866e-4689-862a-0d6af0e3c344,2,1,1,2
1dd1c21e-3002-45ae-aed2-2f573c241267,2,1,1,2
8096fbdb-199c-43f9-beee-5e4845e7acb4,2,1,1,2
00542a42-0c6b-4499-b307-5c6d65298627,2,1,1,2
1124b417-674f-4020-89b2-89d869b4fbf2,2,1,1,2
e5499620-c304-4810-87fb-ef969af6b257,2,1,1,2
a742390d-d73a-4c9b-9ae4-80440e62cea4,2,1,1,2
c852b2fc-f887-4cdc-8afe-d0207ac7995b,2,1,1,2
81b752ca-d647-192a-e9bc-8eceac74bb92,2,1,1,2
8da44cd0-8c7a-4768-94a0-c95606d7da38,2,1,1,2
ffe86104-0548-4390-9c5b-c3285d600d84,2,1,1,2
c83a18c2-1b47-4389-bc6c-bb354677e8c6,2,1,1,2
93c42a07-5552-42ce-88ac-492c84ac17fd,2,1,1,2
14c3fbbd-17ff-4609-aed9-5810f3206300,2,1,1,2
4622aa1f-192f-4682-a1c7-d5f0b08afb58,2,1,1,2
845bac7f-a4f0-43cc-88cf-c2c276cf609d,2,1,1,2
50b04a41-7ca5-479d-aaa0-8573f44081d0,2,1,1,2
ac6c2934-a095-4ced-8d3b-c8954c35f601,2,1,1,2
3ca1afc3-1c60-4762-8cc5-5243c04e6fae,2,1,1,2
c4469a24-fd69-4573-b39b-6fa5861d89fa,2,1,1,2
bad6dfb4-b581-4c9a-bc82-77bdd6f49a89,2,1,1,2
2aa450b4-6d03-654e-a20b-f668fa141fd0,2,1,1,2
b349276a-595d-4c26-b309-2e32881dde40,2,1,1,2
1dcee40d-bc8a-4bac-aeae-b4f69d207b61,2,1,1,2
b41eae69-431c-4189-8031-dd4593a9ead2,2,1,1,2
524aa0d4-1ed3-4f8b-9661-bfdef5cdd2a3,2,1,1,2
1a5efe9c-9941-4c12-9e00-18b83d6f0ef1,2,1,1,2
c0708bf9-3068-40e3-9939-dbba0a43aa07,2,1,1,2
c990eb2d-cab4-48db-80c4-6aa064236cf8,2,1,1,2
9fb119e9-27ea-4caf-afec-e54d41e3072b,2,1,1,2
f8420fab-c8a3-4d9f-b14e-949b5f080f60,2,1,1,2
099b0c2c-7d5a-4b22-98c6-959d81e0f564,2,1,1,2
93888ff1-2038-47e8-bfb8-57e080218e1f,2,1,1,2
3c36d20f-7735-4aca-89c2-4d44dde89f4a,2,1,1,2
93107a11-49da-4b0b-ab00-135f13ba0d98,2,1,1,2
d289ff0a-a43f-4c2f-8b25-0ef50438b6ae,2,1,1,2
5ed39a41-f17d-47a8-aa0e-74d33f812946,2,1,1,2
71094f0d-e2e6-4931-8227-80e5c6e81cdb,2,1,1,2
11b46588-6d40-4fdc-ad73-f9366b8cdb0b,2,1,1,2
6e223cdc-dab8-4181-a5f8-b419f7043104,2,1,1,2
1264791f-9e1d-4903-ad92-64af708d8ddf,2,1,1,2
17f2e2e9-cd3d-42cd-95a7-28475f11f693,2,1,1,2
f0fe0a48-63c4-42a1-962e-01de9f2f6066,2,1,1,2
014e5f5b-a2c1-4a6b-a91c-1e8af9cee15e,2,1,1,2
74ea416b-591f-4a06-964a-1d725cc6a3d3,2,1,1,2
da1c6c74-73b8-a83e-9cb6-192cdb1c00bc,2,1,1,2
f74a9f56-f65c-49cc-95eb-deb790226f96,2,1,1,2
bda997eb-a3ec-4eee-adb1-f0d5b3907aac,2,1,1,2
44075ca2-92e1-4944-9479-d1f92466ddc5,2,1,1,2
1269fd23-0bfe-48fd-be0a-5ea3e49d4af2,2,1,1,2
df5870a7-c70f-454e-9662-5a737d42a5a9,2,1,1,2
d736a41b-7259-a0ee-1692-ba6399f2f39a,2,1,1,2
a0111715-557c-aacc-aafc-145617633318,2,1,0,2
fc6f64b7-fe42-7c57-762f-e36eb1077d64,2,1,1,2
c1b2104d-661f-4aa6-835d-c783fd92a072,2,1,1,2
ea61bd5b-356d-4315-a981-eb54b33bc6fc,2,1,1,2
f34f0af2-c260-4af9-b1cb-05e0974b83d2,2,1,1,2
e00a52f7-a128-4a2e-af81-352a7556bf85,2,1,1,2
493cb77a-626a-4698-9b35-5faf38cdcb8e,2,1,1,2
706a551c-7f96-4ebe-9f74-7a71a6b8c8b8,2,1,1,2
429216f5-dcd2-40a0-a6d7-912fe895f095,2,1,1,2
aa77c3ab-20e6-47c1-8c04-919744883f61,2,1,1,2
a47d7553-36c5-4e6d-9949-2e5ec8c91268,2,1,1,2
f2b2cc38-9d19-4685-a5cb-11856222972e,2,1,1,2
839977f0-77e2-41b4-9f1f-e8becf696d32,2,1,1,2
cf74cd0f-f2b9-4d58-b03c-74229ac6be27,2,1,1,2
38f1aa87-4958-44f7-a084-59ae5d56ea9d,2,1,1,2
4359577e-f76a-40bb-8218-49de10a666ab,2,1,1,2
aba42f2e-4e06-4d4f-8d8b-3883119e3616,2,1,1,2
04641d9a-2331-59b2-1e60-eddcef271006,2,1,1,2
7b4b151c-299d-4010-9f8f-3743b710ffac,2,1,1,2
8981b4f0-ab17-4d69-b9db-ee88322cdc84,2,1,1,2
8916ec69-45f9-462b-bdfa-a8f6149340d7,2,1,1,2
0871f3e8-ceee-4cf1-844b-778bccc5ea24,2,1,1,2
9704c0da-235b-4ec8-9ef8-d8d4bbdaf4d0,2,1,1,2
ea2e7bce-3ea6-c059-992c-c7ac74e58eda,2,1,1,2
e8e243af-8ed8-4afe-86ab-b16c275dd249,2,1,1,2
a5662cf8-f64e-4197-820f-1ba8881a75f9,2,1,1,2
573ab3c7-f087-49b7-aeeb-71443ae27c79,2,1,1,2
3c96f0d2-525e-1e6c-d9b5-cd31c911ee13,2,1,1,2
6a7c6725-8ca0-405f-84e6-e506f50fabb3,2,1,1,2
33b035b1-b7f6-43cc-9d19-cd93841b7292,2,1,1,2
b9819128-f90f-4c29-b5f5-8b73d7ffd01a,2,1,1,2
68945398-b838-4089-be9d-b58de896606c,2,1,1,2
cb6c5a33-042c-46fe-ac15-97f74a5eaf46,2,1,1,2
62c913d1-dc36-4662-9acd-3e931dc90592,2,1,1,2
fe924995-1add-4b3f-9fe0-4bf7e3d048df,2,1,1,2
c8dadde1-6d31-487d-8007-992e0a4f7241,2,1,1,2
671618ec-9a92-d287-1fba-ca1570cbb1f7,2,1,1,2
c61a10da-6f73-45f3-8a6c-cf3631415509,2,1,1,2
8d1a4766-5f00-4418-926d-b0591c333344,2,1,1,2
d570f225-3cb5-476d-a3ce-e8231bfe9b67,2,1,1,2
4483be46-30f1-467a-8d00-e99fc768de0f,2,1,1,2
00eb4195-832d-438d-94b7-bb3b3427bc67,2,1,1,2
1e6d66b2-2066-4b2e-9678-d3cbc4d1158e,2,1,1,2
123d38d9-1bbe-4de8-960b-d54862331a48,2,1,1,2
f7dc68cd-b44e-47e1-aec0-c53441bdd011,2,1,1,2
cb86df9f-9878-a1dd-a0f0-fbeb8dc5c36f,2,1,1,2
669b1bc7-b013-4c10-a64c-c535687d11aa,2,1,1,2
415ef30f-5d74-456d-95f2-e8b5dd387001,2,1,1,2
54cdb6b0-7376-4e90-af2d-3ddead7a948f,2,1,1,2
61f0d5d5-110f-4443-a38c-cb18bee1954b,2,1,1,2
e7b84f2a-514c-4b20-992b-2cdc95a1c507,2,1,1,2
ca50c425-c62e-45c3-bec4-0ebc8ec7a513,2,1,1,2
a2660a21-ca9b-4c05-ae70-3b7aaac952c3,2,1,1,2
c8fe0ab2-a1f7-4971-9364-9d2495afb373,2,1,1,2
6a3d96f6-8bae-4b6f-8107-b12b91b56240,2,1,1,2
7b2b7759-174b-4e42-925b-24ee0a74c94c,2,1,1,2
354995d5-dad9-468e-8fbd-ca9a0b49dba4,2,1,1,2
59e8625b-dd7d-40a4-bf8c-9e36fbbe42d0,2,1,1,2
22c53cc6-bd58-bacd-5414-8e08444df772,2,1,1,2
dea06c15-1938-4d4e-a082-72681f899356,2,1,1,2
d2eea760-44c0-41ad-8d83-e5f747f89d05,2,1,1,2
8d30b444-7b72-47e5-a351-5defe8c7871b,2,1,1,2
100efa03-8612-4e3d-aa8a-89e18fe06b93,2,1,1,2
10627db0-1d25-41b2-ab92-8d9589715a3f,2,1,1,2
72d72bc4-9f1f-4b1f-a19a-56a208624728,2,1,1,2
250f73ce-8f64-4261-bf8d-e3d159c6a42e,2,1,1,2
c151e170-680b-4f03-a4aa-011ca6d2b48f,2,1,1,2
dfdb8dfd-45b2-4f46-9ea7-92c2cbcc0df4,2,1,1,2
20a307e3-dedc-4adf-b4bc-6cd229dc438b,2,1,1,2
7e71ef39-7e07-404e-865d-54af2b2fbe6b,2,1,1,2
7d0d8959-e454-4c25-a1f9-cabaf60ea0b5,2,1,1,2
67441430-4b61-4133-8a92-d3755673a0a1,2,1,1,2
df58130b-9497-469d-91bf-033ec1b91d6e,2,1,1,2
453dfc7e-9a10-49ba-825a-6ec815d45c69,2,1,1,2
e6b7214e-7dbf-4045-878c-b395b57bdbe5,2,1,1,2
44f3de67-fb25-4b8b-b86e-6f4a93e3b74a,2,1,1,2
9e7bb5f4-0111-4c41-af1a-fedba9d87f97,2,1,1,2
65874a1e-5bd1-4f59-8192-5fb5b505e974,2,1,1,2
b4d4a184-a6c3-4ba9-a439-336cdec22f52,2,1,1,2
53b52eb7-f51b-4b97-9008-38ddaa7b6001,2,1,1,2
3237e99d-f943-43f8-bac9-f641fb95fd5f,2,1,1,2
a0bf8e8b-07ea-4608-82ac-169e2acfa085,2,1,1,2
1b3f40a0-a8c9-4d57-845d-694c23c5d943,2,1,1,2
a33b7717-8f2b-4738-8215-89702d99a08e,2,1,1,2
e0e5a133-3e58-4d80-9909-7d7d0a18db47,2,1,1,2
c226c08c-e3d7-4312-bdf1-e66de70dea48,2,1,1,2
729fef36-6410-455e-a45b-4938bbc0d44d,2,1,1,2
2212180b-503f-44bf-b5f7-310f3f662a04,2,1,1,2
a781d061-05e5-4160-ab0d-f827a545e3f6,2,1,1,2
6611b9d9-0450-4de6-a6cc-d8f63917c20e,2,1,1,2
477062c6-b823-409e-96c4-bcac4e4b8f34,2,1,1,2
b5fecdb2-e119-4415-acaf-047518f42221,2,1,1,2
fef33643-b754-bf3c-ab82-f97f37435be0,2,1,1,2
1812ad7b-7bfb-405e-ae22-2feb9229b373,2,1,1,2
bb4cd9b4-6bfa-48d3-b885-4d59b0e4506c,2,1,1,2
ab5ea8bb-b430-47d2-943d-efa4fc1c950c,2,1,1,2
19a36dfe-c65e-4fde-99b6-78c7b0940d2d,2,1,1,2
646220de-7e41-4912-b326-49f7b433b355,2,1,1,2
e8d599cd-f2c9-4ee5-a997-9c43844bc7c0,2,1,1,2
c0033229-6d3c-477a-8f5a-d3b9e5157419,2,1,1,2
e329ae4d-f129-47a1-a443-c11916729dfc,2,1,1,2
10e7b47c-c1ba-4f3a-b081-dc9ca52d9940,2,1,1,2
dae2d3eb-716f-44ec-be70-52e078852c84,2,1,1,2
6d1964e4-9354-433d-9167-ec48e0623087,2,1,1,2
0e797f74-8f40-4015-8a83-5e5965439a5b,2,1,1,2
2dd3398c-6031-4665-9a35-9cea71479216,2,1,1,2
bd8e483c-d1f9-4e3a-be42-de32b08bb6b7,2,1,1,2
278b7a23-b321-d503-7519-672e65d60c94,2,1,0,2
ec9212b9-2b2a-1618-ee42-17cf9034a09b,2,1,1,2
cac3ba8a-63f5-46f3-a524-1060ce0b9bb9,2,1,1,2
aad0f970-5489-438e-9925-70cfbf36c53e,2,1,1,2
0f4d8dde-5a7b-4e07-b157-5b57d76cc6e5,2,1,1,2
e52399a0-964d-4fb6-81e4-33247dc5ec8b,2,1,1,2
f3b37990-a588-d732-0a2d-6e684a794150,2,1,1,2
006f7dcf-2c90-4bc1-8221-8d3af4293411,2,1,1,2
687aa99b-ab64-4a91-8e5d-2d88420f420c,2,1,1,2
d95b0300-5f6c-460e-b4a1-442e09064c05,2,1,1,2
15871d22-031b-ccf1-b194-5c6b74bf4e24,2,1,0,2
418c4413-15fb-7932-0cb9-100e5068a125,2,1,1,2
16e50a2a-a67f-48db-b62d-c2c7eb0be12b,2,1,1,2
c255fb19-762f-42f7-9b40-222e6b52a5ff,2,1,1,2
b5480701-5637-46ae-a3f1-3e7b57c4e9f0,2,1,1,2
4e930927-79f1-4b84-be86-234260a8dccd,2,1,1,2
16dff73b-a32a-65be-2358-ceb72b099cf3,2,1,1,2
639d46b2-1385-4a1a-ac35-77516fb058e4,2,1,1,2
ab20c8ad-f518-426e-b3b0-ed864bf7b9a8,2,1,1,2
28e8a2a2-7749-4ff7-a71d-7f98de0e0e84,2,1,1,2
60080b06-f08d-f411-1907-0cea8ae36809,2,1,1,2
6f6c8fc8-78cf-40a8-89f8-a2f04e365d8d,2,1,1,2
b990d474-0cf5-49ec-b7bf-12f0d86c748c,2,1,1,2
61afcafb-8a20-4a03-b8aa-a9f4c8323cc6,2,1,1,2
434f574b-3e9c-44e8-aceb-2a38f76a85b2,2,1,1,2
71c2ec78-9ede-4a8f-bbb1-3678bc4f8ce4,2,1,1,2
215b1b53-fb3c-404c-a3f2-8b817f3c9006,2,1,1,2
2f78a0fc-cef8-4fc3-a6e2-204fabaf7393,2,1,1,2
dd5bdb0e-b805-447d-9b12-0393bc04a6a3,2,1,1,2
b37a6a1c-d19b-4057-be89-6ded17777425,2,1,1,2
62f65e66-a39f-426c-ba91-abb645b2ba70,2,1,1,2
63cdf242-ec86-48d0-840a-556e066648b7,2,1,1,2
27cbb7c9-465b-4435-aadd-261c6165c53a,2,1,1,2
9633879f-84d3-4ebd-ae1f-eb0142cd2655,2,1,1,2
456e04f0-7b49-4955-af68-84f6710f4c45,2,1,1,2
3dfbbe4d-6bc0-4694-b17e-97c23c761a17,2,1,1,2
c21b2f5a-2111-42f9-a273-079725f4a008,2,1,1,2
3559c936-822c-42e2-8c21-bd02915868ea,2,1,1,2
0c382ed8-ae94-47a7-9dce-905b494200f3,2,1,1,2
136213b5-baed-4550-933a-bfa7bd7396d5,2,1,1,2
44e280cb-0d89-40ea-9312-040763ef442e,2,1,1,2
579f8dd7-5dc3-4169-bdd9-3f494de96f2d,2,1,0,2
4dfa56e9-3451-4805-b580-8effae7bc1d2,2,1,1,2
9418ee3e-1d57-45af-ba7d-947370f3503e,2,1,1,2
42495f08-56b3-46cf-bdc6-d534705dd596,2,1,1,2
3b0741a2-f8ad-4eaf-9ac9-53206a5ae09f,2,1,1,2
34faec78-67e0-466b-8017-1ae44e23d139,2,1,1,2
82f882ea-197e-4c39-bd14-014cb10f514e,2,1,1,2
9fa59612-404b-461b-891b-01c81317c6e3,2,1,1,2
67177173-d050-76da-73c1-bf55ed87de4f,2,1,1,2
267ebc1e-c91f-4cc0-86d3-2607a388e723,2,1,1,2
b1a754ac-8251-4c9d-8dee-4bba498f0fce,2,1,1,2
7b5dc88f-0321-4e9f-99d9-52fa7ee3e0a4,2,1,1,2
8c676c04-e472-4ea2-8828-314d5b976292,2,1,1,2
e7374b30-8323-4b41-82ff-d0d97d1e5dca,2,1,1,2
67e036d1-5169-48be-bad9-b0814a6c3585,2,1,1,2
1aae198e-1674-4db3-b1c1-5f9dccc18937,2,1,1,2
8eecd657-6389-40ef-ae1a-36f0da9bbcba,2,1,1,2
937b20de-ab7b-467c-9ac7-9af4c621f97b,2,1,1,2
5f2e14bd-b216-4072-aa23-75307345384f,2,1,1,2
7cc57125-c09a-4b8d-8c1f-1e89218d8283,2,1,1,2
81422691-4ee1-1cb7-4727-446367d22886,2,1,1,2
50f82ae9-3c88-4e2d-8787-93dd40150db7,2,1,1,2
87fb16d9-6731-4aca-8d72-a4fec50664be,2,1,1,2
2fa26932-18bd-40a7-a188-88249447c4cb,2,1,1,2
69920433-8015-3769-0139-cd3223029c8f,2,1,1,2
cd5abb17-9160-46b5-a7d8-269629adcf7a,2,1,1,2
4862bdd4-062a-4019-b831-02c050fc3713,2,1,1,2
40b246af-7d71-4362-a0a1-6b6889d129cc,2,1,1,2
c33c9c25-db39-44bc-af8a-3a7031b9162a,2,1,1,2
80e50a26-b2da-4e18-b249-8184c3591fe0,2,1,1,2
85bef4e9-b1cc-43f5-b413-321c93f1b50d,2,1,1,2
50fb3d4f-42ad-485e-9ac3-d3e03489d8ec,2,1,1,2
da2535a3-70e8-41dc-84bf-51e03f983bd7,2,1,1,2
b7218bb0-e54f-41c2-a553-5ed7f2f76ee2,2,1,1,2
043789d9-c2a8-4e9d-b099-f2f5e9295a44,2,1,1,2
f37f565c-eecc-446e-9ce2-eb57a39cfa93,2,1,1,2
62fa350e-e111-48a9-a396-29651800849b,2,1,1,2
c4ccd6e8-cd54-4313-9eb6-ecc9fd71d4f3,2,1,1,2
18a5a32d-228d-4a05-b4bd-116c1794508e,2,1,1,2
e754a406-de6b-4bc6-afbe-220d9b98cdeb,2,1,1,2
968cbcc0-e3fc-49d1-9c3d-1ab83bd12086,2,1,1,2
6415f95d-9df4-47f9-93e6-a8381e4ffd25,2,1,1,2
e0a3c5bf-c29b-4082-8b14-a61c0a5be04e,2,1,1,2
a00bec91-abb4-43a4-93b7-4ccad048d675,2,1,1,2
a3c78afb-fcf3-47f0-9db9-2fa37d4dcbcc,2,1,1,2
3ba7e4ba-6e3f-4cd1-9a23-79a83ed794cb,2,1,1,2
cb3fd55b-24e1-4d7f-b8f6-e568a7a2704e,2,1,1,2
cb1d0012-1d43-42f6-a0cd-f1ee2bc623a6,2,1,1,2
1c379efc-5338-8e02-ae9b-9d3abef50621,2,1,1,2
de3cd261-2625-4326-b425-4ed0cb3aed1c,2,1,1,2
0727a9a6-b9e8-7ced-be51-7ec9d7ff7a84,2,1,1,2
2a1bb72f-bed1-45b7-b140-9a6309ee9f93,2,1,1,2
82daadc7-035e-4e72-b8f1-2e4e03dbeda6,2,1,1,2
30aee17f-0564-4443-9d68-687a51ba081b,2,1,1,2
6f845079-c13c-4e77-9680-47188a0a48ee,2,1,1,2
244f3c8e-ddab-443f-9165-147fc47c03ce,2,1,1,2
cb6e75a2-821d-4004-9cfa-772626ef6fdf,2,1,1,2
4756766b-4e01-4a9d-91b2-904d6918670f,2,1,1,2
8aadff77-23a1-4efd-b960-68f9dc478fda,2,1,1,2
319b56f3-552e-45b1-b39c-190df393b89b,2,1,1,2
9fc0fb44-b065-402c-b0db-570a34e59d79,2,1,1,2
d4feb23a-d401-4ecc-ae44-82f66d7704b8,2,1,1,2
4923143e-5144-4b28-bd55-01d4a5d72c0b,2,1,1,2
13e1b569-eaf0-4b47-b9c6-9022aaf994e0,2,1,1,2
1f83e184-f760-4ecb-88e6-af24a3bdeb9d,2,1,1,2
9186116a-4de7-409f-a110-fff3743c5135,2,1,1,2
cb192846-4590-41cf-8828-4841c1387d36,2,1,1,2
1c711468-1fbe-4685-9fbe-751393eccf8f,2,1,1,2
287663a2-8327-8089-2afb-3a992bbc3535,2,1,1,2
54e26a5d-5869-ed11-fb2d-aba95e585f19,2,1,1,2
ef4daddb-be92-f2ca-97c8-5cebdfbee73c,2,1,1,2
7a0a3e9a-8191-4b87-8caa-0cc147dfa464,2,1,1,2
b8aa19c9-d381-4602-9ee1-183a18e71f82,2,1,1,2
cd65f2c4-2e5e-446a-979a-84dbc080ae6c,2,1,1,2
aa09f091-aa84-4769-a3a0-085591ea1508,2,1,1,2
3fa9b4df-a551-4800-a4bc-c88f12f24af8,2,1,1,2
95edd06e-ced3-48b5-958a-73553b6bf8b5,2,1,1,2
e7929740-6e6c-4156-bdf3-8586f1928ebf,2,1,1,2
7f545ed3-27aa-4362-91a7-9dc1761bacaa,2,1,1,2
f2e00164-3af0-4f80-9feb-8c1f0e167da5,2,1,1,2
0394a67c-a509-485a-a462-c00a9737f3b9,2,1,1,2
afb142a0-7244-469c-83b6-7fb52eb16540,2,1,1,2
ae27554f-da54-4442-9bee-40609286f831,2,1,1,2
77c464a2-ba0f-4943-b9e0-fe923ddf64dd,2,1,1,2
fc1c2403-f8c0-49e1-b0d3-fcd2bdb58adc,2,1,1,2
718e80e3-c6fe-4473-9de7-4851e78047d5,2,1,1,2
a3deee73-32e5-4eb2-b06c-c08affe805db,2,1,1,2
0a5f404a-1ac8-f88e-39cc-05e21f8a28fd,2,1,1,2
89eb4ad1-7ff4-424a-9bcc-8281db91c8e4,2,1,1,2
8acfee0b-6a10-4f81-9467-02efebf5f216,2,1,1,2
a622b82f-2a71-4add-b116-bf063ff4c4e4,2,1,1,2
ead9239a-f2f9-4935-b597-57fb5c917a3b,2,1,1,2
c236c759-97cf-4626-8323-da6413e0507e,2,1,1,2
2da37455-ac94-4c80-90a1-bbe3a45bdc28,2,1,1,2
0beeef86-3b99-4350-b33e-fa0c54d0771a,2,1,1,2
403dbd17-5490-4614-9e4a-885aaabc6508,2,1,1,2
c7b355eb-631f-429f-a940-b0162e558306,2,1,1,2
162e99cc-94f9-4f47-b56c-a44ed9fc8c99,2,1,1,2
0a4807ef-594a-4840-87e0-3bfdc7091f7e,2,1,1,2
817eb66a-7d51-4c53-8bab-ac569da781ef,2,1,1,2
51790c40-cee9-4d99-925a-0232bd98c6a6,2,1,1,2
13f024c7-8635-440d-a1dd-63c35d39e309,2,1,1,2
a2f88856-f913-4340-89ff-455a22141575,2,1,1,2
1b343a5a-3407-44c6-b126-14663c03328e,2,1,1,2
90a4ffc2-0adb-4ded-9a8f-a34dc8d5c0a5,2,1,1,2
e49824e5-de56-440b-b574-c0476ed9d660,2,1,1,2
7cd8982e-b348-4472-9682-289a28990d49,2,1,1,2
f8c9a4e2-7307-49b1-9a6e-ef7ae08e8201,2,1,1,2
eb498311-91fc-412f-820b-fcd1cbc70cd0,2,1,1,2
2b527742-31fc-4250-8472-86e5d8829b04,2,1,1,2
1f509d72-dcba-4398-99c6-233e7e2446f6,2,1,0,2
be10e94f-d3e6-46ef-ad92-feb8941e0625,2,1,1,2
1c4b322b-0f35-41df-a3ce-1ba6b3ad0dbc,2,1,1,2
0eacbf58-a382-441c-a2ff-e6f77fb35eb9,2,1,1,2
20008642-c593-402d-95f2-3a2a4878052c,2,1,1,2
5606a753-ce16-4568-88e4-d1d6859858a5,2,1,1,2
2c482b9a-3f0d-4960-bde7-02af4fde819e,2,1,1,2
589ed6c3-d517-4831-aa66-c36ae76de422,2,1,1,2
cc2f72ad-7d00-4501-87c8-3a3ef7ab73a1,2,1,1,2
d83c1ca2-ccb3-4a83-b5f5-f77927119cb2,2,1,1,2
09573693-8493-489f-be3a-95325ab4417c,2,1,1,2
366b926e-2969-4330-9224-6f700ca30984,2,1,1,2
5f968366-2d23-41a1-8af6-7890981d2124,2,1,1,2
d889704b-ebc3-4cfb-8a02-b897c9165c52,2,1,1,2
6ea2dbac-6a78-42a1-850b-24016f28d27d,2,1,1,2
d6756525-b3d9-4173-9a51-eebdb77e91de,2,1,1,2
63e7858a-a707-4bb2-9ad4-22b6762bb003,2,1,1,2
b5fcc665-73da-4777-929b-bea304cf085c,2,1,1,2
34b689fc-3611-410c-baa4-706df3da9280,2,1,1,2
e45d6704-1c27-4775-922d-7c1bcd5ef866,2,1,1,2
44e02958-ec9f-48f8-98cd-f7582366675b,2,1,1,2
5d0fe769-c307-4377-b193-740ddad6a5d0,2,1,1,2
cba5a0b7-d1f1-45a3-a6ba-762af84da466,2,1,1,2
c2702ed6-d080-4096-85b7-cbbc740c75b8,2,1,1,2
0504ad18-9537-494f-ad69-091d115fd253,2,1,1,2
2d0644e8-f07d-4981-bce6-ae8ac02279e5,2,1,1,2
816073b6-fa2d-461a-910d-c3a95ac17af1,2,1,1,2
1ac645ae-5afb-4ebb-a95c-51308cf13bf5,2,1,1,2
c1856898-36d4-4c19-acfb-a5bd46857014,2,1,1,2
6331857b-7183-4491-8bed-ac6c313a06a0,2,1,1,2
90c4b7de-2801-14a4-9044-c388df5313f1,2,1,1,2
d5873c05-0520-1a21-9cb6-c57e48dca1b1,2,1,1,2
11c93571-b966-46f6-8662-dd676e0743de,2,1,1,2
32bc4d2e-08c8-427b-95e1-130e0333d5a9,2,1,1,2
c4c8460d-578a-4c74-b3ed-1b0d70a74b44,2,1,1,2
d08dd961-e887-4159-8d8a-f346187d8ae5,2,1,1,2
afb15495-db4b-48c9-822d-581e0bc49986,2,1,1,2
7b79a664-08f6-4541-a4bf-3e5bb448b196,2,1,1,2
1a8201ca-c555-493b-b7a1-c0eceab9f951,2,1,1,2
091cd54f-6161-4b44-aaa1-320731226cbf,2,1,1,2
1fa9f68e-26e6-40cb-988c-1c3461663ac9,2,1,1,2
ccb97bea-bf39-4973-bb4b-85d6e9063436,2,1,1,2
60480651-2ebe-43e6-85a3-5eebe0f46653,2,1,1,2
f2f4ee0c-1fcd-45a6-b19e-b1a850a597fd,2,1,1,2
374fbe95-9936-4a9e-8ec4-1fd8c5084fa3,2,1,1,2
df026d2b-4e8e-4316-a98c-f6b3774ec938,2,1,1,2
b1b295a0-e023-4b78-a50d-3e16fe6324ed,2,1,1,2
b9bc282a-08cc-4b2b-8a52-b56d3731cde8,2,1,1,2
64629b19-2b90-4787-be92-affa8a48ed73,2,1,1,2
54a75f9e-9575-4998-8a28-33ff2dd2671c,2,1,1,2
77079e7c-63d9-41cd-80fd-39d5816a465b,2,1,1,2
bb1bdb7e-f1a3-41d2-8c65-641c888993d8,2,1,1,2
0c6cf00a-04dc-486d-b1d3-1ec7061ead07,2,1,1,2
ecb2af62-d49f-47fe-8369-29d1fb256048,2,1,1,2
a3834b61-ab64-4147-9ce4-fe3ec0d9df9b,2,1,1,2
eb59bc85-80f5-413a-8290-5e358bec7366,2,1,1,2
2c39a8c3-3a65-4a60-9f89-d89088708137,2,1,1,2
96f8d9a6-b866-4c9b-812e-924ccc55a121,2,1,1,2
bb6046cd-6710-411e-aa13-e879d373130e,2,1,1,2
2a34e262-591e-4f67-75de-d2167ebaa830,2,1,1,2
3b536ccd-f452-410a-bad5-d3a668d382b5,2,1,1,2
5e14a0ff-5eed-c692-335a-2406d19c6558,2,1,1,2
efb6aa22-2f98-4f74-8024-89c92287e6c5,2,1,1,2
b23c773d-77bf-4094-8d7b-0999922a617d,2,1,1,2
4957bed6-bd38-4c40-b8f6-0dbb2f95149d,2,1,1,2
06fcc04a-232a-4705-ae4a-85744626d24f,2,1,1,2
160f5226-c067-4f86-ba44-21e8e9a7aca6,2,1,1,2
ca9de756-2436-438e-b1dd-56321bd4dcda,2,1,1,2
245f1786-3844-4a3b-a10f-18549894abf3,2,1,1,2
4876ddc0-5815-44b1-9610-2fb1c6071369,2,1,1,2
e7dac35b-298f-477e-b463-f51127f50622,2,1,1,2
856df413-b81d-4efd-87f0-0b0f00e3951d,2,1,1,2
79227c3f-7f05-4e73-b265-1241f32e52fc,2,1,1,2
c9a77d0b-2863-46bf-b333-7a06292786e5,2,1,1,2
ce64209f-b356-4b0a-9b26-2c0c44f9171f,2,1,1,2
b791089f-5399-4e77-a955-b05c8553d73d,2,1,1,2
d5267383-d4f6-4c7d-9046-ba0bc3f0e093,2,1,1,2
4ac26404-7ed0-4713-bf2b-72c289df5ff5,2,1,1,2
5d1d5feb-1c38-4379-936b-e4fd21eda21d,2,1,1,2
226244fb-df37-428b-9831-28e71a6151d4,2,1,1,2
cc8989b4-4699-47d0-b75b-c6db93e7e106,2,1,1,2
547aa790-15eb-d7d9-1e4c-2de9618add3c,2,1,1,2
a4efdf45-bde9-446f-a423-ff53555e7906,2,1,1,2
bfafcc8a-440f-45ce-aaa3-048549349431,2,1,1,2
7bcbe43e-6f32-7d5f-e054-d3557cf70b96,2,1,1,2
76bf2482-f6a5-475d-b354-ff5ba83a79c2,2,1,1,2
f5dff7c1-28af-4f2b-9af1-b2f15757abaf,2,1,1,2
dfd9a61c-fd48-48ba-8467-9e9dd1da515a,2,1,1,2
a00c4c7d-dd85-4f23-9ca4-d2fabb224c97,2,1,1,2
8324dc51-6f53-4f3b-865e-ca5f4fe26020,2,1,1,2
32862eb5-0801-452e-9f40-978fa4b2a9b5,2,1,1,2
99eb0f8c-48b6-4191-8d98-240bc3b1a8ef,2,1,1,2
5c5a8596-5ea5-4a70-9d09-168ffe8541c5,2,1,1,2
ff1b34f0-9387-4c65-852b-ba9bb4dbaa0a,2,1,1,2
0a88d539-9644-4fca-877c-c5347d26bc75,2,1,1,2
61b2acf0-9316-47e1-b155-08d65fb19944,2,1,1,2
0200ef33-af4c-4998-938f-1e2aab68763a,2,1,1,2
f3b1e22c-6302-4aee-88d3-dbf9155323f4,2,1,1,2
b7062267-0d79-4572-babd-48a4b502e55e,2,1,1,2
56c2e865-94d1-438f-bc54-3bea92959c02,2,1,1,2
8e883fa9-399a-4a59-9c1b-91be5b686c00,2,1,1,2
41d409a1-6544-4d10-9b42-a1a7cbe10681,2,1,1,2
995f5edb-4320-4572-9e7e-369403f71577,2,1,1,2
27ca7645-f042-47c4-887f-64b4fced9153,2,1,1,2
d00904c1-806e-41bf-9a60-e7893d5bc977,2,1,1,2
1cf2d9a4-e9ea-4f10-af5c-2e7e3e54bfe8,2,1,1,2
7435c5d9-29ba-47b6-ae70-ff9dc10075b2,2,1,1,2
93894dfe-0b60-4d2b-ac37-f303a52747bd,2,1,1,2
0813fcad-08a2-4531-6d2f-c03ae8438a69,2,1,1,2
af041e47-eee2-4769-9553-ba718d03a5e5,2,1,1,2
b4bbc711-fcce-4c94-9dc2-3868fcd2bc5c,2,1,1,2
24aab6d1-9dfc-47eb-bd4c-fe468d026e71,2,1,1,2
53f01489-743d-42e7-a31e-989201c17441,2,1,1,2
5a3191c0-19ed-4ab5-bb81-9501133313eb,2,1,1,2
6dc39115-3f04-4168-ab2b-bcad90e04717,2,1,1,2
196a8ff5-197a-4316-a1cc-e362431cac94,2,1,0,2
cb225733-2309-4217-ac8c-6e83539929f2,2,1,1,2
c1fb8490-067d-431c-bd4b-86519a08cd11,2,1,1,2
6c97436d-59fa-4045-b31b-4d6633f0e19b,2,1,1,2
397595e6-f2ab-48e7-bdc8-35565b5a8c63,2,1,1,2
27ccac09-2bb6-4c58-920e-d6a197a78796,2,1,1,2
79951ace-a1a4-43a3-aa46-5f77a2966d73,2,1,1,2
96f3c826-ed3b-4e02-8d97-fe197b3bb394,2,1,1,2
2fd255de-224d-45b7-b245-c40d80c94fcc,2,1,1,2
3cfb0d39-4425-4ca6-8a24-2d9e537416ed,2,1,1,2
81607ec3-40a8-4b99-ae58-b588d0123cf0,2,1,1,2
78d86722-b5b8-4166-bac1-5bf0b8f9bd98,2,1,1,2
fb5ceea0-26cf-4d94-b025-7d85e79e088a,2,1,1,2
d0e7ae5a-d7ff-45c7-acc6-1bd26bf46e48,2,1,1,2
729b2ff2-3d7c-4996-80c9-c9eb9477e03d,2,1,1,2
fd439071-b45d-4f4a-90ba-05d5d570d26d,2,1,1,2
27849866-03f1-40dd-8854-83210e5dc44d,2,1,1,2
f51e2abf-2437-4029-ba4b-5bcd637fa572,2,1,1,2
856a7169-b5c6-4acc-9598-4760386a102c,2,1,1,2
ee564aac-b5f0-4035-b25c-bb6f807af670,2,1,1,2
025bbbf8-0ec7-40d4-bf29-307f59ac6bb2,2,1,1,2
c02a4d9c-eb81-475f-bc23-07f1f4c52e89,2,1,1,2
3d6523b6-41c2-4721-80e8-243d58208aaa,2,1,1,2
3d88c698-8342-492b-a583-368ee3c14e90,2,1,1,2
0660d883-2ec3-478e-aa41-a830e2584a53,2,1,1,2
ef2db49a-a6c4-4dc3-994e-a34c74809694,2,1,1,2
b2b5dbd4-392d-4b66-bc46-6b479dcce582,2,1,1,2
00946657-5b34-4103-9648-fde6b09fd4f3,2,1,1,2
b0012d07-7d82-4055-8ac5-c9a3d0b6a2e8,2,1,1,2
399022d9-4831-4fcc-81e1-78ddbb36916d,2,1,1,2
c03ec0d3-51e0-46f0-9bb0-f149f82e853c,2,1,1,2
379bbfc3-e9ee-4996-9e1e-d2e31a229a53,2,1,1,2
a1987f78-0934-4501-9490-c00af961d81f,2,1,1,2
1b71fd64-4eaf-4dad-815b-a65336dc7547,2,1,1,2
219de645-276e-41cd-862f-cb31678857c5,2,1,1,2
a80f60a8-cd3d-4455-9288-99aacc9b2442,2,1,1,2
1d24b89f-d25a-400a-b5b3-cb76d2bd8796,2,1,1,2
4c242bc1-f0ab-4407-a2b1-77e144295448,2,1,1,2
adc111f6-e7cd-4872-8cfc-71b739466bde,2,1,1,2
2f09b9f6-1afb-4b49-bcfa-4fa50a579bfd,2,1,1,2
cc71763f-8111-289b-ce35-eabf8479d69c,2,1,1,2
6e66f942-9ef5-4c8f-bff0-d953d21741af,2,1,1,2
e7f37bb8-4fab-4e84-adf0-c6dfc6bb73a0,2,1,1,2
e136456d-2f43-cfbd-103a-f14cd400a42c,2,1,1,2
a4ebd73e-3ccd-4c1f-a1a3-02598b6f20c1,2,1,1,2
0ac4cf1a-93c8-a54f-079f-576501e834a1,2,1,1,2
470d5118-0435-436f-895f-11dabf51aebd,2,1,1,2
3d370a72-faae-4751-b604-74d597dffa10,2,1,1,2
ca16d9fa-02b5-474f-a052-38b5c071afb8,2,1,1,2
908dad23-ea43-4f25-8eac-fae3371e4410,2,1,1,2
6cf96085-7d31-4248-a80f-1b8ec878c1a8,2,1,1,2
4f7d0b51-11cb-463a-acbe-6c7aae75a16b,2,1,1,2
8140acf0-4b7b-4dc7-80da-3b4809f6f317,2,1,1,2
db4b7f38-45a2-425c-8c57-df21b2c026eb,2,1,1,2
0a4dc345-6310-9fae-f1a8-33145b6bb113,2,1,1,2
503b8ebf-b724-e89a-1113-8dca022cd078,2,1,0,2
9b909c2e-ba1b-7abb-7df7-b8f96d223fc6,2,1,0,2
0c5be816-3b84-4a7f-90d1-4202d660e8ae,2,1,1,2
9855e595-7da6-4d3d-bfae-f7a4086ad2e0,2,1,1,2
323d3dcf-a9f7-49b6-8aea-73f414ffeed1,2,1,1,2
8da30d2c-c1f2-7c42-c053-6a2aaf95dd77,2,1,1,2
747098e1-e3dc-4541-aed9-6b4200fdda07,2,1,1,2
774b8559-1445-40b7-ab69-5a591642acaf,2,1,1,2
7b232dbc-14a5-4b65-a4f6-6f158495bf21,2,1,1,2
e956f7db-e4fa-4477-af1c-05505f336fac,2,1,1,2
8744a08c-a1a0-48e0-b5c3-76c980ab7c4c,2,1,1,2
9ffa8f8f-f8d4-4261-8b0f-21dea36aa8b2,2,1,1,2
5c94c49d-7c00-425c-b874-d35244738f1d,2,1,1,2
cf9a340f-f820-4d2a-9241-bcd7ca226bf7,2,1,1,2
698daa58-aab9-410a-89ad-2b8fa5751f8f,2,1,1,2
ce03b391-5ef8-4e2d-af84-e062ff2f98d3,2,1,1,2
6a91bfd5-ac57-48dc-b907-ee547f9dffc8,2,1,1,2
9be38be1-35f2-4f29-86d4-a822bf978aa9,2,1,1,2
8a61f813-c3c6-4da1-bae8-9f83d370816a,2,1,1,2
5c1359e9-8b06-418e-b878-13120bd347a4,2,1,1,2
f7474d83-0682-4740-b5e3-583324eb95f3,2,1,1,2
188209d4-d492-4d6b-8a24-db9b6e96eec8,2,1,1,2
9718104f-d768-4f4e-baa9-20a1ce661f4b,2,1,1,2
a793f179-9c0c-4084-817e-861d05adefd5,2,1,1,2
12aebda6-ba64-41ba-b999-e30b7c7a9c3a,2,1,1,2
ec5be036-ca5d-4225-a7cd-d93f10bbad07,2,1,1,2
2b85e2e1-df3f-4b56-b6f7-67f979f29bce,2,1,1,2
6c854593-1c69-4f21-91d4-18de6f04590f,2,1,1,2
d3c72ed0-2cd1-b1af-4ba6-75b635b2088c,2,1,1,2
2af84446-61ae-4046-8380-63db4b013670,2,1,1,2
28b30a1c-1fff-4e16-8b38-dcf8eb2b92b2,2,1,1,2
504cdde9-a9e3-4529-8965-bf7997cf816c,2,1,1,2
963e3a42-4aba-80cb-5cff-3b3c0cb76aff,2,1,1,2
7ab8bc53-a272-4d0c-8906-36fa6d6a75c9,2,1,1,2
941ae4cf-ba6b-4628-8838-c450094e5210,2,1,0,2
d55bc255-b5b1-4309-a7b2-1bf282c7daf0,2,1,1,2
7e0d2387-1fc0-4900-a648-3c5927d8085d,2,1,1,2
0dea434f-821e-4d02-830c-70636e953710,2,1,1,2
1a46b514-ab9d-4073-bbba-c843f602963b,2,1,1,2
14c55521-98a4-4a3e-9bae-c8fae1d10452,2,1,1,2
b4de8373-a203-42d1-841b-7a7eec585d4c,2,1,1,2
a31a4481-6b40-44ef-b36d-9c4c90273265,2,1,1,2
f6381f95-0bc8-4fb8-a88d-00d95a13257e,2,1,1,2
6adec331-e05f-41fd-a11b-91d4d9da5cb1,2,1,1,2
7d93df06-0615-4a32-ab78-aa6c84c06523,2,1,1,2
aa172b73-aed6-4ed7-988f-2c38c7aa3f93,2,1,1,2
caf7e400-97f1-4fd7-bc7a-92c7f97d67c7,2,1,1,2
07cdfe22-f720-46db-9fe4-8a0228ddc01a,2,1,1,2
fed933dd-dc16-454f-b45f-b9618147e657,2,1,1,2
a5afe6ae-5a6a-b069-5875-84c0a414f692,2,1,1,2
49f9f863-c4f0-489f-9559-57d5218f1f9c,2,1,1,2
05a8e4b6-0528-45b5-ae25-20b16578c89d,2,1,1,2
7332acd5-4e02-49da-bb3b-5c8abfd972c7,2,1,1,2
4108ae44-e4ae-4677-92de-989544a27cd9,2,1,1,2
730e4bf4-d87d-443a-81da-17bccfb438ca,2,1,1,2
e9e4cf37-d020-4e02-b416-22f72e623de2,2,1,1,2
5e0e21d3-8978-48b6-8cc9-5a98d9f26335,2,1,1,2
df889af7-7260-4de4-91ee-5eae03e65d53,2,1,1,2
e8619938-00f5-4cd2-84a9-6a55d15debd4,2,1,1,2
becaed59-cf79-4da6-86ee-c0597ea94139,2,1,1,2
3b5079bb-29dd-47c0-8033-e117d63edd23,2,1,1,2
4b00a404-26e2-4a9b-84c2-0ac6be5e0c59,2,1,1,2
069f2f0c-cd33-4909-a902-790f97a8d954,2,1,1,2
ab53f758-8bf7-4db5-9f2a-5e3cd5587275,2,1,0,2
01290348-5a07-42d6-8f1d-b62d9b649c9f,2,1,1,2
acecd06e-90ce-44c3-98fd-5eb423736dc3,2,1,1,2
0b2e450b-e211-4f8d-aa11-c6f0ec496987,2,1,1,2
1439cdf8-0ab7-4846-b98d-066c572b8659,2,1,1,2
201fd42b-23bb-45c6-8126-335170bbc690,2,1,1,2
057e944c-20e8-468c-813d-9f86e1a8c594,2,1,1,2
8bfbb06e-a405-41ff-81e7-c164bfec19ea,2,1,1,2
ace88f1c-65f4-4cb1-bb28-e28d97126d7a,2,1,1,2
018d8c3a-d529-b5e7-a8ed-00465cc17878,2,1,1,2
b7425b13-5276-44fe-a954-43bd72e7ff87,2,1,1,2
54da843f-1dee-4069-97a5-bf81cc9440f8,2,1,1,2
51f1302d-33ad-4de6-a18b-6041812c3c6b,2,1,1,2
e25d2277-0821-da41-5cb0-211edb6f2b97,2,1,1,2
360e75b7-7cc0-4a9e-932c-d3411b4803ab,2,1,1,2
2ba7ea18-aafa-4ab9-b25b-9e049cf61f62,2,1,1,2
e361b745-1ca6-4603-8e3a-336936c9effb,2,1,1,2
e9f0f542-9b65-482b-b598-b2d6b6d6862b,2,1,1,2
9958002c-6fe7-4c08-bd9e-f2bbd47ffdd0,2,1,1,2
10c30af8-e24e-4bab-998f-d22e6b71382d,2,1,1,2
8542853c-12ed-46bc-9762-1c94591428f5,2,1,1,2
97d071d8-711e-42a5-96b1-4b07c3ca5fce,2,1,1,2
9ad7944d-9c22-4f01-8ce8-7509ca2fcbd7,2,1,1,2
7cb8d7d3-34eb-3ed9-e782-72799c7982cd,2,1,0,2
e1b0652d-bfea-46f7-a804-bca3c9643ffa,2,1,1,2
9421d68f-db89-4f5c-a852-cd2e51d1dad8,2,1,1,2
532abc0d-5d3c-48b0-98e0-f73c38746732,2,1,1,2
2a027a5d-ddd8-4e35-9ab7-4d026ed20784,2,1,1,2
c73c788a-a6de-90ff-e036-148a164c9c70,2,1,1,2
a1c83923-872e-44d4-b56e-fd1e643a52f7,2,1,1,2
d292353c-160e-48dd-a7de-68402586e7ed,2,1,1,2
05fd6746-278a-4cdf-8c69-27aca11061fa,2,1,1,2
adfcc493-4d47-c964-a388-3aea1ff3a6c2,2,1,1,2
128abc6a-596e-de9a-9255-e0a673e378b5,2,1,1,2
4fe11d98-ef12-4561-b272-4cee7a29d1a3,2,1,1,2
3a8ea807-dba1-4ad3-a6ec-5ad88fb58bf0,2,1,1,2
42ec1e82-b69c-4aca-9c03-429ca1bd7839,2,1,1,2
325ec004-931b-4528-8567-ac3604786bbc,2,1,1,2
a4fbfedf-c1fc-48da-838c-39ca37c362a6,2,1,1,2
eaae1f5b-2df4-4cb5-9be2-fea7ec9aa69e,2,1,1,2
c78c2d54-272d-45df-b17d-fba4f843e592,2,1,1,2
d1828b05-d43d-453e-a9f0-8308c803c4ad,2,1,1,2
cdcbc942-60ae-4358-8856-e058e39f3dee,2,1,1,2
fe04a21c-b396-4640-b218-e3af3ebf13d5,2,1,1,2
672d21de-be3e-4017-bc4a-47d9dff19c5c,2,1,1,2
e221f185-b2e7-4370-8b2c-36e96b2b7713,2,1,1,2
fa899594-c428-4e97-8211-98e91223e329,2,1,1,2
6ad32169-f74d-4cb4-8bc7-c99fd5bcfcc2,2,1,1,2
6a6c145c-763d-48e5-a27a-d3d154b97e55,2,1,1,2
fd01b919-614a-47a4-9f69-ba155e5eeaff,2,1,1,2
739e066d-1495-1dd2-bb35-c985ca835623,2,1,1,2
30a32ca1-6250-45c2-9de7-46ea7f1e8474,2,1,1,2
314c511a-abb9-4990-9763-aed114ee5144,2,1,1,2
0bb16bfc-98af-4402-8810-0820dfd26b50,2,1,1,2
de84293c-eefb-423a-9455-dd906e27160c,2,1,1,2
7aa65e33-095c-4ca7-bba0-cf9bc950465d,2,1,1,2
8bf9145f-67a9-44da-a9cd-f5120cc500b4,2,1,1,2
874eafa7-6b70-4f6b-9444-33348f0afadf,2,1,1,2
94d82cc4-c76d-4433-afc9-c49822a85f4a,2,1,1,2
f9f08208-3da0-4790-abad-2381ab1000f3,2,1,1,2
b6e9b407-a993-4237-8aae-48eaafdf2fd7,2,1,1,2
f609f1b0-2543-492b-8301-03ebc4e74e25,2,1,1,2
3832f46a-b848-44d4-8400-29ea63bb6c4d,2,1,1,2
d261538e-5344-4696-9542-074172db8746,2,1,1,2
697beb10-8546-4ef1-92bb-c86e5c1a1b6a,2,1,1,2
ba0f4ca3-34c8-3a85-0ce7-9d59d417607a,2,1,1,2
c218bbfa-dc0b-4249-b400-1b199fdb7ad4,2,1,1,2
385f48a7-8852-4ad5-88ae-91eac5f4bd1e,2,1,1,2
3714a5b3-5381-46b9-8bfd-9b06ea54149e,2,1,1,2
7770e0b7-7182-4a1b-99f3-c33837930e61,2,1,1,2
89c2c0f4-f724-dda1-d964-a487627484fd,2,1,1,2
471e00a3-348c-485e-ba2e-7b363939bedc,2,1,1,2
c3161c2d-e63b-411c-8323-8db841027f47,2,1,1,2
0a914045-a0f5-4967-975f-d702da1cc139,2,1,1,2
dc0d35ff-2e94-45ae-abfe-cf90427c6789,2,1,1,2
3b27cd24-9439-4be8-9338-b1fc4c1c9c9e,2,1,1,2
f8ae6b93-b64b-4e86-b811-8f2e222a13c4,2,1,1,2
dbda1d17-814f-4d26-b26e-ce8c8b33719d,2,1,1,2
fca5d006-e3ce-4b4b-8847-4e819a9d68b4,2,1,1,2
da5f73e5-b4e3-44b5-b71b-41b1ae5de671,2,1,1,2
be899d4f-5d0f-439c-9be6-39b3842b9178,2,1,1,2
458c31bd-5398-42c0-90cb-e5155975ea30,2,1,1,2
dd763de9-cda6-4eb4-bedc-f0437f3c404d,2,1,1,2
a12084a6-3587-4f90-b2c8-f593b63b33c3,2,1,1,2
1573e43e-db84-4c86-be45-d0fdf86248c5,2,1,1,2
9c2c641c-1b8e-4e73-9112-7a9ae6debd44,2,1,1,2
bc233bfb-0aee-4386-a0aa-68d2ed6c2ce3,2,1,1,2
be9324e6-48f3-4836-8747-94b314b6b48b,2,1,1,2
7b3887a3-22ae-4e28-88c8-ec178370d35e,2,1,1,2
8f816ffa-fc8c-4e97-8aca-790e260b7d8d,2,1,1,2
b2884144-93e9-4523-b214-b88f12be3a51,2,1,1,2
c799a2e8-97af-4778-b27e-b0bb4f4e9abc,2,1,1,2
5b5b2ed1-db27-47a6-a433-850faf6f6f16,2,1,1,2
6e4b4a46-f798-41ee-bb4e-92e8d96d28aa,2,1,1,2
9e49d48d-da56-4374-9d89-4e4f70df2a5e,2,1,1,2
64f4cd93-fe82-4b59-a3b9-d07d4baeb059,2,1,0,2
fae391e0-71fe-41af-b6f3-fd16a88dcb17,2,1,1,2
12e18c83-5cb4-4174-9a62-ca150c3475fa,2,1,1,2
473820d8-f086-4f36-9eb0-07ef2450b59c,2,1,1,2
9e0bd265-3c4d-4a89-b0e4-bb72e3ccaea0,2,1,1,2
4e6adb6f-1a3f-43be-a6b3-4274dba0c20b,2,1,1,2
bcae4177-9152-43bb-b00e-dc874f510295,2,1,1,2
9ff76793-ff45-4b4e-8180-edf9b11674b8,2,1,1,2
9e361152-3139-4e14-96d5-09ed33eda41c,2,1,1,2
b16a933f-9d2c-1b1a-18d2-898f5cd520ac,2,1,1,2
bec144d0-7b56-456f-9a88-85b3a78c4fd0,2,1,1,2
93f2db2e-c8d8-40a7-b615-27e01431fc64,2,1,1,2
0e4e99ec-c1ff-412b-bbb5-e047f9e5742c,2,1,1,2
8cd66858-36dc-4994-ba7c-e3f71482aad3,2,1,1,2
7d3c19c7-18e7-47ff-ac14-c831a4f65b89,2,1,1,2
c11d238b-6f02-4033-a943-177524d75e62,2,1,1,2
3317bf22-ea00-bb73-20fb-b84c7a714971,2,1,1,2
6d6be2f8-6cb9-4bda-afa6-e7fecd21ed99,2,1,1,2
2348244d-1d2a-45bc-9086-99b36a1059ab,2,1,1,2
6b452084-34b1-4203-b00c-bd064949e3b5,2,1,1,2
eb2f7a7f-ac1e-49a3-9e45-dc39e8b841a9,2,1,1,2
9ad9951a-8c23-422f-9d65-77544ad18ae7,2,1,1,2
b59edd91-29f3-40c4-82c6-93824eedfbd4,2,1,1,2
6da62d3e-ef62-4d95-9a90-a6cc7fee6a4d,2,1,1,2
076840bc-6a1b-40aa-a712-95144a3028be,2,1,1,2
86065759-1c1c-4d56-8c91-363b4e5cec33,2,1,1,2
ed16a89f-c85b-4a32-b5fc-e19a85c74190,2,1,1,2
bf8ee1a6-4a26-0fa4-d055-58eeec4416c6,2,1,1,2
2a7457ca-5152-4db6-ae5c-9a00a7afe067,2,1,0,2
bf296434-8238-4c16-b15f-0905b5667fbb,2,1,1,2
f7878054-c86a-43ae-86eb-59fca44b4afe,2,1,1,2
fe3c74a2-a749-47a8-9806-0bb43588e0a7,2,1,1,2
8f56d0fb-5293-4171-a92c-e46b9b7d28b3,2,1,0,2
a59f4d05-36c4-435c-9d4c-38d609e0a063,2,1,1,2
fd77e3f8-e3e0-48fe-9c34-fffb9d568837,2,1,1,2
d159f609-0f67-4c7e-a432-c1cac637829d,2,1,1,2
7247a705-a953-1899-1229-dbff4333f39c,2,1,1,2
d7b9e33b-9f47-48d5-ab2a-edf53366a1fa,2,1,1,2
0acc4a54-77b1-4bb5-9923-a3dec2eefb70,2,1,1,2
cc6832ed-1264-4cbd-b66b-b91cfea08b87,2,1,1,2
e1d74f86-e561-44a3-8b2e-8109f331b4ea,2,1,1,2
df31c056-e602-4567-9438-756e61afc972,2,1,1,2
e6486b96-80b6-4fe8-b196-3ef05de5e417,2,1,1,2
35109134-5394-4cc9-a4ac-383e38df5d88,2,1,1,2
08825e4e-c705-4e4b-85f0-de7189838703,2,1,1,2
5a7c142d-5768-48b2-91c7-f08fd0b442d5,2,1,1,2
4636c358-4f4d-85ea-88a3-74ac3dd5f1c6,2,1,1,2
642ab287-770e-4aa3-8b00-d54f17511c19,2,1,1,2
dd4fd097-c759-4ab8-bc4f-50d435596a26,2,1,1,2
a97ea426-2fc1-4143-b337-0c32f029e543,2,1,1,2
371ce772-12bd-40d5-bf78-97412da3747e,2,1,1,2
bdf671d6-ee7d-448c-9ed4-255b36c845dc,2,1,1,2
0171a3ce-a3e1-46d1-a28f-bd918dd64775,2,1,1,2
928c863f-ecf8-4110-9ee0-0105a8552458,2,1,1,2
a8743a4c-64d3-48a4-b021-a2bceecf5254,2,1,1,2
f0d186db-ce0d-443a-8945-bc929d4d1b16,2,1,1,2
3a282bba-c6c7-417f-aeeb-ddf278fb3b99,2,1,1,2
e7fc562d-0ba1-46ca-b42d-ab108a9c5d3b,2,1,1,2
a53cc771-355d-42c0-9475-22953bc66ae2,2,1,1,2
7406835f-d46e-4564-b996-d01681fac019,2,1,1,2
6397a816-eb99-4079-b881-a77c5ec5f5f9,2,1,1,2
7954ecf6-86a1-4b05-9900-635bf14ffdf4,2,1,1,2
ea7ed0f1-7018-4950-8b53-3735b3666ce2,2,1,1,2
9d4cf7d2-8ed9-476c-a783-f081c3785650,2,1,1,2
198f00be-8341-4716-b340-06f0ae880024,2,1,1,2
273ebfe3-303c-079c-ed01-09e7f97ed664,2,1,1,2
a938edf6-54f0-4bf3-9665-a7782a4f991d,2,1,1,2
949cf8b4-c216-4af1-9b63-cb6294a63b43,2,1,1,2
b5b3e7c9-d133-4181-a500-793ec29ca0fd,2,1,1,2
a92ded53-5409-4fca-80e9-4bd917fae8a1,2,1,1,2
ea22b996-434a-4729-a5de-b5b16352c04d,2,1,1,2
d26326e1-1c63-34a4-c37e-de467487fccd,2,1,1,2
192c2956-33e7-9dde-1965-acaffc121a5a,2,1,0,2
79f255fa-3a70-42a8-b9c0-327086a67f56,2,1,1,2
9410bc47-c116-4a1d-9859-99a8c5da5e5d,2,1,1,2
c7e98671-b286-4879-8d8f-e3269a242124,2,1,1,2
af38b8e9-c837-498f-b593-e2d9cb08ed8f,2,1,1,2
cb974117-4072-451f-90fb-5d4700833937,2,1,1,2
2f7456cf-f3ac-41db-9fa7-f5ab6fe91544,2,1,1,2
ce8f659a-b9d2-1a19-af12-3df2f82486e1,2,1,1,2
60d19451-b92a-4c45-9d3b-bf8f36cce74d,2,1,1,2
1cd905fd-9cee-46c8-b2b0-340997f9151a,2,1,1,2
0f9b5101-224e-49db-a9e7-9a3fb77c75f0,2,1,1,2
8c4d06ce-6aef-44bb-9e6f-3c45c8b829ee,2,1,1,2
c1418711-4326-bbca-3e2c-34989a663590,2,1,1,2
fc30b445-5a59-4afc-92ff-f6396a138e36,2,1,1,2
0cc860cb-1f46-48eb-bc69-ba147d0472a9,2,1,1,2
78a4a9da-1116-b619-0677-4249a60dab5d,2,1,1,2
e5376a41-5632-41dc-bc31-97ba8700f8a8,2,1,1,2
0e595f7a-e87c-4678-8ed3-3c623e52e601,2,1,1,2
65d475f9-6649-42b7-beb4-dba04d266961,2,1,1,2
f4e7c578-c9a4-432e-8cad-ef84b8b5a71e,2,1,1,2
d53f0a86-ac5e-4683-a110-311c35b91335,2,1,1,2
73726f46-5470-4c8d-bc55-efb2fe3678d7,2,1,1,2
2759d0e7-7bf0-41db-92f1-cc7195b3252c,2,1,1,2
735803e8-9a87-4858-992d-1a61908016f9,2,1,1,2
19d5829c-7266-49a1-80e7-33487cc48a9a,2,1,1,2
ab50ecf5-f176-413f-b483-2e84d9324496,2,1,1,2
5adeae88-258f-4001-96b7-4103cd79f34d,2,1,1,2
3a62349a-081a-4ade-b0d1-227ca7d3b2bf,2,1,1,2
1e471263-dea3-4a6e-8e2b-1db4815afe11,2,1,1,2
4bf03af2-0eb0-4f63-8816-536160c6d9bc,2,1,1,2
998d7fe4-45b5-4453-ae17-e649619c50b6,2,1,1,2
40cffafc-21ce-4899-8162-8dfdef680e57,2,1,1,2
4eea6323-2e25-48a8-9d9a-289cbee073e3,2,1,1,2
552d7e62-5d1e-0604-bd0e-5c2505b4faed,2,1,1,2
f773df99-5378-4cf5-ace9-c6b80b3bae8f,2,1,1,2
201aada8-5fd9-4fac-bc4f-ef1f0cc5fd83,2,1,1,2
ff25e64e-a796-4126-a609-508426e6f7e9,2,1,1,2
9ddbe8ea-e633-4eb7-aa43-7a8e57e63dc1,2,1,1,2
f4be2f94-afdd-6829-e691-1dc586e92327,2,1,1,2
f93342cf-81d5-4260-b601-ff0235910ba3,2,1,1,2
68bd70f9-36f8-47dc-a17d-eb2bbdbcb87d,2,1,1,2
52b23c5a-a6d6-48a3-8ff3-0ba9400f2fba,2,1,1,2
3bbad4cb-45dd-4719-87ac-e966653d7692,2,1,1,2
1fd6142e-0515-4aed-b786-8f5ca4a4de3f,2,1,1,2
6cf57424-3beb-46ed-b111-bdbe4618f84e,2,1,1,2
03e5d257-7781-4874-afab-43c497ed1553,2,1,1,2
ba414e04-5ceb-461d-bfc3-e7807607bd19,2,1,1,2
2dfb7dbc-04a4-4806-af83-8bb8febdb94b,2,1,1,2
3e527cf1-91cf-4c30-b772-c1f2bce62367,2,1,1,2
21a8b87f-0fdc-4429-86cd-de9f9a34d5fe,2,1,1,2
a8c3378f-2f23-474a-f848-1afd923b000a,2,1,0,2
16fdd9f0-e2c1-4da6-bc4e-d84c3170eb80,2,1,1,2
e66d4403-b545-417b-8148-7a524f6affa4,2,1,1,2
46eebe7a-b546-4182-8a3d-6b8efd86e1fd,2,1,1,2
f29835e6-0441-4de7-b691-238328e55b3f,2,1,1,2
dc2760b8-a774-4e37-8252-b46bb072841f,2,1,1,2
16526bfe-5c7b-47d0-a90f-bf8faeb98827,2,1,1,2
4c047562-0da3-4237-b959-e92ab3957965,2,1,1,2
e10f3b94-5afb-4f06-8fba-3af25f084df5,2,1,1,2
2057d7e1-63ea-4180-905e-5f35be30fcfd,2,1,1,2
e9d5d11e-e9df-402a-bbe7-cc338c90e22b,2,1,1,2
27953a02-127b-4291-a844-bbfd1ca6e259,2,1,1,2
8697539e-a928-431b-a721-2750c47608b3,2,1,1,2
5928bd39-1e49-479e-9859-30b07b9bcd05,2,1,1,2
cefd0ba1-94f8-fc03-9b57-f61dd6c12038,2,1,1,2
9f2169cc-86f7-40c2-994c-99333e2cebff,2,1,1,2
b4983f18-1c91-4525-b2fd-f011b2bfe3b7,2,1,1,2
dbabdd58-6a9d-4a31-a4ad-8b471d4243bd,2,1,1,2
25b800d2-f234-4b8a-8fb5-d7d710bee39b,2,1,1,2
c7163563-7626-4e7a-b308-9417f20fc561,2,1,1,2
b841ad77-76b8-06a6-143e-a561deb73bd9,2,1,1,2
b6ab11a8-dec8-43ee-806e-674886671921,2,1,1,2
f1c05ce6-b10c-43d8-a1de-95c9c9ea426f,2,1,1,2
86df2dfb-8463-e802-409b-501f425ebf3a,2,1,0,2
3c0126f4-7288-4a02-9d9e-33472ea97015,2,1,1,2
06ff7da8-62e9-4c38-b3aa-f24f2b59585d,2,1,1,2
2996fa7d-c664-493a-9373-397b49222e0e,2,1,1,2
04cf50b2-2869-46e8-8028-faee4f3cf0f9,2,1,1,2
69bd25bb-11fd-4a25-95a1-807ad76bb33e,2,1,1,2
5f6aebfd-5a54-410d-9c92-f3fac7c00380,2,1,0,2
d7f506f5-dc01-4e10-af37-afed43958594,2,1,1,2
2da4059f-a913-43c0-842b-f52e68124b2f,2,1,1,2
c6c176d3-32bf-4b62-bdaf-9d1a3c756c93,2,1,1,2
c28debd2-e266-97ef-ba75-9c64ac38e79a,2,1,1,2
f4baab2b-3f60-4818-bfcc-d70e8b558803,2,1,1,2
f103cede-8b7f-4c8a-a2fd-2915103ca4f5,2,1,1,2
20153f10-7204-4ee9-a460-488e165e3c68,2,1,1,2
85098e65-eb14-461d-ba1c-ed8b5ab4e374,2,1,1,2
590abc98-242d-4f43-a913-956593940806,2,1,1,2
b46d7949-4bed-413e-aa35-afcd5095bea8,2,1,1,2
c12496ca-d5a9-4ef9-986b-b31fe59267a0,2,1,1,2
e5d121be-08bf-47a6-8414-b80490c488d5,2,1,1,2
96c9681a-fd11-40aa-ac06-3d493a8d2df3,2,1,1,2
07cb7b5e-698f-4c5a-8bec-7e883a8f513d,2,1,1,2
bf934cd5-b6ec-45e0-80cb-ca210fc044f9,2,1,1,2
7c8962ab-2d70-432d-8af9-aec1f13c7c45,2,1,1,2
1988efac-77fe-4f63-9b56-995984538b6f,2,1,1,2
f9738c98-f17a-4ac8-8e6a-03155ebf085d,2,1,1,2
439fcbc7-6b6b-4ef9-b832-dd8bd71ea9a6,2,1,1,2
02bacec4-ee74-4a81-933c-ef4dabc4fc1f,2,1,1,2
4e80f62a-8ab9-457a-826e-388c1b06da8c,2,1,1,2
57f439af-74a6-4338-b425-29a491c3101a,2,1,1,2
d7b559ab-3034-4252-9cef-e31978b2fa80,2,1,1,2
6053265b-df78-421a-8ad0-9dace5fc0c6e,2,1,1,2
dfdc1fe4-be8b-4942-a2a0-6534d21f6718,2,1,1,2
d23abd55-b372-494a-ac43-4146584d4f34,2,1,1,2
eb3632da-dd0f-4bb0-a17a-93eb8934da20,2,1,1,2
da9d4899-4110-4646-ab5b-a23c393500d5,2,1,1,2
a9d81efa-de67-4365-a747-20ace655049d,2,1,1,2
a97d2d00-415c-4d2b-9406-aade4c90f6ff,2,1,1,2
279b2de5-f80d-4a47-a788-6e258dc7ed86,2,1,1,2
f7d8983f-4a3b-4978-8382-a5e6af22809e,2,1,1,2
6928e05b-b4ec-4d91-93af-0a619d865139,2,1,1,2
de01bf53-4b4b-4ecc-9529-5738916d1d54,2,1,1,2
82fdf92e-837f-40ec-99ca-f887074ba3b0,2,1,1,2
70b323e8-3838-40f8-8b89-daf55bcf1858,2,1,1,2
47dd1c25-0853-4a4c-b1e9-e4000e7f51e9,2,1,1,2
aea2eba1-4227-021e-9fb3-b9b2ae7c98fc,2,1,1,2
5bdb8898-816f-45dd-9394-1a46505cd966,2,1,1,2
4dd73acd-2279-4b7c-81a3-961882d00f9c,2,1,1,2
0b552513-f4fb-4253-bf97-a6106f957485,2,1,1,2
d28e5df3-6781-a728-e921-7b880aead56f,2,1,1,2
1d4374aa-a52d-5b9d-30e2-ce12da35c0e8,2,1,1,2
6227c5b2-4f89-42a8-b1ff-3376e6135d94,2,1,1,2
91ec722e-2972-4a6b-a52f-34d674b6a920,2,1,1,2
b153cfe2-8084-4fc7-830c-9caf1716f74e,2,1,1,2
44ca4444-dde2-4bf2-bb2d-0ed310857b96,2,1,1,2
1bc48623-1f6c-4bcb-a088-f638a36a7b37,2,1,1,2
c0106e2f-25ee-bfdf-9985-365781176d35,2,1,1,2
a412fe0f-35d0-435e-9499-970747dc6e6f,2,1,1,2
d34fb325-6a02-43a3-b374-1eb55899ed4c,2,1,1,2
1e3cbccf-1607-44d2-95f0-66ce0dd7e7a5,2,1,1,2
03e86573-0c2c-4854-91b7-304846718f4c,2,1,1,2
424c568f-58e4-4e78-aaa1-e3dd9518caff,2,1,1,2
354f0c85-3a7a-42c1-9ae6-07036a620360,2,1,1,2
4f442b2e-b897-4cd9-9988-5db1620114fc,2,1,1,2
50aa3977-bcfa-424e-bf6c-c9a43abda91a,2,1,1,2
e701ec30-a6de-48d6-ae4f-21b5c43d7df5,2,1,1,2
910199d8-9bc4-45e5-9517-58352cae2b6f,2,1,1,2
c171b671-07e4-4e58-90f2-61a18d2f7256,2,1,1,2
af477f9c-a645-4341-b965-830f70cc3963,2,1,1,2
5ebc1c13-f3b3-4f16-b97a-054b31ded01c,2,1,1,2
24b19129-5499-4672-a09b-11bcaf489081,2,1,1,2
9747d14d-06da-4896-bd54-699b8daa1a5d,2,1,1,2
a77b360f-a748-4e8b-a116-53b4c97ac3c9,2,1,1,2
95998be2-bac5-4b68-8f44-ad32aad65ce3,2,1,1,2
629c2ee0-cc09-445b-8177-880d84ac660b,2,1,1,2
90516634-0928-4b5c-a39a-614bb8779d07,2,1,1,2
179afb0f-ce4f-4138-a98c-9fd1a976100d,2,1,1,2
1eeea98f-bd2b-47b3-a833-e1aa84dc2597,2,1,1,2
f21c9067-39ae-42b7-8fc1-8bdf45454225,2,1,1,2
bc77c435-d087-4a58-bf69-3a0ec6ad8a2e,2,1,1,2
e4405100-c019-4199-9fb4-481f1f1616da,2,1,1,2
9c22905a-c994-4162-810c-aff77969e8ba,2,1,1,2
eb98136a-9908-4a94-8637-19460a428588,2,1,1,2
c62570c4-a432-442a-87ee-54ce3c3d9fc7,2,1,1,2
94686c48-fe7b-4a91-a185-32925a863ac8,2,1,1,2
a1c0ea13-c36d-497a-af27-b27c035960ca,2,1,1,2
9b0bce06-d213-4c75-852f-c6477e95a43b,2,1,1,2
e03420aa-d660-410b-8bcb-597087e5fda9,2,1,1,2
dd2cfcd7-8624-2152-66aa-d73f74e30390,2,1,1,2
04a98cd7-f0cf-4cce-b251-4fcd8fb83e87,2,1,1,2
23852508-035b-f2ba-5597-f80f2c848791,2,1,0,2
5d4d0656-3450-4001-9402-d31b78b15773,2,1,1,2
ce3d6549-c6b2-4c4e-ad7b-67b86981ecc4,2,1,1,2
da303005-da3c-41f8-bd4e-4c83784256de,2,1,1,2
25fbf605-606c-6783-51bb-d2be723985c3,2,1,1,2
cba29930-7f1a-446f-8b5a-f2cd23fff266,2,1,1,2
eadf3d9f-855e-4fd0-a958-7fdc96980285,2,1,1,2
aa1f8b52-2f00-4fa7-9bac-385e07b188b0,2,1,1,2
f007a191-a9c2-4783-a727-8b6d0990f82c,2,1,1,2
33cdcb4d-4789-4b22-a113-4b8a304e674a,2,1,1,2
71ab37ac-e204-40e7-9f7e-250eaf2dd02f,2,1,1,2
939d0679-22b5-4a97-8a03-d5402685ad86,2,1,1,2
23b4ecea-fce0-47ae-8628-139f580d7cda,2,1,1,2
315d9cc9-1bee-46c5-9ace-1e3f2a161a40,2,1,1,2
aca11914-682b-4c16-9dbf-6dd96177446f,2,1,1,2
9ae49a3b-4704-45cc-9c43-f1073979931d,2,1,1,2
881cbe94-056a-46f4-a045-42fd45a9e7d1,2,1,1,2
f1de6a8e-eff4-4391-bbe9-ba3dfd050d62,2,1,1,2
6d47ed2c-250b-4b4c-bedb-7f761fdfc198,2,1,1,2
1acb4c1f-3cf1-38ff-41d0-47dcf80fca77,2,1,0,2
5cbb8915-c313-4cca-836e-5535a0571f8a,2,1,1,2
28e1f70c-1018-41ef-b4c9-93a6e76c00a5,2,1,1,2
c1fdfa4e-02b8-487c-8a05-6211745dfbe8,2,1,1,2
8fb3f7ca-4634-498a-9650-046e98813d3d,2,1,1,2
b8f1aed2-6dd1-44eb-a51e-989b57b785cb,2,1,1,2
fce3f791-f0df-4f39-9f16-c8c4a7c6d693,2,1,1,2
1a36db9a-dcc9-4649-99ea-2c7efb44dacf,2,1,1,2
8b30e477-8f45-4d84-9aff-7b917cf25365,2,1,1,2
306b5610-b51d-472c-9655-61fee008faad,2,1,1,2
a4b78aab-678f-484a-8db7-5df84dc3262a,2,1,1,2
17c420ba-2e95-422b-8875-04b12de831dd,2,1,1,2
31ea3ce3-97d3-42fa-ac35-ce39853769b4,2,1,1,2
8d7e8fa6-4bf9-4231-aca7-be4a44a6c6c4,2,1,1,2
09da9b26-4bcb-4b85-9f71-abebf1f0b01e,2,1,1,2
0c8f864a-a24e-45e1-9b80-5e70e1061d86,2,1,1,2
30eab07a-bebf-4574-985f-8ab9ce1e9cb9,2,1,1,2
f9b86d56-050f-4744-97bb-ad5412222ecb,2,1,1,2
b99c12ac-1169-4beb-9cb8-8b63352a028f,2,1,1,2
4998fbc1-cc00-41b3-9044-55daac57bdc0,2,1,1,2
19caea2a-7f60-4d52-abfc-cea4e119f737,2,1,1,2
e1a68e99-34a6-4d95-a24b-76d7b58823bc,2,1,1,2
98beddfb-ae28-4509-b498-45add7f862a9,2,1,1,2
8ccf0ccf-20d1-4723-8442-3e8c82f9fa4b,2,1,1,2
8318f08d-f9be-4a77-a94b-3098837bf696,2,1,1,2
61689e7b-28c1-4c77-8790-9d64162edf29,2,1,1,2
574ff5e1-3738-428e-8ef1-002c32c20791,2,1,1,2
92a73729-9693-48be-8518-cf332045473f,2,1,1,2
f48efdc6-3fff-4aa0-828e-094e18fd0eb1,2,1,1,2
d6e78d2c-448d-2778-be3a-5118b7b0a92d,2,1,1,2
35ca8bd1-c179-4a31-bc33-b6214bf07c7d,2,1,1,2
e51faa3a-b9ed-40d8-9310-014861f3dca4,2,1,1,2
80ebd264-060b-4849-b4ca-98b47ac76dac,2,1,1,2
4ab1174f-7983-068f-7e1b-02de2860e66d,2,1,1,2
5e32727e-c3c6-6053-5764-b2d5cbeb3641,2,1,1,2
bb0a10d4-0a9e-42be-a59b-7d1500426159,2,1,1,2
c1fd259e-542a-4da3-9267-079d80b79436,2,1,1,2
457f9179-c96b-416f-ac84-c8afd9d81735,2,1,1,2
4baf87f2-d1f8-4f07-9937-7912cc38ab09,2,1,1,2
4bfc12e0-5d83-485d-9968-0a4706d62379,2,1,1,2
0441dcc2-200c-4749-a178-a9b71d38bfa5,2,1,1,2
589803d0-3e13-4c13-8d37-bbf318a86635,2,1,1,2
4784d5c1-0dee-4dfd-a2a0-32a89f9a85c7,2,1,1,2
26a9525f-dee8-49c2-a4fb-b1c93ac2b4ef,2,1,1,2
e7e9b52d-9d72-70cd-7905-38ff2555b2db,2,1,1,2
bd55c274-3916-4723-9158-f017d41af926,2,1,1,2
80ccd0f2-dc46-4d04-b967-9a86a0175ab5,2,1,1,2
06db9e58-6e8e-4857-905c-d7b99d04c8b6,2,1,1,2
919d2461-0a12-4ec1-ac23-3a6a123cbe71,2,1,1,2
1dec45d4-512c-4b1f-8b48-f2e2b4333844,2,1,1,2
902ae550-815e-7006-d7a6-c0f1614443ad,2,1,1,2
ed9633e6-bc32-440a-b7bb-f5c0239c5e9c,2,1,1,2
93a0069a-5ede-48df-b1a8-6b738299db71,2,1,1,2
c992cc41-6458-4e26-b055-03ee8a43eb0f,2,1,1,2
c0613081-1c76-4e1d-8778-8eb2f9c31876,2,1,1,2
69b98209-dd0e-ade3-8167-333ca8ad8511,2,1,0,2
26e69966-95cc-4fdb-8dfe-9db1f7b46f8c,2,1,1,2
c14d23e9-66a2-9044-1d95-5bca29a47f9c,2,1,1,2
f260e34c-2d1c-43ce-89a7-5a887eec7b5a,2,1,1,2
caa64737-7874-4a2f-98eb-ac95a6253335,2,1,1,2
b5e903ba-e85f-407e-82e9-b9db8d438fdd,2,1,1,2
c8629d8b-2da6-4ec6-a1b2-42ab96ad1ff6,2,1,1,2
8a23ffb1-8636-44bb-9ec7-5bc1ab48f9d3,2,1,1,2
2845c0db-e2f2-41c9-bf12-dda12823104d,2,1,1,2
ca4a83d2-7707-4c86-9c2e-42b81cc35242,2,1,1,2
dd659be1-e308-4a8a-8a40-54f7c39833a1,2,1,1,2
c927db03-cca1-4c7b-b2cf-3579a13b7e21,2,1,1,2
828ed987-0275-46da-ae4c-cce0a9eded0d,2,1,1,2
b31a9de2-63d0-4419-bb22-c273baf9bd06,2,1,1,2
d5a2916b-4a37-4a50-9259-b08348bfdce1,2,1,1,2
eda4e57e-7cff-49cc-a397-8f4557dacaf7,2,1,1,2
ecf069d9-54ca-45da-8529-919fd1e0ee03,2,1,1,2
7a50a538-07f0-44d2-b892-a1238c9e34ef,2,1,1,2
2fee4845-e939-ecfd-e559-938c79f7cf1f,2,1,1,2
66e8d606-5ebe-4cb5-91ac-ae46bcf4b878,2,1,1,2
3f9db93c-110e-47fe-9e30-55a3aa0f5f51,2,1,1,2
258cfb46-2ae8-4097-b8be-9f27250cd0d2,2,1,1,2
c426db59-aa48-4406-8569-cd5b5e645803,2,1,1,2
7d00b73a-d175-4c41-ac3e-b1554e25ad0b,2,1,1,2
16a805d0-9c9a-4778-a4ad-797a2367a162,2,1,1,2
6a807b2c-ef1f-4f73-b1f7-27a5729636b5,2,1,1,2
041c16a9-5011-4a55-b987-a57ac3db5ac7,2,1,1,2
8a839ac4-17f7-4dc2-9a12-4079424d383f,2,1,1,2
abcdca1e-1879-4af2-942f-f08a4b08154a,2,1,1,2
87767cbc-f2ff-4959-b7a3-decf76920451,2,1,1,2
b0209a4e-767b-48fd-bb66-a36748aeeb16,2,1,1,2
6a07fa49-4a06-4523-9613-f81100801ebc,2,1,1,2
589e4083-7a94-df15-f9af-dcbc43d4d817,2,1,1,2
a3d1c8cb-4788-4d5d-b468-94bb59569643,2,1,1,2
96e49a32-bead-4517-9a34-bba0e9536c35,2,1,1,2
a6f775ed-6ddc-4add-8f0c-48779bffc3a0,2,1,1,2
f9cd5e73-b515-476a-b019-0c07c9880bbd,2,1,1,2
89f699cf-c339-4b5c-b218-a84a9d30ebee,2,1,1,2
9a183208-b5b4-4d1d-b14f-5f2f99ef8a10,2,1,1,2
08b7c461-2a59-43e6-a848-3f7d1fcac5bf,2,1,1,2
90b086bf-7ef1-4669-8592-4fa4a16d5441,2,1,1,2
6a566e54-d6a0-4a41-b972-9bd45854f82c,2,1,1,2
b7527e23-82d9-4af9-972c-fd00e6a4e32a,2,1,1,2
7dc2f29b-e380-49e7-8436-caceaa656c4f,2,1,1,2
00d78e95-0599-484f-e6c0-7c9f302967bf,2,1,1,2
c213158f-2588-4ad6-a5d0-a63e4dc703ba,2,1,1,2
7917847c-a195-4ebc-aee0-9fafdd47de9a,2,1,1,2
f583ed62-c98c-49b7-b789-797d1fba865f,2,1,1,2
16537a7e-aa88-43ea-ab03-bb965e1e48cf,2,1,1,2
ac642689-fca6-48aa-9695-8bdeabd06304,2,1,1,2
09bcc24b-b8c2-4917-a7c4-531a5f564dca,2,1,1,2
21930e27-f7f5-4033-b2c6-8fd6eada0d01,2,1,1,2
a5e22d7e-eb9a-47e8-b102-3ed205414a2e,2,1,1,2
8069cd9b-9b06-41fc-a570-c90f7738ef16,2,1,1,2
1ac7583f-8cef-4e94-9168-563b75caa028,2,1,1,2
7e04bc3f-a1f3-46b3-903d-c1b2aa5bc87c,2,1,1,2
21732708-f26b-45a1-bb2e-d88fc333126f,2,1,1,2
f2651d39-5cf6-4fb3-8276-5324111cf72c,2,1,1,2
cf8389eb-61f5-4e2c-b1c7-03eeaa7a75be,2,1,1,2
3de8b33d-6e5a-4c19-bc15-a9688c46dc2f,2,1,1,2
68860987-a657-46a1-bc00-9abf3e16fa77,2,1,1,2
303f9b0f-9ad5-4ad2-9fe1-f8bc784b70e5,2,1,1,2
03b26eac-e681-a10c-66b7-2e3c8b3900f7,2,1,0,2
3262c462-abc6-4a4c-b974-273fd699984a,2,1,1,2
643b0536-39e0-473a-844a-d55743c72bfc,2,1,1,2
64aff9f9-b6f3-41bb-ab43-4af95f235082,2,1,1,2
c3694ed3-aa7c-4983-bcc3-6ce1d2f8a620,2,1,1,2
ca2d12b9-08be-45be-a40d-e22f1eb9b698,2,1,1,2
0c495ab6-1530-4a02-beb5-d8045daca97f,2,1,1,2
89b37189-34f2-4b5e-a32a-93bd741c7d7c,2,1,1,2
b7f68b55-96e8-4266-8504-072a39ddd216,2,1,1,2
2d1f1f1f-1cf9-4c24-a201-97f9dfe5d39c,2,1,1,2
ac635613-dbcf-64f1-e417-a2fe0d7c760a,2,1,0,2
3cbbdf8e-142f-405c-9652-ed7815da78bc,2,1,1,2
a52e19cb-2daf-433a-9363-b40a431a8a57,2,1,1,2
e83de545-1d34-bbcf-bb39-19dbb3c5f141,2,1,1,2
22d32f75-d946-4299-89a0-2828126958b1,2,1,1,2
5630926d-abaa-4872-a1b5-837f1c9f89d5,2,1,1,2
08bc6873-6a05-4c45-a552-d14c6a3ac901,2,1,1,2
873c1096-318a-4d05-b250-56f289981e28,2,1,1,2
59b75278-cf18-4e44-9572-9d3232ef432a,2,1,1,2
2631d9d4-95c6-46e3-ba45-30e0fddaff06,2,1,1,2
e716c0ce-7ece-4064-9f6b-52416cba9bef,2,1,1,2
3ece3fcb-8889-40f0-8899-ec54e23e14fd,2,1,1,2
e9ef3393-b614-4de5-8053-3eb742d89909,2,1,1,2
60939d14-4c29-46cb-adbd-6ca3776ffd87,2,1,1,2
668d760d-ead4-4ea2-a9a7-dfd844aa7c7c,2,1,1,2
478bd7bb-a411-4789-a72f-9ec6059e2142,2,1,1,2
320ab5f5-8cf4-4f1d-834b-1f5669635aca,2,1,1,2
148c0d08-18d0-4437-b231-ba0aa3b36211,2,1,1,2
f8576843-51bc-43f9-bfe4-e5aed66abcd8,2,1,1,2
ce9c9581-398c-414c-85cf-ac01042b296b,2,1,1,2
84ca1bb5-f488-1748-8780-f1506cc3debf,2,1,1,2
c08d1aec-94d4-563b-885a-a176bffc9ba8,2,1,1,2
d3d1f7db-e306-416d-afa3-c76704ff32f1,2,1,1,2
a923112d-e188-4492-b41f-d3f87d98326c,2,1,1,2
e356943d-d0d8-4cf0-9dc3-670926a456cd,2,1,1,2
54b304a0-a29b-4fdd-9708-e31c937a3ba6,2,1,1,2
2fdd0a36-f27a-4dbb-b6ab-5d19cc6660cc,2,1,1,2
aa685073-58e1-41b1-8e78-0bf8b3ad543d,2,1,1,2
430e003d-4bda-453e-9973-7222be0ef5b1,2,1,1,2
e0ee2c97-edf8-4e3e-b039-57ea5dc9b881,2,1,1,2
46d03e68-07ce-437a-86ce-ed2b4abada27,2,1,1,2
b54f6f7f-9daf-421c-8143-e5cd8ad5f26f,2,1,1,2
9b28d65b-8db3-76d5-9de0-9fc900f18342,2,1,1,2
47cbaae8-bf5e-122e-7cb5-afd3bdfc33d6,2,1,1,2
80f2d813-9e53-4c94-80aa-16fb2b356fe4,2,1,1,2
a84cc052-ac09-4cbd-86af-d5adb25d5d10,2,1,1,2
0e810239-14be-469f-b3b2-add4335a029c,2,1,1,2
01502750-11af-4409-a07a-956c186163c3,2,1,1,2
bb623cb1-1daa-4bed-a3a1-c63430d92903,2,1,1,2
73602a75-0e7d-4cfc-9935-2f88a27e8447,2,1,1,2
dc201abf-766b-ea69-16d2-106498c809bf,2,1,1,2
34cd1de9-0c89-45a7-88d1-011df13a145d,2,1,1,2
62da1c5a-8766-47e9-9300-d06854273753,2,1,1,2
4b6b834e-b63d-4eba-b3b9-006a7c269f29,2,1,1,2
bfff42e7-1e62-4101-85b2-ba9dc60ffcab,2,1,1,2
85d24bd7-771f-47a7-9e7a-2bcb9b5255da,2,1,1,2
19368ab9-ac5c-4451-9646-6d610ebf180c,2,1,1,2
53ff8a64-652f-4bca-93a5-a28a3375a28c,2,1,1,2
06c127f6-ea8c-4c8c-9f1a-ba5d8d8c4d56,2,1,0,2
15dc71a9-e4d4-4342-90f7-f5c0b6a88dc9,2,1,1,2
111ff5c4-dfb0-4ef2-b956-da501bdc9d50,2,1,1,2
589c1a71-40b6-43c9-98ae-9f0819da6430,2,1,1,2
2ad3efcd-3c07-4db9-a836-ab1c52df5b3c,2,1,1,2
73bc8369-ce88-44ff-9e9c-773d43fb3b0e,2,1,1,2
076495fc-0f15-4652-aa79-fe272eca3961,2,1,1,2
171da39e-4457-4a70-a8b9-7513e86bc642,2,1,1,2
6cf952ab-472a-4e70-a76b-c7baea545624,2,1,1,2
667ec786-ac88-4c53-bc41-2696cde63e8d,2,1,1,2
b70bf535-3f86-474c-b60f-fcf5376c4129,2,1,1,2
b6e6a1e6-dad2-4474-b2ee-32e0cf5b6619,2,1,1,2
512b0e07-eff9-4bdd-8ad9-26069139487f,2,1,1,2
24b6d76f-b16c-4953-bf50-849a92cbe846,2,1,1,2
34f9d073-211a-4ad8-8382-d2097abc4f3f,2,1,1,2
1c940f99-1d68-4517-abdb-14a20f0216c4,2,1,1,2
21142196-cf7c-4f91-adb0-4674ac3c7537,2,1,1,2
cab5dcf7-f757-41e8-8196-24bcf7319a4a,2,1,1,2
4587fcf7-723c-4b87-b118-6cceef781780,2,1,1,2
5d30c6ea-72bf-4f5e-bcc8-ca6464d61294,2,1,1,2
64c9ea0b-ed8d-4d29-a793-e7b08a62e9c7,2,1,1,2
f23f3d0e-2e3f-4123-b2b3-1b81129d916f,2,1,1,2
bdb20321-6ee5-f0af-923b-f39a83035e17,2,1,1,2
b4efaa34-7046-4ed7-ac9f-f2f7eccf4cc8,2,1,1,2
5fb708d6-264a-424f-8328-66e62b86cd3e,2,1,1,2
a3eceff9-2b98-9307-4002-c347ccbaefc4,2,1,1,2
270be95e-fb61-4aa6-a89e-059d2e325dad,2,1,1,2
76242a07-a6d7-4915-9632-87a71e9aff4b,2,1,1,2
87773814-b4c1-44d8-8a34-47808466b11f,2,1,1,2
e83289eb-ca2e-42e1-b5a4-7ce3cff9dffb,2,1,1,2
a1b330a4-d436-485f-afbb-efeca1fb0246,2,1,1,2
a6ea2ae0-13ed-40f7-9c70-e0b7086e78f0,2,1,1,2
846eeb04-5e21-470b-9c63-fd7932784bd7,2,1,1,2
e4e2501b-fed8-45e4-90bc-b3d144221e5c,2,1,1,2
9f49ddb8-fe65-4ef5-a8dd-9292fa18fee6,2,1,1,2
b6271a4e-97bd-4a35-9de9-841c17da421b,2,1,1,2
53a32580-77da-493c-b89d-0dd6b0a8ffd4,2,1,1,2
533fc63a-2bcb-17fe-7981-9c80fe143b40,2,1,1,2
7f5f2242-0a28-4acf-8faf-ea3a72622801,2,1,1,2
1aa179ee-2e77-4c97-8e80-94e488657b50,2,1,1,2
87aa0a80-fbea-4b80-be89-e0d313959336,2,1,1,2
8323bef8-5941-4595-b200-79f1777648f9,2,1,1,2
f0434ef5-2940-488e-b955-76ebbbcae9f2,2,1,1,2
d3146e23-d076-4a71-98cb-fc4537e2195c,2,1,1,2
f401882d-fb32-41dd-a7d6-2014cafea797,2,1,1,2
e6565274-cf70-4833-9155-444b83b73e7c,2,1,1,2
cf6c1d8d-f230-475c-9f18-aed283b0181e,2,1,1,2
be40d256-7b1c-431d-9c6b-84404b9a6f7f,2,1,1,2
d87c5879-84fd-4770-84d3-2a03d2fb547f,2,1,1,2
36a61171-5a67-48f4-a11c-be93bf1a1fba,2,1,1,2
ac5daf04-23b2-5958-cf9c-acf56e67563c,2,1,1,2
3f6e0e7f-e892-4409-a092-8175e242019c,2,1,1,2
8a6b9230-34a3-4f1f-85e0-a11ef9c913f3,2,1,1,2
940b99df-dceb-414a-b367-715608713f30,2,1,1,2
0ba36157-2560-4b85-8c93-98abf71ca927,2,1,0,2
30d1f7de-7e09-44a7-80ad-a8f28a98118e,2,1,1,2
9ecb1cdd-c07a-44d6-848e-67719dc3624d,2,1,1,2
13367a13-aec4-deb0-a7de-52dbc00bcf0f,2,1,1,2
bea4f666-f1ed-49d0-a65b-1c07d6d4ff05,2,1,1,2
68759ffb-07a4-4e5d-a745-62f8ed018f4c,2,1,1,2
c7db1373-c09f-440d-8fbd-763c9bc61b0b,2,1,1,2
be4c61b2-1cac-4c9d-b279-0a75d9605133,2,1,1,2
436a6977-2e01-46c1-8263-05396a6030f9,2,1,1,2
3ce57bc6-7dc6-4aed-bad2-1972873537a5,2,1,1,2
e58ecf03-7b23-4e91-b423-4396c9680f37,2,1,1,2
1a8b7f9a-a531-49b1-817c-0f09f4fab8f8,2,1,1,2
1fdb5d6a-e2fd-4a5f-8e7a-f3f2485466a5,2,1,1,2
074f0609-2af3-47f3-91d3-e2ee2b6c74a3,2,1,1,2
eebc0177-05bd-4938-916c-ad961d24d535,2,1,1,2
1ccaacae-c7dd-48a2-b1d4-0b9e99171a29,2,1,1,2
51150e78-13f1-4a25-b598-a899aafbbbb7,2,1,1,2
bde71ac6-9a2c-4a8d-9898-5cd55180e87a,2,1,1,2
91fb4c72-c352-4cff-9bb1-977d13b15ac9,2,1,1,2
741c3369-8463-37bd-b9ae-7b822b21b2c9,2,1,1,2
cf6ea20c-2cd5-4c8b-a535-286dca9d23df,2,1,1,2
19f2f381-08b3-4c10-a986-59d494f0cc4c,2,1,1,2
ad6760c5-1fe0-435d-8ac9-6024222dd37a,2,1,1,2
699b5772-aae6-40dc-98df-5390721a310c,2,1,1,2
03b945d9-f4da-4666-99e9-705dc24c1794,2,1,1,2
ca78a7f1-24fd-a0db-f7f4-4bfe99d1af0e,2,1,1,2
7da69327-6274-4f95-9de5-cd5873362507,2,1,1,2
9ea46506-c339-448f-9b23-0919ee45dfd1,2,1,1,2
233e4513-7a68-41db-9506-f43e3e6ad56f,2,1,1,2
483019c5-2181-444a-8f1a-49eeef27e0de,2,1,1,2
72758ca6-5edd-4a0d-a384-6b7eb7f938b4,2,1,1,2
f2ffb4ec-a337-4656-b2e9-c39d4cbef448,2,1,1,2
5b8fb7ff-6fbd-4bd8-9f41-90e8a292c2aa,2,1,1,2
4c8f6e4b-8f05-4a0c-8e9e-ec56c3f05bbd,2,1,1,2
e9b0404b-f3de-492e-9eef-ca6491cf165a,2,1,1,2
48d3f680-c868-48c9-8c7b-7992729a870c,2,1,1,2
5d94fea3-e17d-4768-9133-39f163a9480c,2,1,1,2
06893079-a892-429d-a274-726176fcfe6e,2,1,1,2
b28df944-c5a0-4d1e-b94c-2402f4d69d80,2,1,1,2
09f7136d-d26b-407e-8935-59c66c6222a2,2,1,1,2
511bfa35-ec91-e3cd-0f53-26fd3fcf78b4,2,1,1,2
3310a3fc-e3c2-4a51-9758-5aea8bce7949,2,1,1,2
1f6d293d-3731-4696-afed-3e5552d8ff04,2,1,1,2
fa070ead-d755-4d8e-a189-4aa3e90889dc,2,1,1,2
d655bfe9-df44-44bd-9a21-fdcfac0c667e,2,1,1,2
5cc1595b-375d-43a5-8e58-16380ea7cca7,2,1,1,2
a523bbc1-af63-4b95-9572-146c15b77092,2,1,1,2
25b5b7cc-7c80-4dea-9f80-2186353f14fc,2,1,1,2
091aab22-985e-4c0a-8543-cd496722edae,2,1,1,2
003e0b39-c704-0264-8257-41b067f7fc5b,2,1,1,2
f27004b6-fd85-45d0-946c-05623b5c2cd3,2,1,1,2
61021844-4738-4430-8b08-49cd50b45ced,2,1,1,2
e5dffe4e-5aa0-4a57-9850-aaae214175bc,2,1,1,2
f52fd257-c895-4423-9ee5-db5d97525c89,2,1,1,2
7af00c32-c6b1-44b0-93ea-3869fb29cdfe,2,1,1,2
e431a6b9-8a2f-40ed-8473-fca4ca16dbf4,2,1,1,2
47840c42-ac5d-462c-9405-fd9a21a38d18,2,1,1,2
35e2322a-e07c-4a98-ac9d-36d9d8cc050a,2,1,1,2
85275cca-2675-1648-160d-e804bad1e5da,2,1,1,2
8874e7c6-9587-4d37-aedc-0b9a83726156,2,1,1,2
bee382ec-5981-40f1-82d4-ecbe816b4113,2,1,1,2
ec410552-e717-439a-93cf-1b66ba5a86c5,2,1,1,2
be4bb5d5-05e3-4e07-81ea-7eea9bc8cb28,2,1,1,2
bc1ca6f6-7e63-45c0-b043-2b4501ac5029,2,1,1,2
dd2a5893-4be5-4970-bd35-e737272281a4,2,1,1,2
e9c02d2b-f5c1-41f0-9986-56c0c7f59ed7,2,1,1,2
3ad24fa7-17fe-4c47-b3f0-2f807ed286d0,2,1,1,2
b783f09d-acc9-4da1-b339-47430724b26c,2,1,1,2
249232b0-4871-cdf6-76d0-66c5e29c1f25,2,1,1,2
5135304d-f0e5-4033-8c63-af9f716a6d35,2,1,1,2
1fd36fbd-c430-4613-8327-60eff1e3c844,2,1,1,2
d45e593f-5310-41c5-a8bb-b55c9411f412,2,1,1,2
8cacb7d0-8c43-4154-8aa7-396488ce6137,2,1,1,2
4edc6486-b711-4541-a7ea-d01c6bca4058,2,1,1,2
86648bbe-b86c-4cd2-bf65-bb3a0b82d3f0,2,1,1,2
e3066542-fd31-408f-81bd-6951c9b2e801,2,1,1,2
2018bca1-3f67-4c61-a362-e3c03ecc333d,2,1,1,2
d4f49f51-236c-4f83-9f0a-26d8e03f3fde,2,1,1,2
894d8c8d-8078-426f-8bb3-aa8091f4d023,2,1,1,2
0d2e68f3-f43f-4765-8c88-fe3c54723786,2,1,1,2
c36a0c36-7723-49f6-aaa6-9779e6aae45c,2,1,1,2
cf8ef0d9-f2c1-4181-8051-cd48590d0764,2,1,1,2
5b6deeb2-894f-4f87-a6dd-6738e1be02f5,2,1,1,2
5d7cf0c4-2093-44ed-b48f-72db90353dd2,2,1,1,2
75e876c5-1ee0-4fe1-909e-27d45494aae9,2,1,1,2
7b19ce8c-7b29-459a-bbb4-b76f70533810,2,1,1,2
187e53c0-ee34-47a7-9d17-7e892a09a1e7,2,1,1,2
a6d810a4-db7c-45dc-8204-3bc4cb61a8ca,2,1,1,2
a23c7c34-3fce-c8e8-2e7c-535080d23698,2,1,0,2
662bae09-cf6c-43b5-abe8-5b13e7497ea2,2,1,0,2
bd31f613-8693-4b1d-950c-dd47c42d4d66,2,1,1,2
532b681e-ca94-36ec-a0ed-278e334bf2f5,2,1,1,2
8222591b-1abf-4064-9656-b1a33aba41f6,2,1,1,2
84d372d4-b5c5-4d5d-a329-4e8864097f45,2,1,1,2
55d9cf2b-16ea-4fd4-86cc-50da3b44b869,2,1,1,2
520aec6a-cf04-510c-e1c3-feab22d206aa,2,1,1,2
1d6cfb6e-cb4c-44c1-867b-26f8fadc9be3,2,1,1,2
a7641a1e-e67e-4c3c-b80b-66483ff49859,2,1,1,2
96480f83-3842-4b21-942c-d9b12129c618,2,1,1,2
1d0ee4c9-e0bd-4ef2-96f1-88e186d093ce,2,1,1,2
9bef6860-24f5-4995-bc1d-63772bd5838f,2,1,1,2
64149f6b-26fb-4e66-a145-9250a4a5ee3c,2,1,1,2
5a64aa26-dbb6-4ebb-8736-0ec7799bb493,2,1,1,2
a99ddcf0-bde3-4ca7-bea6-18792d4a5e1c,2,1,1,2
f548c694-5e1b-41d5-bdc6-5a57ac031ecc,2,1,1,2
1e8b0563-6485-44ff-856d-7383c7fa87b3,2,1,1,2
270d5752-a1f0-4316-8d38-9f4870d6b8d2,2,1,1,2
002e91e5-7b65-4900-b832-e4ecf9f48672,2,1,1,2
86415c34-8406-4c26-b264-ba6f5793149d,2,1,1,2
937f74ff-4147-474c-a025-1f6ddc5ce5a3,2,1,1,2
f4caed6c-afe1-4724-86df-e20017bc61fe,2,1,1,2
c7763996-dc9c-4dc9-9a1a-0266618d0dc5,2,1,1,2
95287e2b-07f9-e4c5-b6d5-bdcd6eb140f1,2,1,1,2
62e4f4d5-f25f-9c75-bc44-e6a3ceaaf89e,2,1,1,2
aa171af5-ced8-4bac-a64b-f6ff8a98b188,2,1,1,2
bc83bc40-619c-4ac0-b5d4-6d397b3924d3,2,1,1,2
d7dffc82-4df9-4aa8-913e-53282f88ba73,2,1,1,2
86fdee11-e3aa-4c8f-bed5-692614c64050,2,1,1,2
336811f1-062f-484d-b0dd-ce8c1561298a,2,1,1,2
b422a335-9889-4726-9a98-4ee9d39606fd,2,1,0,2
33ff3382-ff30-4c72-8dc1-bb5d183d684b,2,1,1,2
063e4216-e362-45ba-916f-6b9cfb6e4a8b,2,1,1,2
966f721b-a482-4208-9e49-49967df427cb,2,1,1,2
508c41ea-2982-4866-9f25-ad3c573b6f44,2,1,1,2
f12453aa-83ea-4b96-8200-770ba5a70afd,2,1,1,2
2742e88e-50e5-4e26-8ac7-7349762e3269,2,1,1,2
44e008bd-55ac-418c-aa4c-9745a6a49aaa,2,1,1,2
a330d5cc-41f5-4684-89de-8fa783099521,2,1,1,2
d8fadbaf-a641-45fb-b88d-833a588f0fab,2,1,0,2
6295f13a-5b17-40de-b657-35eb49002905,2,1,1,2
e5a6e6fe-0985-4b1b-abc0-6ef3aaa4295a,2,1,1,2
a63397a4-4f45-4d98-aafc-025e307b7095,2,1,1,2
3d272afe-32d1-4b48-8670-a656ffdfb110,2,1,1,2
94ae0d56-30db-4425-a8ac-c21bce492e19,2,1,1,2
2173ddac-cc7c-4270-adb2-1c389d587080,2,1,1,2
bdb7fc06-d1ae-4d5b-97fe-0b9182236608,2,1,1,2
bc81bfd5-dd6e-4e1b-bd3d-70065aa22d63,2,1,1,2
43d1f084-32d7-4119-9b22-d624ca35eb71,2,1,1,2
b3d32b2c-b0dc-4ad2-a12d-d58fbff0da9f,2,1,1,2
8839a2df-83e1-a027-926a-8b9acf39eddd,2,1,1,2
28298a66-8ed9-4bcc-931e-75fde65316d4,2,1,1,2
4fedbf53-1acc-4473-96b7-a6e81f604404,2,1,1,2
231478c0-5bb4-4eec-a94e-03f11ecf9828,2,1,1,2
a3fdfbe1-a3df-449b-8f78-cbb53990433a,2,1,1,2
fb418352-6d0c-4792-9f8e-a4bb7775e339,2,1,1,2
5a179ab4-e3df-4cd0-910c-d62d9617c0c5,2,1,1,2
b5282b88-1e79-4272-8831-107ab172ef60,2,1,1,2
502f1783-4515-4d8c-9169-aa6ebf925783,2,1,1,2
40b23ad2-c191-4e54-8911-fd27c7d92c27,2,1,1,2
715e40df-542c-468c-a181-939c34a14a3f,2,1,0,2
10e23eae-e9a6-4716-bdc1-71c8170af414,2,1,1,2
666daf2d-47b5-990b-54bb-02401a1e163b,2,1,1,2
78279f25-6153-4276-a17e-d2ccdc394098,2,1,1,2
e051d78a-3303-48ac-acb5-7c9ee0440af7,2,1,1,2
e46e1021-2abf-41fe-82e3-76d3d0acf32b,2,1,1,2
88e3e25e-422d-48dc-946f-4641af2f82a0,2,1,1,2
2c7a6eea-4096-4cbd-a1cd-a84acc022404,2,1,1,2
d7baecc4-b384-4b97-8fff-235a901344cb,2,1,1,2
2a7d9916-c2cc-40de-842b-3be0e7ad5d48,2,1,1,2
ccbc30be-b070-4e08-bc03-fbdd10289495,2,1,1,2
aebde47c-b73c-41cc-b467-d81424278d5b,2,1,1,2
a5099dd6-4a5f-416b-816d-e642d221b86b,2,1,1,2
90c99e11-ec1d-e335-5933-54cc6b7a3a71,2,1,1,2
6ef4cd4d-f81d-4a22-a356-45538732f69d,2,1,1,2
e71e05a8-67ed-421b-8e24-44371225d9a7,2,1,1,2
74633017-52da-43e9-9200-feb1d76f4463,2,1,1,2
d63cb201-c185-6931-962f-ced8136a1420,2,1,0,2
69487ba8-3bdd-45ee-949f-5a474023740c,2,1,1,2
9457bfdc-1d20-4284-a415-d3500b20ce87,2,1,1,2
575a305d-61d6-4e7b-952a-0435c9d53548,2,1,1,2
4decc5c5-a5f0-4fb0-bfa1-5df701fa6141,2,1,1,2
8759b389-49c2-4bfe-af68-42976b0f82d9,2,1,1,2
f1e8a7a8-242d-4b09-ac2b-26e17a6d6e84,2,1,1,2
16f59794-5882-4696-90f6-accbf68b2457,2,1,1,2
4d19e89f-ce54-4dcd-8be6-f055624d33c2,2,1,1,2
220f2d6d-392e-243a-df0f-d9b67ba7a3a9,2,1,0,2
009d4c59-d526-4656-a118-31a80bf3ecd2,2,1,1,2
c81ee174-3bec-484b-a723-8d95b30df49d,2,1,1,2
9371e51a-69ef-48c9-b5a9-968e06994d3c,2,1,1,2
9ed5ddc2-3fa6-43d0-a967-c3034700bbc9,2,1,1,2
9f04bc11-756d-4ca9-a8b3-096b126d71d9,2,1,1,2
d6e0eed1-49ff-4ce5-a8dc-32d3bee29a7a,2,1,1,2
59b66bb1-3122-42a0-94f6-b067e986edbe,2,1,1,2
46f9b87a-eb3d-4f5d-9983-7b2597760d4e,2,1,1,2
c7bdf1e8-cfdf-4f79-a17c-14cea93b0e25,2,1,1,2
32919c32-d4b1-4cc7-87c1-41059ea52053,2,1,1,2
cb0bd9a5-aaca-4763-a23a-b7a048cf49b3,2,1,1,2
0f17171e-4546-4111-83df-36b7f859fb49,2,1,1,2
032e8eb8-c453-4e6a-bb9d-6fc90faf8087,2,1,1,2
8f1d7793-f5d2-4dc7-8fa8-4875ea8c79d9,2,1,1,2
5e3f3e45-c048-40e3-9107-36c6a1b1f211,2,1,1,2
13c59090-4aee-4370-a88f-2a21d60acad7,2,1,1,2
9dd849d3-d629-4f4c-9d31-ce394f43ee07,2,1,1,2
cc10f65b-560f-465a-a8b1-4a9b704017c3,2,1,1,2
68f62dca-d035-f346-efee-8ab1e9b9f7c5,2,1,1,2
5bfd2130-3870-4a41-afed-9b6ccee2a65a,2,1,1,2
3c9a7c1a-30de-4426-9b45-71c9d968a05a,2,1,1,2
d8e081f0-7dbd-4452-aefa-5229e56a7c79,2,1,1,2
d9b97352-d6cc-40fe-b0d2-544fd744cf97,2,1,1,2
c1200285-d33c-4a01-a678-67df3d2f0006,2,1,1,2
d7d44b7b-dd86-4357-8bb5-a16efec89193,2,1,1,2
0ac6733a-8c35-30a6-80ec-17b78d4fbb54,2,1,1,2
85245c93-1fab-436a-8651-faa94db4db8f,2,1,1,2
5b095a7f-26c2-4391-9693-e58463baef40,2,1,1,2
90ba7a16-b3f4-4bbe-b3e5-b5644e315476,2,1,1,2
e42db4f6-50a8-417d-9820-9f8191e61270,2,1,1,2
c25c2c25-fffd-4f7d-9f70-08a8257cf48a,2,1,1,2
a501b0de-40c2-49f3-a0c4-ffce500de37c,2,1,1,2
59069b2f-c546-493e-89b2-0cc072717889,2,1,1,2
fe609e3b-4d2b-48e3-a805-501ad2e227cf,2,1,1,2
7a1907da-48ee-4c4f-8dbc-36251138b8e8,2,1,1,2
24de98cf-d31c-4429-b26a-f8eb3f515c7e,2,1,1,2
277ca7e4-29d3-44f1-86de-58b3dd931363,2,1,1,2
56aa60ea-85a5-4d73-8040-84c2d0b7fb06,2,1,1,2
ff2c86b6-b6a6-4aa4-a4be-7b044e8a6e7a,2,1,1,2
3bbbbc84-486b-4b70-b0e3-76eb36c18200,2,1,1,2
c41f8132-efa9-4c06-b232-951d483cf366,2,1,1,2
2cb387c6-3019-4253-ab24-a0bf970a8954,2,1,1,2
a16e9fb0-d9a9-7633-4e44-7ed72aa3898b,2,1,1,2
ec137266-7c5f-4bf7-94aa-8f9bcc948c18,2,1,1,2
6d362755-cec1-4c08-bad5-023420a4499f,2,1,1,2
04c84be0-b71c-4d13-8f70-429e9c59fd6e,2,1,1,2
d7a3b05d-ed36-4482-b7a8-9b535f992ad1,2,1,1,2
0dce838c-74d0-4e98-886e-6ba078c015f0,2,1,1,2
ce97972f-8557-462a-99bc-b32f840babe6,2,1,1,2
0db63d5c-2318-42a7-a38c-28f4533230fc,2,1,1,2
2c635689-f889-4709-a4db-ae39b97e0a70,2,1,1,2
d775003b-07df-43ff-8313-2f7c0203da3c,2,1,1,2
c99739a4-a864-421e-9147-410d3538182d,2,1,1,2
b630c26f-aaf8-48e2-9612-869fe7a987a4,2,1,1,2
7b7792bd-488b-45af-a2f1-46562b0deb7a,2,1,1,2
f307ea6e-b1a6-48ee-a749-3420c2332588,2,1,1,2
0c00987d-cc87-41fe-9dc3-2b1fc64c348e,2,1,0,2
4d0d40ed-de4c-4b0d-85a5-a5003f08babf,2,1,1,2
61b8a3b3-3304-4ba3-9837-b366ad11b603,2,1,1,2
0d23c626-3ace-4cc2-9a62-8f63e9661731,2,1,1,2
f887d9cf-f916-41a8-80a9-ccf71e231b36,2,1,1,2
ecbd8a7e-05f0-4c6b-a91b-afe336cac77e,2,1,1,2
63dcc91e-2c51-4401-82bc-2902cca1e056,2,1,1,2
74e01243-7133-9e71-cc34-18b7d12b0b26,2,1,1,2
ace40a89-309c-42c6-b838-a65ff437f44a,2,1,1,2
43c0e68b-8e22-4029-9620-01d6545fbd3f,2,1,1,2
e13637ba-c842-4f13-a6f9-b6192aa5535f,2,1,1,2
fb4fad98-6896-4704-8c1d-a95796a103ea,2,1,1,2
57956cc3-d552-4ed6-b88a-753bcd2ea222,2,1,1,2
22461d1a-d3c6-4e5d-a43c-cacdc118e594,2,1,1,2
be04bd35-1289-4cea-aa88-db5d6ed06f97,2,1,1,2
0a25c1ce-0b8b-43d1-9017-f7c08dc40667,2,1,1,2
4b9222e3-740c-4bb6-9af8-359042abcd09,2,1,1,2
29beef30-7bf7-4ee6-82fc-89eb6839edb7,2,1,1,2
38be96ed-4804-47ae-a898-9eca726ba77e,2,1,1,2
ad6332d0-e957-175d-7124-7ba3f934645d,2,1,1,2
920d8132-7063-44f6-b924-3c9404ab0b48,2,1,1,2
30eb029b-6453-488d-b11c-e66015893743,2,1,1,2
8e1aa00d-2cf9-47ec-8d27-db33ee412865,2,1,1,2
6d26e3dc-7ed8-45a7-a6c2-42497f8b8e1b,2,1,1,2
0d4b2f85-8b67-4e9f-9336-127a4c55069a,2,1,1,2
b2b7529f-1f67-41f3-825e-a51424c1d0a5,2,1,1,2
f97082ea-e9f9-42e0-929a-21151232f8f6,2,1,1,2
8baab533-c3b1-4e34-84a5-700cef5a5926,2,1,1,2
3d3a9b82-fa14-4395-b08a-5c036ad8c681,2,1,1,2
1f81faad-ca2c-410f-9275-c9990c611e24,2,1,1,2
266de8b4-d2ce-4bc6-fd59-615b991b5821,2,1,1,2
feb578b1-08fe-43d2-a4cd-d9b159a34b4b,2,1,1,2
331e501a-f35e-468b-8536-b43935cfa060,2,1,1,2
672cb798-13a6-4913-99b7-c4cf88396c7b,2,1,1,2
37824ce5-5bef-4929-a78e-9ec466f77396,2,1,1,2
1d7852cf-f10a-4c50-9c14-160f6ba5f086,2,1,1,2
0af1cbb0-2ef2-d389-8e35-d6a650227b0a,2,1,1,2
10f467eb-2d31-468e-8068-9ca3ebbbeb07,2,1,1,2
913d557b-45f9-4450-a6c1-50d4232a96b6,2,1,1,2
b2c7d506-ef73-44ec-aa21-04eab107a9e4,2,1,1,2
50681dcc-ec23-47c3-bc27-ad7879ffcb41,2,1,1,2
5589fc8e-d904-4443-b9c6-a2193dbef0db,2,1,1,2
a5594c3c-29bb-41c9-b599-40d8eb3ff9eb,2,1,1,2
98199974-6498-45d1-bf4f-f52a993d3230,2,1,1,2
24ed5b52-6f43-4fd6-91e8-c9e980012ca8,2,1,1,2
97f78f0c-03f7-46f0-9d50-4387bea15712,2,1,1,2
8e6d0a19-fbcd-422a-b1f5-925dd4c8e11c,2,1,1,2
832886e9-328c-4cbe-819a-a858402fdad4,2,1,1,2
af78d7ff-0688-4619-9434-383b66165b28,2,1,1,2
9d4ca70c-408c-439a-8642-41877bcadcf0,2,1,1,2
1de9e584-8007-4b99-9c8f-ab92ec65723b,2,1,1,2
2ec143e8-700b-4fc9-8a08-82edbf6c56db,2,1,1,2
d8495917-06e0-4eca-b249-a0bf0b87849d,2,1,1,2
f651bcbb-fc7c-4c61-9820-1cc34e127f37,2,1,1,2
c41e2f20-e67b-4e63-b2de-71c6833c8890,2,1,1,2
929ab7b3-2637-4666-a8e0-fd083c054268,2,1,1,2
41003f43-d462-48d2-9b51-a1b28e82113f,2,1,1,2
5b5f6f82-cb47-4710-be4a-ac0ba15b6d1c,2,1,1,2
886fff97-1f32-7916-6c1d-e83121b98b11,2,1,1,2
628ac8e8-4704-43e0-be85-d0571eb689e9,2,1,1,2
15dd87c3-9567-41ae-9282-0dc3839a74ac,2,1,1,2
2e49c875-5892-497d-8970-e693d0444e51,2,1,1,2
37cd7c5c-a82b-b562-9ee4-04cf0acf049e,2,1,0,2
68fdf3df-3a15-b2eb-bd82-f0242bc7b319,2,1,1,2
e517eae3-b39e-406d-bf97-9104f4838efb,2,1,1,2
7051d7fb-6901-468c-9de5-3a1b5db6022b,2,1,1,2
ddcafc7c-377f-44df-a222-d02ccb9e648b,2,1,1,2
7a9599f0-50a6-4539-8f4a-c88e017b5a87,2,1,1,2
d0337bab-f05d-4ff6-9153-139dedd89453,2,1,1,2
6ed18323-4f1a-43b4-8dac-2b56fb8ca259,2,1,1,2
8a42424d-c9bc-4093-9110-aa96f2e533ee,2,1,1,2
5dbfbefa-0a6f-41e7-ac74-a50410a1dc98,2,1,1,2
1030b997-f372-4c8f-b13b-6921de75f70a,2,1,1,2
e87b2bac-c0bb-732c-f0be-a0f8d4cdca8b,2,1,1,2
09d876d6-9221-4a8c-8af3-f37f2c06cc77,2,1,1,2
ca9e1c18-c403-45a2-8fd0-831efdfd3e7e,2,1,1,2
13ce707e-c364-4ed2-9058-8f26f2c90582,2,1,1,2
87fbb03e-9bc4-4740-be0a-00bd57be8b8b,2,1,1,2
2eca8f37-ff8d-4675-ba32-0e9e5fa4e86f,2,1,1,2
54ed4d53-ba64-4721-8b62-06109a4a5b2d,2,1,1,2
adf9f411-dda1-3c3d-1ac0-f0e52568c4e5,2,1,1,2
0c86ccfa-f981-4e79-bb5e-b48a06e0723e,2,1,1,2
34953634-773f-4ac0-b7fc-66a95c5f44a1,2,1,1,2
696966e9-4c71-48bb-8d77-45b8e95e4abc,2,1,1,2
9e04646e-096f-4808-bc4b-20dd99df5e81,2,1,0,2
9c118b0b-391c-409e-9c15-8414bf26e750,2,1,1,2
ac6024b0-fbee-4607-880c-a8dfeae04726,2,1,1,2
ab42d4ef-fdeb-418f-bf78-4b2595195b02,2,1,1,2
c7de1767-2f79-32c4-9409-ed424022bb5a,2,1,0,2
2a6cd994-5bf8-48a5-8287-a34d95f54929,2,1,1,2
1fd6ad7e-f241-4e7f-ae04-18a5c1dadc2e,2,1,1,2
29d7aeb7-70bd-47e5-afe3-6727680857e3,2,1,1,2
767b4d5c-0e90-93ed-9e80-6bc2038023ef,2,1,1,2
9ddc85dd-a91a-4370-b19d-69f0d97e77e2,2,1,1,2
70f5aa5f-24e7-4bb7-96d9-a191ac0139b7,2,1,1,2
857d443a-8a92-150d-71e2-589b10386adf,2,1,1,2
00693284-268b-4c86-97d0-4e6a458d5d79,2,1,1,2
1bd43d05-034c-4c03-9028-ff8a538456fd,2,1,1,2
617115df-205b-4c60-b944-a03fcd65e3e0,2,1,1,2
4b2ae3d5-166d-4a9e-be4d-c4e8a741fd34,2,1,1,2
eab9eb79-4090-403a-8ae8-5c322adc7043,2,1,1,2
24fced94-ae1f-3b2b-6669-ee78169da11e,2,1,1,2
9747f000-270f-4fcc-b2c1-9bb4c72fad6b,2,1,1,2
64ae1829-e902-431c-8be7-ca0b69853d26,2,1,1,2
9feb693f-626f-426b-b50c-10b82d1fc981,2,1,1,2
8449a3ea-0a09-4fa7-b111-f2e2905815cb,2,1,1,2
e99459e7-0e74-49c7-9de6-0f113a2330ee,2,1,1,2
bd8e66f1-7021-413c-becf-374b267534b1,2,1,1,2
683b2783-c3f8-4c5b-9e24-790c7051abff,2,1,1,2
655ed43b-822a-445f-9a80-3a1ac74653df,2,1,1,2
98584c72-84b0-4951-8a37-20e5010d5fe2,2,1,1,2
6413978f-6aae-406c-8382-0af67c605304,2,1,1,2
dd5db01d-dd6f-479a-9bba-14422a1f4a34,2,1,1,2
a5b7d380-c361-4dae-93a0-9d0ec7774acc,2,1,1,2
6e573b65-72d9-4160-8499-005390ae677c,2,1,1,2
5f616269-2e7d-4ff0-a192-86e077fb7d09,2,1,1,2
85732d4e-c532-4bd8-b868-9f72bf1bda36,2,1,1,2
ad84c321-1887-47fb-9212-88e51b564891,2,1,1,2
ddc6001a-a8ff-42f8-a554-5e3056e8db78,2,1,1,2
7ed82556-e9cf-40e1-b8b2-253032058996,2,1,1,2
90cd1672-d4cd-4c67-ab32-fd12f24a22cf,2,1,1,2
bb81ddd6-c2e6-4457-80eb-aff8190e9e1b,2,1,1,2
659076e9-d866-4a0f-9b7f-9e48bedf9de1,2,1,1,2
26dcf08b-f07d-4a74-854c-5786933a2f3e,2,1,1,2
7053ffbc-384f-4a2e-ab8e-0e1ea14f70e1,2,1,1,2
3e6c4258-726e-4c39-9d92-11c035d0c041,2,1,1,2
1800f753-9571-46f4-ba0a-54b05841d48e,2,1,0,2
ba5668fd-b8c4-b7c4-1cea-e07251130c00,2,1,1,2
53284376-6fb7-47ea-b94a-31ed340a6bb4,2,1,1,2
61296239-d777-4e35-9243-cdd7dabc1857,2,1,1,2
ad833fb3-b799-4a8e-9933-de823bf36e87,2,1,1,2
7aa675b1-47f4-44a9-882c-3690820792f6,2,1,1,2
de428d21-cb25-47d8-8761-f76aca52455a,2,1,1,2
884e5472-382e-4a89-ad45-0def6c90f8d2,2,1,1,2
058fc48f-3902-4406-bd9e-8ed030561ee1,2,1,1,2
23617454-1f60-4d82-b358-ac4cc4cf8c11,2,1,1,2
fe93eb00-2c14-4630-8c15-b5c46008c3d1,2,1,1,2
26bc1cdc-4326-4a8f-a7eb-b45288122b6c,2,1,1,2
ec1deb8b-ea44-4a03-9c40-a674cad87e82,2,1,1,2
7e8364aa-951d-741c-a743-d6eab1bfa1e7,2,1,1,2
3f1ff5c7-6257-4586-8bfc-55e0c2dcf4f0,2,1,1,2
fd66e632-4ed2-4210-8999-752cd496d980,2,1,1,2
daf239eb-79ee-4e19-b681-5e819ceb9e0a,2,1,1,2
ea7bd3bb-d1b4-4632-9e0b-86059fae7cc4,2,1,1,2
d16714ee-8c5a-4c33-8fcf-f1cf8a81182a,2,1,1,2
6bb356c2-48f8-40a3-b183-536c28cbbec7,2,1,1,2
131180ec-28fb-44d6-918d-64f0b03d9ce0,2,1,1,2
e28cbe53-a794-4e26-8e1e-20b96e76355c,2,1,1,2
84d962f6-43a6-4b21-b568-8a3fa92d3b13,2,1,1,2
a4378c1a-3809-4b93-a4c7-f0525196dde7,2,1,1,2
c03b2473-6205-418e-90f5-5d2e6ffb0fc7,2,1,1,2
411a7e88-5efc-402e-90eb-8a057b6ecea5,2,1,1,2
31985c19-166d-0f73-de9e-cc385ed76574,2,1,1,2
4855fbf4-a663-4bdf-b3cf-521316d7c824,2,1,1,2
0f7e1fb9-0901-4602-86fe-adfb6904f782,2,1,1,2
fb5f0aa8-1425-aac8-6bf4-d45421a30634,2,1,1,2
f7f33b6d-72b4-4e9c-8f88-9028ba2d4de3,2,1,1,2
2c03034c-1899-42c0-b4a6-98177bcca94a,2,1,1,2
f3a84b14-7300-47e4-98da-f03c5ff92471,2,1,1,2
d623cd3b-1392-49f2-893e-4ffc51f6d9d8,2,1,1,2
b5a41bc1-9f64-49e6-9fe8-254ce93cb5b1,2,1,1,2
8fe743e5-f194-42cb-a271-6de8fc8e3234,2,1,1,2
f0d200df-3496-4a17-9ae5-c4c2afabc91d,2,1,1,2
1150a1e5-70ab-4098-9712-b5c9106e191c,2,1,1,2
cdeccdfd-96fb-43b4-be20-30ef38ba8b83,2,1,1,2
2a5ef688-8c8b-48c6-b9e5-1b3cd106c0ef,2,1,1,2
2e1df34d-0582-4e98-b0c9-9faf0f5d286e,2,1,1,2
991a2ce8-1590-462e-a509-73d3f2efb813,2,1,1,2
db6f75b9-ce79-4518-8a22-a70616e5bba8,2,1,1,2
5abb688d-4ab4-4cde-8ff0-cc8fa6afa6da,2,1,1,2
d943b891-c4a6-4e9a-84e8-2c97da2ac7cd,2,1,1,2
bbdbb8e3-e84b-4ef5-9f58-31dea412f732,2,1,1,2
c7afdfde-014e-434c-932f-f241af4c876c,2,1,1,2
8fd64194-6d7e-48e1-a84a-fd7630d11621,2,1,1,2
3591ce62-606f-468b-8ca6-0c0d7e8967fd,2,1,1,2
b4b36eea-961d-494f-a936-5edea4af8cc9,2,1,1,2
38152e62-a285-43cc-9ae8-ed8e067da882,2,1,1,2
ce8fcae3-d5fb-4b7b-828a-9d472e20a36a,2,1,1,2
ebc2c32c-f69c-423e-9f98-10f9cdcb62b0,2,1,1,2
0938d0ea-280c-46bd-9052-529bd56505bf,2,1,1,2
1d3252f6-1450-29fd-f5d9-c74d0a4a260a,2,1,1,2
1729428f-d015-4d45-b819-8ff8ea7e168e,2,1,1,2
04777953-128d-4b78-8e0b-2eff671be14f,2,1,1,2
ee8d2213-5d23-4f7d-8b4a-fedd1565a7bf,2,1,1,2
fb4b0eab-779a-41a4-931d-139b1c2039b8,2,1,1,2
1611e898-89e9-4126-b48a-176780f14768,2,1,1,2
f9940990-bf40-4651-ab2f-e92842e6a073,2,1,1,2
d3a960b5-c02a-43b0-ad1a-d069a57bebfb,2,1,1,2
82079bc3-1488-47f8-92b1-4a9b39156935,2,1,1,2
c8148e00-0c17-4f96-806c-087eb8aa71b5,2,1,1,2
7f2e233d-2356-4ad7-b766-a10c45e5c89c,2,1,1,2
61a33be0-c330-4197-b59a-ccb17976f5aa,2,1,1,2
c02e4589-076d-4627-a143-dffb9a401f92,2,1,1,2
e0514c20-006a-454b-b980-4d7d2ae9d233,2,1,1,2
e01922e5-07b1-437e-ac37-352e07b9788d,2,1,1,2
337cda47-740f-4abc-8d2c-8ebe4f3b6100,2,1,1,2
c5df37ee-6aa5-46cd-a867-c0f35eefa9b4,2,1,1,2
980dae1e-cd67-4ff8-899d-52275dd47332,2,1,1,2
b0ce98cb-c5db-46a0-9eb6-0cb80fbb374d,2,1,1,2
37f05c72-2983-441c-8451-40a8e4358132,2,1,1,2
1a744622-3ad1-42e3-ba95-5bcd57a7105a,2,1,1,2
06029435-1f9a-4342-b81f-5ad4d471b603,2,1,1,2
8602090d-0ba2-44de-82e0-b3e8b36bd75f,2,1,1,2
ea0968f4-dce2-4bfc-8554-51742a462540,2,1,1,2
ae09eb8a-2885-4e27-8296-15aa7afc1a91,2,1,1,2
9a1fc9b1-3a68-4d90-877d-69aeb09db0f4,2,1,1,2
4ceebfa1-3e0d-47c6-8b07-d5076dc8f477,2,1,1,2
ddc19f40-0b6a-4722-af70-fb3b112bcf65,2,1,1,2
3589374f-5315-4b71-87e5-972a1188b57c,2,1,1,2
b1dbb57b-5332-476f-bba7-085f27be0943,2,1,1,2
9ae0e278-c4f0-4c99-9481-d295768d95a3,2,1,1,2
e70b2b60-a04e-4249-8e43-3217dbd6fdb2,2,1,1,2
d4b31ac9-a606-4f05-a128-f69d5d39d199,2,1,1,2
1bb3cf8e-53ea-436e-a8d4-421735fb75f0,2,1,1,2
c89277e7-4da1-43d9-8900-e98d137f406e,2,1,1,2
f71fb49b-dbd8-4cb0-9a33-0862190d3762,2,1,1,2
b266f4fb-c93a-4b02-9eea-0d7a4d2e1a9a,2,1,1,2
75b8a1cf-18f8-4a43-9baa-7808861dc587,2,1,1,2
35c7d39b-3c39-4ff1-adda-bbb9a190a01f,2,1,1,2
6eff7e0d-4d7e-49fd-92b5-2618a051d03d,2,1,1,2
caefc893-2e2d-4e91-b85f-1fac9e0f529b,2,1,1,2
253f3f6b-7da5-4cc3-99be-572408badc19,2,1,1,2
f88227ed-7799-48d8-982c-c645014d9c65,2,1,1,2
2a25a0f8-7734-488f-8d93-b379519deb25,2,1,1,2
ac421a4c-799f-49b9-82d7-ad752c9529f6,2,1,1,2
a445178b-c983-42c0-9583-2e9328823a95,2,1,1,2
2ecd8b07-ffae-4d4f-9fbe-0db8bc59ed4f,2,1,1,2
7bd63882-08e4-4fce-aa2f-d294f49fc303,2,1,1,2
c8dd4bd9-b4f9-4afc-8e37-4fd5699992b8,2,1,1,2
98a02367-280f-4cbc-825d-1592e780703d,2,1,1,2
e5c7b15d-ba6a-4847-97d9-ce56a750c159,2,1,0,2
36cffb20-528b-4507-bc10-0065d50857ee,2,1,1,2
97c55dbb-45fa-48e3-946e-34b6baf2053e,2,1,1,2
84cfdee8-f63e-4962-af36-43f5f9116ab3,2,1,1,2
38e4db14-eb26-4afd-ae0b-8f3f1f03d18f,2,1,1,2
cd78970d-e451-432f-b13f-d71305da8195,2,1,1,2
7c854ce4-3400-4699-a30f-fe2a6a90e49e,2,1,1,2
694667e8-08d7-1921-be4b-491882603d03,2,1,1,2
1f946584-5089-4eda-8973-8044e16fa11a,2,1,1,2
b44d06d8-3882-4335-b8bb-71a2fd1de180,2,1,1,2
a43457ce-6afd-d8e6-59bf-8301243f8e5d,2,1,1,2
6893a861-e787-4677-b986-42ef4e5e4360,2,1,0,2
c5243dc5-dab8-4590-bce4-28184d16435f,2,1,1,2
01821517-5bed-42bb-9e06-eea72e38d0a4,2,1,1,2
92b37a2d-02a3-4ed5-931e-ff812bf10b21,2,1,1,2
dbc95486-c190-44db-b992-df719ede6e9e,2,1,1,2
3e392b22-9b92-4309-84ad-c363700014f2,2,1,1,2
7857a91a-c5b6-4ca9-bb3d-18f86e66dbfc,2,1,0,2
fdc0775e-dede-4024-9065-7dcfd3595679,2,1,1,2
712be937-cbd4-4d4d-853e-a3b63273aa80,2,1,1,2
e664bfbb-9ff4-48eb-a72d-f875f82d1ef6,2,1,1,2
27c8f74f-88e6-4a0a-a188-3b94f15bdc7f,2,1,1,2
45a7c2b1-9070-499c-8766-fb4b9fdeea33,2,1,1,2
d5c5009c-1cac-4938-ac29-6151713f261b,2,1,1,2
b5b858ed-6756-40f2-af2c-696ca8282fa1,2,1,1,2
8d41b6fd-5645-4938-814e-38feff9c46a3,2,1,1,2
a1b16172-6c1f-42fa-9580-790c62497508,2,1,1,2
c5428744-1203-46b6-bfb6-2cbd552ef403,2,1,1,2
4334ba8e-b05e-96c6-a330-326c638ae100,2,1,1,2
8bf24a2d-b2d9-4328-b213-7620da366b31,2,1,1,2
33adfc2a-48dd-4a8e-a0aa-39dbec696d65,2,1,1,2
1644d539-e00a-49f8-98ac-a53ddb2516a5,2,1,1,2
0715bcb0-d7f6-4673-bce7-22c576b58e16,2,1,1,2
b9e3d854-2d0d-4788-5898-7f8548f33009,2,1,1,2
c6a1d200-f6d9-9972-8e80-96da4cdb6871,2,1,1,2
d3eae706-1c70-4553-87f8-4306bd213ffe,2,1,1,2
942efbbe-9e5a-492d-8a2d-5f6ba2f39b8c,2,1,1,2
2ad811f7-4301-49ca-8290-d06099076fa9,2,1,1,2
772e8f79-90de-4ed0-a01c-57a0e11146c9,2,1,1,2
48635f63-a5a1-4e34-a227-8e98bf5c125e,2,1,1,2
6f5184f6-801a-45dc-9ebd-b841cf0acfe2,2,1,1,2
5b4f9d30-7d22-4416-88b2-170b5a821826,2,1,1,2
ea86c1d2-ab63-4e02-89da-c717e286ce36,2,1,1,2
58e3da2e-76c7-4e04-9d37-0a0f40ac58c4,2,1,1,2
306e0cd6-3788-40c3-b410-896859535881,2,1,1,2
5d32f9e6-cabb-442b-903f-7507ab8aaec9,2,1,1,2
1f9c788f-c3fb-494f-bfc7-f9f5ebf2ebb7,2,1,1,2
acd66649-7978-40ef-a035-6b886031adcf,2,1,1,2
bb29bc5a-3729-46a8-91f6-f99f20ac5747,2,1,1,2
de152998-b2ed-46eb-9b04-0a51980f359a,2,1,1,2
e3a44f3c-dbdc-4301-b631-b8c3c811c4b9,2,1,1,2
51f07c4c-b7d4-468f-9220-5e5bc6160f58,2,1,1,2
85524c35-b5e1-35bd-2c19-24a4bb331199,2,1,0,2
36167dbf-5410-4ec0-bd88-08abb0e85555,2,1,1,2
dc83d747-46c7-4988-a167-330adc36258e,2,1,1,2
bd6ccf42-913f-4db9-9520-2d1157e00988,2,1,1,2
cbda4956-156f-469c-a87a-9d8aa7101766,2,1,1,2
d7c208e8-99db-4055-b8f6-23833c7c4e04,2,1,1,2
3e63ec78-7592-4a95-824f-2ab79b040755,2,1,1,2
ac4a7191-7180-452d-a0e2-238156afeb9c,2,1,1,2
e0f86f4d-56b1-4d0e-8bbe-a5eeffd0302b,2,1,1,2
a753254b-c9a8-b630-b1cf-7fc1a62cc718,2,1,1,2
396624f4-e486-4ff9-ba8a-487c46d58f10,2,1,1,2
7190be91-9f48-468b-9cad-33aed7f6c13b,2,1,1,2
79621c7a-00e1-46ec-8d6b-99ffc7031bbe,2,1,1,2
fae648ff-c329-449a-822c-b99544ee9ff1,2,1,1,2
023ee2b9-dd59-4080-97f2-995c8c76d806,2,1,1,2
6b1ae451-d70f-4f91-a594-6baf33ec69f3,2,1,1,2
a4b273e0-6615-4a2e-a894-4aa90ed3bf09,2,1,1,2
e972645b-d46b-40d9-918d-1a7dc87f8a78,2,1,1,2
0a23d854-b71d-4608-be37-772d61424764,2,1,1,2
57b2d937-73b2-4fdd-a9d8-ddace16bf3fe,2,1,1,2
d2b43855-4f6a-dc94-9518-e77f7c3f7af6,2,1,1,2
86ee32c6-8b1d-4eee-a732-955d2e73e2d8,2,1,1,2
757d360c-5234-44fa-9653-075b5ce23079,2,1,1,2
e109eeea-4981-4a40-a168-061d3dd36c4e,2,1,1,2
bcac8d12-3792-489a-82d1-28448e6d7b50,2,1,1,2
d922fb6b-4d34-4fb2-8cf4-00dbd5a1d858,2,1,1,2
f7d9747f-3d5b-47d8-324e-51ca41ef49de,2,1,1,2
ca2a7cfd-c815-493a-9574-82c1f09349bb,2,1,1,2
3e1eb369-3384-4f75-ad79-3e893bb1f9d8,2,1,1,2
b97a6bbc-c3a0-483a-ad40-acfc516487c1,2,1,1,2
43a8969c-fc9b-4127-a374-812f9cd7c1a4,2,1,1,2
f3768bbd-d75c-4976-8c27-f1391e93f472,2,1,1,2
444fcebb-e50a-4a1c-a129-112c0cb76a85,2,1,1,2
22ffa49f-c8ba-4680-8e64-12bf98335b36,2,1,1,2
45cc4404-9487-43aa-b0a7-e4c6ad81a02d,2,1,1,2
7e6733b0-2b6f-4a01-913b-5b39b51404b2,2,1,1,2
57c5fe86-6a75-4ef0-b327-16e55b965e10,2,1,1,2
82c1c634-1d86-4bb4-98fa-ae9e1817dfad,2,1,1,2
2e263d5a-761f-53da-be84-fa4791167d41,2,1,1,2
c45ef9f1-7d58-42d8-9fb3-f1eee8ab1b1b,2,1,1,2
23618426-d1ee-407b-afde-6a9136161e97,2,1,1,2
56386011-3377-408a-8477-ad517e4f71a1,2,1,1,2
9a46942c-33a1-4fce-bc38-9dc3e818ef16,2,1,1,2
ced0b995-3cb5-4827-83ba-7e0e1152bd7b,2,1,1,2
35b9fb86-c2c0-4c0c-a80a-506a875bea9d,2,1,1,2
6526eeed-e8a7-429e-9aff-03f7fff1278e,2,1,1,2
a15199c5-fd47-486b-9530-fb622c414fc4,2,1,1,2
643e33f5-829f-00ad-ce68-7b33c78d81d2,2,1,1,2
ec462fe9-7ed4-de6f-0bdb-9f9c61d3149a,2,1,1,2
d740a934-4b75-4833-952f-d7e0e6477635,2,1,1,2
5d65a5b9-73ff-4f9f-b020-369db61a87b9,2,1,1,2
a0492973-b816-4002-8de8-8e8d50fb2fc5,2,1,1,2
30e37cd4-2ff1-5803-b8f7-e879e830cdc5,2,1,1,2
0e94a1a9-3f68-4501-a446-96fdaf3df9c5,2,1,1,2
e7f9275e-b67d-43dd-a711-89d20585128c,2,1,1,2
6e655249-3b2a-4303-b22a-2b1ab03004ad,2,1,1,2
ac8237d5-f4d8-404b-be3c-8a21470b1fbe,2,1,1,2
e3ce33fb-6f70-4b0e-84a7-b0866a724453,2,1,1,2
e380b0b9-920b-4913-b2a6-77d439e14a31,2,1,1,2
d99a2fbb-42cd-4542-b4d1-fbd04a02430b,2,1,1,2
f3b096b5-c1ad-4a01-8f45-23390eb7e871,2,1,1,2
8c610caf-efef-48cf-a160-9ee1c998838c,2,1,1,2
2d285616-1cf3-d40e-99c8-598abd453eaf,2,1,1,2
8148d9db-f9f1-472e-aa0f-fefb6abaa17a,2,1,1,2
7d1013d1-730d-4550-a1d0-9775277d1c77,2,1,1,2
7a72d511-0dfd-41d5-9dcd-521d990d5478,2,1,1,2
6eceba78-eadd-dd92-b1e7-708443b9ae63,2,1,1,2
4ca7b017-cba0-4920-a2c9-541c40ff6d5e,2,1,1,2
a5e11006-fb15-7116-a3f3-094b94a8ffa4,2,1,1,2
10c538df-6456-48d1-826b-37295391f05c,2,1,1,2
247d74d8-5960-4e18-bc29-5c05e9f7d9cc,2,1,1,2
f0f5d71f-d477-431d-a523-4af790d475fc,2,1,1,2
40e3e299-7f26-a2ff-b1c6-654157592a54,2,1,1,2
3a4fd029-58c6-4743-9b15-7688ff9556f2,2,1,1,2
ffa972fc-0076-4299-8cfb-98bab93508f1,2,1,1,2
daf4ea23-83a7-4fb0-9356-6b681260ce84,2,1,1,2
e52fa190-8617-41ea-92b1-c63d9224a25e,2,1,1,2
8bc7e7e1-c1e9-4dd7-998e-997651083fcd,2,1,1,2
a4fda5b9-c515-4847-8f62-c9d429141985,2,1,1,2
4cde412e-b0a9-4ebf-b8ba-148a3af94d47,2,1,1,2
30781e44-2c66-40e5-bf7f-364a73550fa6,2,1,1,2
81cba745-f1a0-451d-b0e2-5ef18f9b05b2,2,1,1,2
6f2aef5d-3d60-343e-430f-1b11aeffa5a2,2,1,1,2
dcd61c95-a03a-4132-89a4-826a4ffe9e8c,2,1,1,2
68bc8c8c-f83b-78d2-57c7-0813c8fd0499,2,1,0,2
dc5e8143-acef-4ba1-8d43-44693474d5d0,2,1,1,2
bb5e3cc9-d086-42c1-9436-db8a2d2f7e21,2,1,1,2
f7133d85-cc55-4454-a66a-87743f911b59,2,1,1,2
0be73541-aaa8-49e2-9b20-cd744daa96c9,2,1,1,2
3503bd8b-f0cf-4a6d-982e-38d78092c1ac,2,1,1,2
b3066a86-91f4-495a-8890-18e0550c24c0,2,1,1,2
0d671e27-8334-4a58-935d-29e4993cc686,2,1,1,2
3f6d072f-8c09-4b34-8540-bd001a7ec9a2,2,1,1,2
120eaf5e-1722-45d6-bad1-64827db48958,2,1,1,2
4d61442c-c6fe-be40-716c-071a3e31c33f,2,1,1,2
5fc0719f-e9ad-4f6b-93ed-48e9edc06b21,2,1,1,2
60e44cd3-7c9b-51ab-11d4-b310a5e683fc,2,1,1,2
c804ca06-fdc8-45a5-93aa-dcb18aafd313,2,1,1,2
f8b47620-d79b-485d-8830-641a7dd06364,2,1,1,2
25084455-b44d-ef8d-05b3-ae4778bda4f3,2,1,0,2
3a37db45-267f-485b-a000-66c58bdb6336,2,1,1,2
7d861937-dae1-4c63-aa7b-e197445587f6,2,1,1,2
20ac3a62-ea74-4a65-b745-0cfbb06f7fb1,2,1,1,2
6ba2e608-0817-4a06-8714-8a6f006e84e0,2,1,1,2
3ab24978-9490-4689-b4cb-c2a95de20a96,2,1,1,2
18f3d3d8-725c-1383-c6fa-c2aa1372b555,2,1,1,2
d2074529-e282-4f90-b324-55afe116c1c9,2,1,1,2
4c35acd1-e318-4be1-a703-dc3667c7be7f,2,1,1,2
4903d058-3344-42dc-ac41-08ed0e16529e,2,1,1,2
8d12de40-6ff9-4a74-9c0c-a6fd4625547a,2,1,0,2
3ed4db93-90ab-4bf8-af41-403d8e8b486c,2,1,1,2
42170af7-8228-492e-9443-5b521d7b48e7,2,1,1,2
f31b7192-5527-4e59-a4e6-52034fd7be08,2,1,1,2
4572380b-dbc9-bde6-54d9-f9c1ff152a1a,2,1,0,2
44f7348c-5b02-4b14-b88b-8117c8ac909c,2,1,1,2
878bf8cf-fbec-4084-8f7f-4c4cb2f2644d,2,1,1,2
bbeac168-df6c-4138-b414-c7d443e8359a,2,1,1,2
03c6f464-8d98-48f6-b081-5fc62b15f067,2,1,1,2
8fda6f5c-a63d-4583-bf61-ced57a7acd94,2,1,1,2
ade126b7-09be-4c0a-a046-011861c46d87,2,1,1,2
93bb0082-240e-4e72-854a-a0718be25c7f,2,1,1,2
fd7f3517-9a15-4661-9b70-09a3965122ab,2,1,1,2
1f4e33d0-2b32-47d7-819d-f4a6e901fae5,2,1,1,2
565a339b-cc77-44e6-a221-73d9e9e4708e,2,1,1,2
439fe937-2d4d-42f3-95b1-7aa0f055f04c,2,1,1,2
760b0af1-73f8-4e2f-93c3-c24d78d2a889,2,1,1,2
19a43479-0240-4ec6-b7f3-064ad925994a,2,1,1,2
79c7ef46-226a-4456-9916-685d9b7119fc,2,1,1,2
ff5a1fdc-937b-4fee-8f26-945f66798130,2,1,1,2
de6a6b7a-44ba-4c5f-bc1c-df814c493a26,2,1,1,2
e1011054-8ab2-4514-9408-26e43a90be80,2,1,1,2
41f360d5-3616-42f9-b05a-91280e7821e8,2,1,1,2
989b8e69-d33c-4560-b2d3-04dbaf459cf0,2,1,1,2
e191d99c-8bd1-4d9c-addc-4606a05015dc,2,1,1,2
4d02fcf3-bdf2-4945-bc25-1f66314b5b70,2,1,1,2
ac7c512b-bbe5-4012-8d1c-cb9195dc37d7,2,1,1,2
3bb72eff-bc34-413a-ae79-0592cf941030,2,1,1,2
d1914a2a-8d44-47b1-a5cb-cae10475b5d1,2,1,1,2
285afc06-0f9c-4f6a-8a48-bbd17199a311,2,1,1,2
f13bb83f-8aab-4a5d-8980-96f27c4b57cb,2,1,1,2
48e06028-f2e8-4b5b-8fe9-0ace5daf186f,2,1,1,2
5a405deb-5e7e-48a4-8049-9b6f0dfe611c,2,1,0,2
15b2cbe8-44ae-4623-bb37-d46c6b26804e,2,1,1,2
b48c304d-3d69-4613-a4dc-215831b4eeb4,2,1,1,2
95cf08d8-0da1-47d7-9d69-d33fbd2c6510,2,1,1,2
be30d10e-4430-437b-ad4e-247d45e73f05,2,1,1,2
c8424656-df55-4870-b0df-78176d65aa74,2,1,1,2
9381889b-ba52-4986-8abf-cfcb6ae24097,2,1,1,2
e9a8d69c-db55-45e3-878e-135c5feed7df,2,1,1,2
135dfe5a-5885-4f3a-8764-af26fffa315a,2,1,1,2
065f4928-6aaa-4be2-bd2c-96cfec0fc35c,2,1,1,2
5df8a6ed-7c92-41e5-a343-6b5d4d51d5cd,2,1,1,2
70014b4f-64e7-44b7-be6b-e2085ea8fe24,2,1,1,2
033263d6-3574-e153-dc64-9cc4a26dfbf3,2,1,1,2
2004b3f7-f108-45c0-9aff-4a06163ca1a4,2,1,0,2
d3b416a4-e8ef-43c1-9ec6-76d924f2af20,2,1,1,2
b16dce09-fe28-4136-a6b4-e95077e2a57d,2,1,1,2
b46c8e35-6457-d942-f3dd-da6b994447d8,2,1,1,2
2026286f-087f-48a5-9ee1-867758074b66,2,1,1,2
921bd97d-1bb2-4fe5-9542-1e9eb56f81ef,2,1,1,2
0b162e11-cd10-4ad8-8ab8-f895a9c2faa3,2,1,1,2
66d01fdd-2fdc-4d3d-b434-70c0e157bc5f,2,1,1,2
3ee555aa-fdda-93f9-dd6d-b8f723816166,2,1,1,2
18b7b2da-5dcf-4a14-a9b7-f8003fb17d58,2,1,1,2
a48c78fa-aa84-4182-935d-c6e5895fa6b3,2,1,1,2
da6a959d-8062-4326-bdf5-84bd06f4aaa9,2,1,1,2
10fc9fd6-91a4-405c-83f1-594f7bfde920,2,1,1,2
0c6c0225-6a13-4023-8e61-d7a2318b4a8f,2,1,1,2
3f6c7ab8-de39-49ad-8b94-24afe49880c8,2,1,1,2
6754a164-a6c1-5282-ca99-b241c09dbdf2,2,1,0,2
d064440c-2be2-426e-a764-245c93b9f81e,2,1,0,2
c6eadc54-e586-4934-b92c-b3063efcdce4,2,1,1,2
4f469a58-ed0b-4664-92a7-f60854e485b2,2,1,1,2
fad571d9-ff70-4a20-974d-9765119dfe4a,2,1,1,2
5e8621a1-9b2e-4540-a267-6de285023809,2,1,1,2
6d98a151-f980-4787-96c7-6411125262ff,2,1,1,2
a323d73c-fd99-43c3-9e2a-b67ba73fb1f8,2,1,1,2
e13f206e-159b-49c5-8216-191fc56d6333,2,1,1,2
3b837a13-9d9f-4191-9a2a-4bfd32bbb66d,2,1,1,2
a04a1690-4a12-ae1e-4bd6-e616f37ae795,2,1,1,2
b293a769-de82-4fe8-8432-75731535ebb4,2,1,1,2
b75b37f7-3cc6-4620-bbba-3984e28cc760,2,1,1,2
7ffdea63-8094-4bfa-9afe-fdc62c8490b7,2,1,1,2
f4bf7bdc-a86d-42d2-a5f9-db23fccbd666,2,1,1,2
16769c25-0882-4fad-bb15-6cefb0fdf086,2,1,0,2
d78ca9d7-d854-4930-b18c-de004deae8f0,2,1,1,2
a6f86039-2914-48d5-8eea-beced84fdcad,2,1,1,2
527692f0-d7bf-40d7-ae4f-f388bad232f5,2,1,1,2
d451c8b2-a13e-4d0e-a350-a6d173468142,2,1,1,2
20bbc32f-43f6-4293-9c2c-d80a31656210,2,1,1,2
c9b7510e-4d06-4336-93a8-2716208e5220,2,1,1,2
26e4e4e4-1bad-404e-8a15-1161dc36c627,2,1,1,2
bb4c90ad-2b76-47c7-89a3-95dd399b584d,2,1,1,2
5b5bd53a-3cc6-49a3-a79c-3bc5310bf5b9,2,1,1,2
d7b5ce6c-b6f2-4b17-a239-1c57adca944c,2,1,1,2
61307a36-e343-aa21-3b1c-fcccd1de35cd,2,1,1,2
8e4b5bb6-29f8-42d7-93c6-e5226901cec7,2,1,1,2
4d316213-ce88-4db5-8482-68faca038f8b,2,1,1,2
600b643f-bf48-4458-a570-0f5b546cac64,2,1,1,2
0cd5a94f-3987-4fba-8aaf-49d820a106e6,2,1,1,2
22041875-a514-419f-a330-dc9e9db63eb5,2,1,1,2
1c27f57e-d7dd-4f28-b274-43018e8129c5,2,1,1,2
34ec255e-a68b-4f79-b6b9-859ef24d1d6a,2,1,1,2
5645c7e7-8870-4a27-a87b-a38914e75b20,2,1,1,2
88d76895-3e75-4526-bf56-b1b8a6fa87ae,2,1,1,2
eae2748e-9f1e-4efc-9873-c48f9fd21e75,2,1,1,2
573fa24d-2ebc-491f-9268-d4b234a93a23,2,1,1,2
53797a01-2cec-4adc-864c-2f70bde61a03,2,1,1,2
c7eb9ee7-32a0-1dd6-c386-5e9760bf0312,2,1,1,2
53774864-9348-484a-8944-970f5ed63058,2,1,1,2
8e2a8a12-5fb4-4843-854a-4510ecf31be3,2,1,1,2
dcb1561b-afd7-4364-9771-32ab10003e7b,2,1,1,2
05d5830f-d668-4de3-a267-347b674af9db,2,1,1,2
6fb94ebd-abc5-49c0-acd3-177d8ff0d88e,2,1,1,2
74859710-9af6-4fd8-b916-0ef2e774d101,2,1,1,2
3518055c-750f-4ed3-a06f-128b4a439cb1,2,1,1,2
1ccd6ce2-34ff-47f7-9d6a-f958f437e1e9,2,1,1,2
1041c9f9-8769-4490-873f-6170f03aeed8,2,1,1,2
636981c5-542e-4088-951b-37dcdcd80c4b,2,1,1,2
eaf9b1ba-74f6-45c2-9e54-4246bf9d6bab,2,1,1,2
f7118bcc-4eb0-46a4-a232-08dfff439080,2,1,1,2
b873fad3-b03f-4d60-adaa-e3bd828fe764,2,1,1,2
aacbfa22-b873-4b6a-966a-339312ee1b18,2,1,1,2
b60db0ce-f766-4d18-828a-ab90b8f0e767,2,1,1,2
69472dfc-b98c-440e-9c23-e550490022c9,2,1,1,2
1fcdb454-f559-4fd9-b270-1cb8196999e5,2,1,1,2
ef854df3-2287-49ca-b16f-a87b4a922a89,2,1,1,2
bc400f55-9527-49cd-a81a-5526392b8765,2,1,1,2
bfa25ae7-200f-4add-a656-a738fbb174f0,2,1,1,2
79ac1b74-d832-4c8a-b95c-e74baa27a331,2,1,1,2
41db5e81-d293-45b1-b3ba-ad3f96fc2653,2,1,1,2
397173fa-f96a-e5ef-e97b-826d2e96d9d8,2,1,1,2
fbd75b6e-2830-72da-2944-1e318146f8b5,2,1,1,2
7cee6888-6064-4ad3-a96e-143fff532b10,2,1,1,2
0ecd7bff-5793-4a67-82d0-0cf5a7d5e6f5,2,1,1,2
66e910bd-b9cb-4eec-885c-0b92c4fb94a7,2,1,1,2
17234ff5-b8cc-43d4-bc39-fe9e629dcec1,2,1,1,2
2f00c86d-7734-4e02-a69b-8844b2dd7c71,2,1,1,2
525829fd-40b6-4e87-ae6d-07ff329009b8,2,1,1,2
77acda6b-f57e-bb1c-ac27-ebead2a87029,2,1,1,2
12087a43-48d4-4a2d-8588-9fc5259e4631,2,1,1,2
763493bd-fed0-4fff-8d52-f6de9bc50966,2,1,1,2
ab025a33-b09d-43eb-8730-d2e8345a4ce1,2,1,1,2
eafee600-9007-4b45-8fea-d363f2506592,2,1,1,2
248ceb75-2fd3-43dc-b6a1-8df25fd77f6a,2,1,1,2
9191d149-e8ad-4001-90ef-473e2d2a507e,2,1,1,2
b3537cd4-15fd-42c3-9009-d33b5e323fb2,2,1,1,2
22804352-a608-4955-99a0-da4d5f334b74,2,1,1,2
4fa8e01c-1992-46d7-903d-4e4ae9aa5e54,2,1,1,2
77fc2a9a-ddf8-aa1e-8012-74afd39b4d3b,2,1,1,2
9d15936b-c611-4eeb-bffa-78828e7de81f,2,1,1,2
760a8562-eb6e-4e22-8036-9fcda1b2a5df,2,1,1,2
6533391f-fafe-46e1-b64c-fb65944043dd,2,1,1,2
7ceb0c26-2ef2-40b5-a613-0274f2caec0b,2,1,1,2
4ba79602-619d-4333-ac4b-d2e260470ae3,2,1,1,2
af204156-3b0f-9c94-6672-a822d3fce6d5,2,1,1,2
e4ab0dbe-5a11-44cf-8f35-2993a33d415c,2,1,1,2
f67ea0ed-7639-4a87-b92a-94ec44ae0071,2,1,1,2
d211714e-6fce-46e9-93af-638a2f20555a,2,1,1,2
f01c898d-9d02-4142-afe8-3eb9fa35a8ee,2,1,1,2
60f037e1-3b23-46f0-b519-ac6173b0fef5,2,1,1,2
690b1724-469b-4ea9-8f8e-58f5877a00c8,2,1,1,2
963659f9-3725-db89-01be-b7f8ea770986,2,1,1,2
b24cd023-0697-403e-9aaa-b9f26389b972,2,1,1,2
742c7ac3-fe3c-43ca-bc0e-0029784dbdb5,2,1,1,2
345f1ac8-b340-49f5-98f6-6f3da15f7517,2,1,1,2
bfefd9f0-9518-4986-93b7-9b2b9d785fb5,2,1,1,2
82cdc57c-0da4-4533-892c-b67edfe04afd,2,1,0,2
d2eaf66d-98b5-43f7-9151-267b701d261f,2,1,1,2
a23e588f-35bd-4d40-8bbf-06166c6776b7,2,1,1,2
d35fa0c5-84a9-4818-9fa5-ace6d33f62fa,2,1,1,2
c92335f6-9f53-4462-af9e-85aae7910981,2,1,1,2
11922e8e-9413-4de2-ab34-3a704a3d3a93,2,1,0,2
dd7c4228-41a8-43c1-8f12-36567d5630f0,2,1,1,2
f0915902-4766-43a0-aff0-a0432c4753a8,2,1,0,2
dd882d09-7b54-4b55-9cf6-ea7e36cc6df0,2,1,1,2
835397e5-c4cd-e5ab-e47e-cce43a388f47,2,1,1,2
19932d4e-a9fc-409e-99fe-9e43e869614c,2,1,1,2
6b0ea8a1-18bf-45e6-9af2-0b2f1fec3223,2,1,0,2
1c2c0c77-8ec5-429c-9107-88f305e175fc,2,1,1,2
f90f7ff9-9aa5-4f02-a723-b2a2ccbff062,2,1,1,2
3afc36c9-e8d9-4d48-8e9d-2db0b6e98833,2,1,1,2
3381d91f-1586-4870-94b5-46493018def4,2,1,0,2
016b6d63-55a7-438b-8353-eb3b0974480d,2,1,1,2
cfbb2e4c-7baa-40a5-88d3-f171aa95825b,2,1,1,2
b19d0f8b-f5f2-4340-b537-ee09ff669663,2,1,1,2
b82d8261-120c-4b29-bde9-484edc34e945,2,1,1,2
3e294112-b6b3-4c04-8bad-0148095098b9,2,1,1,2
c9dc8850-5d07-45d3-956a-6209b37f02bb,2,1,1,2
e3a52cf0-b752-4174-8cc1-ad187dcd7f01,2,1,1,2
83e76c86-984b-4df8-a059-1a104a1405f7,2,1,1,2
a3235fbb-33c4-4778-825a-80c1c95c13ea,2,1,1,2
e1a7df44-f3ab-4abf-a622-4204ae6b541b,2,1,1,2
a1956021-517d-47fc-a8bb-669ad744ff65,2,1,1,2
59a4e3f7-a709-4e9b-bbea-98e2905f51a7,2,1,1,2
bb633c57-96f2-4db0-ae0c-cef3cae124f4,2,1,1,2
64b704e8-bf62-4b7e-adbc-9f4485d8ffb5,2,1,1,2
e128d284-c987-4c41-9385-c2e0886d7e05,2,1,1,2
ca1cce06-abb9-1fa2-9805-99a1978c6446,2,1,1,2
294f80fb-f7ed-4815-8ef3-23927f32057b,2,1,1,2
8a9d3e4f-be26-48b3-820f-89b754d90932,2,1,1,2
0c04f612-90d5-4e93-a520-edc9b084354a,2,1,1,2
a87b20d2-3510-4b6e-a899-4f928fa7743e,2,1,1,2
06421198-8250-4dfb-aca0-fa8efd1d259e,2,1,1,2
8a73ddef-fb88-4010-aa7a-6103bf486032,2,1,1,2
463986dd-0490-43e1-b0cd-3bbf2b550824,2,1,1,2
49612604-f971-4f08-8f32-9da7d190fa77,2,1,1,2
edabef2a-c44f-448e-ae54-034f9c27f8ab,2,1,1,2
2793ce7c-0cdd-4b7e-b3ab-063220cdb33f,2,1,1,2
2d62d3df-1689-48d4-8a9e-01ce8f865ae7,2,1,1,2
0d184f1f-3746-4f62-9601-ec58707451a2,2,1,1,2
b0c6b4d2-1449-4160-bab2-126ffb77369e,2,1,1,2
e5b0d080-60a3-47aa-962f-fa370a6ebcea,2,1,1,2
029f620a-1148-4c30-9e53-953bd08c1dc8,2,1,1,2
4180655b-9d2b-4b28-9841-e6ca572bb2aa,2,1,1,2
6e519b6d-648f-7120-c92e-ea5db1eed754,2,1,1,2
2cafcede-e8f0-4e4e-b7fd-af494b9df2e8,2,1,1,2
6ca35ca2-503d-6118-da8c-5101afc1b8d7,2,1,1,2
0e7ba16b-63b6-40b5-97f7-d170667206dc,2,1,1,2
a6c22060-ab8f-4e11-8da0-39061f479aec,2,1,1,2
9ce5f343-5f78-4805-967c-6444f20982af,2,1,1,2
6c372c95-d48d-4588-a78d-6b283f0cb70e,2,1,1,2
d18de665-4fae-41da-87d5-c52943d5c29e,2,1,1,2
d63cfe0d-bc5c-4a8e-bc49-580bc2f2e274,2,1,1,2
934b4510-2857-4acb-942a-7355f4f86492,2,1,1,2
18d987d7-122c-4398-b3df-2d233d155ea0,2,1,1,2
96521373-3512-48d1-887f-d1e1c4c824d6,2,1,1,2
5f8435db-5389-4e74-bcd7-903bd676b996,2,1,1,2
c3dd9e2b-4614-4fb9-9fd0-2f2e4520c82a,2,1,1,2
3304cfce-c7c1-470a-9798-d1a7fa7bff08,2,1,1,2
334a4c08-db9e-4792-bb19-6b3391b53caf,2,1,1,2
d255874e-c11b-4fd2-a818-571826393a06,2,1,1,2
0ab8d5fa-1f50-41f1-be92-510b0565f316,2,1,1,2
300fc245-a8c2-b71c-01d9-ddde80aeab6f,2,1,1,2
182f6e1b-626b-47d8-81c5-6de0d0281772,2,1,1,2
305043c2-6fb9-4097-9817-3681d304e991,2,1,1,2
231bc559-a9ef-4b3f-886a-3526b426b415,2,1,1,2
8b01788b-a0a5-4816-a41f-14fefc96ecef,2,1,1,2
2aed7917-8ecd-4c4a-beb2-9c85c4a5dd93,2,1,1,2
e75173f4-2e64-45d2-b3f8-f1a281373416,2,1,1,2
6558dfad-c7c3-499e-a5e8-248e4a1a7c4a,2,1,1,2
f33bef7e-3478-4697-8dbd-59a51d0aa4f4,2,1,1,2
021a182b-cef7-45b5-8511-4d31517c462d,2,1,1,2
02da081d-4f1b-4697-9acf-76e9c16db75e,2,1,1,2
0aa4a168-8c88-4044-a93d-e921c1c8634e,2,1,1,2
62421c1d-991b-4667-8c54-5d3ce33b2c5b,2,1,1,2
9f928a7a-e0fa-4b39-961a-a8f929f5afd2,2,1,1,2
461a10be-1d92-4902-a535-aaa3bd170204,2,1,1,2
2a660062-43dd-1bce-3831-6285b9f27223,2,1,1,2
8949d529-0e9d-49c7-88ad-25cdeb9f23fb,2,1,1,2
fbba5c7c-b8b9-1f0d-87fe-71034ada185c,2,1,1,2
47a27973-bfd6-4c9e-8837-61a1f7bebe36,2,1,1,2
db5ad9e4-84fe-039f-640d-5d4682abbf28,2,1,1,2
2c5e0d05-8ee0-47fd-94ea-8d443ae613c1,2,1,1,2
941de56c-77ef-4bce-8df7-7b822a0aa80d,2,1,1,2
5199de5c-a659-4004-9d63-17df5b2dd2b6,2,1,1,2
e261a34e-f785-43fc-bb72-65e453658d96,2,1,1,2
280c98a7-22fc-4af3-9556-f8c3b44a14df,2,1,1,2
c9768873-2815-4bc8-9f71-f137db285b47,2,1,1,2
eff4a2e1-595d-4738-9c8e-9476cd0bc445,2,1,1,2
cff0fb91-0f61-4222-ab41-2c99a0ac8dc5,2,1,1,2
4a9b8dff-9435-4022-bc6f-5efad557263f,2,1,1,2
6a8d186d-03ee-48ad-b0bd-423388264d83,2,1,1,2
2a4799f6-0f14-4f6e-8b49-acfe17b5f955,2,1,1,2
a351cfe1-f48c-45d1-a774-767d0cff9a68,2,1,1,2
8bf02655-bf72-43ac-9cfa-c1197c08f762,2,1,1,2
2017fe2f-13e8-4449-b52f-83efc1e1a6bf,2,1,1,2
b01307c5-e758-48b4-b400-abedf6ffb0e5,2,1,1,2
d434ff07-bfca-b015-485f-17864649184f,2,1,0,2
63de1939-7432-4c8c-ac8d-cfaaa327a3b6,2,1,1,2
63d64b91-2483-4215-aa34-d86dbd459b28,2,1,1,2
ffd6b6cb-5ee3-4d12-88de-1ea81f448976,2,1,1,2
f90250d5-6336-4dde-a3ee-f6d2287a7d17,2,1,1,2
0434b928-c947-412b-ac4f-0220a0c83796,2,1,1,2
2cb219f5-0447-477b-b7ee-d0121933d537,2,1,1,2
11bcca3e-a067-45b1-829f-654e80f766f2,2,1,1,2
f61cf4ee-cd28-4687-bef1-aca944a751e4,2,1,1,2
5077d607-e9fc-61f9-27d0-403265eca240,2,1,1,2
56412cdd-9b59-4609-87a7-d1c8a58978de,2,1,1,2
e96fb1b0-5d2b-4faa-8e9a-0aeb774d435f,2,1,1,2
4546802f-3c44-4dfe-8116-9e449f9a10d3,2,1,1,2
e269715c-736d-4328-8ef4-533570d36a48,2,1,1,2
da49431f-f747-4a8a-aec7-882286ae2a57,2,1,1,2
dee98fb9-62e7-4fab-8c7e-7adaf0541e2e,2,1,1,2
fbad2ad5-c5ae-4a52-9189-d11cba7be5c2,2,1,1,2
a7fea69f-2337-47c3-b7f7-0b63cea4d8bd,2,1,1,2
d147ddd5-91a3-451b-adc4-7e8134f4c534,2,1,1,2
7a16b1e7-6614-456c-bc05-defc976b21a3,2,1,1,2
51bca054-1153-4c01-811b-59ac9a288d9d,2,1,1,2
ae460859-5a33-4927-9501-ddf6fc20d024,2,1,1,2
fe875219-c275-452f-b337-28d5224900f5,2,1,1,2
7ecc3e66-696d-4ac0-ba04-08425c4c70e4,2,1,1,2
53334cd5-924a-f08b-ef46-3081aedd2ebc,2,1,1,2
bca1fcb8-c32a-47ea-bb1d-52f6fdb11824,2,1,1,2
c7cd22a8-37c7-4fac-b444-1cf73f801300,2,1,1,2
6baa52af-1038-4714-8cda-9a78c1798e88,2,1,1,2
c7de8a9f-8263-46b7-b562-0a842f5dcc4e,2,1,1,2
dbda5ee2-20b1-441b-9840-238f89f8a294,2,1,1,2
ce534457-5cd8-40b1-8102-ade81924236f,2,1,1,2
95b795bb-ad61-4dd6-96f4-3de78164973b,2,1,1,2
8a0971c9-8f41-430a-ae0e-2263520e9336,2,1,1,2
a9a103f6-6056-4583-8b51-a76936d748e5,2,1,1,2
df39b995-1037-4339-ba9e-5ad900200fa7,2,1,1,2
d84e192e-4090-4193-b3f4-297aecaabd89,2,1,1,2
35376130-91d0-45e2-bdd4-f5393c791254,2,1,1,2
729e8149-188b-4365-a716-e7bf2c279442,2,1,1,2
9c0fdecd-cbf3-4a4e-b830-b32f1a9c3683,2,1,1,2
82a1f2c9-791b-4c4a-a09d-67bff5ff8b03,2,1,1,2
61ccc1af-57e7-4fe6-b82d-3fa995a8c32c,2,1,1,2
0c229de3-0e10-4f36-a2c7-acd0d61dfa87,2,1,1,2
0ca4dc62-60b4-4e10-bb69-b8c07afdb39d,2,1,1,2
bff8b90d-289b-4e7e-8208-5705fbad6ef3,2,1,1,2
01b22183-648b-44ff-aaed-c0f3d40179aa,2,1,1,2
d25d91d0-65df-b5de-8337-3eea6240fa67,2,1,1,2
2c08a92f-27da-4c3e-8851-f32bc75a2a79,2,1,1,2
11ddff66-af86-45a4-843f-82c954ae675a,2,1,1,2
19c9e471-b0c6-455d-a3be-b1cb459c8b2d,2,1,1,2
a72a4869-d7aa-447d-9d59-a8718f1dae49,2,1,1,2
5d5d9716-6047-3f1c-7efa-c1ce612657bc,2,1,1,2
8ce18afe-260f-4808-9fe8-f1ddf4af54a4,2,1,1,2
a514abab-8c60-4308-b046-5e1a49952021,2,1,1,2
b24ec923-6feb-4c29-9342-48b91f8b47fc,2,1,1,2
6fdd46d3-9fa9-4f9d-9320-7f1f4a927ce8,2,1,1,2
12bfb6ad-93cf-4005-a5a0-092b0e8f9dce,2,1,1,2
1bde1eb7-637c-4c9a-bae8-593b078af123,2,1,1,2
f23b1b40-15e9-4d44-ac45-5a23853436b0,2,1,1,2
edd78c8c-9bce-4b20-9029-b43023ef77b5,2,1,1,2
af011a2e-224d-53d3-1bb3-a58bbe35e49e,2,1,1,2
abd466f9-500b-4ea7-b65b-de69066c013c,2,1,1,2
5cacbe5a-73cf-434d-8c43-9c345fd4890e,2,1,1,2
766365ea-fbc7-4f7d-894f-1426950c15d6,2,1,0,2
42af0401-a235-48a0-b4ee-fe3c47c9f831,2,1,1,2
a85e9b10-2a47-4618-a902-004d115693bc,2,1,1,2
d671fbc7-7406-4b45-b25a-8b8fba57c0a2,2,1,1,2
e5658471-2273-4cbd-ba49-64865af20c3d,2,1,1,2
7bb618e2-0f7d-4865-87c5-0b1bf5487b67,2,1,1,2
3f271696-36d9-4e19-a520-f37d9c0bd1bc,2,1,1,2
568c2e69-f96c-46ba-a49b-b12c88c0de2f,2,1,1,2
13483301-c510-48a9-bdd6-54171f7f2f64,2,1,1,2
8605b871-054e-575e-7933-76bde1a761eb,2,1,1,2
6db2cc48-31e5-4ed5-99ee-620085573b47,2,1,1,2
76ba87f2-c2b8-40bf-a5d1-7a3b8cb69a44,2,1,1,2
5a480749-687d-b6ea-ffd2-848121e26ad5,2,1,1,2
7ba2b977-2c99-4058-9a31-b49b861e3371,2,1,1,2
c61c09cb-ec80-4f2e-9054-24112455ea35,2,1,1,2
bb5eaa17-5c57-4884-b485-a809861cb781,2,1,0,2
bce0b7b6-283c-4385-85ce-f16bd1020bba,2,1,1,2
350aa96d-f843-9bc1-2c0b-1742cd7eb7e4,2,1,1,2
f090db4b-4935-49f8-a357-1b4a8df1832d,2,1,1,2
0b7ecf88-cc15-4bbf-89ab-8e97a56bf9ee,2,1,1,2
552d956a-87ee-c7f9-c8a8-8ba642b75d41,2,1,0,2
e508fa54-e1a9-430b-8dc9-acdc9dd0a5a4,2,1,1,2
48f88b11-c1d2-43a5-bb47-f31563955c7c,2,1,1,2
30e21528-a075-4a5f-ba09-6045e95c5345,2,1,1,2
479a217b-ba73-4fd3-b287-747d590c6e01,2,1,1,2
34df6ae0-1fa6-4485-ba7d-a465d04b0f16,2,1,1,2
48916d18-bfaa-439e-a7cf-39a5d0f040cd,2,1,1,2
6ab68b1e-ec08-40b8-b539-3bf40100eec6,2,1,1,2
a4a9e179-3068-4f20-a335-842e8685a7dd,2,1,0,2
20d07718-f569-4dd6-8896-190533a17478,2,1,1,2
48adb9c2-dab2-4f53-a410-00ba6549582f,2,1,1,2
a05fd5ca-1aab-4237-8667-b8c799ea921c,2,1,1,2
44ddf6f8-72cf-451b-bb33-c5b99fcdfeb4,2,1,1,2
35ccb5fc-1824-453a-a457-c86039559bb4,2,1,1,2
ec166176-87a0-4778-a34e-344b5e77e9e2,2,1,1,2
9a139946-7cf0-419d-ae98-6e76db27f8cf,2,1,1,2
9238752d-f804-b916-4108-498a784a7909,2,1,0,2
1ddca82f-0bbf-4829-8900-b5e7ea22c20f,2,1,1,2
a8e13785-4c0f-42b6-a5fa-27be27e6d5a3,2,1,1,2
e4c22357-fa6c-4b7d-93ce-16d344eba273,2,1,1,2
dd7d78c2-e033-495a-b1a3-267fd5179e1c,2,1,1,2
9d1f1ea0-b922-4734-981b-378fd7bd202b,2,1,1,2
3756e8ab-76f1-afbd-61c1-b5b43ae5a788,2,1,1,2
00099fdb-cd5c-4e2b-a35a-faa1b4efedef,2,1,1,2
9c2f978b-6291-47dc-abb9-17b2cc4eb63e,2,1,1,2
54c2da7b-d00a-4250-80a9-9e278a75c127,2,1,1,2
f01e6dc6-d32d-41f1-876f-684e0beb3801,2,1,1,2
86b85618-a0ad-43f6-a712-2f493a9bf2f6,2,1,1,2
822fee73-c8df-406e-bdd9-97b06b6f13f0,2,1,1,2
011237c4-33ef-4726-9bb1-afd17da9561d,2,1,1,2
e6694349-b614-41e0-887a-a21099ae5790,2,1,1,2
77f4de4f-070b-438f-ba48-383c7c2f81bc,2,1,1,2
678a1372-efea-4e8e-9a47-2bb2fb9d89fe,2,1,1,2
219d8080-acb8-4945-8afa-3587fdebf9f9,2,1,1,2
36794952-e132-42b9-8a4a-f6c09c2fbc5a,2,1,1,2
cea93498-8cce-128e-c3cd-aad55d6d600b,2,1,1,2
dfb1d425-4e1c-41bb-a5e9-e00c58c2f4e5,2,1,1,2
6e672294-94b7-4aac-9a96-5555f174087f,2,1,1,2
9dcc7198-1ece-49c2-89de-c70caa76d1b1,2,1,1,2
f27e7105-53fc-4c04-80ac-4fcd45dbb77d,2,1,1,2
f436f458-293c-d2d6-efb8-cb4a1a45ee71,2,1,1,2
08723043-c2e7-1d4e-7616-abdc2a734dea,2,1,1,2
c1244334-80c5-4ad6-8b1c-425c7f21b4a3,2,1,1,2
4daa21b5-6699-41c0-b6db-093020fcf0b6,2,1,1,2
8fb03658-2214-4f2b-838b-9a6e4f06c870,2,1,1,2
ba0b1583-09e8-40ef-96fb-c071b18ea0b6,2,1,1,2
dcfff470-a95b-4a4e-9c05-b0611daca082,2,1,1,2
38807068-d634-42fb-99cd-f47cbd632cc9,2,1,1,2
a2112288-7024-46e8-86c2-634c4130f15c,2,1,1,2
5f750336-1c56-4c7e-867d-bc443feb0067,2,1,1,2
02dd0335-3892-7ecc-e9ee-1171569ca1c8,2,1,1,2
0b0eab63-70cb-44e2-ac48-1a8c86e99551,2,1,1,2
fd66620f-b011-42f5-8e93-67fee1d3e66a,2,1,1,2
89e2bf2b-600c-4d67-a39d-49c6c2eeb25b,2,1,1,2
bec9cf3a-16de-4e10-8bd8-e3a7810c48c5,2,1,1,2
36cb6778-adab-4490-9e3f-cc30849dc52d,2,1,1,2
69864aa6-d870-4281-9ab7-98e916ba3e3a,2,1,1,2
1256c334-3cf0-46be-8629-e275c5d15a49,2,1,1,2
7c135a34-6022-4d6c-849a-312edaec42a2,2,1,1,2
9ff6bcee-b898-45b1-9908-f83b4f11d2ab,2,1,1,2
ebe8f77b-a03b-4582-921e-5f211b03d388,2,1,1,2
1a58a44f-8bc5-4738-996e-88eca8fd0152,2,1,1,2
a2e287a8-999d-4f40-9cd1-e2f86af04aff,2,1,1,2
e331187d-5dc8-4748-b399-4718090c7923,2,1,1,2
163bc0b9-6fbe-439d-9fbc-6a92ce38ce30,2,1,1,2
c590628a-0909-432c-bd04-244b69157c25,2,1,1,2
8c06fbb6-91c3-49b5-be98-fa7093c522f7,2,1,1,2
19619934-5828-b1d4-424c-bb8ddf5eaec4,2,1,0,2
5f1e2b74-0cce-4ed7-a805-0b928c51bca5,2,1,1,2
6b75208d-ec30-4015-b155-bc0a6d683960,2,1,1,2
64b1d113-db5b-40f3-84b6-1a4db1d52b2d,2,1,1,2
0a7093c2-2f31-4a06-9a56-77fade5cafd6,2,1,1,2
3de8134f-c955-489e-b3e2-71ae08013b02,2,1,1,2
78140610-28c7-42d0-9a60-076e7f4cde6f,2,1,1,2
06e146dc-1d99-49ca-b62d-d3623876ee34,2,1,1,2
3aa4e54b-d50c-4f97-a3b8-9df91241a126,2,1,1,2
90240cc6-c347-4b06-bfcb-84e95ef2f911,2,1,1,2
d1ff61d8-6245-4185-9c10-2e6e5cc6bb0f,2,1,1,2
e1ce21a7-13d8-4f2e-a780-ffbad6c9861f,2,1,1,2
114eacd6-f6b1-4276-a80e-c0e1ef3c2fc0,2,1,1,2
78ca812d-2c49-42a9-a731-65bb6e3f7757,2,1,1,2
00af545c-042b-48fc-9a0f-0b390dc01b20,2,1,1,2
3711d5f8-d27c-440a-bb1d-306bc64007f0,2,1,1,2
6c03ac3b-d179-4b71-8dc5-501f7bda3154,2,1,1,2
d959d773-f3c0-4de0-b1ef-983c73881c36,2,1,1,2
860a4a9a-f312-47fb-be16-db01f95dacc9,2,1,1,2
a674e1e0-55ff-4fad-ae96-344db2b78742,2,1,1,2
b622f4a3-8fad-41d1-94e7-04704db22c69,2,1,1,2
0c24bd5d-5c70-267d-8dbf-852447f2d933,2,1,1,2
f487a39b-c680-4fcf-a4e2-591f0d219589,2,1,1,2
f237bce9-a9a7-4cbd-9014-1148a74c9bd9,2,1,1,2
4ad891e9-9948-4363-9fe2-7bef6af99d2f,2,1,1,2
5110aebf-85ed-49e0-b477-10c1b10d3a1c,2,1,1,2
cca1fb2a-9849-41b1-89cf-97d952ad65f5,2,1,1,2
7f640330-b5c8-4178-9eb2-7245663096f6,2,1,1,2
da144526-d16a-4786-9aa5-acc843abad71,2,1,1,2
c4ed4fad-5076-4a98-89e5-1d1b3f568662,2,1,1,2
41ec919b-1cbf-4874-aa50-fb00ddfdcecd,2,1,1,2
93c867e4-cfb8-48a5-9549-6acac772180b,2,1,1,2
842ef247-be23-42be-9f22-d88d52a97363,2,1,1,2
b65a18fc-5cdc-477d-84e0-c5aefe2382aa,2,1,1,2
28c6f9d8-0952-9612-af8c-c2116c036f9d,2,1,1,2
8a8715c7-9155-4d6b-94d5-1953baae2c68,2,1,1,2
8bbc99ab-b358-4001-bb9d-fff94a793f4f,2,1,1,2
d57ea303-fbcd-40ea-9c8f-a41b456a3347,2,1,1,2
b69cd7d9-62bf-41ca-a0f7-9a1cd8b3f46c,2,1,1,2
4f6aef14-5dcd-49fe-858b-7806c85c52d3,2,1,1,2
b773de71-e077-41c0-82e7-39bb34cad143,2,1,1,2
c78d9a4a-498c-c7a2-1323-28d8fdf83712,2,1,1,2
ed498c9f-a027-a3fe-1ec1-cde59e479eb3,2,1,1,2
2d4de248-f74f-422e-bb15-0b97b4c6a052,2,1,1,2
65a4d15d-d83c-4a04-8422-239d3cb59aeb,2,1,1,2
62d28e3d-7430-4f27-ae5e-86a41fb80ff7,2,1,1,2
474c9481-01f3-4f9d-8722-17957e93f9e9,2,1,1,2
80f35957-5e71-4504-b693-f2209ccc9c26,2,1,1,2
51a10684-bb31-40ba-93e0-2072d3648e85,2,1,1,2
2206699c-e280-4a5d-90a2-5b57e2e014a1,2,1,1,2
b107d1da-3e40-48e5-ab15-c5236afb2e2d,2,1,1,2
bfb0c0dd-b345-48b1-b0bb-07d98a977b7b,2,1,1,2
f9fd2e6e-144a-402e-9269-a937e61e6871,2,1,1,2
9fc181fe-a7cb-8e84-ac1e-999a2c9067c7,2,1,0,2
ad630100-24aa-4526-8081-393c6e94bef5,2,1,1,2
84c285a4-c7ef-4133-af71-75fb81303fb5,2,1,1,2
35ad3b3f-30af-47b3-a575-681662fa906d,2,1,1,2
cc87eb3b-d526-458f-a405-d3fa9211114e,2,1,1,2
7bb2fa66-240c-443c-9e77-5eb506adb42b,2,1,1,2
3a8fef3b-2dd8-c399-7026-3841189b7b43,2,1,1,2
6a134c4f-c5ae-4bdb-9457-5e5c93dbd979,2,1,1,2
6355b8e1-8279-45e8-b71f-64b8a6c2f974,2,1,1,2
a5c903b9-c958-409b-9898-35868eac4a3a,2,1,1,2
70718399-e9bc-4398-9d8e-fbff1eec09f8,2,1,1,2
9fc57396-2110-41e8-bbcd-547b34b463ff,2,1,1,2
be6bf9f8-142d-4442-a1a3-db6932024cec,2,1,1,2
82b53ae4-e0ef-4434-bddd-59dbadf0f53b,2,1,1,2
c19454e6-21b9-4486-bbce-53c4c3fcfcf0,2,1,1,2
cdabb670-dc09-483a-a1d4-56ffdcf35c00,2,1,1,2
7abec935-dd7b-44ab-92cb-93c510cab6cf,2,1,1,2
1b2adc86-79e0-4132-8fcc-60e189a51881,2,1,1,2
808c1e21-67b6-4e4d-a162-3aa0947beb83,2,1,1,2
ffc6f35f-c1a7-4250-ada7-94e9381f5c4e,2,1,1,2
8a4805cb-27e6-4b56-b949-a97355b5cf9f,2,1,1,2
ad758670-eff4-e33c-078b-2610998c25b6,2,1,1,2
fb51f948-ac36-4b46-a329-6f5d8d44bb45,2,1,1,2
563d46c1-21f2-ebf3-f5e3-f3b0e603c217,2,1,1,2
95b79de9-3591-48b7-8f79-46e5f18d16bb,2,1,1,2
b8dfe303-00d4-4a14-8f33-653ec30ec59d,2,1,1,2
4637edd1-e663-45bd-8206-7d0ad29daae5,2,1,1,2
fc655734-702a-4d32-8a27-cf3d227a0d7c,2,1,1,2
305a79be-6033-4e91-b12a-e03714a60783,2,1,1,2
a6f14b44-4c4e-a757-f4c9-b378c825a9a3,2,1,1,2
9a776a37-7278-4711-94ab-6bc69f15439b,2,1,1,2
de343ebd-9010-49a8-8b82-c900068f319b,2,1,1,2
86a00838-d4e6-40d2-aebb-cd053204e530,2,1,1,2
5aa42a81-acbe-4378-ade8-cd7a13e09fe8,2,1,1,2
f1037b76-c993-4feb-bada-9d63890dbbd7,2,1,1,2
db69e917-5f93-46b6-baaa-fefdbe64bdc9,2,1,1,2
5a3add77-0812-4966-bcb2-74f66b0d281c,2,1,1,2
555f896f-cbc7-46d3-9add-06d8618fd0ea,2,1,1,2
7b09525b-3de6-4682-b481-dea6893f4b1c,2,1,1,2
2562256d-6f96-4f82-8cb9-49baba9368d2,2,1,1,2
9b2d6538-6dde-4505-ba82-e3ca0a881dd8,2,1,1,2
c7e82cf2-55bb-4ec5-a70a-dcbce1d1bd77,2,1,1,2
640398c9-12c9-415c-a8ef-e29e317d9a5f,2,1,1,2
ce296359-1268-448c-a8fd-8255a1f40d99,2,1,1,2
171711e9-63b7-481d-8d3c-2b369a6775c9,2,1,1,2
696c6753-1176-484e-8488-dd910e5b543a,2,1,1,2
caeaf602-cb4d-44e1-9d29-adbef54fe9bc,2,1,1,2
e2fcab28-226d-4c40-b9a0-4f331732fee0,2,1,1,2
812d273f-ea08-43d4-a020-ceab114cf0c2,2,1,1,2
444ab504-c4c6-433b-8ad1-61b5461ac17d,2,1,1,2
884dd296-4951-4c49-b8bc-cc1d345159ca,2,1,1,2
93d58231-4137-4cde-adfd-8d38c0d16667,2,1,1,2
f9608466-c854-42ac-8bf4-61ed4adad3f3,2,1,1,2
c4288de8-7033-4cef-8853-295499a622b1,2,1,1,2
fd938beb-0425-4494-8a41-b9accac2c389,2,1,1,2
d647832a-5caa-49b3-b866-f65fd837f61f,2,1,1,2
b70515e0-0fd5-4f01-a1e1-671c21a56707,2,1,1,2
ecd86d42-b186-4c16-a06b-6c2d2e9aefcc,2,1,1,2
e4d5f4b1-eaef-0d36-7c1f-8d664f118cc3,2,1,1,2
da58ab73-966d-692d-722d-d4f0ef8d37ee,2,1,1,2
844a048a-b2a0-b34b-776b-421b9e53b733,2,1,1,2
00d9d89b-0372-1156-7cd7-08da175c7b27,2,1,0,2
4e3875d4-0f89-6eb7-8ff9-6f510fdc82de,2,1,1,2
437b20bd-b15b-4b70-8edc-39bfce31601e,2,1,1,2
b77fbe7b-7962-49e2-a183-6235d8d9f8e8,2,1,1,2
74144f02-89f8-4f0b-9533-0576bd7064af,2,1,1,2
b049b683-b493-f159-e55f-81781c2293c6,2,1,1,2
f70bd711-a8a9-439d-92ec-80e405844658,2,1,1,2
aa598471-deff-49f6-8ffd-709f9bb79e07,2,1,1,2
58834794-fd5c-41b7-b3fb-e859dc49bb95,2,1,1,2
d3197d97-4ce5-4644-859e-4bdb5c187cc9,2,1,1,2
ddba9f88-3aad-453b-8d4f-f7655a8f2fe8,2,1,1,2
c8acd35f-9ca2-4573-a126-1a888b9c0716,2,1,1,2
7e46e7ef-03e5-46ae-85c3-2f3bfabeb16d,2,1,1,2
95fbf0eb-5e65-47e3-a171-329b0d37f5bb,2,1,1,2
bce5f774-4fa2-361d-58de-26bfd5c8db02,2,1,1,2
4ebf8903-bf46-4e1a-a319-3a517b16e49c,2,1,1,2
b9853f43-84d3-477a-93d3-2e165535ba66,2,1,1,2
8baf1edd-d178-4c86-8cda-2b4a157ab177,2,1,1,2
6a4e87c1-66c1-48e9-ab0d-d4b843da6184,2,1,1,2
7000d4a3-59c4-4d0b-8c20-0257708deab5,2,1,1,2
6faff21c-fc23-49da-864a-973bbd5da204,2,1,1,2
64a23032-1d9b-4cd8-b4d3-b4ec3e1998d3,2,1,1,2
0807c487-058e-43e1-aada-69688878a69a,2,1,1,2
f9aa3b0b-f8d8-44a3-8e84-246cba171e28,2,1,1,2
3e704091-91cf-475a-ab18-7d10e79c0660,2,1,1,2
8c8613ae-8719-4ecd-a73f-b4860796c7d8,2,1,1,2
1b402723-907e-4438-845f-d1a405015244,2,1,1,2
208ce3ff-23f4-432b-b419-4de7770b41e3,2,1,1,2
394aeeb9-eab1-120f-6b67-50e1fbd181d8,2,1,1,2
1b1aeb01-34ce-40ad-997d-daa561d60011,2,1,1,2
f387d9e8-5812-4f63-811b-19234f21ee9b,2,1,1,2
cd0e6e69-64bd-4aea-9d8d-a2081d1b5364,2,1,1,2
ad3107e7-7032-4a56-8512-aeaa3251d6ac,2,1,1,2
13842c6a-6166-484c-af64-2efd28d47c5a,2,1,1,2
93fe1d55-10b4-47f4-93b6-f8d59b14a152,2,1,1,2
b5927358-8de9-4518-ac3d-c570cc385062,2,1,1,2
ad15fe5a-8755-41c4-80a1-3d5d9b7696fb,2,1,1,2
182c90f6-79b0-4392-9182-f4f9071d4b2b,2,1,1,2
7134410b-b640-4413-aedf-60134b7f0263,2,1,1,2
5fa6dcc7-955a-4253-a1ab-ab127296526e,2,1,1,2
e028d9c7-c454-4bec-9d50-d6d246ae6449,2,1,0,2
54e4dbcb-6448-42a1-8fc9-cf06996b4c4d,2,1,1,2
c8616b7c-7cd2-427f-bc6c-28a751f91810,2,1,1,2
b430fa61-ace3-45d5-8014-fc30da418b0b,2,1,1,2
ae87abd4-0f63-4464-96c4-875f76bb97cf,2,1,1,2
96a78484-ca13-4ce0-bc7a-600e8af8cf21,2,1,1,2
acb33484-230b-4964-870c-fec44ff3de00,2,1,1,2
e99765fe-6541-4c7b-a2db-5dc6c5ccefef,2,1,1,2
30f3f1a9-b78b-47e7-83db-48fd15f68e6b,2,1,1,2
f1066869-6c13-4e37-9535-b9dae3c8c18a,2,1,1,2
60d8f821-85b7-7f70-d045-6b2af88b5a2c,2,1,1,2
4e44e976-1550-4482-b9fe-1ba13dd75567,2,1,1,2
ed534f1f-5104-4923-bb30-20c1fb82026b,2,1,1,2
f9fffbc6-8c61-49c4-aa83-ad3f58e9f3b4,2,1,1,2
1ec7274f-de25-43a6-adc5-90c60696e196,2,1,1,2
797846b5-9083-4cb8-8eb5-ea0c25580b31,2,1,1,2
7f2d0d40-865c-4110-b4ab-bd989c42391b,2,1,1,2
ea2b212c-4289-4f69-9c62-6992cd2c7844,2,1,1,2
b72bda2d-ca99-46f1-beea-555f54c18792,2,1,1,2
351c0c48-bd48-46ae-a8ef-e629550a1376,2,1,1,2
fd926518-2975-43e5-b4c7-4d2b62624e1a,2,1,1,2
9bbed03b-b28b-4da0-9331-dd70dd57ee0d,2,1,1,2
240a2638-f37e-452d-b288-62d0a7d3870e,2,1,1,2
2d43d627-e73d-16ae-4dac-a5a8b9e21f1d,2,1,1,2
1a49df66-7f38-1a3d-368d-28f933b08e13,2,1,1,2
11d107d1-4dc5-46a4-96e7-89970f68df42,2,1,1,2
4cb5c2fb-da94-40f2-94c7-9deb8449f5e0,2,1,1,2
44e3a3e2-668b-402f-a36e-7ecd9a925479,2,1,1,2
e02dd546-217c-4dbb-8e46-d1b7b8398e5b,2,1,1,2
f7c770a8-9456-45b4-a104-ce939a7318f8,2,1,1,2
5730bd6c-5c66-48ea-9643-6ab0e235eb50,2,1,1,2
b5eb48c9-743f-4a74-9c51-c191efbf8484,2,1,1,2
dc3df873-7d1e-488d-a627-105c02d05825,2,1,1,2
bc9aa857-7a30-4916-5909-c23fda0fedfa,2,1,1,2
ff371b58-f03a-48bb-b300-e2f1aa96b834,2,1,1,2
596842a0-2485-4f5f-a71c-3f9cb23482d6,2,1,1,2
70c309bc-bb33-4b42-904d-4b20f38e2354,2,1,1,2
45448921-f08c-43b6-b79b-62daa9eb3aba,2,1,1,2
ed41afe7-b7f4-4938-bdca-6860cc3bf6a3,2,1,1,2
e0c361e7-cc61-43c3-aac6-570672a40cb6,2,1,1,2
7898ce06-ecdf-46db-a5b3-b6c6b1bd70ad,2,1,1,2
1919ca12-988c-44cc-88ab-9b8096ed89f4,2,1,1,2
33050798-e729-4dd7-a80c-84f58ee103c3,2,1,1,2
1f6a4342-4eaa-421a-8c5d-e34a3b42d110,2,1,1,2
7ef21188-8f43-4e38-870c-36cc448a9631,2,1,1,2
42a2d0e0-808e-424d-a543-42d84dc14530,2,1,1,2
f69b5fa6-82cf-4bee-90bc-e06148bf6548,2,1,1,2
041486fb-38af-4b8d-b042-a99854f5ef3c,2,1,1,2
4dd6b82f-3578-4601-8bb6-d7a49d9ee9b7,2,1,1,2
12038d21-3ebf-4ef6-b3f9-fcbba2dd117c,2,1,1,2
f96ed3cd-b795-44de-988e-42d722da211e,2,1,1,2
a99dcf2b-edd8-49c9-a343-26f4133b8bdd,2,1,1,2
d3e51b16-a188-473a-8906-2bc36b73128f,2,1,1,2
5cb7d527-7717-45ec-b2b6-a4f5aeb64176,2,1,1,2
bfbf9531-7501-43c2-898a-268c5df2216b,2,1,1,2
2055a7f8-9504-6f60-fe0a-b0bdbe67dd71,2,1,1,2
a1649212-5cdd-4da1-9743-d41bb147bc55,2,1,1,2
30bf4597-8071-95b1-202b-a3b634159543,2,1,1,2
29bcb10a-0469-4f34-a54c-afc0fb9b74a2,2,1,1,2
f5da261b-0cfa-45c1-a820-e2a703bc2cd5,2,1,1,2
fb9357fc-388f-4d61-b8e1-087904e3fa36,2,1,1,2
a3793934-44f3-4a34-9b59-1db8cedb3f92,2,1,1,2
51addbad-c672-4d4b-887a-8c0fe0a480ea,2,1,1,2
0c5636ec-4254-428a-ad1f-73624575e947,2,1,1,2
a0da849a-9f53-4731-b5dd-cabda85a8ac0,2,1,1,2
e74fe062-70a7-4b7a-b5b3-7ebd1d9cd458,2,1,1,2
857d6e2a-1d19-4013-ac43-5a7e35abcb58,2,1,1,2
16837cc1-d751-48c8-8c2b-9627aded3814,2,1,1,2
b8ea5d26-9fcf-4a8d-8a28-0572f3d2a75c,2,1,1,2
28c796a4-f5bc-421e-bd0f-50db2812b1e9,2,1,1,2
94c2164d-0481-4d1e-aec3-e8bd820960ce,2,1,1,2
b1a02014-9146-440b-a29b-a80f98d8f418,2,1,1,2
330dc156-3a3c-4717-96e1-24e79c4b8c62,2,1,1,2
956ba0d6-0a22-4ed1-a5ff-9c73382dc27a,2,1,1,2
8158f22a-0104-49ef-990a-92454a73434d,2,1,1,2
c90329ef-c1bf-429b-a8fe-10c20834c2cf,2,1,0,2
99b388cb-0b0d-c401-4f99-6b9b10a3364f,2,1,1,2
3c83a590-be67-47eb-82fa-3b974e25ecb9,2,1,1,2
440b60d2-e9b9-4564-a4f1-cde90295ca61,2,1,1,2
c0cd33c0-e8e5-4787-8c92-f8a045755aef,2,1,1,2
750918ed-9fcf-4405-9fe8-968185247fc0,2,1,1,2
2a316d7f-7596-4c75-b23c-a60c06d0f692,2,1,1,2
ab2859a7-b2ee-4e27-a1af-0f704fcbe26a,2,1,1,2
a03c6e4d-ee00-f16a-4bcb-671c49ca0f70,2,1,1,2
ebea2783-513a-470c-8c89-52d303711a66,2,1,1,2
1e352c5c-f467-4ed2-a321-e37417f17cd6,2,1,1,2
6241fec3-afd0-4c95-a27a-8b50223dafc5,2,1,1,2
0721b424-6707-4e7e-bffa-d6650d904360,2,1,1,2
6493dc09-327e-4560-97fa-ebb3076db0e5,2,1,1,2
92335fe2-81a0-4fa3-ae8e-338d56c1ecad,2,1,1,2
a3406859-2415-4527-9712-5e4dd4dde57c,2,1,1,2
ad9b41f3-df02-401e-9aaa-ffe1c3ec5ec4,2,1,1,2
47b5f110-ca23-458a-b77a-60b326f623d5,2,1,1,2
d30bc03a-b975-49e4-ba2b-80ba5b6d26fc,2,1,1,2
6ffcf03c-fdeb-4f8e-a310-0669bb797bc9,2,1,1,2
5fbd14eb-e580-483e-867b-2fa3c2010e37,2,1,1,2
57469ead-f0ca-4dae-8025-2c632cd3bf6e,2,1,1,2
ee4e57df-0377-9505-0c9e-18204a55e2b2,2,1,0,2
68749641-144e-33b3-ffe7-b4122a232feb,2,1,1,2
62799e00-097b-4d02-adb3-66e294985bba,2,1,1,2
cecb8614-cd75-465b-2d58-0b089de83efb,2,1,1,2
96fa5087-e88a-43e7-8adc-a8f6cecea328,2,1,1,2
4eda4049-d56e-44da-89b3-639ac9ef9e5f,2,1,1,2
6a21c900-162f-4be5-b939-132e9d75e387,2,1,1,2
d5fb8e03-79bf-4876-a326-67ab21bd9930,2,1,1,2
d9bcbf6d-b973-d151-05b2-620a6a54f52b,2,1,1,2
d90113de-8d44-436f-92bd-092e3731a82d,2,1,1,2
66c33fee-d2d1-44a8-9916-5d92dd05c01e,2,1,0,2
ca70d69b-13d7-b4b8-8382-9a334c40ef33,2,1,1,2
83c21155-4559-4b61-9d52-acf3ad904f13,2,1,1,2
303e8d97-4237-4efb-8f1f-f84743a67781,2,1,1,2
ab809c60-4db7-dd16-bc9e-f9b06c2e9680,2,1,1,2
c778e591-e682-b746-f21f-8fbd06ed09b2,2,1,1,2
550b745b-f5d1-4ff9-be4f-5cc5bff44651,2,1,1,2
c7c1e1ac-18f1-496e-891f-a598678b21c0,2,1,1,2
b6bc57d4-b055-4a03-b1ca-3395c2ce52ee,2,1,1,2
5452cdf1-f141-4ebf-82cc-665d7b07cb8d,2,1,1,2
af790937-158c-44d8-a7ce-a2a44d3a4018,2,1,1,2
53eb61ad-b200-4822-84e3-126ed2ba7547,2,1,1,2
2018ff83-9471-4eed-a714-efacfcee591f,2,1,1,2
e4367d7b-06bb-4fa2-b7d2-3b9e0cb8d557,2,1,1,2
46cf5ece-a2c4-4499-b6fd-f3c03381d189,2,1,1,2
ba9ca044-c191-475f-bde3-a32f08c64b0a,2,1,1,2
1c3ab3fb-36e6-4bf0-ab19-4e894bbc06e6,2,1,1,2
1a8ed20e-9d17-45b7-bfa4-5bc8fb825255,2,1,1,2
1e8216d0-d160-40ed-b5ee-cfa79ca4f8c8,2,1,1,2
f8ff30e5-03a7-47d5-b270-ffe792339e9f,2,1,1,2
b60339d6-c665-4bdf-a74e-3ce253703983,2,1,1,2
89145ecb-c492-420b-a063-1e6bc08ad3c0,2,1,1,2
fbb29233-16ce-40f4-99b0-2a8b9484e204,2,1,1,2
89c51e1c-bd9c-4c05-a88b-917886a7287e,2,1,1,2
a4dc095c-bdb3-4973-8e97-f9624d979fd2,2,1,1,2
d99bd7b9-c9fc-4d31-924e-f3dbeb5d414d,2,1,1,2
c8c7bb1b-92b2-4356-aa70-cf0ddc2b8425,2,1,1,2
ffce86fc-de2f-4d95-9037-9022cd3b13bd,2,1,1,2
2c4c39a8-f42e-4c27-b0eb-29076095cd92,2,1,1,2
5e8508d8-3e26-47d5-9a97-befac4f57ce6,2,1,1,2
3a26f674-a0cb-41bb-936b-749be51ba5c2,2,1,1,2
01861588-9ea1-4026-ab1b-62b54404e5b3,2,1,1,2
a7b6b54e-ed78-4a99-bc25-86900e54ded8,2,1,1,2
45f6021a-7983-461b-864b-84de6a325f22,2,1,1,2
1a256188-d237-4f39-b3a3-379ae1b5fa33,2,1,1,2
a9ff8469-06e2-43c1-a884-065d306e53cd,2,1,1,2
4144bf6d-6a3a-4218-952e-2a32c2c7f5c9,2,1,1,2
3ea7e8b0-e07f-4d3c-8a7d-c6cbed001fa7,2,1,1,2
6b9b4cac-079b-6266-1be4-490475affc8f,2,1,1,2
0996b9ff-1f6f-4ffb-b3c8-beef7f4d4d9b,2,1,1,2
1b4c5718-2db4-efa2-185c-56b46a5af430,2,1,1,2
f0469e3a-aadb-8791-0472-0568881bc0c9,2,1,1,2
bea6b3ce-ff17-8068-1a3b-6da23370c4ee,2,1,1,2
d3d24772-8365-b684-0c35-756823028a5f,2,1,1,2
a73317bb-42bc-0af1-3ada-af21c8239fd1,2,1,1,2
83c307ae-6d9b-4001-97b8-0f876f4ad263,2,1,1,2
61ca3932-c877-493d-bdd7-237c91f64f27,2,1,1,2
93cd7167-d518-40cf-ba63-7c6e38887a45,2,1,1,2
b7f0094b-c58e-4385-b10c-c26e7ea6fc38,2,1,1,2
4c762194-1fb2-478d-85e3-d4aa33ca96cc,2,1,1,2
f14e53b5-45bb-4fe5-9db2-88734bbe6033,2,1,1,2
cfc5e87d-5711-4222-a5d0-113e35c5314e,2,1,1,2
c0cd94fd-3bcc-402d-b0dd-cfef507ead1b,2,1,1,2
c02fa27c-a181-4de5-a009-602ded1136ae,2,1,1,2
61c910cd-a810-7293-c686-d7255191276e,2,1,1,2
866c6eb4-5099-4ad0-aeb9-3c2c83e01f34,2,1,1,2
500247fa-b511-4326-b0c7-6ff8bc28e1fc,2,1,1,2
5c6b3316-2808-4376-be04-7b59072c798a,2,1,1,2
c4aeeefa-3b90-4ecb-8d6d-25f7816a2545,2,1,1,2
b9da1575-5341-4961-a35c-c29c972a046d,2,1,1,2
5b986124-e106-d3e2-d3f5-f81436d586da,2,1,1,2
bba2675d-4ea0-4938-8053-e64646a6f689,2,1,1,2
0b4fe7e1-b2f4-4c28-9187-7c7bb16675e9,2,1,1,2
f01b4140-8135-4992-9a5a-c15e7881811d,2,1,1,2
06a1d0a4-8568-405e-b769-2ff5516fc8dc,2,1,1,2
34be381c-ac73-40f5-8919-7224c5a0918e,2,1,1,2
a7be0062-9f38-4800-ade9-b6211f7521a7,2,1,1,2
50c8e38a-80cf-cf98-8eec-cfbca0068296,2,1,0,2
b274e678-bfa7-4294-9f9a-9593a69143ea,2,1,1,2
49617579-8f4e-4bb1-ade9-e6742bb04ec7,2,1,1,2
816f2b21-eb59-454a-be28-c5eb96704515,2,1,1,2
bf4dd99d-c7ab-4a9e-ae3d-eeba1ce0841e,2,1,1,2
aeebcf17-e358-2720-4e7a-c1e3c7166434,2,1,1,2
5ede4432-ff92-4ca9-a64c-2553affe01d4,2,1,1,2
66cc7226-dd2f-6758-f97b-679fd723c869,2,1,0,2
b06b2254-3e67-468b-a354-400ae4d1f7e2,2,1,1,2
5b08f015-e0ef-ea0b-26ee-51a952745e23,2,1,1,2
3b74fdf9-b620-454a-a1a9-865c673f1ee7,2,1,1,2
a21a9541-e9d8-4ed7-809c-40e486d77073,2,1,1,2
e2339aa2-7e70-42b5-a90b-0ad4bfaa057f,2,1,1,2
5e82bca7-da96-44c7-9931-78a3b9a07574,2,1,1,2
47bdee3b-79cf-483f-9f7f-18926827b56b,2,1,1,2
17cc8e73-e955-456f-aba9-5fe778fff619,2,1,1,2
dac0aec5-87ca-45b8-9edb-0e7e42013a40,2,1,0,2
e9e27598-8d67-4859-875b-9d3f2ad40b04,2,1,0,2
1f5374a1-e00b-4d79-95a2-c13a0666f159,2,1,1,2
b43a0605-c54d-4e50-8b85-fcbac008f75f,2,1,1,2
f579d9a8-65e8-4518-9030-1b09ab2588b6,2,1,0,2
6ae2635e-7edc-450b-9032-62cd61410a20,2,1,1,2
5e0bef3e-41a0-413b-80e7-bf12d02ef03d,2,1,1,2
9a09cb97-3cfb-4cab-8217-5deadf4ed42c,2,1,1,2
33a7f6b7-a68a-f9c6-a9e7-e1cfbad1baf7,2,1,0,2
67fef365-fdc1-4f1e-b653-b30a9f175e7b,2,1,1,2
4b3e4865-bd6c-4e00-9f3b-9910fcec97a9,2,1,1,2
48199c51-de86-4ed3-a827-743c1aba15ec,2,1,1,2
46417ccd-b5c5-4a8a-9229-702e5256a474,2,1,1,2
afa7eedd-26d0-4910-ac6a-dfe654738190,2,1,1,2
f423524a-8d78-4228-83a8-70f161fca7d2,2,1,1,2
43cd5d15-0743-4f58-92a3-ce5bf2c24263,2,1,1,2
bb16c11f-bcaa-495b-af9a-02602fa2f616,2,1,1,2
e2d368c5-f595-46c9-806b-cd98ea9014e6,2,1,1,2
1c301d06-8f27-4259-b2b0-79b7b5445f79,2,1,1,2
6297fed4-14cb-42a5-a777-6792e32d0ba0,2,1,1,2
43f4bb52-ceae-42cc-859e-5be2f9429885,2,1,1,2
6c026419-a230-771d-46be-c4e694fa92a2,2,1,1,2
1ea7a2e4-746b-491e-bf5b-247524bfc827,2,1,1,2
031d5271-38af-4b5c-8f08-165753480088,2,1,1,2
55764860-5151-4361-96d7-4bed432800e8,2,1,1,2
5d394c40-f157-4adb-b3d2-553ebc14f08f,2,1,1,2
c7510741-c39c-87a9-b595-741a5e5f9a9c,2,1,0,2
91a161a3-1a59-4c45-bcd8-659e532d8646,2,1,1,2
7be78203-0d7e-463d-ba0e-69408ea381fc,2,1,1,2
555a0229-d9b1-4e08-bc19-229f1026355b,2,1,1,2
4a63ea17-5a9b-49b7-a764-339612c4014a,2,1,1,2
0738d4e6-bbfc-4839-b2ee-bc37af7176a3,2,1,1,2
a17f3720-7e4b-4613-80aa-17e0f1359515,2,1,1,2
397de492-4f34-4ef4-a6a9-05068f26babb,2,1,1,2
5a8adeda-fc1d-4851-9d7b-36d10ee1ccbd,2,1,1,2
36b5b8e0-c67b-495f-bcbb-6f2fb5fc6ec3,2,1,1,2
e1bab298-ee79-43fa-ab1b-8db19d4fa24b,2,1,1,2
674429bc-5853-4475-82d4-64e31829c450,2,1,1,2
6d7591ec-bf91-49fb-ad6e-b6764a7ee9f7,2,1,1,2
e0def68a-df58-42d4-9ad7-7d8b4d0413a1,2,1,1,2
394494e8-6c6c-48a8-a302-82f17a3c5a97,2,1,1,2
0fbc3f50-2511-4b87-9235-cd4392be6fd6,2,1,1,2
2791532b-20cd-416f-8181-ca5bc150ef26,2,1,1,2
0fbcc681-94bf-4141-a0bd-97737e5b6c79,2,1,1,2
535c799d-fd74-40b5-a4c3-efe8000e6e6c,2,1,1,2
f7bb80b6-4023-4ccd-a0b8-973c6f466d1d,2,1,1,2
541c3046-b121-48d1-a06f-244c704f327d,2,1,1,2
d4e2ab88-86c1-41d6-af44-492ab343b9ab,2,1,1,2
5bc80358-8608-4a6a-a712-bec2e73fa3a1,2,1,1,2
5740f9f9-52f4-40a7-8efd-d075a94ec029,2,1,1,2
aa7f77bc-cf1b-49a2-9b19-171017aa6498,2,1,1,2
1f4bbf91-e7c2-471d-b9a0-0d834a63d010,2,1,1,2
6c694de2-7634-40cb-90ef-4dec28a323be,2,1,1,2
71520650-c3db-43bd-930c-31ff891e6513,2,1,1,2
bf3e72c7-d146-4fa4-a39f-03a6dbeb6e88,2,1,1,2
64d97af7-91c6-4f45-946e-06ffe3649eac,2,1,1,2
cfa5f74d-7656-4974-b2a6-d964a007832f,2,1,1,2
75e82f2f-f22c-4583-477a-75053b1fcb14,2,1,0,2
7f6224e5-6d4e-6da2-0e5b-39d6c662e730,2,1,1,2
700367f2-4da7-45a5-9070-9d9b9d7490c4,2,1,1,2
cfb1c391-861d-a9d9-48d5-10bcfc4aaf14,2,1,1,2
51823b81-7017-4bb1-b7dc-cecac5254f81,2,1,1,2
9df20233-6355-46db-bfaa-13285451079b,2,1,0,2
19187543-a81e-44fa-8868-604dfe2a5d9f,2,1,1,2
ba03eeaa-35a0-4a08-a383-5a993fa3b2b2,2,1,1,2
244834ca-1996-473e-af8b-b789b37d5635,2,1,1,2
d3e52a28-d81c-443b-b56d-c43c7eb96245,2,1,1,2
a106430d-05ad-403d-863a-71fcf09c11d7,2,1,1,2
37499380-851e-4042-90a6-abbe7fa25615,2,1,1,2
c9e85e11-6109-4db7-a0c1-a246e6355f17,2,1,1,2
86ce163f-26a2-4dc5-b997-b9da39256fbf,2,1,1,2
21232fbb-0e12-f9d9-512f-e2aa923dd3ee,2,1,1,2
9d44a604-8637-4566-a134-60f8592a0eaf,2,1,1,2
1dfe4945-fb00-4379-9d8e-d9db7c71a4ea,2,1,1,2
0be45f45-9c35-48be-8ceb-ac1c0dd6e38a,2,1,1,2
d8f5bb3b-4502-4570-8f25-a314ef8360fe,2,1,1,2
113b617e-85d2-4e88-9933-225636aba1d5,2,1,1,2
c72713aa-1e12-4085-9af3-2df04138140a,2,1,1,2
7eaf149d-0ed3-1faa-1d80-087922b47371,2,1,1,2
3b7ede29-17cd-4d0d-91ca-deeb66ec0848,2,1,1,2
825af7c0-aa85-4a09-be04-73b2d505c19a,2,1,1,2
29542ddb-c2c0-475b-b12a-27da1615a673,2,1,1,2
98154014-9735-419a-8a71-0afdc491c09f,2,1,1,2
e94cf68e-d0ef-4e8f-bd96-562802299182,2,1,1,2
664b4aeb-8c48-40f0-bf3e-7c73196a8b7f,2,1,1,2
6c09e076-1e6c-4c88-8d7f-bf5fba75eb8f,2,1,1,2
ed74de73-f4a0-4581-b896-65004343bd91,2,1,1,2
8e96c102-f855-418c-bbae-220e8c5342cc,2,1,1,2
516cd7b8-ae2a-444d-94b9-ab8a747a8731,2,1,1,2
ec698f2a-11d0-9f9b-9dad-6b6ecf3e901c,2,1,1,2
ed288c8f-047e-f062-7f77-bf14eb31986f,2,1,1,2
13432ef9-89c5-49db-8026-f5f942588ced,2,1,1,2
64831ff2-cc30-49fe-be9d-5b32089bae1a,2,1,1,2
945cf477-31f1-492e-8583-ad453f5e1ef6,2,1,1,2
f163d889-d202-44d8-acd5-c779bbd0cb24,2,1,1,2
7faab0fc-ea31-4e36-a800-7d5c2277c681,2,1,1,2
792dd85e-e547-4f8a-b150-95b2e018db9d,2,1,0,2
710e1aa6-c9e9-402d-ad05-c40ba19ba837,2,1,1,2
4b9f5a75-871a-4af9-b6da-7419dbd9692d,2,1,1,2
1fdc0a76-6866-46c7-83c7-8aca9e070557,2,1,1,2
c0efdbec-0e76-4d1b-9e25-4682c7b5e6f1,2,1,1,2
5789474a-99a3-4c5d-8d83-5e3da1300839,2,1,1,2
3cb4b044-f80b-4096-88cb-51b4cdbf4314,2,1,1,2
71bc6b83-117b-4e5b-9480-6fb82197698f,2,1,1,2
be999776-b882-49db-8442-8d53b12c76cd,2,1,1,2
98b83b89-f2d5-4425-bcbf-db7789794a8e,2,1,1,2
dabf2926-3a64-47d2-998c-e6b15a5607d3,2,1,1,2
759aa67e-fa80-43a7-97ee-6a5cd510c4b6,2,1,1,2
1f32dc15-e03d-4a08-a3e5-8937a533db91,2,1,1,2
0355daf7-de2f-436c-a8c3-609c50c7b984,2,1,1,2
cd6948b6-37b6-40bf-8879-64acbfcb3e46,2,1,1,2
2d36f2c1-6fcd-45d2-8ed3-28989b8e1206,2,1,1,2
f6ccb9b4-c71c-4431-9b7f-0bcc3b0e951b,2,1,1,2
3eefaf13-4576-4486-b9d3-5f8d691d58c0,2,1,1,2
dc71ef1d-417a-4906-aea2-9af615f5fc63,2,1,1,2
7a924cc3-14d9-14c1-ecd2-6d19364f83dd,2,1,1,2
110141bd-02f6-4992-9fd5-1f0bb4d1c001,2,1,1,2
e705e55a-092c-4e91-bcec-b447f889957f,2,1,1,2
e8cf3dfc-36ac-4cb5-b03a-33481719d57c,2,1,1,2
f6410aae-b62d-4db5-901a-95111be2c873,2,1,1,2
734e67e6-ffbc-4922-aa09-2ba3343e5441,2,1,1,2
b2c321c6-0eee-4119-a56d-09ac5ffac768,2,1,1,2
11e88fff-6f57-46ca-a831-f49c3c253d5a,2,1,1,2
42e0b54a-4a8f-43cf-96c6-58d66949c2d4,2,1,1,2
556a17b4-c096-4573-aed3-c7180474be52,2,1,1,2
c58b8198-f46f-4efa-b2a3-1ff6bca634aa,2,1,1,2
c682ca3d-8215-a5f5-21a6-2fc53c3b312e,2,1,1,2
59113778-d92a-4eaf-bad7-96ad58e7c801,2,1,1,2
8a618431-a2ed-4701-83be-e235e479ad0e,2,1,1,2
41180da7-0318-480b-8614-f5c9280c5e77,2,1,1,2
d8d8798d-7533-47cc-b098-964601b5b64e,2,1,1,2
8f36d33f-9ad5-42d2-90c2-50bf483ecb20,2,1,1,2
fcaa7971-371f-4315-a706-2d90032769ad,2,1,1,2
595b1165-4a58-4dc1-9239-1091e2c12f5a,2,1,1,2
b33871f6-952c-4eee-acbf-98a8ba03aa2f,2,1,1,2
2160a10c-6902-4106-bc95-e0abda9f8824,2,1,1,2
6cc90606-a826-497d-9725-62a2b15b50d1,2,1,0,2
111be7ff-8cf5-4d25-9772-515f24e0ff9c,2,1,1,2
eaa6e092-911f-1838-c819-95931b64f1f6,2,1,1,2
0db1e437-85e9-4a3f-ad11-7c9720a62a25,2,1,1,2
cfd69d8a-4544-44e9-807a-4808ff315609,2,1,1,2
eb35a3bf-d9f4-741c-3f49-f7bd2143fbac,2,1,1,2
12101e81-0ed1-4e67-a848-031496545954,2,1,1,2
00902962-d9cf-42a6-99e9-95c8103a5bad,2,1,1,2
87d59bd7-9cf3-4aec-ae8a-bb8443b24705,2,1,1,2
a15e9436-d9c1-57d4-6ffb-0c4d6893ddb9,2,1,1,2
96e4c2ff-17ae-473e-a257-7175cb6b2ec7,2,1,1,2
27878512-e60b-4626-b97f-72cdf86dd222,2,1,1,2
47e266cd-e742-46a0-b3cf-14bc2fae8d83,2,1,1,2
5c69ebf6-9392-0c82-8b3c-12ec91700591,2,1,0,2
768b93ce-9b32-479e-843d-c2cb1051669c,2,1,1,2
c5cc68e1-f74d-46f2-8638-dbf37253e4bc,2,1,1,2
08e7d533-aa28-4dfa-873c-c78d1ae0f92a,2,1,1,2
1a9cbb71-1938-4bb6-a85c-4a0c637b875f,2,1,1,2
c8cac7bd-caa9-450c-9835-79dd5245a076,2,1,1,2
7e33e9cf-05af-4ab3-992a-7f44806a1145,2,1,1,2
ff0a2459-4665-4517-850c-4abd5c431d43,2,1,1,2
6db8ae9d-4599-498e-a732-3940053d80bd,2,1,1,2
5cc86517-bf34-4550-8fe3-38d3e0342e88,2,1,1,2
4111788c-9a8d-13f1-85dc-40f9dba89aa7,2,1,0,2
1d914fe4-9ead-4768-b0bf-9b79c5d19ea5,2,1,1,2
3674beac-fffa-43a3-baa8-1628c6e2417a,2,1,1,2
c6b03c1b-725e-40fa-97d3-e032678e318f,2,1,1,2
38d38da5-5adb-48e1-8ad9-d0bb811e419f,2,1,1,2
6d621299-b3a6-4d6f-894e-f739304a840a,2,1,1,2
dc9a5448-3c77-42bb-8b23-d3709dd932c6,2,1,1,2
695f854a-ebcc-4594-af92-4241c48435cd,2,1,1,2
bb6e827b-e342-4286-8476-780c658e29e1,2,1,1,2
5093e6f4-1462-459f-93d7-004d51148651,2,1,1,2
4eab03bb-1566-4021-aa4f-9db97f35df72,2,1,1,2
ab0b681a-3a4c-42f6-8bbf-3ccef39624a0,2,1,1,2
3e7ea7a6-6f38-40d4-9c5d-6770961372b6,2,1,1,2
0c1e4728-d183-f770-1577-e72bff5eae9e,2,1,1,2
c3ade9b1-52ec-4b64-9ab7-0511a4dc15ba,2,1,1,2
c00b2b71-f72a-4269-adf0-c933dbd50c80,2,1,1,2
d286b74c-aa5e-4fab-9759-2e3392c10b93,2,1,1,2
33e25be4-d1f3-42c2-b750-52eec71498ea,2,1,1,2
2e02474e-94f4-4000-a8b0-17cbbc93f656,2,1,1,2
1d02c973-6e7f-4248-ad9a-671ac3c0a521,2,1,1,2
6a023242-e901-fe4a-5318-0649a911ffc4,2,1,1,2
603f0b0f-8340-4961-b7cb-e1cde8fc1665,2,1,1,2
00a15e49-ad61-441c-b1c0-64b69ad195cd,2,1,1,2
842148ce-eca6-4237-90c3-5bc1d57e4832,2,1,1,2
f01264c0-d02b-41cc-bc60-2ad1fc3253e6,2,1,1,2
57d19516-d36f-4730-94c7-7cd0475ed6d9,2,1,1,2
b6fb25b4-a8f5-4eb1-a5e5-a3d4770c1dd7,2,1,0,2
266f0138-dcbf-48cb-989d-dc625633433e,2,1,1,2
3554751f-ff02-43cf-8629-8ef9afaf43c3,2,1,1,2
7481877f-4f98-4eef-8d4d-f5c53dec167b,2,1,1,2
ff9ac70b-9502-46d5-a78b-9c4df329daf7,2,1,1,2
325a0324-3399-4ed2-a087-7bed888bef6b,2,1,1,2
656af823-9a0b-4dc5-b482-bdbe0d926933,2,1,1,2
cfe850ea-117c-46b8-ba25-80cf467c12d0,2,1,1,2
1ef356ce-52fd-4406-92bb-4b396d450a75,2,1,1,2
9f428a20-fe03-472d-80ae-6cc5b12a5cf9,2,1,1,2
33b8c713-0027-4442-91be-16453aec9cf2,2,1,1,2
81b01ddf-54a1-cc0f-285f-32478b397dca,2,1,1,2
08f669c4-122b-cebf-8bed-d04209d9a774,2,1,1,2
c6e4c895-3e51-4759-a254-772e7b26ff0b,2,1,1,2
6fbfbb2a-2bfa-4edd-9d00-b2641fa964ca,2,1,1,2
156c5346-8222-49b2-95e9-e285ce7a1956,2,1,1,2
60c23aef-bcea-49fd-b0e4-2b90580ecd90,2,1,1,2
7976b9a7-487b-4a12-97df-e883c1483745,2,1,1,2
5128cd0f-9022-450d-91ff-d7de141d6e5d,2,1,1,2
f03b460a-9ae6-4cd3-910a-814fbeba83b2,2,1,1,2
20f95428-8edd-4f21-bc2d-bd747b8f9c12,2,1,1,2
ee0db9c2-c4ea-44e7-a8c3-c1b67c2ca14c,2,1,1,2
4c5c444b-7d76-42b7-9b49-0e32c10ea13c,2,1,1,2
08ed3744-2341-42dc-b04b-ee53376a9294,2,1,1,2
7251cacb-b600-4cdd-e8e1-67f37a716488,2,1,1,2
bd2fb6cd-2d1b-48c8-8952-1c1f29cc8675,2,1,1,2
782f97cd-0a87-40b1-a7d6-e126cdef7e56,2,1,1,2
85c4a710-aaeb-4eda-9788-8a1e7a87b395,2,1,1,2
d8e6c45f-3ecd-4c85-909a-f7493e84ea7a,2,1,1,2
f799a974-163f-4c3f-9b0e-9377ddb0b6b3,2,1,1,2
d1080f44-eb84-41be-8004-7d282427ef54,2,1,1,2
bdda0ccd-d37b-48e4-a450-fe0724fb3eb2,2,1,1,2
d6caabb5-79b7-4a12-8b06-666eb2b2b17d,2,1,1,2
11e853b5-25b6-47c7-9de6-21100e9b16bb,2,1,1,2
a055810e-dcc7-46f1-9f86-6b03c4c082dc,2,1,1,2
0699403a-15bf-4514-929a-e17ddaa985e8,2,1,1,2
2c23266c-4d9e-4498-8b97-3c1fca0f9270,2,1,1,2
68b02af3-d646-478b-88ec-8140650fd659,2,1,1,2
9954b46b-0832-447c-a63b-17513379d4c3,2,1,1,2
a5e6eb36-b2a1-5841-d3c8-e50dab4540fc,2,1,1,2
b0531344-d3e8-42f2-bb45-7fca070efd58,2,1,1,2
9ca99828-0e28-4f7f-b300-e5b2fe825964,2,1,1,2
90d401f0-45f7-4363-8eba-6b49d7fa4ea6,2,1,1,2
f29b162d-0d01-450f-81a4-a255a352da2b,2,1,1,2
3b5a11a9-a0f1-4dc2-b63c-bb10956d1f5a,2,1,1,2
dd56adc8-bf92-42fc-995c-82d430a7426f,2,1,1,2
1b9f5e09-39cd-4002-8c5d-e3f873f94380,2,1,1,2
5f3b8abf-2aaa-42f0-8d32-9e33cfa56f76,2,1,1,2
3d9d0345-2af8-4748-a092-c243eeaec24c,2,1,1,2
1868c308-9276-4aa6-888e-dfbb7b5443b1,2,1,1,2
45391cfe-6fd8-4d87-9ddb-5293a417bbfc,2,1,1,2
b0f1bd58-5d26-4165-8e35-7b9882ed33d3,2,1,1,2
59d7113a-e020-40e7-a351-76a6d4b50c49,2,1,1,2
3e11cb16-08ce-49cb-8d78-acf88a360b93,2,1,1,2
005811ae-7fbf-45cf-b657-bb76d01cae45,2,1,1,2
4780941a-6044-4d90-a441-135fedbc58a4,2,1,1,2
e99ac987-fe45-4a55-8237-4600a656ec7c,2,1,1,2
10e153da-e568-4329-8bbc-4e30272ef83e,2,1,1,2
25b4f3ed-beec-4dd3-93b2-a148184623b9,2,1,1,2
077adc13-3dcc-4787-947c-1e727153569b,2,1,1,2
63100d1c-cf62-7968-41bd-1c7232e9e72a,2,1,1,2
f851b1bb-cdad-4451-95a8-107e33c4d75f,2,1,0,2
e1e8ec85-7114-47b0-81f0-afd1453f7a65,2,1,1,2
c38de067-f2b0-4704-97c3-7ddb92e7d9b6,2,1,1,2
0e8e4bd2-0217-4e2d-9b58-6d0c48261055,2,1,1,2
2db710e0-0fc3-45ae-9bcd-7c3f6c47f93d,2,1,1,2
dd176de5-4539-41bc-8e8b-23dc9232bb13,2,1,1,2
506c2234-61e4-37dd-cd6a-d63b952886bc,2,1,1,2
453d30ce-6ebe-4fb0-93ef-38b24818b1dd,2,1,1,2
9ba4fa10-831b-451b-b08b-25b66b0cfe4b,2,1,1,2
5beb5698-c7d1-752a-a999-5be68033b79b,2,1,1,2
56634d26-29df-4a6f-aad7-8edbf31b136b,2,1,1,2
5eb3ae7b-6cb8-4b3e-899f-3c91712149b8,2,1,1,2
6761d564-2367-43ec-b4f7-a6c5e5c710d1,2,1,1,2
aee154f0-411a-1bb5-a0c3-c0e8d50c83c2,2,1,1,2
f197e247-1d23-4865-bfc8-8f88a159612e,2,1,1,2
b77c03cd-2b67-f785-00d5-8aceb38919fb,2,1,1,2
7493b445-9761-40b8-855e-84dc605537f0,2,1,1,2
b36d75e4-eaf1-42e0-85dd-0e8d7aca7d69,2,1,1,2
6e1e6dd7-a0d4-4734-bd2b-de5a48e04aba,2,1,1,2
dcdb1d24-b4ea-4f4e-b9d2-8c02d4f551f1,2,1,1,2
728869e4-f863-4ca0-a665-57360b2910fa,2,1,1,2
839b1eaf-5658-f52f-c52f-fa1f13e6d097,2,1,1,2
1775529b-374c-48c3-8f16-50dd73282645,2,1,1,2
dbd37ac4-d81b-45a9-85a1-a8388a71e5ca,2,1,1,2
41c57ef0-4685-4040-82cd-52a6a7a16888,2,1,1,2
db82fe3e-a7b9-43c2-b5c1-5b28e180c891,2,1,0,2
f2466626-35df-41ca-81b9-5aedf18c496d,2,1,1,2
15adf3d4-8f77-4ec0-8cb2-aa8d7abc306c,2,1,1,2
74b925a9-fa88-48a7-820b-71e1c55bf9be,2,1,1,2
70b79b16-1be3-431c-bac4-bae5be965423,2,1,1,2
c500b4f5-9087-4277-aa2a-8f806cf9fdf7,2,1,1,2
03402da0-b55d-48f3-b3c2-e37c2e7f9729,2,1,1,2
77097eb5-44d1-4f9d-97ab-0efac35262b8,2,1,1,2
d4389077-0604-49ea-b0ec-1dfb7fe7c175,2,1,1,2
35483c04-ea22-4604-b906-3e37ed6df245,2,1,1,2
2a692f21-0c38-4fdc-8d9e-f63b562c922f,2,1,1,2
7d033720-9fb2-4ef7-8bb5-fbbbad6552b6,2,1,1,2
9de6619b-5120-4136-9544-c1b0e9bbabbc,2,1,1,2
7b15bea6-5a2a-affa-c108-25bf4f374dca,2,1,1,2
b53b02c6-150a-4c24-9459-5efc58888ab7,2,1,0,2
064f3569-b93f-4655-b8a7-9ae9125af45e,2,1,1,2
de5f8aec-4da8-4823-a378-22e2043888f3,2,1,1,2
9855f8ea-c965-40a1-b0a2-f132b4c22b25,2,1,1,2
ee75d04a-ea6e-4b10-b838-6ef95fa571ff,2,1,1,2
0e9d214a-4017-4f2f-a3c4-20268960c31a,2,1,1,2
21425f19-8529-87bb-35a3-5dabb2e57728,2,1,0,2
95add4e4-6271-4ae0-9476-9930161b7f0e,2,1,1,2
303eefe0-30cc-46e7-8e41-33d17863a856,2,1,1,2
1fe56782-be00-43f5-86c4-5526fe1aa5b7,2,1,1,2
48424275-aea5-4d43-949f-f6b23c424aed,2,1,1,2
fb6d3e5c-3fd9-49c4-9369-b0afbf263ceb,2,1,1,2
1c1c6bc1-6cc9-4d0e-8c56-e870255beabd,2,1,1,2
720c8f34-62c9-660c-a543-41ed79ecc975,2,1,1,2
4991fceb-d3f0-4487-9c25-40f1e13c3137,2,1,1,2
b2845413-f67a-4b07-ba8b-cc022f357020,2,1,1,2
579632eb-ea57-4db6-bf00-2789bb1f6458,2,1,1,2
653a74b8-72e1-4007-8248-812da03b89c9,2,1,1,2
4c6d3554-5945-49fe-84a7-72a36d272c94,2,1,1,2
a1fd2af8-2fd0-4072-98be-552a332a5915,2,1,1,2
564b7adf-6d10-49a9-825a-7e59633c985c,2,1,1,2
36dd1e25-698f-43bd-8d12-62f08ca06bc3,2,1,1,2
735b0e85-7dee-40eb-a9ca-beca21a9be64,2,1,1,2
59bd95aa-ed93-495b-a45a-27c839c49d3f,2,1,1,2
9081235e-6aad-45dd-82b8-a858ce56bb17,2,1,1,2
874036cf-fdef-46b6-a7b4-e0b07c1a36aa,2,1,1,2
46b9f1a2-7438-46cc-a82a-35d3baed1e2b,2,1,1,2
0f95891c-f6d5-4f99-848f-eb2819363f5c,2,1,1,2
324b4365-bf74-411f-8d76-dfc6597f1066,2,1,1,2
5ed782da-d76f-5949-1813-52be476af259,2,1,1,2
61eedcb5-9db4-4f6d-8ff0-7f1b7c957408,2,1,1,2
c72df2ad-ab05-42d3-a3a0-a1ada0924487,2,1,1,2
0864498f-94af-4ff2-86e3-a72257649adc,2,1,1,2
b0e056ee-eb6c-6f90-123f-96660c3ee298,2,1,1,2
e3626c4c-65f7-ff08-f595-fe78b98162fc,2,1,1,2
0499c51b-63a0-34ec-2467-87ed74c3c857,2,1,1,2
ca8658b2-8bb1-4566-881f-1db1c42c763a,2,1,1,2
1f83eddd-02e5-4834-88dc-3027a432cd27,2,1,1,2
18ba968b-06f8-4615-884b-260a48e5345d,2,1,1,2
08ea7fb9-ee40-4eaa-993c-12df09431fc3,2,1,1,2
7ff5bcbb-23f6-449e-9865-e016115fe371,2,1,1,2
c91ac897-d096-436d-9335-70febd505655,2,1,1,2
9fa7155d-140a-73a1-72fe-8e0eaf61f910,2,1,1,2
47ddf8cb-64af-48cb-b607-075921b80d23,2,1,1,2
52274e89-c766-4d3b-9dd4-65bb9b1c2717,2,1,1,2
80073187-ba6d-891a-aa3d-11a6cea11bb2,2,1,1,2
fd8c9a75-5707-4aa7-9a22-6efa49f9b6ec,2,1,1,2
29892bdc-260a-1ad3-e684-dcb09305adc8,2,1,0,2
593724a4-2349-4605-b324-2c1f4613d0b6,2,1,1,2
116d39c3-228c-42f5-9103-666c59ecbc42,2,1,1,2
11afa0ce-cf6b-4cb7-b550-480548c5ef81,2,1,1,2
a2985ff8-fc27-4bfa-9b40-ab37bb712fcb,2,1,1,2
62f03f9a-eb19-431b-bdf6-588b2b469514,2,1,1,2
ae62127c-c583-4adf-874a-3df1a91f04ae,2,1,1,2
16504845-7ec3-4954-b2e0-5abe38585a8b,2,1,1,2
a8af6d28-25cf-438b-947c-cd63741da954,2,1,1,2
675ed7e1-a5b1-44b9-9f7c-e31fe3260ca8,2,1,1,2
348cb3b5-3f87-4aff-822f-5cf291067287,2,1,1,2
2f7044e2-1287-43b9-9fc5-8b5480a74d7f,2,1,1,2
c31bba34-11d7-4116-87a3-6168ee40d79a,2,1,1,2
675e55f9-c476-e41a-97e6-121a61127998,2,1,1,2
f8a486bb-99b1-4d15-b986-a8ae1dc477aa,2,1,1,2
95bb0973-3dbc-4d6e-b4d0-c1bfe00a0971,2,1,1,2
a85bc6d8-3dc9-41b7-a9df-ce253e648cd9,2,1,1,2
8c6aa92e-eeff-4e39-b2a4-3ffe8ceb467e,2,1,1,2
3389f775-f8d3-4ad5-a40d-0a83fa880674,2,1,1,2
cfee94fa-311b-4fc0-90fa-c422619f0949,2,1,1,2
6e287598-9e6e-4f08-b221-8d33093805b3,2,1,1,2
ec287fc4-0b68-4651-a5d5-cae5aeb95f4d,2,1,1,2
6057e9c5-731d-42a0-ab14-f6836105870e,2,1,1,2
5a5f5c4b-1d5e-4330-ab49-b48ffa21d25b,2,1,1,2
1c8cd879-3c7e-43a1-95a7-e731a902b586,2,1,1,2
79a7ae21-2636-4458-95b1-472404d4c778,2,1,1,2
9b677177-7032-4727-ab59-1d97d3bede5b,2,1,1,2
b159657b-095e-4659-b4d1-cf0a8852e182,2,1,1,2
095faa8b-22c0-4536-b0d5-cdcd71724a71,2,1,1,2
b38d6c3e-05e9-4903-b41c-acabd1b14787,2,1,1,2
c1c02dd4-5253-e251-24d9-25549919f14c,2,1,1,2
93e7e8c4-5dbf-ebd0-712d-ab184f87acae,2,1,1,2
332f4eaf-e80c-5ddc-8804-f2013f69701c,2,1,1,2
ed7083cf-2833-4940-af9d-9536c720f44a,2,1,1,2
f2140fa5-8138-4288-a2dd-1ab462370a9d,2,1,1,2
d8f7b742-8d22-42ee-b4c7-59f8f5eb2aec,2,1,1,2
f394b830-f7a6-4a63-b3e2-e8ca40a00692,2,1,1,2
88931403-e483-438c-b693-561ee5de3f0d,2,1,1,2
f20ddff3-0540-4b8b-a29d-3a0251f3ee9e,2,1,1,2
d5a7809d-67a1-43da-84ce-7eca8cf3790e,2,1,1,2
5712ed14-20f9-48af-ae64-4b535118a931,2,1,1,2
6beed556-6d9c-4951-abe0-4bd832cdf8db,2,1,1,2
6f2d9cb1-c1cb-488c-bc05-f93743bf09cf,2,1,0,2
eb1d6db5-8728-d52a-8b33-61958390acb9,2,1,0,2
97d87c98-103d-4d9a-9825-2a27ce2bc6b9,2,1,1,2
56ad1a1a-0786-4911-b17f-1829dd907af1,2,1,1,2
ba08ee7e-37bd-465f-98a9-d48097ef3a54,2,1,1,2
98098d63-f9d4-4ba3-b7b7-6c569933fb0b,2,1,1,2
4a13f185-5dab-47c9-95d1-f672127393e1,2,1,1,2
1e0d9ab8-7562-4504-9c39-495d3fa03f18,2,1,1,2
100a8d9d-bb87-4183-861c-a786f7e2c0c7,2,1,1,2
b3efeebb-bfbb-470e-bc45-eb791eba265a,2,1,1,2
70f48421-76d3-400b-81ce-5958cd2c2cbf,2,1,0,2
afee8ab4-6c4e-4082-9eeb-cac29e60767e,2,1,1,2
0788c5f9-c016-412b-a1b0-0242eabbd555,2,1,1,2
ee902d32-2187-4fdc-8f19-0ae020ecb8fa,2,1,1,2
93c5f014-16e4-4034-b97b-968435da0f0e,2,1,1,2
f5ddd4a9-d649-44c2-bce2-f7e1636b8e02,2,1,1,2
27d010c6-6362-4e33-8e72-06c8f9c58c13,2,1,1,2
45a7c9fc-7015-42fb-91de-c2d2f502e662,2,1,1,2
3e5d42d7-0022-47aa-8375-e8d9b615ad99,2,1,1,2
c6e96e11-6562-40de-b337-d50df93386ec,2,1,1,2
cf506581-07b9-41be-9b43-ff2a5f916ae6,2,1,1,2
4e59a5a8-ca30-4cef-a95a-887e39172bcb,2,1,1,2
7ef718f6-331f-45d8-a063-b56f3808b228,2,1,1,2
31a03c78-8637-4fab-8d13-fac0bd8213e5,2,1,1,2
123d3927-1313-4dde-8f5c-4d9cde6146b0,2,1,1,2
f54e1754-31e3-4d96-b3d4-b140b94a55a6,2,1,1,2
b24287dd-6a8b-1c67-ed3a-492f4852baf1,2,1,1,2
219047ed-61d5-4e5b-84ef-6124f01e3da6,2,1,1,2
9e7aaa50-a33b-47b2-b416-c755390b47c8,2,1,1,2
75d7c36d-9ff1-4da8-86e2-cbe25a8af8a3,2,1,1,2
0b52cf5a-d5e8-44f3-a2ee-0e0ec0437a07,2,1,1,2
adb880a2-bb09-945f-5550-26625c91a39f,2,1,1,2
d73d9665-24fa-41ec-a6d1-979679e512ce,2,1,1,2
c0909407-3369-4aa7-8dd5-f696a5160891,2,1,1,2
2f6dd834-f041-41fa-8e5d-c908a1749704,2,1,1,2
d9c29ee4-6106-4f24-8270-c01d277e0fd5,2,1,1,2
ab34c87b-b667-4d42-99a1-6d3bea8603c2,2,1,1,2
4814e08d-2b3c-413c-9a0f-b4b44b9f5794,2,1,1,2
7ad78f3b-5252-4074-8b1d-1d5bea161532,2,1,1,2
30f626b0-de98-464c-88b3-78b8c4284ecd,2,1,1,2
13fabf47-60a4-48c5-959d-da7bd61d0ecb,2,1,1,2
52a667a6-d368-489f-b151-cc0cf94c2533,2,1,1,2
174a291f-4365-454a-aba6-c084d4c2297d,2,1,1,2
c53b788f-76d9-494d-be1f-250fa55a7eb3,2,1,1,2
4938958f-8595-4610-9e8f-4f54224f1e95,2,1,1,2
ff1aa5e6-14b5-453f-b817-80455a47a5e1,2,1,1,2
76ae1221-55fc-4d34-9c35-1431efc0ca86,2,1,1,2
83ca3cac-7688-487c-b458-8ae43c5ea466,2,1,1,2
06196237-7c57-4eea-a5e7-a0fdd8f44af5,2,1,1,2
9b3d2510-4bed-4cd5-966b-c9329dd76086,2,1,1,2
b5543fc4-8f2a-4d4b-ae8d-5b55ec5429be,2,1,1,2
f44d40b7-13aa-9362-1b13-db9250baa95c,2,1,1,2
d2625c5f-d13e-81bc-7dae-9724b5cab483,2,1,1,2
41488c86-6007-4045-ae2f-a27dc6248803,2,1,1,2
8e5db88e-35a5-4896-8def-7601e0cf652d,2,1,1,2
89684a5e-250c-411a-b8e6-ad28b844c1cd,2,1,1,2
15aa34dc-703f-5bb5-d4fa-0ba4fe7a00d3,2,1,1,2
086a5ad2-40b3-46e6-9add-048ab406793a,2,1,1,2
c2c19562-2d58-47e3-b5e0-7ebc7259966d,2,1,1,2
155aca21-4c1b-4a14-8ccc-1bdd8e4dfd13,2,1,0,2
82ec322a-45c8-4337-b195-071448026754,2,1,1,2
81953992-a0d1-4fd2-b2cf-2d64cde68f1a,2,1,1,2
248c2722-ce05-4536-9026-6127f2ad0e15,2,1,1,2
4379071b-bfa3-491e-8086-6930ebf338f1,2,1,1,2
a0e18fbd-b3f5-475b-91fc-ad57da5a7524,2,1,1,2
168e0b52-e2a8-4e05-8f14-d560c656059c,2,1,1,2
3b1f385e-da44-4b81-a4f3-2ac0a2275b68,2,1,1,2
8253d1a1-223a-46c8-8071-694ba39b21f3,2,1,0,2
198d69af-703c-4b3a-99e4-1c6d2147d11c,2,1,1,2
aa9993a9-f150-4378-b473-6fef3c015da7,2,1,1,2
db3d836b-a741-448a-90f3-7ad7985e89ed,2,1,1,2
42e64229-a59a-4979-9985-29243fe2962e,2,1,1,2
2d659b16-d7eb-4967-86dc-a1fd29479d82,2,1,1,2
f850d7d4-3593-4f53-abb6-59c2217b1e02,2,1,1,2
12c9d525-a537-44c6-86c8-153dd582e7fa,2,1,1,2
f0c216c5-751b-4df3-bf1b-433a9d6ad673,2,1,1,2
b7d6a0fd-fcfc-44a4-95b1-99ba01d94a0f,2,1,1,2
f9c8cbeb-10b5-7290-8bde-ab2519c06caf,2,1,1,2
9440cff8-0007-4f36-8336-680944fea75c,2,1,1,2
6a9f9163-8135-4907-b903-fd2829075dca,2,1,1,2
b5532796-4596-4348-81f9-e6aaeb44d901,2,1,1,2
8d5cfb71-f58c-71c8-fd0e-20e7a65ddf91,2,1,1,2
ea7655ad-6c9a-4392-bc68-b19926b499ca,2,1,1,2
f991b85c-e333-42d1-8fe5-160f47c10e17,2,1,1,2
0a31fc0b-5503-434c-9f62-f5a8fcd0141f,2,1,1,2
97f40c43-3fbe-4cd6-b58a-88e92c62345f,2,1,1,2
44a28ed9-09fa-b5be-db71-c76d1fe94dcb,2,1,1,2
1026093d-feb3-405b-8363-60fcdf0cd1fe,2,1,1,2
cd3be9f3-e025-b260-2d52-f38af473d666,2,1,1,2
af4ecd04-ce46-44e1-94f0-9a611ce4a319,2,1,1,2
4e1feef5-9c45-478f-904e-4e8cfa3d5452,2,1,1,2
23fb9e39-428b-44f5-84bb-8dcb878c6284,2,1,1,2
7584dc65-1094-4e81-82f0-e1e896dbc105,2,1,1,2
6d304e3f-1ced-43bc-b87b-ffb143ce571a,2,1,1,2
f5b1d737-7e29-4e29-8432-b052cad750c7,2,1,1,2
5c0c3413-8b49-ff0c-c654-0e6cd8957842,2,1,1,2
4a44ba7d-c137-dd86-f931-d33d13d407b1,2,1,1,2
cd32b35d-e811-456d-ac30-31801841b139,2,1,1,2
9a4dbd4b-e7e0-4d87-85b4-aa97e736113f,2,1,1,2
a3ebf410-0e0b-4b48-a8e6-64db4d9e05a1,2,1,1,2
bf7f5205-e4e4-4432-afc7-c3ec11e8f6bb,2,1,1,2
e3339682-24ef-4ec3-9456-51d1f0c8b035,2,1,1,2
157e2f82-4f29-4a8f-95e1-403ee95f2b78,2,1,1,2
fd601789-ba69-4b3f-b619-ad3b35d83539,2,1,1,2
c3edea74-4751-4b85-9291-32bc54128895,2,1,1,2
4d693a00-0ce8-44e2-8613-8a9484805322,2,1,1,2
a4a48890-7a95-4bbb-8c7e-a7e52e15f224,2,1,1,2
47819eb3-7c5e-4e90-a843-af9e69633a9a,2,1,0,2
f478e9c8-5435-477f-8ff0-747b7badd3e9,2,1,1,2
ba4ce60c-40ae-46b1-8b7c-d60b14add09d,2,1,1,2
15d07c63-8653-4890-b3ab-21cc03932585,2,1,1,2
510032c9-3e58-442e-a00d-0c21c18aaffb,2,1,1,2
4c59e553-e13c-6360-231c-341505b9f370,2,1,1,2
a9f02db6-f30b-45e3-8a61-fc1208a68536,2,1,1,2
46b1c2e5-d9f7-46c9-9af1-c3c722dacb15,2,1,1,2
55aebd7a-ae3e-49c9-b8a0-a912f3e2eead,2,1,0,2
55781009-5b83-4e5c-ab15-80d61c4ce258,2,1,1,2
9b90f16b-6866-5486-369e-0d94fab102a3,2,1,1,2
08a7a8ed-7f8d-4969-bfc8-1082b90d0ff9,2,1,1,2
b80d05cb-14ea-3dc6-7974-a6a512f1dbeb,2,1,1,2
65d7e817-2133-4dae-a07a-7641b44e0691,2,1,1,2
304fe362-c258-4dfd-958c-cc2c164ed3ea,2,1,1,2
beda92ab-bd4a-485e-934c-45951888af75,2,1,1,2
d750475c-5820-40e4-bb25-50b89f2e8c73,2,1,1,2
6b17f3a7-cad7-0c1a-7386-e058c87973dd,2,1,1,2
a25353fb-f33a-4a3a-aa9b-7d5117030c54,2,1,1,2
2d8c47b4-cadd-42bf-bf93-0171ce459c0d,2,1,1,2
56da7db4-de80-43b0-8453-c1d8033b6bff,2,1,1,2
be4767a0-db91-4eaa-99c6-6218d500c602,2,1,1,2
d9709660-4965-4d06-beb9-6aa7e8f4ef11,2,1,1,2
1409953c-b622-4c41-a1fb-882350581ee3,2,1,1,2
9704b18d-434f-4076-a758-78d6f5d88be8,2,1,1,2
3b4ac72d-014b-4ede-8427-addc78ccd17a,2,1,1,2
44d2fde4-1d37-780f-18bb-3ab2e43564a0,2,1,1,2
25952aea-5edf-48b0-b9c1-df544acfe5ac,2,1,1,2
ab1eb6ea-c1e9-417c-807f-6e93a375b4b5,2,1,1,2
99b46623-906f-4485-baae-cbbfc95b5c7a,2,1,1,2
7d27d88b-176d-4a74-99cd-2a032b15043f,2,1,1,2
cb4748d0-d503-4f74-9e72-7daeb22be91a,2,1,1,2
cc40b79d-97ed-a96c-aa58-67cdf44acee5,2,1,1,2
56c4b81c-1ba4-4452-8505-fbb6342f600c,2,1,1,2
cc1f683a-3d51-96ca-5543-ad19887a3afa,2,1,1,2
086655e1-78c1-48c2-a560-8bfc16a73bd2,2,1,1,2
76f7f144-740f-4475-98d1-0b6b19b50300,2,1,1,2
36d9db9a-6eee-47b1-a2dc-58aef0b8055a,2,1,1,2
6ace03b4-d8b6-4395-9d99-e147163b7cd0,2,1,1,2
0a865652-1dfd-4012-a695-7cfc1ae44b70,2,1,1,2
871b37a2-85c5-43bf-b8fa-69cf33a8e90f,2,1,1,2
e7a07971-5214-4057-bd8f-9d92cad0d69c,2,1,1,2
441ec6cb-e803-46d1-b12f-75e67a48892c,2,1,1,2
877db513-44eb-44e6-b84a-147b139b7d29,2,1,1,2
f5155915-9249-4beb-8dca-489ba7faf7b2,2,1,1,2
a033cb84-97b3-4451-a877-73846ea2b62e,2,1,1,2
5dfca94e-ab7e-4aa0-9b07-20af523eb4c1,2,1,1,2
6f1438d0-6af0-4f9a-80a4-2550cc0dbb55,2,1,1,2
7f9f2b0c-d88c-4f49-9b20-6c566dc3b152,2,1,1,2
835e99e6-5d0d-4244-8321-44899b9069b5,2,1,1,2
c0c294cc-8b23-4f1c-e598-c1bd9c292fb2,2,1,1,2
87cc62ef-c0fb-4933-9e07-5fdf08493909,2,1,1,2
5d4abcf2-2062-483a-b8d1-f8b3a62ae7fb,2,1,1,2
e74bc80c-e533-6306-b58a-8344b57a9f82,2,1,1,2
33aedda9-26fb-49e3-aefa-7b86a249ac33,2,1,1,2
40ea83d2-555c-4d6b-8e88-0100d461c3fe,2,1,1,2
6ec69fa2-a099-49b7-8b22-0eaf450fdb1c,2,1,1,2
8fc33953-5000-47a0-8ac0-56bf2836d189,2,1,1,2
99fa47f5-9212-4c6f-899b-0c83a75118b0,2,1,1,2
31160cc9-b80d-4f80-b684-74f95bd4a5d2,2,1,1,2
41dbea5c-ac16-406e-83e0-09060d1a7b51,2,1,1,2
23549ddc-db61-44c0-a1eb-ee1e80bbbab3,2,1,1,2
9f311ec4-0ea8-4e1e-addf-0a240ac57e5b,2,1,1,2
b8726453-d71b-4a60-8ce8-82ab94b617a3,2,1,1,2
c5b7cd80-8c6b-434a-a61a-1dd64e15fa9a,2,1,1,2
5183d3f6-bec6-43a2-8d4a-40a25795415e,2,1,1,2
411f6061-4b7b-4f8c-b5ef-636907394fcb,2,1,1,2
d97c06e2-3fc6-4ec5-8cfb-60a1bdce006c,2,1,1,2
981675dd-5f0d-4352-a448-922976e1827a,2,1,1,2
66c9fb59-ef44-4ad3-92ec-e0a99ecbb1cb,2,1,1,2
c08c6419-b19e-4eb5-811e-75432e261353,2,1,1,2
2f9e2376-d32e-4ac0-9f9f-e92a2034479c,2,1,1,2
c95030ca-50e3-45e0-84cd-5cce1e8cb54e,2,1,1,2
ccb20a94-bf5a-4b0a-8dff-4f6aa5420d1b,2,1,1,2
d0177d19-6d53-4099-bb71-b36dd6a1db82,2,1,1,2
33ce4475-47dc-4bc6-b6c3-27518267fc6a,2,1,1,2
52395c27-6c26-4276-af2d-f2bce0bb8a4f,2,1,1,2
0e3d87fd-c1fc-4a76-b4f7-d12c618a2699,2,1,1,2
fac22371-168b-4d53-a323-805010980281,2,1,1,2
5b9cdb7e-778c-4277-a8f2-05782e8af6bf,2,1,1,2
bb7fc136-389e-49a1-b466-8d28d9d63127,2,1,1,2
22bba066-00e1-50c1-440d-c7478e20afa5,2,1,1,2
544753e3-1c0b-4f02-ab7e-39c8d30232ae,2,1,1,2
8b952486-e171-4a2f-83a9-26e6d16e86fd,2,1,1,2
d82daf5a-c917-4d5c-bb18-b0eeaab213b0,2,1,1,2
6bf19f63-c03b-4724-a202-e6f5c5107350,2,1,1,2
93dfd0e5-77b7-4d29-9da0-5e66a6d3a495,2,1,1,2
937ad098-c10a-462f-be14-d4af3cfefc76,2,1,1,2
8f905706-ee66-6ce4-d549-0c13708f0642,2,1,1,2
a8d58123-e1e2-4c85-a28b-999b5c7ffb90,2,1,1,2
be2254f7-c9c5-48f0-b9bc-6271952aade5,2,1,1,2
c6434a34-c386-83ff-2f5f-d40f2062f685,2,1,1,2
10b02cb6-0679-465e-9862-301287cfc713,2,1,1,2
36f00f31-7293-464c-9f95-c0cb93a1ed1d,2,1,1,2
82c2091e-abb3-3ff3-8680-765ca32d0e5b,2,1,1,2
dfc84fe0-f127-4fac-b382-5e3c06b2c0a0,2,1,1,2
90342b6a-579a-4f61-bc16-2a167321b72f,2,1,1,2
0232df75-6883-443b-ada5-9dc22d75c099,2,1,1,2
ab9c2ffd-88b9-408f-a5f5-cbdf3a346cde,2,1,1,2
22e77972-132b-4668-9059-f67ed76f7bbd,2,1,1,2
771b57fd-5904-419f-a966-8ba9b0cd7821,2,1,1,2
b37af9ca-3414-40a2-9fdf-dc7d8d938e72,2,1,1,2
96e4b9da-4dbf-498b-ae8d-37f4a4cd1bdd,2,1,1,2
4cf7725b-631f-4d15-973c-3fffece5e763,2,1,1,2
4b158212-0093-4ca4-a4b3-0b0fef698c9d,2,1,1,2
40e298b9-0432-4d5e-8041-d50309104e7b,2,1,1,2
0fb7d5b9-03aa-4620-9ced-64b5a8c53555,2,1,1,2
d9ca1b36-4335-4bd0-8d65-15972bfb4e80,2,1,1,2
bedf5f9a-aa90-4911-aa20-c18e1ce354ac,2,1,1,2
7e5c6deb-379a-4e6c-a581-f3a20e491a08,2,1,1,2
eb3a4023-f367-46ca-b78b-4697f2c3bfde,2,1,1,2
0d920745-9cec-4d97-8f3c-92edd9452ac2,2,1,1,2
ced3039a-301a-4c59-8ed9-75f5d78e7a2c,2,1,1,2
69f93c89-10d9-4634-bee0-e3ca1389eada,2,1,1,2
7fd0d84a-f8cd-48e9-8bac-e041fcd0b951,2,1,1,2
17d9b2f0-c23a-4679-bb06-1dff81537ef8,2,1,1,2
43929b85-c5ac-4aa7-b3e3-7533fcf3098a,2,1,1,2
9d8f9406-1cb2-4227-82e6-4e1688800425,2,1,1,2
29f6ce5d-509c-481d-ad6d-31ff09b6dc56,2,1,1,2
6d19e1f6-6256-4c4f-b24f-7821bd3f1eca,2,1,1,2
39f106de-b6e6-49e0-bef9-a0180f2c0774,2,1,1,2
659cd72d-7597-4ef3-8468-48fe6310a3ea,2,1,1,2
e81cf709-3a0b-45ff-8677-b6a8eac9aa02,2,1,1,2
49285d8c-bb26-4d65-a000-868dfd9ae9f9,2,1,1,2
1ee797c1-23c0-4246-b8dc-4b4f240c9dc0,2,1,1,2
84fc5b40-364f-00e0-246a-ba5f5e66afdb,2,1,1,2
4b9eab73-6856-2e85-1376-d42929d4ddf7,2,1,1,2
34d26728-d730-4966-a7fc-7d91cae934ba,2,1,1,2
60cf100f-031f-4187-9d0a-7d2ce0e9d29f,2,1,1,2
94086f96-b6b7-1873-21dc-3464e3c7be65,2,1,1,2
e3232ecb-d93e-462e-93f0-e0c360efe201,2,1,1,2
aa0ba090-60e0-afbc-cb61-6275941b073c,2,1,1,2
d33543d6-4d08-44e9-a00c-558df97f11d7,2,1,1,2
214c6295-fd93-4309-b5b8-bea2d7531fa4,2,1,1,2
25b59b42-a237-44a9-88c5-3e1a77a2fc57,2,1,1,2
47cc0f5d-a341-4b93-8957-c4c1d8a2ed4b,2,1,1,2
3db3b611-c3d2-4c4b-9309-bda62cc2d56c,2,1,1,2
133c23f7-834c-49ec-a17c-a6f902d5bc83,2,1,1,2
44f029da-6470-4c9c-9e86-a37a9823426f,2,1,1,2
cde36215-61eb-44c2-8526-a27f5089afa3,2,1,1,2
a2537cf0-b3e8-481c-8bfc-dabc18c1be81,2,1,1,2
03915b0f-384f-466f-a34d-34ae76bdb857,2,1,1,2
36d42c86-f974-4a93-af17-159f36c52ad5,2,1,1,2
cce841a9-3007-4b65-b801-9c0a4ee0c621,2,1,1,2
081ba6bd-6511-47b9-afbd-ce0aa741b896,2,1,1,2
fd5a5727-20da-4b43-8a8c-3f135ccd10ae,2,1,1,2
1c1b44e6-9e9c-4a01-b067-68ea27ed2133,2,1,1,2
c6f43694-1413-4049-8491-02bc6cbf569d,2,1,1,2
1d63c752-534d-4e91-80ef-33919d5cf64f,2,1,1,2
5419afd7-40dc-a623-a981-6cb6c1ad1cb1,2,1,1,2
14129f1d-78b8-4a9b-ae98-0dc528b71c6a,2,1,1,2
c8bff6ad-3931-4fac-b2dd-1c29c9fe8b84,2,1,1,2
090f70c2-b5de-4ec0-b83b-485a7d823638,2,1,1,2
d296a62b-47f1-4443-89f7-ba24332ba56b,2,1,1,2
997833de-f964-436a-b22f-cf6b370d4a4d,2,1,1,2
de4edf93-3250-425b-9e19-3c3ef3dc94b4,2,1,1,2
48aa414d-dc14-4237-9dc0-bd81d35e9540,2,1,1,2
b7377710-1bb6-e4b4-22d5-84fa23661e49,2,1,1,2
053dc37b-ccbe-4f20-a533-015b0236cd83,2,1,1,2
16a6800d-9a53-4d47-a6dc-8096415ef38e,2,1,1,2
22bf3947-2ea7-46fc-a6ab-daa4a041c728,2,1,1,2
116b4c4a-4304-0b74-2f1f-026a90bf1eee,2,1,1,2
ba362c8a-605c-467b-a672-8bbccc79ba1b,2,1,1,2
6f5c3cf3-3ddf-4f63-99e3-5d8721775ad3,2,1,1,2
85be06ea-2e85-4a02-a88f-8dfca8c67cf3,2,1,1,2
5a8d32a0-7d57-4f15-9310-e92d1b03525e,2,1,1,2
6493df9b-ce07-439f-a86e-a3406999ddfc,2,1,1,2
c950adcb-58b6-4334-81f2-aafef28b5515,2,1,1,2
67feeac9-98cd-4e81-80fa-8f9a819ec857,2,1,1,2
3bc509e7-8258-4554-a477-e157466354ae,2,1,1,2
e7aff1ac-4b5b-4cdd-b00c-80a551e8f78e,2,1,1,2
989ebd15-66d3-4bf3-a2a2-56d804c2ebf6,2,1,1,2
172c1369-5a2f-4164-9c98-2d0a2983d2bd,2,1,1,2
175277ee-d0c0-4d02-b8b3-473f0cfddd7a,2,1,1,2
ba2ce66b-fb05-43e6-b851-51a350b2eb10,2,1,1,2
c07f21c1-61a0-7a6c-2cba-bbb6b7ecaa58,2,1,1,2
519816ca-70df-41fe-bb6e-e2a0f0af0c44,2,1,1,2
2c5b0a93-498f-f87d-97e4-f781d69ec1dd,2,1,1,2
4f0458a3-b0e8-464b-8395-44145931f7ce,2,1,1,2
fad515c3-7fcd-4d6c-98e5-a9cdb18ef82a,2,1,1,2
c2d93cc9-2596-428a-b9cf-c28c5daff6be,2,1,1,2
53bfce91-8de5-4b6b-8837-c7169bf13282,2,1,1,2
d5e836a9-123c-4a5c-85b2-b59cb5a3033d,2,1,1,2
3894f795-908c-4022-a31e-390b6fdacf31,2,1,1,2
973927ae-beae-4cb0-a2f2-a0bafec66f2f,2,1,1,2
e2e39229-60ed-4dea-834a-ac5c6979472f,2,1,1,2
c2ed76be-30c3-47d8-8f42-71d4265363ce,2,1,1,2
00acd4c5-19f8-4219-9273-824f092d8919,2,1,1,2
63b3494a-724a-4417-8e34-0e1ddadc76c4,2,1,1,2
01c2a39c-2f2b-472a-8bbf-4b2e838df8d9,2,1,1,2
ed1b7f97-9d64-4780-bda7-0121e6badc4c,2,1,1,2
1f5566e9-9810-49fa-ab62-7bc24d52f181,2,1,1,2
501cf821-27db-92b4-99b1-cefdd3ac77b2,2,1,1,2
c56bdad3-07ca-42b6-a6f9-5c0faa30e471,2,1,1,2
ad8b39da-cfe5-42bb-9805-2465a85e8f27,2,1,1,2
51308146-df92-4812-b0ca-6b84bf32f701,2,1,1,2
06c0cd99-2511-4108-bbb2-bdb3a52b3741,2,1,1,2
dc847d0a-8857-4291-b59d-f1c43c2382b3,2,1,1,2
c2cfba18-5f51-478b-a21d-754660f835d7,2,1,1,2
39ce5d03-67af-499c-b71d-7bb8ebeca475,2,1,1,2
17655924-58cb-4368-b166-7d97acddea80,2,1,1,2
8c99bb4b-66a4-4183-9ff7-122f48ad8a84,2,1,1,2
2d20f08b-5fb9-f077-fd3b-d8c617b14c0d,2,1,1,2
7990d015-5d93-4849-900c-57ed9ef0ae63,2,1,1,2
ad51fc82-a2b3-491d-884d-4e42c9a5180f,2,1,1,2
2e924710-7525-4314-931b-5a476360e086,2,1,1,2
c8e0c7e4-17f8-4a73-b470-08ef6e3d0e34,2,1,1,2
dc8d61e4-2dc6-43a0-adb7-7e007c605c52,2,1,1,2
82b2d9e0-55ed-61d4-1d00-04a61a933752,2,1,1,2
4f519317-e619-46bf-b85f-7fe3dbbcafb1,2,1,1,2
ea0ba87f-7d5d-45e1-a39d-2c5c979525a8,2,1,1,2
a52f46d1-62d9-5a7e-37fd-6dcecd44e1ea,2,1,1,2
4d4d2b80-273c-43b4-a419-5d24a9103e91,2,1,1,2
3c271103-2343-44ac-a86f-551d84e7887c,2,1,1,2
c743a0bb-83da-4c1f-87f0-74101b3f5fcf,2,1,1,2
00bd965f-d18d-4b5b-8f86-c8a41b00475e,2,1,1,2
fe2be833-0a53-46b1-883f-4c6443b04ea9,2,1,1,2
48f1b108-05b8-4d73-9e98-93028fb815b7,2,1,1,2
cbe87081-5d70-f6ec-f880-195fcc1e67d6,2,1,1,2
152a4742-a9e6-416d-bee6-b2bc19443ea5,2,1,1,2
0c3231ca-303d-45b8-8085-bd18d6e417b3,2,1,1,2
e2210aab-9d65-4717-ad0c-37b7f9e1b928,2,1,1,2
5e3370b2-1749-4685-9463-fb2caa0e69e0,2,1,1,2
55d53a84-e455-414c-837f-3f35387f16aa,2,1,1,2
421783ae-960f-45fc-baf1-44d48a3bc283,2,1,1,2
c22d6390-1bc8-441d-992a-d617ac24a581,2,1,1,2
7f7652c9-c82f-4401-99f6-1d93b4b9e243,2,1,1,2
15fa8222-f985-47b6-b748-bab4f5959fc0,2,1,1,2
de776d76-70d7-4f19-882b-2e6ca996e693,2,1,1,2
8f298460-ecf3-442c-9111-efa37f157099,2,1,1,2
3903dbd9-7971-4c0b-bbc2-e2879af5588c,2,1,1,2
304448e5-5fc3-4c09-8607-0f5a21d060b0,2,1,1,2
d0e50b41-851c-e957-da61-870d17322561,2,1,1,2
cd8730b7-fc66-4fbb-be52-2f7085d34e00,2,1,1,2
f80e26ca-71ae-4e4d-9eb1-041c74ddad72,2,1,1,2
6a15b132-f049-48b0-b0e2-bb74feb9f6bb,2,1,1,2
69bbdfbe-25f0-4b65-b69a-ebdba79e4800,2,1,1,2
cfb0606a-4b58-4a0a-a4ff-fc79c2a2f11c,2,1,1,2
091439fb-d01a-4506-8bb4-83582d1ca0ed,2,1,1,2
74e024bd-2de3-4bc0-8826-d4cfda3876fb,2,1,1,2
cd9c9b5b-d866-44dd-9d5f-ded5ba1364b0,2,1,1,2
9e139053-3174-4ac5-9078-4337714a152d,2,1,1,2
d14e6d13-7acc-2799-dab7-2264948878ad,2,1,1,2
9f0a332f-fd7f-d0a2-cb5e-35d8102d0335,2,1,1,2
f3623b17-fc68-4ff3-bb28-4c1ff550ab6d,2,1,1,2
74eac33f-d4d0-4ced-a61f-15bdcc244cd0,2,1,1,2
5336e308-55c7-4597-b46f-224765e4c1cf,2,1,1,2
7b1a6fe5-38cf-4c13-9fc3-f3db16b5eff9,2,1,1,2
e1525f2c-ad44-210f-145b-56161839e0a2,2,1,1,2
28f1b9ca-88ee-4e21-8280-32e42b1cef7e,2,1,1,2
16a35865-7133-492d-bed8-b091ef2b756a,2,1,0,2
e6ed2e4e-aa7e-4eb8-80d8-53082e432dba,2,1,1,2
de030299-9be8-498a-a0df-d18b4f8c8777,2,1,1,2
46313dc0-454b-4ce4-81d5-5622b0deac12,2,1,1,2
72c5cd64-661f-4c73-8301-c7f7ca03441c,2,1,1,2
fa463e1f-bb7a-4edd-a442-33d87368668e,2,1,1,2
4f17a070-9a81-4224-9b28-420a06e89823,2,1,1,2
e08d9016-c650-44d8-bc8a-b184a91d4022,2,1,1,2
e72f3f80-2b56-4231-84c6-33c650331e66,2,1,1,2
2e6e2e12-ff99-4775-ea3c-4212e99bfce2,2,1,1,2
c4446433-c476-4cb3-9e41-2b082961be79,2,1,1,2
3ba50e2a-25cb-4e36-b5a0-5ad6bcaaa9d5,2,1,1,2
f593863b-b894-4d21-9235-6d83a3da629f,2,1,1,2
de576180-1c87-4488-9b00-f986822a4fc5,2,1,1,2
a5d8c765-48c5-4fe0-b939-0a3a14134cf3,2,1,1,2
b426b86d-e0d8-45b2-8383-dbbcbfc75097,2,1,1,2
556b97cc-466b-4e60-a64c-a796c9e0ed2e,2,1,1,2
f1514a34-a36f-4c25-ae64-87ed8c743126,2,1,1,2
15b950d3-bce8-4536-bd8c-1792c63a9ddd,2,1,1,2
52167762-d695-48eb-bebe-66f142a98e29,2,1,1,2
012c7c96-a699-4f36-a204-a32d904a6d6f,2,1,1,2
16de1d99-411a-448d-befe-1358191f484f,2,1,1,2
3ed50cc7-e46f-414b-9649-6c47c599943e,2,1,1,2
589228b4-dd2b-48c9-86e6-3bc1b88e9838,2,1,1,2
4b224f06-308f-495b-abb1-a2d028578c22,2,1,1,2
1a0544df-0fac-4270-a2e7-e8307360de35,2,1,1,2
1727bc42-e354-459f-9f61-22a66ca69f5f,2,1,1,2
d50ad5b4-87f2-4168-b0b1-2501dc73e008,2,1,1,2
c11933f1-6329-40a1-b4da-ca9d706d30a3,2,1,1,2
a98e88c4-f520-4c38-bb2c-4b75c694b98d,2,1,1,2
1739b6ed-4b31-4978-ad0c-3b1b40311364,2,1,1,2
a24c4dc2-0386-4172-8636-0cda59a35ee6,2,1,1,2
36c48914-29ac-42ba-aaf9-445d0201ab35,2,1,1,2
39358394-0dd5-48f9-92ef-d3736d966a4f,2,1,1,2
9d7ac3c6-ba43-4666-a1ec-194eb4b01976,2,1,1,2
26c03423-6220-43a7-a448-041d9c7f975b,2,1,0,2
32a62056-b733-417c-843c-2a2f6d10a99f,2,1,1,2
e1b18dd2-3f0c-42d6-8d0e-8ae8a0d48802,2,1,1,2
c0fd4bd1-93ea-4bf4-811d-8a4215f98f5a,2,1,1,2
e7b1db87-56ab-4297-b3ed-6416106b85b6,2,1,1,2
833b8bd7-0782-421a-b0f0-c8b4bc91b1f7,2,1,1,2
1d400f2e-6cfe-4319-8f82-214db4d536a4,2,1,1,2
533fc6e5-d21d-4628-8934-d483f9e64f3a,2,1,1,2
4f9fddc9-060d-a057-a1a7-4a810c73e770,2,1,1,2
d9c8ec4f-37dd-43cc-bf77-0dc399f550f0,2,1,1,2
c71913aa-f50d-420d-9985-b1e99792ad1c,2,1,1,2
450b3b15-58a1-4d89-8eac-0dff3eed9022,2,1,1,2
3f21ecc6-1b7e-4046-9a7f-1cd99c9143c0,2,1,1,2
a13cd14c-f7c4-4c69-901d-ac181db03abd,2,1,1,2
02ab386d-fa24-4bf8-a348-935a57f4a367,2,1,1,2
637181cf-fb60-48a2-b190-7d34f05c1065,2,1,1,2
b0b9975d-279e-0b8a-43b3-9539b702686b,2,1,0,2
2434f944-23af-4501-9c49-f6cd6312b29f,2,1,1,2
21ec2a4d-a9b3-4c6d-b967-c11d5f7ce10b,2,1,1,2
32c150d7-4185-464a-b372-35ce85fd36ec,2,1,1,2
e41ec328-25ca-4e50-aed6-3830542456df,2,1,1,2
a65ea7d6-f5ec-486a-9ff7-3ac2cdc923a8,2,1,1,2
38c6ced7-35f0-492f-9f81-8271b1b72d08,2,1,1,2
24038c36-82c9-47ef-b297-61a569532db5,2,1,1,2
45886eca-3cd6-42bb-897c-79be0098de71,2,1,1,2
3d174747-1f62-3ad7-32d7-b0ef141ca8d7,2,1,1,2
ea8d6b6a-cb98-4044-a584-fdbd5eb3dd27,2,1,1,2
6469d862-60e9-bf7f-28a1-af074d7dc741,2,1,1,2
8cea570d-5fb4-4a10-9d91-a6a69ea70a50,2,1,1,2
a8885eca-059e-42f6-9387-68da0e774dec,2,1,1,2
0ce2790d-3d55-4cc9-b7de-a9861ebb06e6,2,1,1,2
baa1647f-68db-41db-872e-e57630580985,2,1,1,2
5102fda1-861e-49bb-97a8-8cd510ae0eb9,2,1,1,2
b53a1c0f-3cc1-4dd0-84bf-3e23c0001b2e,2,1,1,2
1ce8293a-a605-40a7-9cfc-585dcb5d1c8e,2,1,1,2
329f01b3-ac16-1865-e9e0-c522cc126f69,2,1,1,2
303a0e7c-7963-4a11-90a5-24928d2a6038,2,1,1,2
7f4b900e-e228-4752-a951-54f7fa5d95f8,2,1,1,2
a426ddb6-c5c4-4874-baa7-23643230c5c3,2,1,1,2
ef332f92-0ac0-46da-9736-c97f8d2a34e0,2,1,1,2
c6507855-b1f3-4317-b52b-ecb6793aa711,2,1,1,2
62a1b23f-bfc4-4df6-9437-7d1a5f21609d,2,1,1,2
34a9e6d9-ce10-8a2f-2768-71613e2636c8,2,1,1,2
edeebf85-ab05-4024-be48-7a1875a6ed9d,2,1,1,2
2fc05db8-98c5-4c72-be76-c928dfbc4452,2,1,1,2
1b767151-99e0-4bc4-8d6f-165462e64046,2,1,1,2
de018db3-9fbc-4c17-9f69-9f47494996e7,2,1,1,2
68c15c29-1845-4d06-b852-ce576cf2e898,2,1,1,2
05d2f30f-f8b5-786d-fa91-427c84aea9e8,2,1,1,2
bf3f1523-86bf-4510-924e-838d7ae52502,2,1,1,2
7fa683d7-2327-49a4-623a-072e3411d349,2,1,1,2
c2ec3be5-766e-4a92-b84b-41ffc7798136,2,1,1,2
6e5db618-f74e-e9c7-d1dd-2161c45f2c22,2,1,1,2
1e734fbf-ebf1-4da9-832a-7a736bae3a57,2,1,1,2
17b2eba5-80f3-47e9-a97a-30a39e858532,2,1,1,2
43b020b0-1950-4c81-b4fa-f44769bccdca,2,1,1,2
ed397acd-43f5-4c79-9c6d-6688d90603ae,2,1,1,2
6ff8ed0f-53ad-43f0-b77e-f91cbb744913,2,1,1,2
a2883c24-b07b-4bd4-a2a0-c85dfa06aa49,2,1,1,2
391a1097-690d-447c-9fd4-b5e23c8f40dd,2,1,1,2
6719f0eb-b14d-4732-b122-8dc26ffa0565,2,1,1,2
a77bc1c7-16a6-445c-a4d2-58f9625ebfa1,2,1,1,2
fc917c3e-f3a4-42bf-92ea-d80470c0523e,2,1,1,2
73de1b9f-fb16-4542-ab85-1423f22763c8,2,1,1,2
0c7a6f24-fd3d-4362-a8de-a558898d0cd3,2,1,1,2
8f9b8048-eeea-4d31-9a2e-48b37b3f8817,2,1,1,2
b862b6bf-f50c-420e-9512-10c9a8401187,2,1,1,2
71bc45e2-52b6-4ff9-82c0-bffe1a9d185c,2,1,1,2
b3382e92-db1a-4b12-9a6f-bbe8447ee343,2,1,1,2
358f1020-269d-49ed-9b94-c9cdc6793b20,2,1,1,2
a2fd3f9f-a9f9-4f22-9e3c-29e7c0cd4519,2,1,1,2
693ba676-b5bf-f9e3-ba6d-19c54cf632bf,2,1,1,2
f28fd155-1594-48b5-b276-0cdd056d01be,2,1,1,2
78aecd63-64da-46d7-b2a1-af0cc6c4cb02,2,1,1,2
5b780171-56e5-440c-9172-155450669aa0,2,1,1,2
2d93798b-e585-e6e7-46aa-93dd8024a57e,2,1,1,2
2f41e491-6d95-4839-af61-face9a07cc59,2,1,1,2
e4e4f6f7-aeeb-4980-94b4-0a58feb4cd02,2,1,1,2
00db6b00-0fac-4044-a7b4-1922845496fc,2,1,1,2
c0cf03c5-4948-4df0-a672-d59516a33e7a,2,1,1,2
5b5207e5-d912-4956-b98f-8128903ee896,2,1,1,2
1c5f42fa-daaa-42b4-ab90-f4b28947304c,2,1,1,2
702f25f4-5df3-4e7b-8b41-63746ae4d4d0,2,1,1,2
a29172b3-7879-4e80-b773-3144bb9078bf,2,1,1,2
bb2ff53d-fa7f-4277-b83e-9ec7aca3e40d,2,1,1,2
983baa89-8168-4ec7-8f95-a7ed81e56448,2,1,1,2
152a011f-8cd4-4ec3-a979-847beacd908a,2,1,1,2
6eb92d97-971c-4096-9063-2e5db6f9a2ee,2,1,1,2
d6bab720-ece4-4409-8c3e-db03c714b557,2,1,1,2
c84d9b48-169a-4e26-9693-37bdad86b8d5,2,1,1,2
e7f22556-6caa-4bfa-8f70-2b2f3b9f3b20,2,1,1,2
a106186f-c138-4272-903e-bcdeb6d2f151,2,1,1,2
391a390f-fd29-4283-b235-882db4b1ff34,2,1,1,2
202519d3-9af3-4096-ac01-674f9dfbf836,2,1,1,2
4173eec1-1a74-4ce9-977b-50a5bb93c745,2,1,1,2
94ebfc50-d491-452c-ae53-e04abbe2b51e,2,1,1,2
e52dd307-3575-4ead-b1a8-0c209811dcf3,2,1,1,2
2303b72e-d450-4944-a65a-39a8caf15e3b,2,1,1,2
cdea5b53-cbb2-8454-5aa4-e796f71624db,2,1,1,2
fce7e451-de2a-4cb3-48ba-985f71a810e1,2,1,1,2
cda420d6-fa1d-4de0-9a5a-37a99d46a9e4,2,1,1,2
d06f11df-dffd-40f0-ace0-bb958a1b4ee0,2,1,1,2
4cd6eea8-2ced-4f50-949a-b97c215bca10,2,1,1,2
7b25202d-c055-433c-bc91-ca7dd95e2882,2,1,1,2
750b1d85-546c-4920-83db-cd77a1a7a639,2,1,1,2
c3cdcbac-13b8-439a-8ffe-bb511509d925,2,1,1,2
596c27e5-5ddf-4397-8d5e-f27744c114ce,2,1,1,2
581036bd-d0e2-43c8-83b7-b72ab3b0a3d3,2,1,1,2
1a1bbc95-7dc4-4838-a7dd-4389f62bd68e,2,1,1,2
e7f2fdaf-2380-404c-955f-86df41b1c7b1,2,1,1,2
c9e20ae7-3736-49e6-9d65-30370979df49,2,1,1,2
1159d19e-700a-4120-b0b3-8236a7bf74dd,2,1,1,2
478a3d3b-1186-e9f7-2408-95a1df4db3d4,2,1,0,2
0fe6b9e9-305e-4c1b-8ad9-8c8316de2f2f,2,1,1,2
ffbc7df7-636c-4c86-bb5e-d01f0f1f20d1,2,1,1,2
20c3443f-e494-425c-a6f1-eeac7d375da2,2,1,1,2
0bb5ed8e-863f-4e37-8a10-d7c993897fdd,2,1,1,2
17e3d8e9-19c7-ac87-2e5c-fe8c398a3e20,2,1,1,2
9f58fd6b-2e96-46a5-bd26-e1cd980c4001,2,1,1,2
a505e245-3a55-43bd-8d89-c3e5ec94e737,2,1,1,2
0108f62d-9854-4ef7-8aa3-688861baae04,2,1,1,2
e615ca30-02ee-4eba-b29f-def7151d7bd5,2,1,0,2
815b42a3-ffa7-40d3-b51d-242ed126ca93,2,1,1,2
e0c2bdcf-66a9-405e-a196-30e7509b8b3c,2,1,1,2
e72b5d04-da3a-6f17-391a-00161f6dd679,2,1,1,2
761d9c44-a0dd-42da-82f8-c342641cf20a,2,1,1,2
4e12b4f8-9818-40ee-8d34-295ed64bf88d,2,1,1,2
ab4f35d9-d801-4587-9550-1ddf3ea9886f,2,1,1,2
f9f1bccc-cd67-4a0e-a7a7-1bdd97ce2f51,2,1,1,2
3b862434-14a7-41ef-a0c8-bbf52288740e,2,1,1,2
861c2b9f-517a-4597-8473-c61119cb6398,2,1,1,2
abc42b95-0999-27d9-2c23-554a01886912,2,1,1,2
484b136b-87fd-4048-9ec6-a6901249483a,2,1,1,2
419647d4-8845-47c5-88c8-2a03dd1c60d9,2,1,1,2
3bb7a408-c9f5-4936-a911-174339b35a82,2,1,1,2
958d618e-d6ae-442f-99c2-b15e5d596d15,2,1,1,2
f1ff0775-9e88-49be-b085-86e2e1ce9970,2,1,1,2
f81c951c-8a10-44d1-9768-9704c9fa2c70,2,1,1,2
63227561-141e-9e50-aaae-722a3577d864,2,1,1,2
a2c2761e-4951-450d-86ba-a8dd245cf22b,2,1,1,2
346014b8-48b6-487e-92ba-e6be2d4f73bb,2,1,1,2
4f68804f-f507-4554-b7da-f5d0c6e6c9ef,2,1,1,2
51e9cb1e-000a-41c1-95b3-22a63d78195a,2,1,1,2
309ba01d-b396-4ad6-a4d4-925072ed683e,2,1,1,2
fadf575e-6036-429c-ab0e-a1bb26b23507,2,1,1,2
0ae0f609-119b-cbdf-939e-a93dc5a31680,2,1,1,2
15f9d237-4aa2-4d77-acad-cc355ec7c7c8,2,1,1,2
a7cb6dd8-33de-42ec-992b-4698d79c38b5,2,1,1,2
a8bd1dbc-7bb2-4dd0-866f-67c182762dd7,2,1,1,2
b7ce08d5-7362-4faf-b1bb-fa88df5b540d,2,1,1,2
4324224c-2ae8-4257-b160-7a10426fd43a,2,1,1,2
7aa4bb4f-fc9e-44d4-be26-954dfcf64039,2,1,1,2
c26b2e85-40c1-496b-b75d-6a8dced05325,2,1,1,2
7679e3c7-d62f-4b57-ba33-13dc0ec57030,2,1,1,2
d8169a3b-e2b2-48b0-bc01-8224aabce2da,2,1,1,2
02890122-455b-49a2-9d97-2619e00c7831,2,1,1,2
51daf6c9-1494-4446-9d3f-8cb934e6afbb,2,1,1,2
e3f08580-41ce-4c35-a10d-e7af98fc7d94,2,1,1,2
a2484cb3-f2eb-44eb-a3f9-6d28aa09d462,2,1,1,2
0b975d48-034f-4cd9-afd0-79626be41ea7,2,1,1,2
76d09ab7-d59b-4308-9cef-e03794354409,2,1,1,2
62e2cd34-bebe-4f60-81ea-b7f89ffe141c,2,1,1,2
72c21833-47d9-4eca-a89d-ec4226ff8cf6,2,1,1,2
dff2e040-e10a-518a-2042-a37497ff2ec9,2,1,1,2
8434d647-3380-4de5-83fc-4532a11a0aa2,2,1,1,2
7efb034e-1423-474a-865d-bd436e7e768d,2,1,1,2
bf945e5a-c5f6-4453-ab7f-48239619cf09,2,1,1,2
deb526a1-9fb0-4510-b1b6-5e87488fa360,2,1,1,2
d1a1d624-dc4d-4f00-8379-a01428847791,2,1,1,2
93ef5061-3ee3-499b-8491-575796f16721,2,1,1,2
79f8d216-5da9-4f79-96b5-ff45c6fa17b4,2,1,1,2
b0226c3f-4cbd-4d33-8a8d-fddbf2ef05b9,2,1,1,2
cf71af95-e66d-4322-a681-3d7233862aa5,2,1,1,2
b388a41d-5a73-4d0c-8dd8-7fa8500263f3,2,1,1,2
f89e66ac-0f5b-451e-b598-13c22e59cea1,2,1,1,2
5012d22c-be6c-4beb-9117-b298cdbf4e26,2,1,1,2
44e7d031-009e-4fd0-9504-2cda96d36d4b,2,1,1,2
e7f95ae9-bfc0-4c17-9d1b-3c1784aaf1a0,2,1,1,2
45be7da0-faee-4ea8-b51e-0c30de49f2a1,2,1,1,2
66c68897-4f28-4092-93b9-3c10dde06196,2,1,1,2
5ad957fd-d91d-4d56-ad54-35b474d7c7f9,2,1,1,2
46ae21fe-4e0e-40dd-aa56-01cd569d91b9,2,1,1,2
06b63e54-53f0-691c-6a54-20e981781bfa,2,1,1,2
4f7d73f7-b5d0-4bbc-b0ed-c14e5f32dde0,2,1,1,2
5984f61c-ac0c-4c39-9782-20287b736d4f,2,1,1,2
cf338444-5a24-4109-93a8-1da846eee376,2,1,1,2
93b8dfea-695b-4b51-bc15-1492314a934c,2,1,1,2
3f71541f-9827-4ccf-a446-52b16b445f86,2,1,1,2
f3c6eac8-fac9-4886-85fc-79811aa170ff,2,1,1,2
a618a5d6-6a15-4b38-bd7f-ec00c2c6452e,2,1,1,2
3a4020b5-5bc9-4a85-9aa3-96bcef0bd275,2,1,1,2
d4b475fd-21a6-4cae-ac4f-c1038151a1aa,2,1,1,2
0fa7364e-3416-46a9-b5d3-c800b4317811,2,1,1,2
4e995e25-78dd-4ae8-a130-3845abef68f7,2,1,1,2
cb231974-d78b-4c86-9d23-ab499af112e1,2,1,0,2
00c6701a-feeb-4af4-b347-04f3571d2d06,2,1,1,2
66671eb2-220c-49f1-b2de-0308225bc67b,2,1,1,2
5333404e-8767-41d0-b599-bf530cc78f2b,2,1,1,2
22422b75-7955-4eb1-beaf-2216f74956db,2,1,1,2
25d1e05d-b3ad-49cd-8988-943115b6c985,2,1,1,2
ebad1e6b-f304-4684-b9d4-d18ae60fdc86,2,1,1,2
7de7c6ca-140f-4020-8046-51f3a2a7b5da,2,1,1,2
5ce7d261-59a5-4669-94c7-f7524e2e06f7,2,1,0,2
4d48155f-6803-49dc-827e-df371a10363a,2,1,1,2
6bb61459-2f68-a9c5-debe-6325d936a028,2,1,1,2
a6d7cb60-e5ed-4f19-b806-df1d76a94dab,2,1,1,2
754255ee-1c5a-b557-5fa8-9b4ed087d721,2,1,1,2
2b27dba8-620d-4702-aa95-f986fa50cea2,2,1,1,2
c43287fd-3efb-4999-920e-83a14f1c15cb,2,1,1,2
a6efc8c3-c8bc-453b-8a6c-e868de3b93ca,2,1,1,2
d5a69bc5-5b92-2dd0-ad72-1e8fc6338b90,2,1,1,2
60bc8567-fab1-4300-b977-e123f86946c6,2,1,1,2
1c770e96-262a-4cee-9757-986bccd6c188,2,1,1,2
2de86c9b-8df7-4dd4-8c15-04a96481af1b,2,1,1,2
d2ae0186-1de1-4b72-ac7e-988991d7d1b6,2,1,1,2
fc30d243-4790-402a-9875-7acd0fcbe0f2,2,1,1,2
a62a2eea-3ea7-4549-bb58-040b64853ed6,2,1,1,2
e0fdf582-d107-4d0a-9ebb-b03d35e0694f,2,1,1,2
d2264833-fe30-4ccf-8656-874379889683,2,1,1,2
d4313479-7693-4bc3-b5bc-334e70b534ac,2,1,1,2
085a6d5c-5457-42f0-8847-5ff0e6749f15,2,1,1,2
b6ede0c0-6b02-4ba6-b790-33f0c228c9aa,2,1,1,2
89a72569-94ae-4aac-8e06-a19ff58661a5,2,1,1,2
0edf647d-c2c0-46bf-8b49-ebe85b04f976,2,1,0,2
2abdeaad-6c32-46e0-acb2-8834de01c967,2,1,1,2
88eb5c3d-7cf6-4926-ad3f-fc1e94289d7f,2,1,1,2
0fed83ec-7b90-4788-81b9-1c16d7fab487,2,1,1,2
bc530f14-d1c1-44d3-9953-e97a36b37989,2,1,1,2
b1bda0ba-266c-4f16-9459-4243b99f2c6a,2,1,1,2
3452dee5-93e3-47ce-aed1-8c060b4753ac,2,1,1,2
52a524cf-7424-4835-bce1-38ad186584bf,2,1,1,2
b3810267-78bc-6ab6-299a-a5f14796cb95,2,1,1,2
6387dc4f-f467-48c2-873f-93cf82c0e275,2,1,1,2
1126149d-c7ac-40b8-aacf-008090786de0,2,1,1,2
ba520d32-b06d-40a6-934a-5a3fb5204e89,2,1,1,2
d232cebc-14ae-4ca4-a886-7b20ab5ee92e,2,1,1,2
01202ee1-a15d-4855-a7fc-ae331aa97da7,2,1,1,2
e3b2487c-031e-4c79-a34b-5372d96d31b4,2,1,1,2
1b2b2161-07a0-4c82-babf-be56906c6a4a,2,1,1,2
2dce231b-a112-4c2f-ba1e-a76f942b7a9c,2,1,1,2
17a2805f-b067-42b4-8d5b-72f573830666,2,1,1,2
e3c8ae11-869c-469d-ad34-09accb949d5c,2,1,1,2
7c7efe45-b369-454b-bd74-de76077fe06f,2,1,1,2
2106fe1e-53f0-44d5-b12e-76e0f7499baf,2,1,1,2
6e0ac22e-8049-4ba8-a62e-86f93e4a1180,2,1,1,2
055e4613-29d8-4f61-8b87-5efbb4b41701,2,1,1,2
647d5dfe-3fa6-4ef2-8b26-1f1f66d6975a,2,1,1,2
d51376ce-f503-4511-b208-8d03e0e1f48d,2,1,1,2
42fc1227-2538-412d-b741-2e5f6e50d0de,2,1,1,2
71b689a2-b4f6-410e-917b-ba8602a5a7bb,2,1,1,2
e50712fa-7d31-44f3-ae79-87f646d0be46,2,1,1,2
297392dc-bbfa-45f4-b64f-290793bae0e5,2,1,1,2
e859f47d-d870-4240-bf3c-022da3c21bdd,2,1,1,2
89aac812-c038-45c0-9259-00dd748a5e08,2,1,1,2
9734f02b-0d05-4836-b6b9-9fbea53cfad7,2,1,1,2
fe107ae0-d310-44a3-9702-3eba62ae7912,2,1,1,2
735f144d-4a4b-4e56-960a-d4bbe897e062,2,1,0,2
7cdac6a4-d3d5-4e19-a0d6-3178da03ff6a,2,1,1,2
d98f012e-21f3-48ac-a107-3f48659d9126,2,1,1,2
ea84a189-6560-47a6-bc09-83dd39334ddc,2,1,1,2
8a0b0635-5ddd-4c90-9cfc-853265c9db8f,2,1,1,2
591384f5-0466-41aa-a2bd-3a9229ae6fb3,2,1,1,2
c7ae5580-707f-41c0-8174-f498ac7a445e,2,1,1,2
131e52cc-2086-4ccd-9678-fe886c645b68,2,1,1,2
db638168-4e9b-401e-9d0d-df00bb20b3c1,2,1,1,2
bbdd2654-c31f-493b-872b-ea180c72945b,2,1,1,2
b675d637-6a9d-403b-abdc-73b678d8cc0a,2,1,1,2
befca974-859e-428b-9720-0446d96e0d7f,2,1,1,2
2546b2f2-f3d6-4a66-a9a0-224b08cdddd2,2,1,1,2
1e54bb98-fc33-47c0-a4a9-bb450508c0b4,2,1,1,2
6bd03ef8-9923-4caa-a5e1-a53b2544bf4a,2,1,1,2
b9ee0d4a-306b-42d8-b584-1764caaeaee1,2,1,1,2
73624f74-666f-41f5-844b-81bd9f2189a9,2,1,1,2
80c97cc4-37bb-42bc-b096-4fc34e7351b8,2,1,1,2
3bf418fb-80fa-4475-bc83-99670877346e,2,1,1,2
a3bb54b3-59fd-98c4-30f3-70fb14dbc6e3,2,1,1,2
558cbefe-8354-42ed-b97c-c62ca5392739,2,1,1,2
7625d786-51f0-4554-a208-a526d6ee93b3,2,1,1,2
eb054ea1-4405-4061-85be-dcef5346a3d9,2,1,1,2
fca708b6-1b7d-4155-9210-d3b52650f019,2,1,1,2
528ea444-eb27-4e38-8dc8-86b61b652f17,2,1,1,2
1574360b-4c0c-4ffb-bc7c-b9fb8157a72c,2,1,1,2
fce13b45-f6d0-4ef2-b191-c8922c7f02a0,2,1,1,2
d36d259a-8a2c-4ae9-a599-f49e9425ef90,2,1,1,2
b3298069-c0ec-42b2-9b7b-65ab3dc09f07,2,1,1,2
d5cafb3d-cdc9-2a7c-d536-7a63c6f23103,2,1,1,2
edec373a-47d0-4587-8684-2da9c87fd022,2,1,1,2
66b0a184-c12d-4b91-8015-80d4a6df1e2d,2,1,1,2
39056388-8f2f-4d98-3217-8f8d3170f632,2,1,1,2
5497bd74-159e-40e8-ab87-5dd2d4cfe3cb,2,1,1,2
731d5d69-b90f-438b-bac7-3a4b567bb1d6,2,1,1,2
d1b140f9-ba86-478c-95cf-9212d0ce7634,2,1,1,2
a4da01dd-4d5b-4a33-b9b9-6ac5c26b2ee8,2,1,1,2
b09fc172-0713-4406-a23a-e2ccb4102949,2,1,1,2
a831ff98-cd66-445c-8da8-c10180bbb463,2,1,1,2
8a9ad502-c789-4cfa-bd2a-733b765aad8f,2,1,1,2
91fc5785-35a1-427e-955d-9a8dc4f3fd8f,2,1,1,2
61bc8980-920e-49c8-aa85-4f4e05ff0e0e,2,1,1,2
8d355e51-bff0-4925-8378-3d26bfbe0d32,2,1,1,2
a5eb9302-f215-4ed0-852b-7d4c1695f319,2,1,1,2
3e79da44-6e8f-4288-9d8c-02d8c17ef3a9,2,1,1,2
4a427542-6383-4f52-a8c3-b31c444a3865,2,1,1,2
9fc2190c-9891-4500-b0f1-142e6d4e16c4,2,1,0,2
673a0d97-e8eb-b70c-d56a-efaea35d226d,2,1,1,2
12e1cca4-4501-4456-bbc0-f8683e14af63,2,1,1,2
bde6e42c-1c1d-2040-b5a8-4971c099db0a,2,1,1,2
256e485d-678c-453f-baa9-eaab69d08ddf,2,1,1,2
c86f5b4a-079e-4bc3-96c8-4907503b5fb5,2,1,1,2
f9f6ad7c-0d3a-48b5-a299-baba88559e1c,2,1,1,2
9763a924-3555-41e2-a481-a12d29de1a18,2,1,1,2
5be8867a-ecaf-4814-bdcd-b1c37d4e1419,2,1,1,2
a7c0f3eb-6bdc-4bf7-90f8-4046b9ffa6a1,2,1,1,2
b1e732f4-4a7a-4393-a4e5-69c3f9766d49,2,1,1,2
d9f32b3e-0b62-4151-814d-0b9e6edc379f,2,1,1,2
e1c193fc-dbd4-44fc-b32b-27ad2459c381,2,1,1,2
a27f5203-f037-4ef2-8a24-793892c9fcd3,2,1,1,2
03ad1b7f-0eb2-d0f7-7872-2ce67cc609cb,2,1,1,2
63b2fa80-aff6-4a46-99b7-7c4a5a3fd012,2,1,1,2
36e66b67-d29b-4162-bac9-b0a9426d7ee6,2,1,1,2
1fc91c89-7167-4738-9f1f-e983abb3878d,2,1,1,2
6f817cda-4ec0-430a-44d8-439633dd8965,2,1,1,2
ffc6b9d0-425d-46fd-b841-923b3e4d4838,2,1,1,2
366c829a-c3e6-4e50-b089-27f04ba2da54,2,1,1,2
bc807543-4205-498a-b60b-d2973e51860d,2,1,1,2
98f9a6dd-1d57-49a0-b1d7-333d9b4dc4b9,2,1,1,2
7f2a4ffd-ebdf-4277-a058-3579f74c1695,2,1,1,2
fa606690-2a59-41be-ab3c-ff0d01d12002,2,1,1,2
6f4fd01d-43b0-4204-a520-f6f1084659e9,2,1,1,2
192e51d7-db56-4c94-94e8-39b47cc32597,2,1,1,2
c3348ee5-d4b5-421f-bbba-a5d7aaec03ca,2,1,1,2
c6f46e74-7535-4ffa-8eed-ab36e1859995,2,1,1,2
db4ab042-0bcc-4bb0-aac6-8906972d40fd,2,1,1,2
32318e6e-7d8a-43b0-99fa-30e0e442fbbb,2,1,1,2
4474a3b4-f7e5-4817-a287-9345dbc29448,2,1,1,2
faaa78c4-4f31-d33d-8659-87876dc8a786,2,1,1,2
7513b757-c8d1-4e07-9e05-e0e2af5ca4a2,2,1,1,2
995e2e5c-7837-45be-8379-6aca937a433d,2,1,1,2
570a42c6-32e2-3659-c2f2-77171a058cd0,2,1,1,2
bdd486ad-6ad4-54c3-6473-4bc748c1e521,2,1,1,2
ee63765a-d186-466a-8e19-0c228b71dbe0,2,1,1,2
f5d7c8b7-cbe7-42e2-8c32-a491076919ef,2,1,1,2
e318f507-f202-46c6-973c-593227490d95,2,1,1,2
84e395cb-bcb0-4fde-bbec-90a779dae447,2,1,1,2
65f096b4-f933-4922-9b89-637338b5033e,2,1,1,2
57d3b47a-7bab-43d9-a39d-1550914268b1,2,1,1,2
4c8e5b23-1293-4ef1-bdae-3e9d0b8f4793,2,1,1,2
5428239c-887a-0cbc-7ed9-b9e689a38d1b,2,1,1,2
4071e656-74aa-4b99-9737-b952ee7e26fa,2,1,1,2
358b56a4-613a-4da4-8222-d9b9a83de20d,2,1,1,2
7b10d124-71a7-a2a7-0888-eaa113885ef4,2,1,1,2
674d1eaa-75f3-4a67-a89e-f38eee464fec,2,1,1,2
f05f4e1b-1b6b-4824-a009-824025007d94,2,1,1,2
d050f334-8814-db87-5895-17efa22615d2,2,1,1,2
c45cd5aa-f346-4e17-a3bf-36ab640e60bc,2,1,1,2
eed9d731-0575-485b-bd53-3414d2fa7cd2,2,1,1,2
5d9bc69d-2f50-4b7b-84d6-8cd4887e07ef,2,1,1,2
e34b53a9-f705-4010-8309-a67c92a66f2b,2,1,1,2
ebbad45a-a86a-42af-a122-3b5a8bbd6bd5,2,1,1,2
1eb01e97-8825-49c6-abe3-076d419a21d2,2,1,1,2
0d24f8d0-097f-4a8d-a27e-951f6829f735,2,1,1,2
cc9387d0-3537-4562-8ab5-f5c0534beeb7,2,1,1,2
607d091b-6b82-4819-8055-2dcd25cd69bd,2,1,1,2
7c84bb1e-e886-eac1-4bff-f9a708236d80,2,1,1,2
61cf3ed2-9570-4b54-83a1-45147c0c5662,2,1,1,2
9351219f-52a6-4da9-4d9c-b8cb544c88c4,2,1,1,2
55b4dbc7-9247-4212-882e-61ad074dd761,2,1,1,2
420e6521-f218-4775-ad59-3fb1670c5c32,2,1,1,2
53b5d946-e8f4-459a-b446-4d960c1650ea,2,1,1,2
6c067703-1eb7-406e-8f12-01488dddb481,2,1,1,2
ee6a49cf-d3e2-430f-be04-cd0a013bd594,2,1,1,2
caed4ee9-f98e-4ad4-9264-485dd1f3d2d0,2,1,1,2
f539e91e-fc6a-476e-a7c0-04b23d1aef0a,2,1,1,2
685220d8-8a1a-42d1-9e83-44ff5bc58524,2,1,1,2
ec08e110-f066-417f-b5c1-2df44a654fa3,2,1,1,2
e111f352-8a3e-483f-8672-1f8c72064620,2,1,1,2
202507f5-e395-4338-8edd-034ab473647b,2,1,1,2
3463a225-7e01-4c5a-ad3c-8c5369b5b0fa,2,1,1,2
34de7de5-f43a-4328-a3b5-b2971bdb0edb,2,1,1,2
da2d7de2-5a9c-ace6-e364-c2978fe922bb,2,1,1,2
ab6d9237-b9eb-426e-8b87-24876f90f92b,2,1,1,2
24142cce-94e2-4256-9f65-c3c6e496fc9e,2,1,1,2
4a78acd4-9b2d-4e4e-bcb2-612ae03bbee2,2,1,1,2
7defe64c-3cce-4817-85d1-3680a6c28ab1,2,1,1,2
c0f77305-7b52-4e0d-97ae-709ccf5f070d,2,1,1,2
d09cacfb-6494-36b0-3aaf-fa8ee8ccde3d,2,1,1,2
37a05f76-77dd-44d7-9cc8-e59302d55973,2,1,1,2
84871897-2c22-4c4e-8929-91d0a0a8cdea,2,1,1,2
c273602d-955a-4171-bf55-44f205218148,2,1,1,2
ee828b3d-a820-499d-82d3-f42dd9af3b85,2,1,1,2
ca30d369-eb73-45b3-b2fa-0a540b3fea90,2,1,1,2
cef63718-b73b-4d71-a45c-859d80170dd9,2,1,1,2
0d9f450e-6e8e-49f7-8a6c-c5e8ba70387a,2,1,1,2
588293fc-8294-25f0-cb8a-d11ac5406f46,2,1,1,2
aab3f658-b97c-4fe9-a04b-20497d8ab81e,2,1,1,2
d6f812df-3765-3b30-90a0-7361e03ff042,2,1,1,2
02650725-43bc-444b-80d2-7fb3a3de9ffc,2,1,1,2
a0539891-a5db-4c3a-b957-25050d28db76,2,1,1,2
c86ab065-1698-4c0b-ae90-15c55d9f333b,2,1,1,2
b0517229-1f5a-4b3e-a8a4-667b0e31eb8f,2,1,1,2
1996b2be-fb5e-4642-8e7a-724317bd0e71,2,1,1,2
d09a69f8-b926-422b-8b03-44c0961f7ddd,2,1,1,2
57662d80-400c-4e6d-a1a8-f5fde17ed73e,2,1,1,2
7fdb813c-8677-4e89-8711-ff2e583b3187,2,1,1,2
ca74df1f-ca2f-4488-8681-b8ff7ce8c3ce,2,1,1,2
05d1cc69-6b6c-49fb-980e-5c9891f2692d,2,1,1,2
ee0f7415-796d-4814-ae8f-18b93f71a2d6,2,1,1,2
c4507617-3553-43e6-b0ad-ce46fe54867d,2,1,1,2
3d03d49f-0dd7-4a40-9354-50eca77680aa,2,1,1,2
993afb70-4065-47e6-bc3f-dd0858119a83,2,1,1,2
21c77e7e-48ed-5c05-e4ec-23a3bc912354,2,1,0,2
ca78096e-2b88-42a1-b7bd-60a3122e0df6,2,1,1,2
6c60883f-47cc-45f2-ab45-dc1829defba0,2,1,1,2
937b90c9-7f58-476a-b0f5-02e06319d16a,2,1,1,2
73a35427-f599-cfb8-e225-e60cefa65188,2,1,1,2
4f4dffd7-5f9c-4b26-9cfd-51837a9070a2,2,1,1,2
112eae4a-fc33-4ef4-8d38-dad963eb7d72,2,1,1,2
6b7e06f6-f901-4744-b29b-ffe39ad94616,2,1,1,2
87d22ab1-face-4630-b549-17ad8a758cbc,2,1,1,2
eada6884-cffd-47da-b901-c036d6ca2947,2,1,1,2
32632e96-74ee-40e3-bbab-e33c75b0b08a,2,1,1,2
72de7119-3bed-4f97-b903-534fe5e5811b,2,1,1,2
63046411-e98b-4552-8838-d94d2efdd7c3,2,1,1,2
b77e7e27-3e70-49f5-9e86-79f91554028f,2,1,1,2
6c50c2a7-ffd7-44e8-b8ee-508ffa065dba,2,1,1,2
97d889e6-1709-42d0-9f0e-a2f520ffd514,2,1,1,2
b3451ba6-b61a-4db8-b008-8a7209691c4e,2,1,1,2
db9ed95e-1b80-4fa5-8bdf-c70c25fa8503,2,1,1,2
0486cc79-bbc1-4ed2-bbca-9dc36598e19b,2,1,1,2
5e3d0662-78e8-4f82-a66b-b7908e68da66,2,1,1,2
6d7288b5-6ff5-4d66-ae52-33f75f25ed3e,2,1,1,2
c4ac3ea1-2ae6-9fee-4b67-965682512335,2,1,1,2
8e9815b3-9690-cfbb-1a41-e51e9bcda651,2,1,1,2
94435655-435a-4f60-9619-d7c3244a2cec,2,1,1,2
f862e8c0-1ebe-491c-b0e8-1a77043193ed,2,1,1,2
05525101-0d97-4962-bc3f-f4d75e56d9fd,2,1,1,2
944465ef-6846-484b-882e-faaf0717a1d3,2,1,1,2
0cee56b9-e118-4bf8-9cb1-251416854ff1,2,1,1,2
d690b59e-66cc-4a87-8cc9-d228949802a6,2,1,1,2
edb2b590-d90c-49fe-9760-ea8747d41326,2,1,1,2
b8c80ee2-c95c-44aa-805b-72a3819bd255,2,1,1,2
f0664e38-a4f1-4b48-a4ce-9c951ab5466d,2,1,1,2
7e12f5d9-08bb-4f80-b72f-621b0a2f5258,2,1,1,2
02416c2a-32b2-4ad8-af7b-0ebb51f1ddca,2,1,1,2
68e532cc-3180-2b1c-6a2c-29471e56da95,2,1,1,2
a44fe876-ceec-444c-884d-6576bc0acba8,2,1,0,2
90b039df-c58f-4394-ba61-1c8f920b9c13,2,1,1,2
b562722c-edde-46c8-9a3f-24f714a1b479,2,1,1,2
80592b25-d611-4681-9d7f-2a4623a4c8ec,2,1,1,2
d9fa60d8-2ea8-47fd-98e4-38a7fd077fed,2,1,1,2
e992b531-5beb-49b9-9b92-41211451a6a2,2,1,1,2
396d7a84-38b1-4ed9-8f7d-a61ea92121ec,2,1,1,2
caf081a5-7ddb-4916-93b3-05c99f723f88,2,1,1,2
994565a2-4e5d-0eb4-04c6-3ea9290c4056,2,1,1,2
bd1c78a2-28d0-4055-ba25-ce7f7a3526d6,2,1,1,2
9aba6a1e-a042-4c81-b188-1f3eb02a1e1a,2,1,1,2
16f2eb54-97ff-42c9-a88d-4be3d2d0f83b,2,1,1,2
868fcf75-707d-4157-af2c-5af06683efa7,2,1,1,2
6c5dae3f-e9de-4236-8d3d-839f64e32d0f,2,1,1,2
b99be891-0aec-400c-8b86-442f835d54fe,2,1,1,2
d7105bd1-cd46-456e-a2ac-25d4b703e5ee,2,1,1,2
4843a228-4840-3a50-1818-c620b3d59505,2,1,1,2
22f67e10-3aee-4b17-a036-9aabdb74ee7b,2,1,1,2
29f82c77-5a2d-4947-80ca-6e242d0acf08,2,1,1,2
b89febf9-a8a6-4536-8be0-ac90ae92ac69,2,1,1,2
1c19ba53-4333-4399-af25-13e7c27a0004,2,1,1,2
aff6b493-012f-4c38-9c21-18d23b07d0d5,2,1,1,2
934b6c85-525f-483c-8864-15a8937296f4,2,1,1,2
f49477ef-1a83-4c5b-9c5f-82261cf4a09c,2,1,1,2
bff8bef3-70a7-4a87-96b7-11fb5ea08de7,2,1,1,2
6a10fc42-954f-4d7b-9bb5-b99c46f805fa,2,1,1,2
bf9a7eb3-d490-4490-9840-35e8fdc9cc99,2,1,1,2
d99f5986-db2b-4eb8-bc12-7a552e3d409d,2,1,1,2
4ae40125-c547-4aec-a8d9-30fb293774d0,2,1,1,2
05b3ec24-5e84-478b-846b-bd7ee2d097ae,2,1,1,2
bc9fcca3-c7ec-46b6-bb3e-18715cf5bf21,2,1,1,2
407c7ac9-10b5-47fb-b4f7-6df88e1f58ab,2,1,1,2
a6f1e10c-be4e-4af4-83e6-4fec77163ed9,2,1,1,2
1ee32d48-5e5e-49d0-ab34-5d7201194850,2,1,1,2
00198d9b-50c7-4b1f-85e6-c2e613b7d0ec,2,1,1,2
fe9603b9-4a0a-a155-3e4d-fb2607cf3576,2,1,0,2
6a54eb45-549d-4574-9d58-8f031accac5e,2,1,1,2
cedabebe-f1a0-4b8b-b03c-0cfc8ecc0778,2,1,1,2
44f619d1-91bd-49a5-8346-3d121cca1ce4,2,1,1,2
af3f3838-84a7-cc4c-5bca-0708c41d613e,2,1,1,2
e86619cf-bd32-4eff-b87c-9248ed386606,2,1,1,2
d93d7bcb-05d0-a117-423e-385563e092a0,2,1,1,2
82477887-343e-4d8c-ac8b-0415bd2cf72d,2,1,1,2
12c727ff-ab7d-4e59-bdce-a8f91bdf1168,2,1,1,2
aa73f36a-f7e4-5dfe-18b6-45c4d0510e32,2,1,1,2
76aaf7b1-175e-49cf-87b1-8717f12f3dd7,2,1,1,2
27795a5b-e2da-4f2b-9d79-a3b0891b9941,2,1,1,2
12769456-1aef-4274-a665-a93956aa3fec,2,1,1,2
8400fc50-9bb8-489d-94b9-c32bef76c2ae,2,1,1,2
18e4c236-0b05-458d-9e01-769176d4cdb8,2,1,1,2
bbc62df3-8299-4877-8692-03a7ce131cbc,2,1,1,2
1cf8f637-0ce2-42d3-aa25-88ba55fdc88f,2,1,1,2
7e831200-b2fa-4de4-b2a3-17148c8472fa,2,1,1,2
63cb1202-7644-4de4-90c5-2471978775e4,2,1,1,2
ee211e8b-3dc4-c49a-16c5-2282d52c0fd2,2,1,1,2
bba8b073-1079-40e1-a55b-8ea850eacf86,2,1,1,2
d148d6ef-4ca2-47a5-b2ab-1b73a08a0478,2,1,1,2
9790fa1e-b099-0e81-e17f-60e201b21e4d,2,1,1,2
673d75db-bba5-44bb-81ff-8a22e7aa1ebf,2,1,1,2
1b97edae-b339-4bf6-9bd4-4f8b663be9e3,2,1,1,2
774a5177-67fd-4681-af77-7a744e103a14,2,1,1,2
b3facab7-bac8-4dc8-9924-4a7d13b25737,2,1,1,2
4a32e70e-551c-9b78-7760-bfb3fc602c9e,2,1,1,2
dc74fdc1-2429-41b1-8a8d-8b6c53f72eea,2,1,1,2
6c675fa9-80dd-4432-b9e2-cd2176015c38,2,1,1,2
c647a06d-3551-4835-bf38-f18961df6582,2,1,1,2
c64abfe4-2fb3-432f-8288-d0cf7425769b,2,1,1,2
a3ebf51e-4bcc-4f64-8264-dd1bbe073127,2,1,1,2
af297ab0-6baf-8f21-fe8c-9fc5fce99264,2,1,1,2
fc1ff1b3-c54a-44fd-ad39-711991dd8ad2,2,1,1,2
cea184af-cd9a-4b87-a2e1-ef2f5c9f5579,2,1,1,2
bc1628e1-d99d-4367-8ae8-903843590205,2,1,1,2
47854598-ffab-45a4-9d74-0e2b7dbc9f88,2,1,1,2
8361fcc0-a060-4839-ac8b-d60e0f187481,2,1,1,2
020028aa-6ad1-43b9-b635-a498c645dd79,2,1,1,2
b65e0cc8-9907-4d82-a839-d6c845d99c81,2,1,1,2
95d0e771-feaf-43e4-8dcb-9cf23b22b7b7,2,1,1,2
07535a99-58bb-4ba9-bc03-820fefd15394,2,1,1,2
6e76f006-cd76-4227-a21d-3578a8582294,2,1,1,2
8f0edbee-85a6-47a8-91a9-47c4528cb909,2,1,1,2
346e0507-5a67-e89f-63ca-4160f5e16cc9,2,1,1,2
57985c84-656b-4ce2-a0a1-45d77c5189f4,2,1,1,2
18b33344-5ecb-43e9-b9b7-e582fc790e53,2,1,1,2
05af93b9-357c-6bbe-bdb4-1982d752f359,2,1,0,2
ea9e03e1-2a54-4b66-b0fe-ee3a0c9fc4c0,2,1,1,2
44013ca2-199f-41ff-901e-6b80d7168092,2,1,1,2
39f478c7-8194-4ca4-9859-3c6301b89c89,2,1,1,2
47287c71-3d16-a9a1-0ffb-c00b5026cf96,2,1,1,2
506fda77-0469-4134-8871-f4d50b9a6ad4,2,1,1,2
c44d1fa2-be20-43e5-823c-1a8310e3ea47,2,1,1,2
26041dcb-f1e7-69f7-0058-73a61c528a61,2,1,1,2
3e2a760e-2504-43ec-b7de-a0a3387a9c14,2,1,1,2
6bd21c2f-e0d5-4fb1-8c7b-de459ca08af0,2,1,1,2
4fd0fc9e-7f51-453f-8c8f-d8275a541575,2,1,1,2
83979213-72a1-4162-ac8f-7ac79c37941a,2,1,1,2
2b50401b-ef20-4757-b435-e9263ba3839c,2,1,1,2
b0326664-1dfe-4648-95e7-da558b0f1ef1,2,1,1,2
5c4eeac0-96ae-4637-b1ca-b59ee033844c,2,1,1,2
1eca816c-9173-4e8d-b369-cfaed335460d,2,1,1,2
f4d3564d-51e5-4aae-a3c0-f7e917856575,2,1,1,2
043fc931-85b6-4130-b1d6-3016b20b770a,2,1,0,2
82ee2f17-b5e3-420d-bb3d-04f5d7a1e3f4,2,1,1,2
a347cfef-12e4-46e1-bd9c-c34187b7bbfd,2,1,1,2
fd04b07e-a603-40dd-ab74-7672f67916cf,2,1,1,2
8b8e60d1-74c7-432f-997c-3ed82ba13064,2,1,1,2
560afc6d-6334-4fe0-9493-e18938bca868,2,1,0,2
80c73e9a-afa9-46ed-9e22-67d9b4629c74,2,1,1,2
1abaa375-cce7-4cba-8f61-70c93f1c908a,2,1,1,2
624913eb-e0a1-4a6e-b12c-42ca1bcacdba,2,1,1,2
28d0ddda-ebdf-456c-895d-38d47ae69381,2,1,1,2
96b1a1c1-b7a0-1a57-5149-0d23c7e03f1c,2,1,1,2
6ea82e30-ed2a-4020-b877-526573f6dd2b,2,1,1,2
8a78f69a-977a-48c5-b42f-a8bdcf0048e8,2,1,1,2
538a085d-088e-491e-9ccb-8f0006a86bc6,2,1,1,2
beb3731b-34c6-4241-9b37-f49e90b3e5f2,2,1,1,2
8bc81ce7-4490-49d5-b4ec-6e7b14b5412e,2,1,0,2
0fe209d2-15d2-4b30-a9b7-a70ecb616587,2,1,1,2
33abe657-651e-4658-8341-74d5b7fc33e8,2,1,1,2
dd1f6283-6187-42ff-9479-cd0fb98f6ee2,2,1,1,2
fbcd6670-9ded-4b27-9daa-169ff7626153,2,1,1,2
4a72bc6c-6c03-4a08-b9e1-76cef610b0f0,2,1,1,2
1cbd958d-f77c-456f-bec4-8984a5355fa2,2,1,1,2
7de1a9e5-0e19-41f2-9aef-df46291996ba,2,1,1,2
077a4db1-ff99-43ed-a96f-fb190b335094,2,1,1,2
1d32b2f0-7f86-4163-9031-c60fe7243d28,2,1,1,2
b261646b-7b1c-3e99-e5be-a33bd8581ef0,2,1,1,2
6fbfed3e-4a22-45fb-8312-a323d5240ee3,2,1,1,2
767b236c-37f6-4efd-9889-f6ac58b849f0,2,1,1,2
69966bf1-e622-ccd0-2add-2da55468bf46,2,1,1,2
40e50342-202f-4411-b8c2-17feebe179b4,2,1,1,2
ceef3ed7-2c19-458c-a507-1ce9cfae6882,2,1,1,2
9bca1e40-5c9c-7a6c-15ba-1a8bd5b71bab,2,1,1,2
4ab470ee-3d35-45bd-b549-c25f867c652c,2,1,1,2
5084b68f-de50-425c-8a3b-d7d66277690f,2,1,1,2
b8aad790-3876-4000-8f9d-be6212707ed3,2,1,1,2
70bd9c93-ce7f-46ba-83a9-c309015d9a78,2,1,1,2
146723c9-e3da-4bfe-840c-c9ef7f707abc,2,1,1,2
ce2bace9-4d97-4639-dc3c-891a6e89b148,2,1,1,2
d7117e5c-a517-4a4f-85f0-ad77900c80af,2,1,1,2
bc1f94ee-679a-4763-b4e9-69e879a08fde,2,1,1,2
1ecc53fa-d4fa-4bb8-a1c9-182468305efe,2,1,1,2
c6e3b36f-6775-4ffe-89af-cfa8e5e40c5d,2,1,1,2
d798edb8-a1b2-4f81-9fed-aa5544a0bb3c,2,1,1,2
67ec687c-2a95-49b3-b4b6-be48f8d6f1e2,2,1,1,2
d58f3cd0-7ffa-4d73-aecf-6a46c72331df,2,1,1,2
4eef3585-a39e-42d6-b057-c69e8a19d952,2,1,1,2
e55e77b1-6173-85f6-5e98-0213f54eecae,2,1,1,2
26c0aad3-36cd-3d33-e6f2-e4f69f0392dd,2,1,1,2
d09eb199-f1e6-4436-9033-ada2f04d0523,2,1,1,2
38914e8d-31f5-1aeb-c49c-7c7a208fc66f,2,1,1,2
0a3696ae-d1b4-4383-bd11-b782da79a7ab,2,1,1,2
4182f2fe-2a4c-aa19-dda1-829fdbb2a789,2,1,0,2
539e4564-b6c2-4ee3-afe6-b9168b7062b0,2,1,1,2
848b29f7-0a59-41a2-a2a4-7e0bf0a25699,2,1,1,2
31f34d0e-4306-4fd4-be6f-abeccf301af5,2,1,1,2
2b080747-3d6d-4afe-a5e6-c1291f8ffe5e,2,1,1,2
66d63697-7a5a-484d-9a97-794056587915,2,1,1,2
46da9c3f-45dd-4a56-a40a-30dbf3c29bee,2,1,1,2
bd596c27-31ae-480e-a294-17dda0d81806,2,1,1,2
04f5668f-b7a0-4b8f-adb9-0b4024c9fa85,2,1,1,2
eb235d31-4157-4464-8cb6-d1ca8a53f640,2,1,0,2
9b15169b-ff63-4b4a-970f-bd2fb7d6ad15,2,1,1,2
c6ce5cb3-2c58-4706-876f-f513af56906f,2,1,1,2
62180eb1-d9ea-4c50-ace3-189164646423,2,1,1,2
58e4d552-e512-4d28-806f-ff50501572df,2,1,1,2
3f50cb6a-d548-a994-0354-4d19f41f1e99,2,1,0,2
bf71d9a4-fefd-4495-a327-dcfd46b86204,2,1,1,2
43470263-6cfe-47f8-bd5e-1077b5402a1c,2,1,1,2
000ff0f3-1edb-4220-b280-408b2ad3fdb6,2,1,1,2
61d17180-e0f6-4588-825f-042f2f892ab3,2,1,1,2
e801789f-a243-4af1-9b5f-4e832052f14a,2,1,1,2
4f994ec6-2396-42ac-8db6-c0b9e11ed901,2,1,1,2
036883df-0a17-466d-a769-f683d438f773,2,1,1,2
8ee03cd6-111b-8729-42d0-d71f86ac4032,2,1,1,2
64717976-3754-499d-a3f9-7a2ab4eea187,2,1,1,2
d41edbe9-6fa3-4f5b-a7ad-7d556db4f045,2,1,1,2
da944719-ec97-5b27-773a-3d8a7e756805,2,1,1,2
ca53120d-7349-4f6c-9bce-e27b8f189d18,2,1,1,2
e410f325-4ac6-46e4-b92a-69f230a11e7d,2,1,1,2
e7cb3439-0d46-482a-beef-bcaada1c5720,2,1,1,2
8c5f2390-835f-1d27-8e35-1e83b6ad056c,2,1,1,2
f63657cb-5c65-41d8-88d5-7db4ba5236a6,2,1,1,2
66c43f9b-4b23-4839-bba3-a5c342c8d71c,2,1,1,2
840dd9f9-b31d-424d-aec8-b5569a6fe47a,2,1,1,2
db4edbc7-fa3c-4276-bf1b-5e7872518b0c,2,1,1,2
f5b1ca51-ba56-dcb4-f553-8a48a4172f85,2,1,0,2
cfaf2a62-63c0-47eb-b6a4-09dcdac1242a,2,1,1,2
233fc9aa-4ae0-4cff-8de7-26d775c6c378,2,1,1,2
125819bf-539c-4f7e-9d78-56b0a52d8704,2,1,1,2
ca32c119-7c52-09d2-4f9a-ed3d0f9382c7,2,1,0,2
fa5df0ed-727d-44f3-ad34-b0fa6d5b3041,2,1,1,2
3c3dc29d-ba2d-4f2b-b37d-852cc55c3b72,2,1,1,2
24d6c0ed-f541-4a39-b08c-8cae606efd25,2,1,1,2
a92ec125-4641-4e30-bb3a-caf831de2523,2,1,1,2
b32af952-dce9-4c6f-a515-d735358653e8,2,1,1,2
edfca5cb-60ec-4dac-821d-f00f878f72d3,2,1,1,2
778eccdc-14da-49ec-a552-820c08c89c03,2,1,1,2
20e33546-fc0f-44d9-b1c0-f63040148fb8,2,1,1,2
80b18eca-3725-49a3-b7fa-6d53ce7792a4,2,1,1,2
36780ef3-148c-4d21-8f10-eb70f64039dd,2,1,1,2
56456883-6e84-48db-b9c6-0c76f38e92af,2,1,1,2
417c0616-b2df-50bf-72ec-0eb4187d6cb7,2,1,0,2
19d65583-4192-4801-a54b-9dd414e900bc,2,1,1,2
a99b850c-23cb-41fa-bd2a-6b5d7fc85506,2,1,1,2
0359f7a3-60e3-4843-84f9-53254ac07cb0,2,1,1,2
415158ea-e649-4a86-bf80-a5b54197fdf5,2,1,1,2
2a900258-3f7d-4aca-a206-23bbe1e48336,2,1,1,2
e412934c-450c-4465-b23e-6f7130fdf87a,2,1,1,2
eed26059-69be-4ae8-b563-b96d9857f652,2,1,1,2
36e1b0d2-ffc3-44bf-a235-7fcfcc272a5c,2,1,1,2
30a2ef45-cbcb-3214-962c-006a38ec05eb,2,1,1,2
52861b9b-f66c-4a98-bb74-958f0dd05c08,2,1,1,2
be3863e9-bfb9-47dd-b1fd-e0584c29c671,2,1,1,2
3d91a6a2-ad02-48d7-9578-ce68d8a47454,2,1,1,2
860d1574-6934-4d4e-b1a4-c5258231c9e8,2,1,1,2
a1591c4c-693a-4fb2-ab05-9298f0c83319,2,1,1,2
c6462e09-e1b0-49d6-b30d-f6f7d13ea97b,2,1,1,2
1ebf053e-e345-4aee-936f-f62fd91dc948,2,1,1,2
63bce575-f252-47ae-a907-47c580181830,2,1,1,2
184259f3-9245-4164-8307-85d8bae82acf,2,1,1,2
af8b2b8e-d836-4900-9a34-a84e03ad5f8f,2,1,1,2
fe32d438-ad11-4639-9659-a37b020ccd5e,2,1,1,2
869aae16-6684-444b-b1eb-6b5bb876f87b,2,1,1,2
6dd5350c-ad2a-4305-8346-c17420b85e89,2,1,1,2
48624dc3-b831-42fc-a5d7-83a7b0e32aeb,2,1,1,2
f1e2e086-36fe-3a24-8a91-70835ad15131,2,1,1,2
38c1ca1b-a082-4102-98c7-131ce8f596b9,2,1,0,2
cc4e878a-592b-4d9b-b5d2-437a21ea3db8,2,1,1,2
dcc6d5f3-0fce-4ba2-a1dc-b572e2bc173f,2,1,1,2
1ecd176a-fe74-47bc-9e00-a607c6933ff2,2,1,1,2
c746e3f3-bc7b-2265-8759-4084fa9df8ce,2,1,1,2
ee1d4355-3fc1-4426-9a79-589d0c763ab4,2,1,1,2
fb3ce803-f5d5-4347-ba71-8978da161945,2,1,1,2
1c07ccdb-46a6-4655-838d-dab73d73b0cf,2,1,1,2
cfab9f18-429a-4c10-a44e-b3d07eb37756,2,1,1,2
d8b00cfc-fff9-4724-b750-29e3c047dfb0,2,1,1,2
97b7364f-762d-4780-a30c-b7e4e2405953,2,1,1,2
26a1db01-6b8d-4a81-941d-7b57ef7bd9f7,2,1,1,2
742cfed3-ba05-4640-ab29-6038b19c986b,2,1,1,2
05e6c99a-bd59-4ad5-a57b-68bce3e17687,2,1,1,2
88303da8-5c4b-ce4b-7cb6-56300792afae,2,1,1,2
8581bcf8-c8cc-4983-9d11-264e6b674dcc,2,1,1,2
babd2f49-2660-49bf-8b6a-dd706cab5a9c,2,1,1,2
382667a6-604f-47a5-88f0-906a5d9d03c2,2,1,0,2
2e7e35a1-81ca-4708-996f-d52c7e125673,2,1,1,2
42e1a5a5-072a-973e-3345-275379d1e068,2,1,0,2
5db2c75c-c35e-4379-9279-4b3f14d224bb,2,1,1,2
050299ea-a055-4e55-9027-d2c5f8a25f85,2,1,1,2
2b1cdd49-ecbc-12ee-7226-40b74480505e,2,1,1,2
13855740-d1ad-4959-9b51-de7271e5382c,2,1,1,2
a095fe6d-bc74-49cd-8a91-048c15c40f20,2,1,1,2
c6f3fa5e-05ff-4f08-a490-bb970298fff0,2,1,1,2
f801d32e-2a95-45b9-83be-50abc9ddb028,2,1,1,2
1f0b5e43-6494-4bc5-9092-a015fef9004a,2,1,1,2
42addf6e-5484-4711-9d07-7980f035e68b,2,1,1,2
946a6cf7-8b3c-4e84-9e42-a0c70b9f48fc,2,1,1,2
672544c6-e6a7-4cd0-b88f-fd69e3fb813e,2,1,1,2
900dd0c7-b7eb-464d-b5f2-74cba865acea,2,1,1,2
60b493ed-9567-8276-c0bc-b84687472270,2,1,1,2
89443530-344f-4228-948a-c7b7ac08194e,2,1,1,2
047ec61f-651c-423b-9674-e3f11d91361f,2,1,1,2
af45601c-a300-4fd4-9a95-eb59727ef6fb,2,1,1,2
a0257471-d244-4f0d-b24e-22d75b7a5560,2,1,0,2
f47ff3d4-5eae-4f27-ae39-90325080881f,2,1,1,2
896781c0-7189-4800-b402-b8186ef42936,2,1,1,2
2d348dbf-ff14-4cbd-9da4-c2e5f1f1468f,2,1,1,2
acad743e-7b04-425d-9d6a-61fb09777e1a,2,1,1,2
1fcb0c87-0f05-140f-b117-60c26f2dfd2d,2,1,0,2
0cc7be42-f7e0-47cb-bbbc-2f2da2dc19e4,2,1,1,2
1338440b-2b41-404f-89e0-d35aea6ff80c,2,1,1,2
1bb46b32-7cd0-4f4e-aede-13c70e073452,2,1,1,2
57935427-ce46-4fef-9b16-727ba738600b,2,1,1,2
1b88141d-a428-48d9-b9ac-a3eb267fff6e,2,1,1,2
aed2d389-7563-47fc-907e-40d75f81c956,2,1,1,2
f0e97fe8-78db-4804-a144-61735a0c13da,2,1,1,2
2623f076-47de-48e5-9248-06c7fdd99034,2,1,1,2
a1a07ff2-b188-4246-ae01-97dec35a2963,2,1,1,2
1ad5cbd5-01e1-46f6-b24c-52b16c627d83,2,1,1,2
7f7ae5cc-f9a6-478b-82e6-4c32975c294e,2,1,1,2
80a6e3c3-23d5-4f2d-8f8c-806268dbf8ba,2,1,1,2
986c4307-ca11-4b09-9392-68bf2ae0a940,2,1,1,2
57802706-75a6-4ebd-83b3-3f689d38f3ce,2,1,1,2
b8029559-1d58-b6be-fb6b-d51bd8d896ea,2,1,1,2
6aad6d4e-e998-4bd7-be53-2d4b55ef0184,2,1,1,2
5063313c-6c6c-45e0-bdb3-107cfa09afdd,2,1,1,2
98b96de5-4835-4134-ac47-8b2e5e07706e,2,1,1,2
3f8bf842-ca1a-42e7-8deb-767a249404cb,2,1,1,2
b2adfd9a-e840-4c7b-9947-4803544917c5,2,1,1,2
352f154b-a520-2386-7b4d-e185753a44d7,2,1,1,2
3b42c250-f0d4-4967-926d-c80f80a6014b,2,1,1,2
ccb58dbc-c2de-4435-9e6e-036c1af96125,2,1,1,2
00407f29-1236-442d-bab8-9c7b84273225,2,1,1,2
9ec096bf-009c-47ec-8aea-aa453620eca3,2,1,1,2
35caddac-cbb6-4f5a-96ab-e115efc16919,2,1,1,2
5af09cf0-2225-1f65-340f-57a953fbf4e9,2,1,1,2
08cafe75-fde9-4231-a13c-758fadd39135,2,1,1,2
c8c4e6be-6ced-4488-aa10-a43f86afd69c,2,1,1,2
b9481fe4-f4b6-41e8-99c5-88bbbceca776,2,1,1,2
353c6d38-8568-479b-a0bd-840246e2eded,2,1,1,2
5df6229c-670c-187e-4562-2b86b11ebce8,2,1,1,2
da289477-4ffe-4686-b00c-6f5d3a0de625,2,1,1,2
5854cd1f-a565-4007-bba3-5a7379a8a08f,2,1,1,2
702d5005-f948-4224-66e8-5bd6c3051bd6,2,1,1,2
a06de46d-4105-4e5f-b247-4f6da8c7dbef,2,1,1,2
780618fd-bd39-4ac2-8bbb-fda05b3498b9,2,1,1,2
a8c4df38-482a-43b8-a49c-3e1d9df58d49,2,1,1,2
d962d758-a1aa-4e73-a9c4-96ac4dfbc5ba,2,1,1,2
ed8459dd-f94f-4fca-926c-d9a3903b59d3,2,1,1,2
bad9a064-77c4-4a7e-b4ea-aa1cba098ab9,2,1,1,2
57df9902-0403-4e98-83cf-5afaf1b613d1,2,1,1,2
9c10c51e-2ec2-440e-9a8c-f28618f4af51,2,1,1,2
63d923c7-ad5c-4c65-87d0-4c9ef5a7af25,2,1,1,2
5217a949-4570-4195-ae58-50a6e3472ff7,2,1,1,2
7c73c63c-83f0-4819-a755-e62780ade58b,2,1,1,2
0710c5f0-4dda-4136-885e-053f99b916d2,2,1,1,2
418c18da-6269-4172-b871-dfc35263f2fd,2,1,1,2
89390574-a5a8-47b3-a739-c669d82aee8f,2,1,1,2
81aff1a9-7bb5-e3fc-c593-b131cbaf6256,2,1,1,2
f5b822ad-716a-42b6-87a7-7bac9bcab7e7,2,1,1,2
47eed620-bc23-499d-a486-18f0142a3d02,2,1,1,2
4f486de9-fb89-43b8-b545-ab0e1966d50b,2,1,1,2
459f81b0-8a1e-4c00-b7c9-3b886d09174f,2,1,1,2
beff7af6-9fab-49b2-b6ed-f673f2af6f93,2,1,1,2
192ea9b5-6458-4d45-9455-05d1e9ef2f14,2,1,1,2
ee87d461-f82d-4c57-b59f-53b260a490c3,2,1,1,2
924b0184-0905-4826-a5c9-d5f685b6921c,2,1,1,2
8db5ecb2-1ce7-4e9d-840e-c0ab4846cb85,2,1,1,2
ebea760b-5ec7-433b-be40-572a1705f4df,2,1,1,2
3ba0a82b-83ee-4a2b-90c3-722b0430b75e,2,1,1,2
1f6e1880-2fdd-4834-9836-9a7aca311baa,2,1,1,2
fbad374d-7f90-4e44-a9e3-eacb96fabadf,2,1,1,2
1fff8a43-a517-4144-b2e4-2048e2ff71e5,2,1,1,2
986f9edc-dec6-48c5-85ac-3b9455050583,2,1,1,2
680df80c-2bef-44d6-b0e0-5215fa350288,2,1,1,2
0d6a9451-a4f5-4024-abae-ba34fffd5a4b,2,1,1,2
2e11c46d-6557-4eda-a65f-28624222066e,2,1,1,2
1c0020e4-268a-467e-a878-be523ee922cc,2,1,1,2
c674d2f6-672e-aee8-02dd-7473c5549d47,2,1,0,2
df5cba08-e509-4eb8-90e5-6c9dd0c488da,2,1,1,2
ed963d9a-6e52-43d5-b384-781c002d879b,2,1,1,2
c874f477-a0a5-4453-ad4a-482f57177a38,2,1,1,2
8f419075-7dc4-45f7-944c-af040c129058,2,1,1,2
8386af74-fa0e-41aa-8749-d3762220b525,2,1,1,2
998847ab-3cc9-4df4-a2fe-334db93cd08b,2,1,1,2
cae5cef1-9574-40da-8165-70fcf57c42e0,2,1,1,2
2476ebe6-7c8a-4d4e-8087-1434b13887d2,2,1,1,2
40bd3220-7508-423b-af0a-2af8c6683afc,2,1,1,2
d4cf1afa-efae-4e9e-a108-f26712fce6ca,2,1,1,2
052d2ea8-4244-4c76-8b3e-2e158f2ad975,2,1,1,2
e742f896-ddb7-423f-9506-98eb7c978d53,2,1,1,2
4815fa3d-4e74-44c1-bde8-447c46bfffaf,2,1,1,2
32c77a0e-e864-41c4-99c6-c98206a8fdad,2,1,1,2
4405358d-af66-25ee-30d7-df2536129ed1,2,1,1,2
f61038de-5c06-41ec-86f7-0a8a2576c96b,2,1,1,2
bc911f8d-affe-42db-aef0-2e8674832d09,2,1,1,2
7b1451b7-1919-4f26-b776-8418a4c76c5b,2,1,1,2
9114da7c-0ef5-4545-8a35-f9583394c443,2,1,1,2
230ce985-fdda-4b53-aa3b-5dbd5c4d207c,2,1,1,2
9a11464c-84b0-44e9-9631-30d907d0948b,2,1,1,2
ead8dcf4-4447-5560-fd8c-fae760cf6aa1,2,1,1,2
22ed80c3-e36d-4ae0-9089-c84c23150450,2,1,1,2
176e3447-0123-4f3d-8b39-e91a842027ba,2,1,1,2
fd36f3ab-e153-464a-ae40-bed686ff6731,2,1,1,2
aa9ec4b6-7d2b-4d05-96a7-dfb6534d727d,2,1,1,2
a1400891-f613-4e3b-9443-fab643f8bcc7,2,1,1,2
763776fe-593d-4c6c-934f-1a4e1c09982c,2,1,1,2
dd8f2e60-3a5d-472a-8b78-cab8b0cfa472,2,1,1,2
dcde7dcb-fbd4-4465-bb04-40675dbfe58a,2,1,1,2
f9fe8cff-2d0a-4c61-90e7-416da4dd7d67,2,1,1,2
dbd6d615-cba5-4f4e-b426-90075d0aa6bb,2,1,1,2
bbb86dd1-6685-4d75-b3a5-efcf2ade8a4d,2,1,1,2
91a02c2e-ce4f-94b2-573f-c5e0bf056db1,2,1,1,2
81e70c8a-bbdf-47da-8618-684f877db157,2,1,1,2
dc5620ca-c786-4aff-a7dd-c18344b53067,2,1,1,2
125605eb-7f36-4b39-8e6b-f948246c9f8e,2,1,1,2
b65892a9-748d-4b15-a379-0a155b875d84,2,1,0,2
a8c230bb-eece-4a76-beb5-816fee243e9d,2,1,1,2
55640863-fe4e-41db-b4cd-fd7077804725,2,1,1,2
7bba4ad2-5fc1-4acb-a871-82b9b8d73340,2,1,1,2
5a664b00-a2a7-46c0-882a-debeeeabd93f,2,1,1,2
ab91373d-5ca3-4435-a3c4-272e2907eb1f,2,1,1,2
c932d0be-dc8e-46e1-8a0f-491e749fee92,2,1,1,2
f4e47947-30c2-4eb4-9ac1-1923b44534da,2,1,1,2
b4a99724-d2d4-40d6-b788-01fe18775446,2,1,1,2
9092a2fe-4563-498f-a9d0-934907ffeac4,2,1,1,2
585c075f-9604-4e38-97d7-d0ac89ddd8f7,2,1,1,2
d81f2b90-4497-4157-8c5d-1479e5aac277,2,1,1,2
84fe8b49-8e25-4fa2-b9a2-132c91fe2393,2,1,1,2
60999491-da0e-4b70-a61f-46debf967444,2,1,1,2
82e22e14-d689-44f4-ba74-2618e7312ba3,2,1,1,2
40c09423-0852-4ed3-bd15-505c508c048d,2,1,1,2
9d1c303d-002b-4dbc-b42b-5b2eb2056566,2,1,1,2
a3487654-0c75-48bd-ad56-b8d48920a5a9,2,1,1,2
d291f634-abaf-4e42-af2a-ea73e4d07c2a,2,1,1,2
821dc8e1-d399-26a1-113a-08f723b8af50,2,1,1,2
347c3100-cb82-485b-96b0-599098cfc9a5,2,1,1,2
7d1457fd-609c-4c1f-9543-ae30022d4977,2,1,1,2
69f76f8e-14d4-46b9-b835-47f87850706c,2,1,1,2
e4cd361d-da0b-492a-886c-2a22b7348bd2,2,1,1,2
81d12fd7-7b40-47d8-b4f0-95b0beb9dfa5,2,1,1,2
93872ca1-f520-42cd-a8d8-3c950d61104c,2,1,1,2
1152195f-800c-4459-beac-9d296e46d55c,2,1,1,2
b4de1c24-3ee9-47db-8b2a-9635d310990a,2,1,1,2
4690b60c-aa83-4ded-b8aa-bcddc1eb81a3,2,1,1,2
5627ed4e-61ff-42a1-843e-e8d7d41ba976,2,1,1,2
668f6fa5-58b2-4e01-af18-637ac016b260,2,1,1,2
1bcceda8-805a-4cdc-a1fa-992d972aa0ae,2,1,1,2
9cda16bd-5784-4c53-9df6-690d7e040491,2,1,1,2
c8c3d72d-0556-41a5-a493-73d3341e5518,2,1,1,2
f7c929bd-2e51-4473-b3ad-f83048ccb47b,2,1,1,2
f4176f45-b907-4144-b06b-4e8e7f005530,2,1,1,2
8621ab50-3849-40fb-b215-3be3995c88e0,2,1,1,2
4e58a9d6-a993-4837-87e1-99d30522f5be,2,1,1,2
0691c981-38a3-4362-b694-f2119f9398b4,2,1,1,2
b4cb608b-d9a1-47e2-8566-e2a58aa8e938,2,1,1,2
2a3f1bc2-c5aa-46ad-8f44-01ddf239eea5,2,1,1,2
2fb7c9f3-753d-4d64-8a00-b26e8f904ced,2,1,1,2
e5bddda7-5505-1733-e9fb-8c7ad7baf572,2,1,1,2
d3d2d3da-e391-49db-b255-748b481ca9bb,2,1,1,2
006aa83e-6d1e-4847-8341-70292bd50cf0,2,1,1,2
27e8dd35-ac12-4509-92b6-4660b3dfb6b8,2,1,1,2
a3f92e35-bf82-4345-b428-24849f420ea2,2,1,1,2
dd7c6a27-49df-45cc-b53c-d060b4dbec37,2,1,1,2
693d2419-2fb9-420a-a255-982cb5a49d65,2,1,1,2
b3267bf6-8d83-4fe0-a634-52f6dd8836f1,2,1,1,2
19f931bc-e7f5-467c-afc0-6445863ec5d9,2,1,1,2
233a41eb-7882-4669-ac1e-5c1c4acc09ff,2,1,1,2
a5c5c58c-7611-4091-bdfd-bc998306f00a,2,1,1,2
22ef6603-2a5b-448f-8229-b051fe0797bb,2,1,1,2
60eb5811-5da0-4f6c-8538-c05b76b1a260,2,1,1,2
f4ae1563-483a-4cd0-8f7e-95f3e37c3670,2,1,1,2
97408b50-3dec-473f-bd6d-8c9df052740c,2,1,1,2
7122f35a-222c-4870-848e-9a8c0b53ece9,2,1,1,2
14873c3d-35d9-4d83-b3c8-09013737c2d1,2,1,1,2
3d98e5cc-a3ad-43b1-9111-eedf914c6281,2,1,1,2
c32cdfcc-98e7-4cf3-911f-463221972eba,2,1,1,2
041d73db-c9d4-45ce-a885-328a513308c1,2,1,1,2
c5ab0793-4213-4044-a12f-2060e44f282a,2,1,1,2
3daddf5e-18df-4e20-9583-d9180b815e2e,2,1,1,2
5514c880-6fb6-c729-e9d8-2f51ebd636a6,2,1,1,2
3d69d605-123e-4724-b89d-568ce8d47330,2,1,1,2
79f0d26d-985e-4911-8f42-fca0ce591be5,2,1,1,2
77769653-b8f2-403f-a6ba-6fd3769015a7,2,1,1,2
f83da529-f4af-44cc-acde-0b76e8f91ea6,2,1,0,2
464bd4f4-a785-4767-bc1a-05b149fbe637,2,1,1,2
9271ba22-da6d-4a4b-9a1f-576ada7ced39,2,1,1,2
a98224ec-3752-4c5b-926e-5e1ed46e2ddf,2,1,1,2
3e9a4e4a-1bf6-48ed-aeaa-107dde8e3f58,2,1,1,2
6a3d8b88-ec75-4f7a-e855-9f068cc6e395,2,1,1,2
955a6e7f-804b-44b1-ac72-d9d0275ae463,2,1,1,2
efdfa8c7-b8ad-4891-8c89-c065946474ab,2,1,1,2
f6fed279-428c-4b87-959d-20954e5d924e,2,1,1,2
80efd86b-0f65-4a36-9f53-5c266214aacb,2,1,1,2
8e17d15e-cede-4710-93b0-9116c3dfa043,2,1,1,2
5ccd19d3-c15c-4ada-ad27-9bff61e1fef6,2,1,1,2
f057157f-313a-4a2c-93f8-92928d3d511f,2,1,1,2
fa046e80-89e7-4ba5-8746-55b7c9f7eefb,2,1,1,2
9c0a6ed8-0a9e-4426-8eb0-1c62ab1cc0bb,2,1,1,2
8874acec-16db-4125-9764-0abc23c64a65,2,1,1,2
9fe06c80-9877-42cf-b70a-182999ee9ce0,2,1,1,2
383475df-e6c6-3609-93f9-a6dc61ca10ac,2,1,1,2
0e9354ba-d093-4e8a-a000-d675daa804d7,2,1,1,2
bda0ba8f-98f1-4c77-a483-8409e9b4bcad,2,1,1,2
2ba61e8c-013f-490f-beda-340e223b0398,2,1,1,2
fa2f23be-534a-40fb-ba42-38145b9d0b6e,2,1,1,2
43dc2c4e-1a91-441a-a174-fc86422636bf,2,1,1,2
e3f775fb-9200-4418-9c61-16ec5dbf4dd9,2,1,1,2
f9b7a87b-4bd3-4817-8f00-2a1179918ae7,2,1,1,2
e8a08152-c11b-4b79-b3bd-32a2421eeca5,2,1,1,2
1ff96f91-d77f-49db-9d2d-8846c889c99a,2,1,1,2
aa95b88a-1b7a-40ac-8100-dd241ad36125,2,1,1,2
6b3c9ae1-4d3c-438c-a686-004fe471bce5,2,1,1,2
6cd4552b-76f7-408c-a073-2b80347c31f5,2,1,1,2
7430f8ac-c820-4f30-9c5c-ac1459edfad5,2,1,1,2
794d656a-d0b5-46ce-8181-ba29e202238f,2,1,1,2
a9703f0a-44ab-4c22-9858-d0d732b920c2,2,1,1,2
822c6576-8ebd-499d-9359-7dcc08de3b86,2,1,1,2
660f0d3e-671e-4846-8cde-f7d550d7e62f,2,1,1,2
938539d2-015b-4262-91a8-a1f5d891938f,2,1,1,2
886dcdac-5921-4a86-a958-613b54f40984,2,1,1,2
209ae8f8-91a3-4ed0-b232-b7977f3b9f3d,2,1,1,2
7e550351-23fa-601d-177a-e4f781c1121b,2,1,1,2
e7838628-62e6-4f8c-8609-c448d1f492f9,2,1,1,2
2c21fdae-7faa-4b17-8dbe-c225219b6026,2,1,1,2
56d8bcd4-793e-486a-8b59-f3106c8579e2,2,1,1,2
838f98a2-5e99-48e6-9a84-b268e3850d8c,2,1,1,2
7e804afd-b370-e85d-b0d5-722e83dfcd39,2,1,1,2
e46dbb73-8136-410e-a491-c5b1ce1cfdfc,2,1,1,2
545a42f0-a3e3-1747-6477-d991459534e4,2,1,1,2
cf604fd5-9aed-46c1-b68a-61326bb4de32,2,1,1,2
ce0dcd29-f8a0-4192-81ca-b7eb5aab53d5,2,1,1,2
3a1fded7-3f4a-4653-916c-5a904d8c297b,2,1,1,2
b7771258-27af-467f-9c04-12783c105b66,2,1,1,2
9568abb1-9fbb-4c14-8e99-c2f83bee86c5,2,1,1,2
61ca6b75-55b9-4648-b0cc-71baab5f9e2b,2,1,1,2
373320f8-97b9-49a5-8df8-2ca9d26d8fad,2,1,1,2
bc5be874-4967-48d1-aa58-22b3cde86484,2,1,1,2
6d111935-676c-450d-90c3-d8ca1e756ed0,2,1,1,2
b06e9617-03c2-4d61-8389-4180b56c183b,2,1,1,2
2839e247-5b4c-4edf-a89a-fea54b4f889b,2,1,1,2
34520251-3ea8-442f-8ea5-55ae7cdef766,2,1,1,2
01f2ea9c-8159-4688-9f62-bcc11ba376a5,2,1,1,2
f1494b86-d6df-02e0-100b-1ad16a747b0d,2,1,1,2
1f411f3a-ddfa-44fe-9570-e1188108b894,2,1,1,2
34e3538f-7f7d-422d-a499-1605b71f3fd0,2,1,1,2
90a912f1-7033-4187-9314-10dcf165ea87,2,1,1,2
7efc1e47-28e7-458d-8389-3a2688c28617,2,1,1,2
6fda1e07-e8fb-4978-0df6-a0103f195da2,2,1,1,2
7b99d9f8-5e5e-404c-a6f6-37cc9be829ab,2,1,1,2
6cc54b41-c70c-4665-9e22-139b0875f1f4,2,1,1,2
bb39b4f6-9dd7-4cb4-9b19-6c20f4ecd574,2,1,1,2
b8609fea-2bdb-41e0-9c2b-e029d4ef7cba,2,1,1,2
53696af1-f605-4d55-9a36-33061303f47f,2,1,1,2
c25c46de-647b-bbdc-6f02-a8982c7f438e,2,1,1,2
f119878c-38c0-4b55-98fd-1173f808b4d9,2,1,0,2
58d4c934-aaed-4988-99de-22a46e111e23,2,1,1,2
286f7323-8206-4c56-b1e5-71828565dc73,2,1,1,2
e49ce8a5-da12-44d9-a42e-efbc7c7d1cce,2,1,1,2
96e9a8e9-ffd9-4878-acbf-dc6e97890b87,2,1,1,2
2c3dddcf-5f57-467f-a314-0cdfbd609306,2,1,1,2
669dee51-3336-4a8b-b1e2-6056085e52a2,2,1,1,2
8b3b69b9-85f9-4c54-9208-33731de48a2e,2,1,1,2
aad3f4e2-290b-4958-8c21-7b29a28266e5,2,1,1,2
d60aaa42-3499-461a-b936-aef76c20206d,2,1,1,2
d86e71d2-9e93-48ad-acb8-e298f3e315d6,2,1,1,2
1ee0eae4-e3a9-421e-9ec8-05b1ed36485f,2,1,1,2
5014a1f5-8c0c-46c1-b5e5-1f5caa1ef87d,2,1,1,2
30e3fa3f-e7c1-47d6-acf6-525d91ee53ae,2,1,1,2
c316d6a1-ac2f-45c9-968c-c4341cc59b2b,2,1,1,2
ca1f0c93-74d3-4f94-a02d-ce8b1f63b356,2,1,1,2
0a574af2-8ce6-4f26-9586-4bf757c634e7,2,1,1,2
f749c29c-197c-477b-86e4-32c4147257f3,2,1,1,2
816fd3d3-da36-482f-970f-9918fd05d664,2,1,1,2
bdc9701a-fc2f-45b6-ac7f-b5d62a203937,2,1,1,2
6d054100-f68e-43d3-b0d9-8466e4d2f285,2,1,1,2
e296c479-fd83-4e72-9c17-e6a61ba28504,2,1,1,2
eecb519b-d8e8-4f2a-93f4-974099e7b36b,2,1,1,2
c27766eb-09fd-4506-a5f6-60e0a68ca66f,2,1,1,2
17f42229-1fd8-4e3d-8727-d9dd2e1ef546,2,1,1,2
237dfbae-c991-449b-b84a-835b709b4a31,2,1,1,2
ec27deb4-f6d4-4845-9dd3-c120caf3cb74,2,1,1,2
cddebb1a-78f7-4f8a-b980-077bd87b43eb,2,1,1,2
e3ff4ec6-57d5-4ee4-93e1-56e27c8a41d6,2,1,1,2
0dc93fc9-13d5-4a9a-86f6-9de4ab68dde0,2,1,1,2
ec44a500-6d70-4659-9208-850858064b3b,2,1,1,2
a82d3607-e4f0-4c0e-b548-54f027b78e0e,2,1,1,2
59edee0b-cbf3-2086-f2f0-26b03c59bab5,2,1,1,2
fa6ceb7e-6e52-4f4f-9434-314cd0eea168,2,1,1,2
8f737356-972e-4a45-a507-c67352f529a6,2,1,1,2
019bc09c-8f53-2f88-4143-134bfe9d207d,2,1,0,2
d1bd9894-2669-4d7e-bf7a-91d651d68dff,2,1,1,2
83dd2007-69c2-5223-7bee-5e29a5017785,2,1,0,2
bfb0f026-b257-a52c-b68a-590d4a0070be,2,1,1,2
e6900fbe-6b13-455c-8292-76b46fb2943c,2,1,1,2
1bb86845-e3c6-4178-9550-720d807dd307,2,1,1,2
43d1080c-3c8f-4a71-abb4-283a4a9ea4d2,2,1,1,2
ce0cde23-f15a-4171-9ab0-a8c80131c751,2,1,1,2
f1f8d2b7-0b28-4a7c-950c-39bbafd403a8,2,1,1,2
fc90c38a-1902-4b88-90ef-4bae9e4bbc00,2,1,0,2
7ea40169-8960-40a1-a640-3a1604b3d841,2,1,1,2
17ddc332-351a-4eda-bb32-6cd4cd84ac8a,2,1,1,2
849c6f29-8502-4b5a-ae34-78de55a00df0,2,1,1,2
7c69d4dd-28f8-4360-bbe3-73fab4850651,2,1,1,2
6f3a41cd-236f-447d-9572-58cd450d2699,2,1,1,2
45e0fa50-0509-4bb4-b91a-f03c237b7c85,2,1,1,2
c71a018d-1f9e-4881-b0a0-af16477c87ea,2,1,1,2
b09df296-c5e9-45a3-8843-065871a2dfed,2,1,1,2
b6ec6bab-8980-4dd4-aeda-800f852bb3fe,2,1,1,2
1cfc551c-b1c8-4b08-b695-e812af975c51,2,1,1,2
9a01cc7b-5104-4ac9-8dbc-3a3596f62ec4,2,1,1,2
e796428e-6e9e-4c08-a737-32bc21f17646,2,1,1,2
a10a8d5e-6c08-4edf-8fcc-8cad6889a9b1,2,1,1,2
6199c4f9-e6dc-408c-9931-7dbb6607e177,2,1,1,2
4e17833a-57b4-433c-a5e1-c2df26ce02a4,2,1,1,2
b09755dc-150c-4f3e-a160-b9c02097841d,2,1,1,2
cbf19c81-018a-4fac-b54b-f3a321d06608,2,1,1,2
828019ad-40e2-42e3-8450-f4035ce60828,2,1,1,2
eba3d673-bd71-47bd-9914-b74e5eb7fb03,2,1,1,2
d54834d4-730e-4f5d-b4a3-d32f4c2cea37,2,1,1,2
681a118d-ab29-460e-ac33-512b49a375af,2,1,1,2
e76b0927-ab19-429c-9a14-cf41ffb3c313,2,1,1,2
0c05fe3b-d9df-4477-ac67-d6432f69117b,2,1,1,2
4a6bf2b6-6647-4d02-81ff-dbd5a52d22a5,2,1,1,2
5f98fa85-bd5b-432e-b2a8-f40becf88b94,2,1,1,2
d8e00dca-5c29-4ec9-bddc-bffdd162ad03,2,1,1,2
6bff4373-1769-4a03-8bcd-734d58e8492d,2,1,1,2
d5a03f05-2c1f-4121-b166-c9cde8caba8e,2,1,1,2
08e43207-999c-4919-9522-c85d7cac5d2e,2,1,1,2
ba34480f-b32c-4760-92db-225227fa1b96,2,1,1,2
1c3433e5-08cf-4d78-87e6-a361b260f742,2,1,1,2
aaec8794-9870-4910-80bb-a91aeaa25d68,2,1,1,2
c1613f2a-658b-4cb2-bf34-2e50b32ffb56,2,1,1,2
12a81c4d-ef5d-449d-9dfd-e52610460f39,2,1,1,2
279a254b-3243-431e-b5a4-614e5c2529a3,2,1,1,2
72c4bb26-3349-4979-8baf-db5030aa77fe,2,1,1,2
3ad784f4-e10b-4042-96ff-fcca1277ea15,2,1,1,2
f08d5391-0b0f-4d45-b7e9-804c9cef78fc,2,1,1,2
4632f76a-75cd-4d64-b7c3-3a7b099b2592,2,1,1,2
53d58058-25d2-4afc-ad53-3dfa7dcbd230,2,1,1,2
974a1b7e-9ca5-a0a8-6089-5f1af5eeaa14,2,1,1,2
a59d1b5e-5a2e-7dd8-62d1-6499cc623ee6,2,1,1,2
1360cf06-8fa4-180c-d126-a7c7cf6023be,2,1,1,2
580ec407-f110-4d04-bdd1-2db8c2bacc4c,2,1,1,2
7c01a6bf-ed55-4c36-af44-214d72791144,2,1,1,2
fe1f9a83-ee90-43e9-a75d-7ace2ecc3fda,2,1,1,2
6536923f-34a8-457f-a66e-c80dee027b3f,2,1,1,2
67bbd546-6120-43f1-88f9-b04fc49e2822,2,1,1,2
7cea7a68-018e-3a8d-dc66-5d338e2e227e,2,1,1,2
f035e1c2-59a6-431f-9a42-84dff74cf363,2,1,1,2
8d1bb60b-3dd9-4683-8ba6-a8484b7f6f26,2,1,1,2
f56d6848-7bbc-491c-b360-7ca1ef25d0e1,2,1,1,2
f43ad677-82aa-4af4-972c-27242597fdee,2,1,1,2
1e0a72e5-f4d0-4e0a-af05-a4c5c8eea26c,2,1,1,2
6fcbdf7d-e3d4-41c7-b9ad-4636616391ce,2,1,1,2
c531adad-1d09-43ce-b2bd-cd4a50359630,2,1,1,2
34d0f562-9e4b-4626-87aa-700dce806bf8,2,1,1,2
02c4ef27-6f76-431f-935c-5d2d23347f9a,2,1,1,2
8d055ca9-7c99-4273-9dfa-24273136c954,2,1,0,2
b69a9b20-6de5-deb0-5a59-a4425786b8f9,2,1,0,2
dd627fe1-98cf-4d53-adaa-2a0b3b9690c8,2,1,1,2
0efedf19-eaa3-4687-b3ce-d2a2503532c4,2,1,1,2
914acda0-d829-4c71-ac8c-dee455665d21,2,1,1,2
6b574fe2-27cf-47fb-a0ed-1fdaa2fc1fd5,2,1,1,2
085efbcb-9312-4611-8280-9324bbbb99be,2,1,1,2
3fa80842-0e08-4143-b79c-f25c675c647b,2,1,1,2
24b9d6ee-4576-474e-a9bf-d971f2195147,2,1,1,2
8089aad5-ccde-722d-99bf-3dcb23745631,2,1,1,2
8e19d2c0-af32-4526-b94a-0f38b5b62ea7,2,1,1,2
9434c2d1-1e2b-45bf-9403-c3991226cace,2,1,1,2
e0d027e6-18ef-49f9-9a89-8072e4ff9daa,2,1,1,2
a15c7beb-d9b7-4b1d-b751-6da7dc54533c,2,1,1,2
ad88f89b-f645-4999-83fb-ee0cd6890aa6,2,1,1,2
466628e2-3220-46a7-b590-33ccb8317c65,2,1,1,2
d796b8bd-d852-4f19-a335-04d256ef2b5f,2,1,1,2
aaddc6e8-205a-4a4e-ae56-992e7e5d1f85,2,1,1,2
94efb60d-cd33-4cae-8b05-db8e99929e22,2,1,1,2
b1db1d31-01f6-ce36-597f-4904645ee322,2,1,1,2
a135ffb9-cfb6-4c46-aef2-b2524c66ef38,2,1,1,2
3ba68797-03a9-461d-bd89-5fbb92bda5c8,2,1,1,2
7834d5b5-6df3-4823-b0b5-289c3a02eddb,2,1,1,2
95073aef-fcd5-40f8-b5b5-13f83a400f6d,2,1,1,2
66933532-a74d-4ca8-8517-0dac24b507ef,2,1,1,2
e79ffb1a-d65b-4085-b8b7-c26d80b93eb0,2,1,1,2
c815eeef-1ec9-4ac8-8949-87adcc520cf2,2,1,1,2
28cbf05e-f5c2-493c-b984-37f22e406625,2,1,1,2
6536f1c0-400e-49ba-8576-fcf0c487d9cf,2,1,1,2
1c3e8ea7-743a-4355-a0c1-e9ca890146e2,2,1,1,2
92507f8c-7486-4e0a-a058-4d2ca469f4ad,2,1,1,2
336a9f72-feee-4a5f-9dab-02a0598eee73,2,1,0,2
3cf34dd7-ff6f-4a54-bdd4-d93518077c8c,2,1,1,2
89a5b151-bf05-4601-a01b-25fba4dbed83,2,1,1,2
96168074-31c1-4b70-b6f9-a04f678bc37c,2,1,1,2
ef1825b7-058c-4dd6-b0ed-aed9da8f50fb,2,1,1,2
425c3967-e8c6-4ff6-a57f-ba24e51519ff,2,1,1,2
8f9e2f08-c1d4-493c-99e7-2aa5d66f8e15,2,1,1,2
7c76b78c-d186-dd8e-e40a-6f9b11e7a295,2,1,1,2
2ea6f2f0-fd19-48a8-b93c-2c50d431c9f2,2,1,1,2
07d3ff62-bef5-4060-b8e1-e4ba229e257c,2,1,1,2
3c7c0795-8b43-4b7b-8161-0dd0a54cfc62,2,1,1,2
c7c50cd4-7537-42bf-ae46-c2368eb33f92,2,1,1,2
bf7657b8-f2db-4c63-ae2a-6ac54da1e1b9,2,1,1,2
6665728f-70ab-4a7a-af3f-5d528f229a7f,2,1,1,2
f840fc36-5a64-4112-b800-e525383445ae,2,1,1,2
e86613dd-4284-423a-8bbd-ca45e0a39432,2,1,1,2
b2c4a342-0fbd-413d-962f-964d7bcb55ab,2,1,1,2
8c235336-0539-4f18-881a-eba7a44d4349,2,1,1,2
46a3e9ea-c24b-43f6-aa81-c3d87bbe4462,2,1,1,2
c39007e4-f737-4d4d-b609-054df19a0c82,2,1,1,2
9fcfbcde-a36e-47e4-8ecd-688fdfc43f1b,2,1,1,2
7251bad0-dba7-4e27-b798-7ead2025e8bb,2,1,1,2
8be06b53-f075-4e2a-b598-9299b59187ad,2,1,1,2
ebbb647a-dde7-4d39-abf0-a9c6632349cb,2,1,1,2
3fe2d661-65e8-d7dd-05a3-8756a20639db,2,1,1,2
06cdfb35-de33-42a0-a9b8-a9dbfe5aa2f7,2,1,1,2
d4edd7df-ebe8-3275-8045-2ed5affb71c8,2,1,1,2
fbbcc195-fce0-4aca-b823-61a308efd7bf,2,1,1,2
a1c9e1d5-2b3b-4b22-b09a-868ae6bd35b9,2,1,1,2
7060e0c0-166e-4d15-a2d9-8d525b1b1c46,2,1,1,2
5c7fc48c-3b0e-40e5-8e25-4f28b7123eb1,2,1,1,2
ce2306c6-41d5-44fc-8407-adac2f11f5ab,2,1,1,2
2beeae77-89f3-45ad-812f-e6d58fa1672f,2,1,1,2
220c7b18-d098-49bc-b3ff-5981c9241622,2,1,1,2
a36b169a-86c2-4d9f-87bb-fa3554f1dbef,2,1,1,2
4504cbf5-af23-4119-9817-12d54f828201,2,1,1,2
7676d194-2140-4c64-8817-0fe2b76f8dfd,2,1,1,2
74a072e1-8f15-4017-b03b-7c32527af98f,2,1,1,2
665ef508-c5fe-19f0-85e8-c4e287266005,2,1,1,2
25285d95-e378-da0c-5ef0-5a070619c50e,2,1,1,2
8ab46506-d19f-4f2b-89cc-e95800bdb34d,2,1,1,2
2ef20643-6f90-4837-b4d3-3b8bd234a787,2,1,1,2
b9d60d07-64f6-4ee1-b84a-435ac77f4488,2,1,1,2
c5e5b6c2-757d-4491-9997-75c1b77a9823,2,1,1,2
b158fd30-7b87-4c42-8b7e-6a43fb8d177b,2,1,1,2
019e8f81-6931-4d03-8bb4-ad72f7bae1aa,2,1,1,2
4afeaeee-df98-4662-aa93-92fb37fa1d90,2,1,1,2
538a8ee1-d32e-fc2a-eaff-84dbfe183c99,2,1,1,2
4d7340f7-0e52-fbe9-4194-15cb28247984,2,1,1,2
618e9339-5a36-4404-9b19-311560952cfb,2,1,0,2
124b1377-9909-4c36-8052-e99b371b0e1e,2,1,1,2
48c2e5af-2053-467c-bd9f-acc51c66bd18,2,1,1,2
c842d757-5aad-4024-af29-d777644fb353,2,1,1,2
b0f1b14d-0fd2-482e-b540-655fed2d6b46,2,1,1,2
a16c4aa9-957c-4a67-b2d8-b7b324c1e0ea,2,1,1,2
d76290c2-3580-4c61-bef8-428e1868e28e,2,1,1,2
3568126b-a3c3-7b18-527b-3d7643b40787,2,1,1,2
48ca538e-68be-4e24-b276-6a0c63e64a4d,2,1,1,2
1412664a-4ddf-4d60-aae5-ad7d2c9726c2,2,1,1,2
922ed161-c4ce-4252-8349-d59063dd6943,2,1,1,2
2861df11-dcbb-44d6-b962-99bea4f36aaa,2,1,1,2
a5b218e2-8313-5944-3c54-5ab9ded0d105,2,1,1,2
d833b75b-cac2-47ab-a5ff-95dc82dd6985,2,1,1,2
fef0a782-c843-4939-9d32-7546999579d1,2,1,1,2
a67b7ffa-8c47-4acf-92b9-ef23c77506a5,2,1,1,2
1ee540b8-5e10-4b1a-8dbe-4e6c78d9d5fc,2,1,1,2
be91d79e-707b-48ee-b921-9d8e9e9c6394,2,1,1,2
cca70226-6ba2-4e16-94e3-368a18d23186,2,1,1,2
3092de7a-89cc-4b47-92e7-8339c4bd3e40,2,1,1,2
8522487a-874d-5f02-3f46-65c60973e775,2,1,1,2
15c4a890-c85a-4410-b05f-2a5543294495,2,1,1,2
f81e8d06-d059-41ff-9571-d0b99efa9654,2,1,1,2
83b3bfc7-4dbc-4d73-b44f-8ed4e6ceda57,2,1,1,2
bb84b285-f7be-238b-1cb9-f76a15450cc7,2,1,1,2
3ccda1d7-3427-4450-b4f6-1f5ba9f22187,2,1,1,2
ca83265d-d207-157d-1100-134e8796f84d,2,1,1,2
952301af-ad50-4386-b777-4245fcfbdd16,2,1,1,2
59427f52-ce31-4745-aa06-8537db4d8ad2,2,1,1,2
0dafb1bb-1b4f-4df4-bf1a-9096a90d4278,2,1,1,2
774112a6-f623-4268-94a6-d9c3eed853d7,2,1,1,2
df0fdabb-2713-4e7a-bb84-9871884efe59,2,1,1,2
f74544c5-1863-4664-86bb-c5fbcaafe320,2,1,1,2
c6a3d04b-a938-4f7c-b9e6-77c12f31b66b,2,1,1,2
30026f29-1789-4334-bd03-7b20329aef0d,2,1,1,2
25ab6313-c294-4f60-a6fb-dbf6a0731e84,2,1,1,2
19b11085-e0ba-4c0b-b069-ddcadb466910,2,1,1,2
0dc01a62-c564-49fa-b421-bfc9afe7a985,2,1,1,2
bff3a7d2-4134-4ec6-9b41-fc0a3d856c9c,2,1,1,2
6993df8e-ae57-4e68-b755-9a5ed14c5347,2,1,1,2
1939856a-3957-4be0-a291-381803c8c848,2,1,1,2
0f094630-3a5e-4bf3-84d1-9a104143b484,2,1,1,2
ec7f955e-7497-442e-b6d8-7a63f4a6fb85,2,1,1,2
5316656b-c1b7-4f89-82ff-5476137fb830,2,1,1,2
4eeb4be2-2bb0-4bcc-9911-31982c4f28b1,2,1,0,2
866da30a-fe6d-4c94-bfe9-17ea80aca8ca,2,1,1,2
407d0800-9b61-4b6c-8713-ede11563e74d,2,1,1,2
a9fd9bc8-19a7-446a-dfb9-3a87f9428bb8,2,1,1,2
e49b1572-f993-40cc-a15e-2afc2f26f393,2,1,1,2
215242a3-b690-4f6f-a99c-278609d7bae0,2,1,1,2
0749f3d4-9ee7-e184-188f-293007d20641,2,1,1,2
1fb2d021-d9b9-434a-9485-cf732400de13,2,1,1,2
f159b578-7784-4024-1ab9-e502d8c23e13,2,1,1,2
07dfec0a-9771-4473-96c1-0e1bfc4b12b4,2,1,1,2
1687e737-7700-4383-bcd5-24b9c3cdc285,2,1,1,2
95d26599-c372-c3cf-e18d-ea83e22f0318,2,1,1,2
28b8d59a-3d4b-4b64-8862-f0d534c07b11,2,1,1,2
948c7471-d08c-4368-87b8-1831c672662c,2,1,1,2
a9e4f7ae-6cc3-4d6e-82ac-440f4f423740,2,1,1,2
5057af5b-5ddf-4270-930e-cc13b7cdc5f6,2,1,1,2
7ef08cf9-9649-4029-adab-269c07e36dd1,2,1,1,2
4fb19ac4-cdb2-4d0a-842a-f70df8aee7d1,2,1,1,2
c7db55c6-ba85-4816-b569-da786e2a6791,2,1,1,2
89dcb45e-4e5a-4239-a96f-3f758cd36762,2,1,1,2
a3c6929a-dfc8-4447-bb72-8052f212285f,2,1,1,2
cbe6add6-1245-457e-a379-1aa163045cbc,2,1,1,2
aa675b11-0091-4af7-b8fc-efe5edc0ef52,2,1,1,2
33ddd83d-2534-476e-86e8-215ffb0ce516,2,1,1,2
46538a97-7e6e-43ab-b29b-e49bfa3b120f,2,1,1,2
cb249216-f70d-42b3-b66e-3e23949e4505,2,1,1,2
498d0395-14ee-4dda-9811-7942dbf318d6,2,1,1,2
c2bb08e1-0e30-4d01-8f3e-0134fafc2739,2,1,0,2
c9c8f60c-e153-897f-ca45-f829e0797c48,2,1,0,2
423c0002-8513-468a-bfde-ae20ae6e3c59,2,1,1,2
075d702f-2216-4fa3-959b-a5ad5e41963b,2,1,0,2
f2019929-1dee-4fd5-809c-347a7a36e542,2,1,1,2
08d0056c-8e66-4e46-a712-5f6c9694ef1b,2,1,1,2
f8a8c9cc-1e43-6a38-8214-7edf6fe3b327,2,1,1,2
a09157da-4381-4bd0-8ebf-1037c14da8a8,2,1,1,2
2b80eaaa-3fd4-4a4a-8110-66e9eca95c6d,2,1,1,2
cbeb8b91-7e05-4867-a108-9d719444ac99,2,1,1,2
7089dc0e-2aba-7815-8854-8e17c0fda912,2,1,1,2
7883bacd-6c2b-4e80-8017-38a69a5c295a,2,1,1,2
a3387964-3a04-48b6-9ab4-8edbea29c5ac,2,1,1,2
c730f91b-f120-418b-96e3-d6944f320778,2,1,1,2
2e779359-df9b-42e7-97da-eafc8264eb6e,2,1,1,2
69a2f581-9451-4f16-b50f-64a1e7315b5c,2,1,1,2
376e810b-db7a-4a7e-9958-6680277abea8,2,1,1,2
eb11bd59-0ad4-452f-a9f2-2aeace3d809c,2,1,1,2
58bd985c-13f4-4eb5-8c3d-71ac3c39ba27,2,1,1,2
3a14f0b6-9d67-453e-bb3f-001d77238080,2,1,1,2
1ba37395-f618-5fa1-ac88-5d83e04c5de9,2,1,1,2
dbe22d16-db90-44ba-9f85-8353802001cc,2,1,1,2
7e3964c8-a981-4eba-8e40-ccc9baf0bce1,2,1,1,2
52bf9405-1150-46f6-9873-2539957c4b85,2,1,1,2
c1db8e67-0203-49a7-88f8-be8643a666fe,2,1,1,2
a6e77909-aae4-4391-a8c5-718273975be1,2,1,1,2
474d1389-809c-4509-b0ac-1fc3b61c590d,2,1,1,2
c228e4da-47c0-4287-84a8-fc52d542992b,2,1,1,2
c879da4d-c044-4f94-9b21-442bbc7900f7,2,1,1,2
f6f4105e-e4f8-4d43-b800-c6899cb0ec7f,2,1,1,2
bf5354a4-806c-96f1-816d-be968f1633b2,2,1,1,2
fd52655d-6ed7-4a34-aab4-428db9113f13,2,1,1,2
c0a6eab2-61ae-44c7-9777-be3a9eefcb37,2,1,1,2
234987a6-f79f-4e4c-a76a-41c252566028,2,1,1,2
6f2ea2a2-f7e4-45c1-8422-1b4bde155294,2,1,1,2
a725e043-2c4c-43c8-8274-28c6b70b3333,2,1,1,2
8487f358-db1b-41d4-85e3-5f037fc77d04,2,1,1,2
a246c40d-09df-8e06-87b7-811ba4e189a4,2,1,1,2
4002f6a9-d3bf-4891-89f9-4b7ade6cfc19,2,1,1,2
082a75d5-58a5-4fcc-b645-eb68fd35fe43,2,1,1,2
f06261d1-63b2-4777-9fa5-3ee3a77cbca3,2,1,1,2
ffe8f996-daa9-dad2-94f5-1a8e942a6fae,2,1,1,2
b4bd132c-f06c-490e-8a76-d22ef2ef2781,2,1,1,2
5c5fd2d8-b209-4266-a64b-04934270c113,2,1,1,2
f754203c-b1eb-4ca1-9fc2-264b2cf51d9d,2,1,1,2
a969a950-5d51-471b-b33a-0bb847f427bc,2,1,1,2
579de03c-3ca4-41d9-b1f9-c433efcebe7d,2,1,1,2
a37f1b43-7168-46f5-b9ad-049642b30fd1,2,1,1,2
faabebcf-688c-4657-839f-cf6ffcfc3bfd,2,1,1,2
2eef5289-fa89-4009-8d56-b7c3afeaa8c7,2,1,1,2
b145e504-21b5-403a-b619-76c436468481,2,1,1,2
702c6abf-500e-4578-2eb8-74afe2eeca4a,2,1,1,2
102c1f3c-b985-4d2d-9200-2544e1393d1f,2,1,1,2
10c71ee8-d494-4cfc-8800-9fe3e2a0de0d,2,1,1,2
18904c0b-c3fc-429b-9d9e-6d845a09883c,2,1,1,2
58763c02-e0f4-42bc-b89b-2528c822c60b,2,1,1,2
7fdcd138-e34c-48b6-b5ca-9a4f7625d8cb,2,1,1,2
56c9bccd-1818-460d-8cd1-d27517beab7d,2,1,1,2
bdc448fc-4c79-46b4-869d-84807229cb44,2,1,1,2
70425bc5-6a80-4c25-93fa-a34dcb6d522f,2,1,1,2
533e62ef-6074-46bf-beb3-e8872b09e4c0,2,1,1,2
6df016e9-d965-18dc-6a11-5d5ed4405661,2,1,1,2
51ea7a26-0531-4b8d-bc21-646faff34565,2,1,1,2
a17c85e8-7c38-db21-4f11-b8259baaa25b,2,1,1,2
8d82684e-e389-48dd-a5e4-84068db53a00,2,1,1,2
742ed1ce-7fff-42c5-814f-9a29a91cc6c7,2,1,1,2
aebbce85-5e74-4feb-9440-fbabf855d471,2,1,1,2
1093030d-3595-41c1-88fa-718241d50082,2,1,1,2
ce3435c4-adef-4b87-b91e-10d28ccc9293,2,1,1,2
298a7dcd-1c0c-413d-8937-812352cc3966,2,1,1,2
33c7f93e-6fdd-4af9-af19-e3fb39dfa7b8,2,1,1,2
f19112a8-bf22-4f32-8245-c85854fb3c5f,2,1,1,2
1cf2bbba-b3af-4c3e-b28b-ace2d9955ab0,2,1,1,2
0ac1746e-0afa-45f0-8e5f-264d9c3fb794,2,1,1,2
d1834af2-be1d-4250-b113-2236fcd94526,2,1,1,2
818db1a6-ee1c-4304-90f4-187ea821f30e,2,1,1,2
b0fb90d7-0034-4556-8d5e-336628ccd212,2,1,1,2
573a8b50-f926-495f-90c7-cc574738f4f6,2,1,1,2
5b74d0d2-472c-4025-bea0-b82450735818,2,1,1,2
7da39de8-9e15-41b9-bb01-4572afcaa205,2,1,1,2
df39a1f2-1683-45f3-b72f-684f55934dbc,2,1,1,2
81630672-39bf-477c-bba4-7b087c1053a0,2,1,1,2
d8c47061-06ab-400f-871d-5e0ad2adf4e3,2,1,1,2
aa986efb-7939-49be-98d8-4bff112cf684,2,1,1,2
a8e8aec7-6d2b-2450-4f6c-fe769d3204fb,2,1,0,2
65483345-1a30-41b8-9384-c4d3dc3ede76,2,1,1,2
d19a9b2d-0e4c-496c-82b4-554e0756d475,2,1,0,2
135e059b-96a8-4ed9-a72d-ee34b3cc1ed9,2,1,1,2
ab3d07df-6f6f-4dce-bf73-66fc9fbddefd,2,1,1,2
72dacc36-2b4e-4394-9cbb-3311f3ce5f63,2,1,1,2
0f1fcb06-2090-4f49-b486-87602414f66b,2,1,1,2
c7a09b96-0514-4b03-846e-65bc060afb75,2,1,1,2
599f591d-7a03-490c-ac19-a483189c077d,2,1,1,2
0e65e113-aeeb-4933-b55a-0c39812cd20a,2,1,1,2
f9b4368e-9410-478b-bbbf-405b67a71659,2,1,1,2
3a59b641-92c7-bf4b-01b8-c86814b28e4c,2,1,1,2
9e43bb46-ab6a-4889-b3ee-2814011bd45c,2,1,1,2
73a2a3e6-582f-4373-8c67-12e19d161280,2,1,1,2
95c5ee2e-96d9-4294-9fcf-1678ee8ee03c,2,1,1,2
bc5389cb-af3d-4c1b-9bba-c2aad8ac3489,2,1,1,2
6ef302d6-679a-498c-8467-6867a9581b79,2,1,1,2
68a3aabf-80dc-43fd-92ae-c136ecb24c3e,2,1,1,2
df06c5f2-a77c-4c5a-86d8-9fe738d7feb7,2,1,1,2
bf87dfb6-140d-49c6-982c-337197e6c3c0,2,1,1,2
9693b0a9-50a7-484b-bcc7-1e05c5384636,2,1,1,2
9ad808a1-790b-427c-990c-246eb4df651d,2,1,1,2
bdf29935-0f3d-4de7-a85d-9101111b3673,2,1,1,2
958f0d6a-fb46-4a1c-84d2-20746b8ab4b7,2,1,1,2
7ec8b3b2-64de-45b3-a752-a18a8a88418c,2,1,1,2
04577e34-206a-4506-ab21-f30039a03fe8,2,1,1,2
d1d0b7a9-ee9d-403b-89e3-0b6454e58f4b,2,1,1,2
829bac80-d87d-48c1-aae1-d7cac4dd28de,2,1,1,2
b024729a-3e79-7618-5081-1e839d23879c,2,1,1,2
edae396a-27e0-42e4-8d3d-e1effa8114c7,2,1,1,2
92a20796-30fd-4437-a3bf-29fa9e4965a6,2,1,1,2
ed463a55-c8db-491f-b592-329a1b35527e,2,1,1,2
cbd91515-c355-444c-9606-33553e4705e6,2,1,1,2
a56a754e-af3c-426a-9a0e-0bf9a03c5a36,2,1,1,2
ebeffefd-79b9-46a0-9b26-e84e2c245ef1,2,1,1,2
f5b02929-5ff2-4c44-9dbc-7fa2cbb2da29,2,1,1,2
b15316e8-4259-4365-a3d3-d9ccb5b4f8b4,2,1,1,2
1724070a-25fb-4b21-ba22-b44aed6969ed,2,1,1,2
85a5b167-fc46-4f5e-89b1-62a745b7bcb6,2,1,1,2
0f1105a6-22de-4890-b66e-5530af8b52b9,2,1,1,2
fdc190c6-2cf7-470c-9f6e-d9625925933e,2,1,1,2
2550c63a-062d-e36b-54d9-48601438238b,2,1,1,2
9ebdee72-36d6-43ac-88eb-386d9e9f1b46,2,1,1,2
04ad35c2-d376-420e-aa42-1571d19b8925,2,1,1,2
b4ffcbf4-c1a4-452d-b85b-e349fc771423,2,1,1,2
448ad5e9-b681-4c10-aeef-fc44adeaa26f,2,1,1,2
40ed6fd5-fe4d-4a4e-a35b-804ad3b3289d,2,1,1,2
fb95b9c6-f91c-45b4-a335-c6ddf2e4aaa1,2,1,1,2
3d11c0fc-1db3-4b13-b2e1-b8e881589d0d,2,1,1,2
53125f1f-0f1d-4c43-8a41-06ac2e65a03f,2,1,1,2
1f02d201-d9cd-4fe1-8b36-0c33dbe883e3,2,1,1,2
0677cf87-9ebb-4284-b689-53a7ae5c77f7,2,1,1,2
6dfc8a7d-5277-41bf-8e17-9514af977aaa,2,1,1,2
dfe2708a-1e25-4774-970c-62b3a92152f7,2,1,1,2
c5ec3f55-fd92-17aa-a588-110d14d849ea,2,1,1,2
2860584b-5acb-4f51-b484-e43937867bb0,2,1,1,2
52984592-53f8-4837-95a9-ae04899e429d,2,1,1,2
0af2d936-f027-41fd-84d7-d887b973fbae,2,1,1,2
eda1f11f-1297-1455-1e2d-2fb854b01212,2,1,1,2
0353b2f2-5556-4f4f-b022-5a5b9d58ddd2,2,1,1,2
98efd416-6041-4dbc-bec0-1bc6060a033a,2,1,1,2
e311cb6d-757a-42c7-926c-dc5ba6e3691c,2,1,1,2
f123859a-2860-cade-79b1-ec4a1b27855b,2,1,1,2
9738dfaa-cc8b-754f-c04e-8c08ef0b6748,2,1,1,2
c32c80c8-b29d-4675-b90b-6e0fb5190733,2,1,1,2
a51db2f3-4d6d-4c98-a83e-2ec690dbf652,2,1,1,2
59a436f4-c651-4436-9f71-2ea8e5b2aa8d,2,1,1,2
efaa1b89-1198-4923-a964-544039fe70dc,2,1,1,2
88cb16c5-7555-4139-9d03-9612c6ca8378,2,1,1,2
dfa2fe22-c38f-4b5e-930c-6c14d5335a2a,2,1,1,2
299c1249-6aa8-4b3a-a5c5-a31e84bf42b0,2,1,1,2
d7bc1dd1-2dfe-4b50-b5d7-262c5a92ddcb,2,1,1,2
8fd6d281-fdc3-4cca-b442-14a1745e47fa,2,1,1,2
2c2cb64e-cd7b-4cdb-b77f-ae09a19136fe,2,1,1,2
b322c46c-d937-4872-9c8b-d6f5fd6d190c,2,1,1,2
c2e4493e-55ea-4491-a87c-c03034bb139f,2,1,1,2
67d259ac-0caf-4815-bba9-cd1e01ea4430,2,1,1,2
e6dfd92d-9268-48b6-b006-cca3feb9e3d6,2,1,1,2
e9c31e09-20bf-e56a-4cb6-9dbe71b8d9e7,2,1,1,2
3072119e-a792-46c4-a7ed-e2c94b73c9b4,2,1,1,2
ad533952-a372-4246-a40e-757c00296b08,2,1,1,2
0f6a5856-1e56-4489-9367-834a06ae5344,2,1,1,2
21a41600-e00b-4085-b495-ae7e3ea47abc,2,1,1,2
ecd7bf45-6459-4e63-975b-0928f82c7b11,2,1,1,2
dbde56fc-1d0b-476a-a7c2-de97be0d0d5f,2,1,1,2
01f00da6-1f3a-4b24-a36c-fb04ccb9f401,2,1,1,2
f875f11b-96e0-44f7-b249-6b981898330b,2,1,1,2
a549ff5f-ae49-4442-844d-557546888b2a,2,1,1,2
6ea21185-db4b-4d37-a112-6ef1cce6ba98,2,1,1,2
b931663a-50d4-4e5d-8135-731fc7f5d944,2,1,1,2
829dc4af-007c-4009-aa7e-048d7880dae1,2,1,1,2
fab41474-c3ea-47fc-a7ed-96e85a922fb0,2,1,1,2
60aca5cf-0269-4b00-9bc3-83f3b8173374,2,1,1,2
c2566522-bf52-4529-8da0-b05084e810f5,2,1,1,2
097682b2-b5d0-4f22-9de8-5bf61dd4f53b,2,1,1,2
8708b526-b89f-4fd7-b26e-acca902bb916,2,1,1,2
a627d9dc-1412-4578-a613-958d52196099,2,1,1,2
e737ac89-a377-47e7-9307-76b3dcab72bf,2,1,1,2
27782134-c445-45d0-9bfc-2d9506f86e9f,2,1,1,2
483a89c7-85f9-4120-95d4-5e05d3f41f81,2,1,1,2
d70b5caa-9f8e-2254-0980-b7de3e6f31cf,2,1,1,2
5b330317-b7a2-455f-8540-2df27160f525,2,1,1,2
2c2cfad2-e5c5-4dec-ad01-b74237f8daf3,2,1,1,2
c3171fd6-480f-4f3f-a325-4b129b4e8bf6,2,1,1,2
d16209c4-5aec-4562-8a3d-64e0a33d86ce,2,1,1,2
e3028f86-acf7-4f1e-8d0d-e570d26f2367,2,1,0,2
a975411a-332c-44d0-9581-5337e9981f40,2,1,1,2
ce4df665-6479-4f41-8581-96435c22ef02,2,1,1,2
083247b8-86da-4a1d-a0e6-a56366644096,2,1,1,2
0f2d8c0a-fda8-4641-ae33-cb6ea388173f,2,1,1,2
9640b12e-d221-2654-17a4-cdd3db74bc3c,2,1,1,2
d50120e8-618b-4f0e-bc25-f4232cf576fe,2,1,1,2
52ba7d31-cc61-47e7-eed4-f74b5b9330f0,2,1,0,2
5c752709-7ea2-f748-fc00-aee3805b7c30,2,1,1,2
504698a0-0a88-45b4-bab0-4308cfa0d6d8,2,1,1,2
7ada5b03-8e0d-45e3-a4bf-b1cca2232151,2,1,1,2
6c831c8d-d7f6-418d-be09-8548e1d35b0c,2,1,1,2
1fedf47f-036a-4248-9b45-fcdd78a84f91,2,1,1,2
b8877990-ffaf-4651-aaee-fe6cd256cfc2,2,1,1,2
96354b11-9507-442a-afaa-092c67351cea,2,1,1,2
5b372e1b-3e54-466f-b2d8-a9116662eeb8,2,1,1,2
b06055f4-6195-4fd2-a188-8b13e39f67c9,2,1,1,2
5d334b1a-a91c-739d-cad2-bf5816fd5c20,2,1,0,2
f62edf00-45df-43a3-8f03-eb286511c620,2,1,1,2
24290292-bd97-40de-aa17-d11eafdb2940,2,1,1,2
462f4e3b-2b2d-8048-8396-dad3c30a35dd,2,1,1,2
62eae388-08bd-4928-82f5-63eb71281333,2,1,1,2
c19d7407-8acb-4415-a862-cc301cf071f9,2,1,1,2
30c66810-0f78-4551-9c3d-f864316b68e6,2,1,1,2
0ffc4cfe-4fa7-43a4-95a6-bc05413213cd,2,1,1,2
f7cf2d8c-613d-4438-b59f-29225ccf1328,2,1,1,2
5f573690-beaf-4585-a686-64c48ad9dfbe,2,1,1,2
1fc3f523-c2e4-4b5a-ae20-f295b525eba8,2,1,1,2
970e8693-6fa9-76f5-5a80-488afc9d2cb9,2,1,1,2
3e5356c2-f89e-445c-38d0-ad0f5c82c557,2,1,1,2
daba27c2-b477-40c1-b7ce-c7c22a94ffaf,2,1,1,2
47bb64ba-5f2e-4ccf-af19-b211b7107e66,2,1,1,2
dfa3865a-848d-4637-941c-313823a4dc2f,2,1,1,2
00eebcbb-9336-41e5-a117-9ca35355ab7b,2,1,1,2
77cd9332-e940-452e-af78-5b35f073c8e1,2,1,1,2
cf8127be-bac1-4433-bb10-c5869fc2d472,2,1,1,2
97e870db-7445-4d42-b5ee-fc923f904537,2,1,1,2
8bd08528-2967-4e5e-95c5-214889645766,2,1,1,2
a64a2e32-0137-4eb0-a53b-8aada651a6ec,2,1,1,2
9c0d8c21-a8d5-4284-9c4e-b8e625d8d63c,2,1,1,2
a781b12f-4adc-494d-bfdb-3e6f0909499a,2,1,1,2
b7fef334-8b99-4a7f-969b-d5a2e1bf98ec,2,1,1,2
5a06f3ce-1b0f-801a-381b-f8df3313cb3f,2,1,1,2
c4a9c3e2-6427-ada1-859d-3110ccc780f6,2,1,0,2
ecf78bf5-85f6-459a-a3d4-2bad2d175e95,2,1,1,2
0cb47a5c-426f-4a66-a6d2-69ceb8aec410,2,1,1,2
8276b42f-84d4-47f3-8bf1-d12989840f9e,2,1,1,2
ecd53ae2-f5ac-4b70-8aee-2303320e05c1,2,1,1,2
a5a02ddd-e29a-faa9-550d-9738dc0d18b0,2,1,1,2
712fbb5f-5ea7-449c-bdc2-9511cb3d9a16,2,1,1,2
19c72e2f-29b0-4b2e-85ed-9741f04852be,2,1,1,2
beb1c88b-54e5-497d-a3a0-a13118f95e5e,2,1,1,2
dd066ae5-374b-45be-bf15-c5fc93261012,2,1,1,2
3ca3ab0c-6c08-4545-809b-3998ab04141d,2,1,1,2
41595780-3c39-48e2-8d3b-bcb741ab7502,2,1,1,2
3311b0e0-abe0-d693-92a2-1b749b94f6a7,2,1,1,2
47cd0f29-c8ae-4aea-8449-ce84663a1cd3,2,1,1,2
7796a2b1-fe79-4bcf-9d65-ea9b1c70d03a,2,1,1,2
7e3d1ff4-b3e3-4ab9-94da-b82971140a6c,2,1,1,2
1e6b8e28-c1e0-47d9-83ad-a6d282c65aab,2,1,1,2
f4254717-f66f-4f40-98e0-888099646eaa,2,1,1,2
f9d51c6d-efaa-48db-9135-a04fbfe56b82,2,1,1,2
06bfb510-e1ff-4410-8ed8-c7f80be810ec,2,1,1,2
a8742201-91e4-f7bc-5d25-11ace6b1d239,2,1,1,2
e246a2ac-3e5b-4015-b7a4-4161637b9d54,2,1,1,2
9c3ed22e-275d-46e4-a632-aab971d20cfb,2,1,1,2
51361a86-6a61-4147-86eb-ba18ac1c3a26,2,1,1,2
bff56431-bbc0-48ea-862b-cd45b5fd0abf,2,1,1,2
c3831ee4-af40-4c9e-8eaf-20fc67eb3910,2,1,1,2
f72411fc-cfc1-4c9b-a92b-70d3b8202bc5,2,1,1,2
09e9ad54-94fb-42dd-be73-b85479c162f9,2,1,1,2
e147ba83-02d6-c57f-04bc-f3471f698b5a,2,1,1,2
390ce90c-7968-4f86-95f7-3580b0d8cea0,2,1,1,2
72a384e3-be40-41cf-85ed-cc37afc42a69,2,1,1,2
63e491f9-4071-51ab-0c9a-420b9c24d7ca,2,1,1,2
4a33e8ef-4203-4875-b66a-48d52ef838cb,2,1,1,2
0f7d0e54-369e-476a-9c5f-a233a557834e,2,1,1,2
cabbc0e1-6397-443a-9f13-a798d9a1a2d9,2,1,1,2
1478304d-af29-4258-8d8a-0f8dc5a25384,2,1,1,2
d61722e6-2993-4b90-9bd1-fd5641bf0c0c,2,1,1,2
a7ac9606-8026-43d7-b5a4-fb5363a1da36,2,1,1,2
d13b9504-3b09-4f8f-bcdc-1925e9656d8e,2,1,1,2
f332d7e0-e80c-4ebb-91d4-3112d5f0ce69,2,1,1,2
437377fe-21c7-47e1-b8b1-3ea1dd070c7b,2,1,1,2
5851ef94-0f1b-46f0-ae11-bbd889c5004a,2,1,0,2
e43d4658-3282-46eb-b5f2-fbfd452dfd4a,2,1,1,2
890a856a-9782-4bb7-9dfb-9116e49a1078,2,1,1,2
f4b9d7b0-0fa4-4c69-ba7b-b6738c6a4ee7,2,1,1,2
8df639a8-a758-4284-991e-593a733d3d54,2,1,1,2
bd16131c-0a35-476d-bdd7-3a8d75f1fac4,2,1,1,2
7304bd70-29f3-4f9f-b5f9-031e0886b5db,2,1,1,2
b149a195-0e47-43a4-8258-08255c2003cb,2,1,1,2
b7311f00-a222-47ad-8681-c439c5b90631,2,1,1,2
