investor_id,startup_id,announced_on,row_count,unique_funding_rounds,funding_round_ids,investment_types
e1605264-e1c0-46ff-979e-e6aaa086c43b,32b28bd5-2570-4676-845a-096944437f25,2023-06-19,3,3,e7a74cf8-6339-488b-99e6-2e282a6a60c0|b9f5b028-952a-49c4-b2e0-fc0ca57ed7c3|5e6c313a-59ae-4b3e-b92f-698eacbad84b,seed|series_a|angel
0d25fb47-2f12-3718-85a0-2b99ad3c61c8,c2c4c27f-f185-49a1-b418-26e258d158db,2020-04-08,3,3,60239c3e-ead9-436b-a6e0-3fb3abf5cd65|bc32b4ed-a41a-409f-88d0-b8971b6dd3b6|e8b8fe9f-a1e7-48b0-930a-9aa55e1bf364,series_unknown|debt_financing|secondary_market
611025cc-ce2f-4cc6-bdb6-7d4c82c94e9d,98786002-b229-4237-942a-83b92e3290c7,2026-03-24,3,3,44e5e0af-990e-45fa-b27b-2862ec6b94f0|32cb4b50-22c7-43f8-b540-19b0d3c1e6a2|87182912-1339-4748-b539-6c7ab980b88c,post_ipo_debt|post_ipo_secondary|post_ipo_equity
58737023-2a6f-7550-c99f-32355e2bf218,c2c4c27f-f185-49a1-b418-26e258d158db,2020-04-08,3,3,60239c3e-ead9-436b-a6e0-3fb3abf5cd65|bc32b4ed-a41a-409f-88d0-b8971b6dd3b6|e8b8fe9f-a1e7-48b0-930a-9aa55e1bf364,series_unknown|debt_financing|secondary_market
09539470-c53b-3eb0-d29f-aa5e7626eee8,6e021d3d-8c94-46f4-b818-123789700262,2022-06-14,3,3,3f586121-063c-4c7c-83a6-3d8ac64ed801|e33741e6-db42-498e-9f46-002f09a4245e|26651459-4e7f-498f-86cf-0bc87079f802,grant
d12a56ab-9357-6f4a-36d8-4fac70a298cb,c07235ae-b907-447a-8125-5476d3ad3f4b,2024-04-29,3,3,3c7d2dc0-e142-465c-9924-a591ecd34a26|a57602f2-3e0b-4fa6-878f-ff4ba15a5d99|fc9cce01-5f0e-4739-a706-4422ab11ae36,series_unknown|grant|debt_financing
631a5d5a-0726-7438-1bc4-ba52e97062c8,1e665763-df5c-d6ce-39fb-9f38c049fb4b,2019-03-14,2,2,3ff7f6f1-1131-420b-ac9f-b83ca356377f|125783c2-6cea-447f-bf86-eb37cc82dfd8,post_ipo_equity|post_ipo_debt
308fb2fa-4610-0909-1d34-17216d007b21,50a04cf8-76b2-3aa0-17b9-277c4210b2e4,2021-03-03,2,2,debde1c2-0c7d-4af7-80a5-5257cdd8c54e|270fc4f2-d71d-421d-b1e4-06d46028b5cd,series_a|seed
5db64f8d-b56c-73eb-2480-bf82a1903aee,1ddcdede-90f5-4a4c-b017-a2cd04f796b6,2026-04-30,2,2,06b2776c-e0c8-4fe2-94d9-e942ec3b49e0|a9195444-0a93-4f6c-951b-fc191ad9d6a6,series_c|secondary_market
edb9e66b-26b2-d71f-d82b-9effa3c19af6,ca35b4b3-9a2d-41af-8171-4354dd17dd75,2024-06-18,2,2,d36d4039-f7d8-4e92-9960-cd03a0259fbc|b3aec1fb-fc59-4d34-9a76-adb570f66747,grant|series_unknown
39041e62-6b24-ae8d-1347-4cea947e832c,80b6b68d-461d-4461-8dbf-bb87913f9fd1,2021-02-01,2,2,b665198a-9703-4818-843b-a54108ebe818|daa1294a-6935-4d88-ade2-a263295d4f85,seed|convertible_note
47b84763-9727-7cdf-b194-2742e3963147,5ec85ee9-acdb-4760-9082-05b382c400f5,2020-02-19,2,2,0c5be06e-2468-41b0-9ee4-31d379f02128|5e12ca7c-313b-46e6-ba0e-91728e4ddd28,series_a|seed
224c03e9-800a-7522-6722-c87a9e3cf694,44d6d7c9-4082-48c9-8f7f-325a5556df63,2023-07-07,2,2,b1cd480a-c3c0-41d3-b595-946e71531be5|4564c95d-9533-44c0-b653-880ce794f500,post_ipo_equity|post_ipo_secondary
809d0f70-9c3a-48ba-9c04-fc6e75edc6e5,5a4944a6-5029-45fe-804f-10e0b265a32b,2025-02-17,2,2,274363bb-f954-4643-b4b2-7d04d60c7835|2ce75536-3437-4307-8685-5ed0abeccb99,seed|grant
6e69f3df-1814-4c21-ba47-ea3ecc14d9bd,604fe999-f315-45a6-bcf4-76bd140ff137,2026-02-27,2,2,a1151e5f-0b05-4ac5-a737-6f617ab1308b|18484cdc-c7b7-4423-9287-bcec15ea62b2,debt_financing|seed
1b3dd516-57b0-485c-b778-362ab6917ca8,06b38672-4f71-9abf-4e6a-963efd272566,2024-08-19,2,2,f3988920-e132-4656-ace2-57fa67be178c|57e42bfa-5cc2-42c9-8eb2-c8550db078e6,post_ipo_debt|post_ipo_equity
427aeab2-4255-ba63-af3b-1bfd04845589,c2fb8a41-cca6-489c-97bd-616251ca5a63,2021-04-07,2,2,44eb7878-e7d5-4912-8ae4-69e75f251163|d8b10b3e-9724-4ea7-8380-052965e99966,debt_financing|series_a
385488c1-01e7-4ba6-bc45-ff31f8ff6399,dd0e584e-1413-4358-aabc-d99635e41bb4,2020-09-07,2,2,64683e6a-239f-46ea-a513-feb2159842af|e882f5db-3f8b-4e53-8c10-0b6f5ce83a98,debt_financing|series_b
b6f66d94-2342-7e2d-14a0-a2f4ed537238,a6b3a487-c17f-431a-b6c0-b7e4d9c4a3b7,2026-05-04,2,2,96b05870-4a40-44b9-a9ba-346c44f68ff3|3b1cff97-6a52-4334-947f-a58be6b3b538,private_equity|debt_financing
c0192b74-35a0-f688-a494-0426eac5b07d,59dd748f-413c-1250-ca94-37750578ec5b,2020-02-01,2,2,8140ec4b-b138-409c-9af0-5ac79bea20ef|c0589ef2-f817-45e9-9eaf-991168a97b37,debt_financing|seed
1328ea9b-b149-dd5d-073a-a847e4dd5ec9,51b13026-155f-4f0e-8394-9416cb16df79,2023-11-28,2,2,02242439-bf46-4c38-90f7-1576ecfc155f|733c8fa9-3b34-433c-b879-01aa708ca72e,debt_financing|private_equity
332c2f11-8348-c2b0-ae23-525ebbb25c7e,c2fa48cb-3db9-483a-a2a9-eb1ced57fa0c,2025-06-09,2,2,8c50603b-57bd-41d7-9ce5-61df8ec5e045|f06052c5-e319-42a6-a321-4ed2d5557cf7,secondary_market|series_c
84c5275e-2a2f-e43a-1ff1-1a5f7c79975f,bfcf1bee-06b2-49ef-8b18-fdd3a2807b69,2022-04-05,2,2,5edec4c0-1450-4455-8575-051c46eab19a|9a866979-e463-4ac3-af43-703f0d5d348d,debt_financing|series_unknown
faf3a4cf-14ce-abc3-2f84-6a30f682f323,6c037c33-91c9-4b0b-acf1-9ec0931884fd,2021-05-20,2,2,ba5b4d5f-daef-4af7-9bd9-93fb859e7c2b|95f4dbbe-af40-43cf-9ea0-3764afa56046,series_unknown|debt_financing
247674a8-413f-187a-2b67-f80b350f3762,1663e62f-2574-4c21-82d3-be708c345160,2022-01-18,2,2,6a1cf266-1e8e-4b81-bb0d-b869f42ef9c3|fdac6a6f-c245-4338-b7bf-d711e486166b,series_a|debt_financing
81d916b3-0b21-1667-9964-6773d7412022,a1102c6c-1bc4-b6aa-c5f2-6c34bd4b2370,2022-04-07,2,2,343e8a30-389f-4692-814b-69d1a24fe2ff|ad58bab1-105a-43ea-b621-12eb2307dceb,debt_financing|series_e
8fb0f072-6f07-4022-ad2c-880abded4c91,539eeb88-f5f2-4e47-b994-4856348e7585,2019-04-02,2,2,63bf4a12-0de0-4ab0-8716-71e3a13ede54|28d62807-1106-4409-a931-409302807da9,angel|product_crowdfunding
3afb8ef5-2b6c-7788-7b38-53ecbb89d72e,87c3d832-f265-e700-1652-ad3152307184,2024-11-21,2,2,bd75bb44-18dc-40a6-b002-619cf725cde6|0ecd67ee-1243-4b19-a106-0c30f57f27cb,post_ipo_debt|post_ipo_equity
9537204f-664b-4b00-929b-f5e1775c2a9d,f80c467c-117a-4aff-99bd-d591ac3537ce,2025-05-13,2,2,75ee94a8-a205-48bc-8a1a-16ef9b693c69|df048ed8-5c77-4944-9e17-d7257b0bae77,series_unknown|secondary_market
ab5832c6-339f-15d0-8279-2453bff004ea,80144412-7b4c-41fb-bd56-cbbb70288227,2022-08-04,2,2,927fb5b1-dc35-4163-9d67-e4849cb894c8|5b49769c-38e6-46a6-b138-7bf67013b500,post_ipo_equity|post_ipo_debt
d420cb3c-c5c2-df2a-63db-4850847570c8,971f55eb-eb19-85c0-f9aa-18d36be8718b,2021-04-29,2,2,0f30306e-e821-483e-b7b7-f479d693b7ee|8def6362-b151-4cc9-a9a4-71b6a9217459,grant|post_ipo_debt
b5e0d6a9-24bc-f750-8996-7238bf047c04,03ef8031-2efb-4fa6-0648-1b09ca50c1ab,2021-04-21,2,2,cb2220f4-1224-4f71-89d6-4fa74772a4c7|2f62d5af-95bf-4cba-b27f-9503a02e70db,series_a|debt_financing
0019420f-bc97-4b73-ae7c-4d53a679430c,54f01d6d-a92e-4ba1-9307-eb81d3765174,2025-11-28,2,2,9dbc6496-c500-41b0-b1af-1d93bd0bbc62|b19e04be-74c7-47b3-82db-90089f5a1c6e,post_ipo_debt|post_ipo_equity
ae6eb8da-ebb3-42be-9ee6-644a57af8755,84a4e549-5383-4cb1-bb71-c7a51374825e,2022-03-23,2,2,985fa8c6-ad88-4112-8d17-ef735a74c8a1|dfc557a9-528c-4a9e-aa75-f39a1f749999,grant|seed
39041e62-6b24-ae8d-1347-4cea947e832c,e295cedc-9b19-49a1-84c6-6a4600524162,2021-06-11,2,2,a161c1cd-40e6-4a4e-81dc-f6c901781a04|3972b21f-e02d-4f2a-8d68-3e4c907c508f,seed|convertible_note
c55ab36e-e238-80aa-3a70-4a423fb77213,c46b3c45-8740-f2cc-d8e0-ecb024e8a330,2018-06-26,2,2,35d5725f-3907-492a-b0ac-3c4ebc4f9ca9|231da03c-b6a4-4e2c-af9c-71c6599dd1e2,series_b|debt_financing
d3f1105c-8086-550a-b132-1b785f74ffa5,3dd63a76-3d82-8f27-bfa9-39e0c9b4b429,2019-06-20,2,2,6ab76513-56d3-46b6-befc-716638e7eb9f|b350a216-4ae2-4369-a0f6-17673af7c38c,series_d|debt_financing
f19f8210-62e9-443b-a5a8-753e61f4d1ad,ac0ed033-b766-4edd-9917-4d2fcf817f2f,2010-09-01,2,2,a7ac0742-f160-4e2b-a283-4c5314aef8d6|82af7d57-1fb4-4a1e-a3d6-caa16e1155a9,debt_financing|grant
0c867fde-2b9a-df10-fdb9-66b74f355f91,742ec517-fa08-4021-975a-c93771a7941e,2026-02-25,2,2,5c883c28-a91e-44ba-a66e-9047defcd062|3f0affe3-49b4-41a2-9262-8b45053f0a4b,series_a|seed
5d61ec8e-c12d-5e35-f035-915802e1f779,04ff612f-6bee-42d8-ad7b-3802d5fa9ad6,2023-09-26,2,2,5ae67bf1-23d9-4889-bb60-0964e1d5353d|83381c4e-5b2f-490a-a113-77a0589897e6,seed|series_a
b3fd55b7-548a-49de-b2cf-a5334c4b5ae6,e39a34c0-2572-442c-9c12-1d6e9aa62cf3,2024-05-13,2,2,3047e4f4-3767-458a-b074-73d22000d978|8049bfa8-8a0c-402c-b2d2-85b714b9f214,series_a|convertible_note
40052224-a8cb-482a-81c6-3897f18e22cb,24d2813d-8c34-4ab6-ad53-627c27e6d4d0,2026-04-20,2,2,f95bbcd4-1424-4c6e-82cd-7c4ab99aba0b|eb04fcc4-3331-408b-a3cd-d4371c0ecee5,post_ipo_equity|post_ipo_debt
ffbd5886-88fa-211d-ea00-97338467a5fe,7960a3a4-13a1-4eee-92c1-dec1704d0ce8,2021-01-07,2,2,f1924f47-9576-48fb-a66f-3eb8dd1ecb0c|5ca3602a-c750-4b04-aa80-4014c2491f3f,seed|debt_financing
39041e62-6b24-ae8d-1347-4cea947e832c,3cfb352e-17da-4776-9538-545ed48ee148,2020-05-06,2,2,077a4c45-6c1d-46a3-86f6-4f760077a0b8|40758447-f96f-492e-b80c-b4fbdf1bf112,seed|convertible_note
9aa041b9-d9f2-39e7-f056-a0f4d6294220,16685eae-c5ef-4208-b80e-7b7a16296316,2009-07-31,2,2,18a0a4ad-e140-47b7-acf9-477d3ffc2222|c33b8ef6-1933-4779-95cd-393a4e5f3924,series_unknown|debt_financing
af2b29ba-a413-7cab-caf6-1cb300c57964,b2b692ea-fe9e-4f8a-8878-1524cc5c4f94,2025-09-12,2,2,61a66a20-b857-4543-a275-2d798b94d852|9ce6dbed-7df5-4f40-8d67-712778afff78,post_ipo_equity|post_ipo_secondary
2da43d4c-2e57-4782-b35f-c1f8faf03d39,9714a894-a704-43b7-b819-e43cc6d854ac,2023-10-10,2,2,f040144c-61e3-4e59-b1e2-cc268398d9e1|39c29ede-5dc9-41a3-bc95-5cb7799fc8f3,seed
bcd63538-5c6d-0366-a511-ceaddc3e60b4,15e5f78b-bf1e-4eb9-a31c-4fdf4b0d9a26,2022-06-08,2,2,5d459761-b8b0-4671-8886-3af574c68e5c|73d5f980-fc3f-474d-8cb5-2a071f545597,series_a|seed
2ab55bb4-e2e1-8d0f-7ef0-f23cce98d828,db48959f-2c61-438d-a8cf-7ee65eb82f4c,2026-02-04,2,2,c7b6fc41-154e-4499-a952-719a6baa1b80|af22950e-5abb-443d-aa33-c3e6de9ed62f,series_a|seed
8c420544-aa7c-46ba-8e75-1a44ad05e3ad,d361fd73-ab8e-227d-13d5-26864ea4b988,2020-06-30,2,2,15febbca-493f-4ebc-8497-9dafc5f3d0fd|20e8d245-8e0b-4ed4-a7fb-95268d193655,debt_financing|series_unknown
cb39a51a-4315-4dd9-b10d-4c3ecf97f8e4,ef205a8a-ce41-9b7f-6a62-f9bcfc58a8b3,2022-02-15,2,2,43150361-9eb4-49eb-8d14-5d46c47e7a2f|17f07909-ee77-4ed4-ba07-0f479abf9a90,post_ipo_equity|post_ipo_debt
306890cd-1e04-4a94-9594-29d318b62ece,6f3b00c7-92e9-4574-a4d1-cf69f1f26660,2023-06-29,2,2,a45d8898-915e-48e7-ba2b-daf4dd99d80b|976ba6af-9453-4904-a681-648f12fc86cf,post_ipo_secondary|post_ipo_equity
ae6eb8da-ebb3-42be-9ee6-644a57af8755,4b3d5974-93da-42d4-a3ed-5652b33a9712,2023-02-15,2,2,95dac7b1-90fe-4bbd-8c76-d7490320c3e0|4a88b137-09a0-4cc0-b9c4-f1314a78fea0,series_unknown|grant
d303a2de-0cb4-4e23-86ad-6cb49b09a7ed,9332ef15-5d14-4165-8016-006e65b3d11e,2023-03-07,2,2,90d04df6-f0af-4f6a-92c8-7e4fce1f978c|31f3a9de-5783-4781-be40-079cd04a1b97,debt_financing|series_b
506a6dc6-63df-49ee-bd68-a861b49302a0,9e1fb21c-85bf-38dd-1ce6-08e511065c3d,2022-01-05,2,2,baf211fd-9223-466c-858b-c9c2de42e2c8|e8b9fe12-6f4e-4c32-8b03-17d5ae3ae3ac,convertible_note|debt_financing
be8bb6d9-359b-4bd5-9f91-2afbf83a0814,d0d7f5fd-96c9-58f1-0691-6e409e57b564,2026-02-13,2,2,efcb4f1e-9a20-4831-ac85-668b444ce384|0cd0daa8-ea9e-4fac-838e-a07436e6dbb1,secondary_market|series_f
439d7bbf-11ae-7ddf-1887-727188ac065d,483e69e4-de8f-b03e-1a7b-646cd22ab457,2016-02-06,2,2,5d65d4ce-bb96-4f4e-b5cf-aaaca5d6dde6|6b69403c-fe70-10a0-6ea8-5dbbeafe01cb,convertible_note|pre_seed
3a1f2e3a-9a62-43f9-9261-5b58190532ce,cb6561d8-8c10-ee5c-6ed5-fbfb2d8f2bd0,2024-09-25,2,2,b46c2c79-9a79-4272-b814-712bc1a071c6|0d8485e5-c517-49d8-8c47-35ca7673da2b,series_e|secondary_market
baf47757-6ebe-45f7-85b0-222acffb2dd8,9041b6e5-7ad7-4d61-bc65-b0b8ca2004a6,2025-03-25,2,2,c4dbfdd7-3709-4a09-826a-eccf641f45d4|afcdfc76-802a-4080-be55-abca34a956d7,private_equity|debt_financing
4c8464fe-fd05-584a-e046-95fa64f450dd,5ea1685f-56fb-77db-97b0-a6f6a0534888,2014-05-27,2,2,d6a0fba8-5c3b-a338-5c68-541982de46ec|a4d9112c-bb55-41a5-9f8e-952924d1da6e,series_unknown|debt_financing
3972ffdf-393d-2e17-5433-59a53d157d75,567d20e0-c5f8-783d-31d4-d73e55c026f6,2016-10-28,2,2,be5b2041-4f49-4614-b64d-83c70549d2e6|22f945af-46cb-0f9c-4a0e-24113c019503,convertible_note|seed
b40cbcc8-f242-4439-b21e-d747f2b07ff1,91b39690-c7de-eb00-c40b-76e4a5b08bf5,2019-09-10,2,2,01a1011b-7bae-4f77-a30f-bdf178620ac3|209d9361-d448-42cd-a8d1-9b21c155e722,series_c|debt_financing
99e23a81-b7f7-4862-b3ac-16c76e7fc594,593a310d-4973-48d1-95ed-85cbce2c5038,2023-07-20,2,2,baeaad6f-5646-47f3-8903-cc28764aedd7|8401d53c-d4f8-4527-91d7-b9457c4ca732,debt_financing|series_unknown
c11dab5a-23d0-4e7a-a68f-56e6a86c555d,0d93338e-041e-cc59-8986-6b5198a7e591,2023-09-12,2,2,c4ce09d6-e9b5-45b8-a205-d73a34d171ad|ecc8d223-a163-410b-b078-934d17bf5322,debt_financing|series_unknown
ea195d94-2d59-4855-abb9-a70a28517e59,59092dfc-17d4-4dfc-8961-0693ca7f96e0,2025-10-05,2,2,38dabc5f-e0f9-4d86-a82c-ab21b8adcfc9|cac138a9-11f8-4d61-b964-88bec08cbe66,series_b|secondary_market
89f49421-fd8a-48d3-aca2-2922965a2225,2650acbe-0c7f-4ceb-9645-7a362f762acb,2025-01-27,2,2,82687574-367e-4338-aee8-1eb18d210a56|05ba53a1-196b-4571-9ee9-03919bdd76ad,post_ipo_equity|post_ipo_debt
21ea852d-0a1c-161f-7076-e0ad86ee67a7,d37ac1f6-2a62-aa30-5b19-9a089208def9,2019-03-04,2,2,404e7785-2d1b-4f28-9d56-f2429637d3d5|b031cf82-5330-4816-89d1-5e23aaaf5a0d,corporate_round|series_unknown
50f19f4e-d348-481a-bead-7cb181428a17,fb469698-5deb-9571-812f-39a583762872,2025-11-12,2,2,034bd8d0-fb6a-4eeb-891e-d9f523f9854f|26a0f69c-cd59-483b-aa9d-d723a61c95f1,series_unknown|secondary_market
809d0f70-9c3a-48ba-9c04-fc6e75edc6e5,f48e0868-7305-4b3b-be7b-bec99bd96d9c,2025-02-17,2,2,6b3fe08d-8051-43a2-93f2-dfd4b4f319b7|a3c340cf-7c3b-415d-9dd9-93b498319079,seed|grant
da7dace0-ea77-d4ee-4af6-7cedb69539e9,6d52f791-c701-4dde-9d47-79479d88a9e8,2016-12-23,2,2,9f118b7d-7c9b-4395-a10b-94322a72954a|f6f11ba0-8467-448e-975c-d4082fd7ef7e,debt_financing|private_equity
b40cbcc8-f242-4439-b21e-d747f2b07ff1,f1bd7927-49da-4af2-900f-8e55d929415b,2025-08-12,2,2,1b2d6908-5ee1-4e7e-97ab-2076fe5a8e91|3bdf24ad-10bc-41f0-8c1d-4bf335e8d27b,private_equity|debt_financing
c0d0e5c7-0741-6dd5-e48a-917790db9136,80a04870-ec94-fbfa-010e-fcd2054798ae,2021-06-21,2,2,08ad1513-2421-4426-b41b-b05a5f3d9bd5|6ff0aef5-6467-4887-92b6-80288d523ff9,debt_financing|series_a
3be66065-1ba0-dc55-821f-32d9ab2d096c,27a6234f-224e-4f0d-b186-d65be3f160ed,2019-04-17,2,2,c354bf84-cdba-4bca-9938-da7a895b51b4|b4171993-06fa-40a6-8a8d-b9052d43392f,series_b|debt_financing
1a89a0df-a150-658a-02a6-249d3911bf7f,d63af02c-4325-492a-b870-50cb27caa0ca,2020-11-02,2,2,bebfe48e-fc77-4a4c-a34d-bd9c4312e0df|6b60d277-23c0-41e3-878a-cfc0f9190010,debt_financing|private_equity
ed1e5c08-b6b5-4943-a9cc-22ac5167f928,710dd351-c14a-4322-a6d4-cfb72b0811d2,2022-08-18,2,2,96b4f118-5a47-4e23-846a-9553fa41dd8b|f5923d1d-4a32-4b98-9d35-530b92aff9f8,series_b|convertible_note
ae6eb8da-ebb3-42be-9ee6-644a57af8755,b495ca88-5387-f5f7-1226-c8faa0dd3ea0,2020-05-19,2,2,f7778aa6-108c-496b-a09b-581972733db6|8c33fe00-b70a-431a-9efc-5121bf9ad6dc,grant
809d0f70-9c3a-48ba-9c04-fc6e75edc6e5,d6767f99-6163-4973-ad24-dbea657955dd,2024-07-15,2,2,d4274ea3-efb2-4be2-b9f6-8a012bd4f69c|3211b334-910a-4691-9a8c-368a12124afc,series_unknown|grant
b189bd9d-423c-e504-d9fb-9801b5f8a15e,766eec06-795d-0a3d-8ae5-c48498b83788,2011-03-24,2,2,c96dc54b-9f5a-2fd4-0947-3d0b28255016|f7795475-9b57-46e7-a2bb-1cb1777a3d46,series_a|debt_financing
ae6eb8da-ebb3-42be-9ee6-644a57af8755,3ee5b0da-3dfe-419a-8167-a5f9c4e68252,2020-05-19,2,2,87f992a8-1876-43c5-9e97-506e334b99d3|641e3b6f-811b-4d44-8bd5-9268b59b2ebb,grant|series_unknown
ae6eb8da-ebb3-42be-9ee6-644a57af8755,b0dea6b0-6d21-453d-87da-2c8ed93230ee,2022-12-06,2,2,5fdbec14-949a-4dad-b130-a59218a1d163|9548752f-41e3-40bf-98bd-d04994c8ed42,seed|grant
34a45c75-b2cc-44d7-b1b2-409b87359bac,bb18c428-5b0c-9d4d-e175-02382de8f32a,2020-12-04,2,2,2960b59c-dc65-4772-846f-81db0b4086f4|6532fb2e-cc39-4d4d-ae2c-329793f7ac6b,series_unknown|debt_financing
a75cdf0e-c2cd-8e04-acb1-62e08b2b259e,bfaae6aa-3b3d-43bd-b547-e03662eead3e,2022-01-01,2,2,16a2d402-5619-4048-9435-001275007d05|2b9cc66b-0419-4022-a18e-5ae034da120e,grant
12bcd5e8-6152-f808-a0da-fc2f16cb6d16,94719107-fcf0-4940-8857-b4bb488e4686,2025-11-05,2,2,4f183de8-9e24-4756-949e-cb7c20eca1c1|3f5aa107-432b-4541-ab15-e39293e97319,seed|series_a
428bcf9d-64ca-f5ae-c354-bceafcc9d3d2,367ec43e-d434-4691-9d63-9baa63d4ceb5,2025-12-25,2,2,9941ab77-6192-4971-8b23-67c9833ea88d|375bb926-d4e6-481e-82f8-4e98a0c911f1,grant|debt_financing
8859fbab-9280-808e-b506-9b954c3e39eb,9a03072b-4dc6-4295-a649-15865e380604,2023-08-08,2,2,f51627b6-353c-4b3d-8a61-6d3eeb2ddb52|1b076b42-2ee9-47c7-872b-90063b34f37b,pre_seed|seed
59557b3b-366b-d65c-ab22-ce8cf7b392a0,df95b543-a31f-126e-9338-5ce789e574fa,2015-06-09,2,2,56cd8758-aea3-4d59-8d79-c22e2c9904bd|249d0935-ba77-2266-bdc3-00c6f5c3f7fd,series_unknown|debt_financing
d894275e-de01-418d-a7d4-0c7b458fae90,7960a3a4-13a1-4eee-92c1-dec1704d0ce8,2021-01-07,2,2,f1924f47-9576-48fb-a66f-3eb8dd1ecb0c|5ca3602a-c750-4b04-aa80-4014c2491f3f,seed|debt_financing
d0cdfdc0-517d-ce18-4a74-194f506bccad,efa3140c-8e6b-4282-8d32-e3c764b7ae3e,2021-04-28,2,2,1a8a2533-03cb-4c57-b5dc-190709e595e6|2e5897f0-a450-4f09-94c0-01833944d282,series_a|debt_financing
ccdc12fd-dd6f-44a5-8ae8-e8736ae8bacb,ae4554ed-3e44-41a9-96e6-fddb2570f025,2020-10-08,2,2,627bf81c-d7f6-457c-940b-82dbb82eaa9d|db51cc8c-211e-40c2-b3eb-cdc3a4bbf9b0,debt_financing|seed
90a5af81-c63d-4c69-8c85-f5bbd9d513f6,84f31321-f53f-4a9f-80f0-5864d0fbbf9b,2023-11-07,2,2,c993f85c-e17a-48cd-928c-f34d9f06079f|7bffe2d2-d22c-40c6-90b6-74cb1204f295,series_a|debt_financing
6330d28e-9d27-449b-b3a8-5a79bf5dd12b,36ed20f6-5e18-4827-9c78-6abfacbb1c4e,2021-09-02,2,2,76d7df77-8b92-4e3b-b94b-238786429987|e1e212f3-3b7f-4d97-a153-702c9abc0e78,debt_financing|seed
8c5ff693-d08b-fce9-7829-236ebf2fe254,cb6561d8-8c10-ee5c-6ed5-fbfb2d8f2bd0,2024-09-25,2,2,b46c2c79-9a79-4272-b814-712bc1a071c6|0d8485e5-c517-49d8-8c47-35ca7673da2b,series_e|secondary_market
54826d4e-2f22-437b-9153-1b49421aef5e,274f290b-3c70-140b-693b-b69c02d0ddfd,2025-08-14,2,2,a37280d8-e9b4-43e1-a0fe-317e83ac2340|1a83ede0-e633-45bc-9567-1d7661f007f8,series_d|secondary_market
6b165271-9ec3-4769-a5b1-e320631bed6c,54f01d6d-a92e-4ba1-9307-eb81d3765174,2025-06-20,2,2,17df96d2-d515-472f-bef1-e998837d76b8|b150b2a1-072a-4989-861f-4241fcc239fe,post_ipo_equity|post_ipo_debt
3cae090b-ed2d-95f8-79a9-e32ca480258f,0c4f065f-524f-fb08-8c17-305b43755705,2018-10-08,2,2,e5c14b6e-6abe-4dae-8ed6-58878faf2ae9|11343326-03bb-4cd2-aac5-8454f21ca65e,series_unknown|secondary_market
af6da4a5-6a3d-4e82-b95d-1c6998ba632c,83fcbd14-5300-4ffb-b3a8-12699e8d384a,2023-07-07,2,2,c8a353cf-15ed-4946-886e-dd9cd414fbe3|b9359192-9eae-43ff-9476-bf8e77d719e8,seed|pre_seed
70e6ccd7-c24f-4604-a020-c6ccca2bdbe9,e5485970-5ef7-4691-a127-5e8ac17a5568,2026-04-15,2,2,2ea25810-c1c0-44c9-9041-23190ddbe7e4|fbad6074-0605-45b5-93e7-b1ac01ae6751,series_a|seed
6efb9171-a87b-212d-f399-b0613da7b1c9,23d85c4f-bf92-42e6-9b04-3e1fede22a16,2025-11-10,2,2,24536e3e-fe7f-4db7-8e77-2a41dab113af|390b8ea4-80cc-4483-a393-edbd12edcc15,series_c|secondary_market
60b5dade-24ed-84b0-99e2-1ecda554a1ab,f52eef6a-6620-4bef-af3d-1a7d0d0a8b63,2025-10-28,2,2,e53036e4-b70c-422b-a53c-4c44270c02cb|665f248b-3dcb-45d6-af86-3befc5b4d6dc,series_c|secondary_market
321aaefe-527e-a56e-85cd-641bd83cd866,42a2c8ab-bc62-4cdf-a83e-64d2d8c553cc,2018-08-21,2,2,235fb9c3-a385-46c4-be8c-032291e46a46|b7d60f12-e873-48dc-ad29-6bbc3ed5e8b5,series_b|debt_financing
8f38a080-b179-b726-5319-c98092201ba1,9c642645-7962-4876-bff1-b2b8d47eeb59,2026-02-04,2,2,0dca8471-4dcb-4165-8afc-79dbfed11627|175265fc-4699-4b98-aef2-59b9ce31f0c7,post_ipo_equity|post_ipo_secondary
3af5c645-b18d-4a09-9ccf-8fa074fad152,18b838af-b35f-46a6-bc7c-e222b49d2ba9,2014-09-24,2,2,ac63ded7-4ce8-abcf-de7f-522051d375c8|3fc630fe-ca83-bf26-ce13-ead2b23b3e8f,debt_financing|grant
eefb493e-8fd1-760a-b0db-64160c82ca86,d6061fb9-7f76-1c3d-d928-31e9dfe57527,2021-06-17,2,2,597d2e34-76af-44ed-bb8d-de488ab13e6d|5c4f19c1-0777-4846-879a-7267dd482bb3,secondary_market|series_f
809d0f70-9c3a-48ba-9c04-fc6e75edc6e5,00e57413-3bff-4444-86d4-d47645939e54,2024-07-15,2,2,40601851-6d39-4694-918e-3d0dc0762fac|457f94ce-c9c0-4006-b9d2-ea82f9262743,seed|grant
63eb8719-2957-f55c-7504-e823fcfa503b,05a5c1f1-bc12-73ea-00fd-0ff58bfa40fd,2004-02-10,2,2,24303705-33c5-b9a0-230c-61a9fdb3a4bf|74510ba2-6682-0ba2-a655-8bf791a6fc7e,series_unknown|debt_financing
0c867fde-2b9a-df10-fdb9-66b74f355f91,91a04b10-e638-4282-8faa-0d1b94df24da,2023-02-21,2,2,426898a0-3d53-4b06-b97a-e07eaad0ba4e|c4ebff5a-c05c-48e8-bb9b-6a8e879ec6aa,series_a|seed
34a9bb66-0984-8de0-e7fb-13e976b4a135,c866b112-6333-9ff7-5954-09cb24c9e87c,2008-03-28,2,2,ff525b4f-c186-4aa3-94a1-928a1869ae01|13716703-d212-5cda-520b-a51d57c1cf52,series_unknown|convertible_note
ae6eb8da-ebb3-42be-9ee6-644a57af8755,0c476ea3-c4c7-4a3a-b3d5-baf0ef88e4c8,2021-10-06,2,2,88604e93-7a07-4c05-938b-c0848f01d4d9|250921b0-9b99-417a-9377-73860c702def,grant|series_unknown
0cc8c2db-bd08-4edb-5f2d-3bfc1837bdd1,fad8e57f-5300-4e5d-9cbd-ecca4dff29b1,2025-10-16,2,2,a6f2fb96-4585-4a2a-b747-7b7b6d7c2eeb|0a4bec93-387c-4bb7-86cb-4ae0d05a498b,series_h|secondary_market
f4d23688-2d8f-14fd-0178-65d285331a16,3bc1e8ee-cbb6-6a2a-3427-75c5595d773e,2006-09-26,2,2,7e67f3cf-14e0-4006-938f-a45f7c11cfa2|b7a6d9c8-59bf-4309-b741-a0c3240fa706,private_equity|debt_financing
59e41cb0-550d-49bb-a792-fae8b5873e3b,ec69b689-1236-4e46-bfce-7332600ed574,2024-01-03,2,2,c3929209-0783-44e3-83fe-0e5864aa0ed4|bee1bd82-a4b3-4cdf-ae69-16a09f4b2080,seed|debt_financing
9036dcf8-62bd-4f20-689e-cde51b9451ca,af37a97d-74f3-693f-11c4-3d526e7d175e,2017-02-27,2,2,82c3e96f-90f5-4a1c-b8c6-a201c92283c4|9265fb84-d099-4a23-84ef-ead858727ec3,post_ipo_equity|post_ipo_debt
15f00221-f3b8-4099-ba33-c29a650a18b7,9332ef15-5d14-4165-8016-006e65b3d11e,2023-03-07,2,2,90d04df6-f0af-4f6a-92c8-7e4fce1f978c|31f3a9de-5783-4781-be40-079cd04a1b97,debt_financing|series_b
bdb89d4d-6960-67bc-b1a2-2853681ebf62,09bf0669-0742-42db-88bf-4589c8cdb9d2,2022-07-07,2,2,38a8fdf8-105e-48ce-809e-d214d509a5b0|a6f3d770-e3fd-4e6c-8948-d893a53b2d40,series_a|debt_financing
9f2f1bf0-4139-7ae1-72cb-123d5ad08370,b24d22c6-d4f1-404b-b3eb-67e0be14609b,2019-08-15,2,2,d56b5619-1124-4296-b5c6-127f5330637f|872ce716-e61f-4f5a-b0e5-38f3cfd7215b,grant|seed
9aa041b9-d9f2-39e7-f056-a0f4d6294220,598f2055-bfce-4147-ab2b-fced7d2c0e03,2018-11-05,2,2,129fff5d-3fb6-40ed-8df9-cdc676d65b81|48c0c0a9-ddf2-47a3-b3b0-3414eb79206b,series_unknown|debt_financing
9db0b6bb-4b28-fa20-e2df-e2af6ebd3a3d,b8bcdf0d-0b3c-4af4-ad66-d057b5ffe27e,2022-05-18,2,2,f4df8f9d-e4ad-465c-8392-5cdf2a75a928|9485229b-cec1-43ba-b331-073855456f6f,seed|grant
97254a29-8bc4-726c-067f-2b4ca823106d,567d20e0-c5f8-783d-31d4-d73e55c026f6,2016-10-28,2,2,be5b2041-4f49-4614-b64d-83c70549d2e6|22f945af-46cb-0f9c-4a0e-24113c019503,convertible_note|seed
f97bdb11-ea39-a8b2-13ee-137fb8638016,54814919-9a8d-497b-bf71-90a23f744c98,2021-05-06,2,2,189cad6b-d2ad-404e-a868-8de6ed7e7550|f9299b1d-ba1e-43a7-b1f8-392e56a12842,seed|debt_financing
bb112084-44b0-238d-48c4-d188ee673989,bb971d77-d7b8-a3c3-6925-c418077e5d3c,2025-09-22,2,2,b911b644-dcf3-4b3c-b06c-79db81153a96|4800e7aa-5512-48e8-bd4b-92db3ec3430d,private_equity|secondary_market
a2fc8fbe-32e1-3219-a3a8-665ae83f7243,b263f00f-5767-4ebe-a154-3701a998a445,2018-02-28,2,2,df3caa6e-e7bc-4ebf-98e9-68aff5bad11a|005d7299-f32b-46a9-9c04-2f54c8bd0f19,private_equity|debt_financing
85960076-7ede-7ff7-6fd3-ff261aff41ab,83fcbd14-5300-4ffb-b3a8-12699e8d384a,2023-07-07,2,2,c8a353cf-15ed-4946-886e-dd9cd414fbe3|b9359192-9eae-43ff-9476-bf8e77d719e8,seed|pre_seed
d83fc2b5-bf72-b7a1-7adf-f92be0bb5d8d,c4396463-b910-f125-3f0b-6c3857a58b42,2026-03-26,2,2,51751453-dae4-41d5-9eb9-eff9036f521a|7288ac8a-7549-411c-b706-04d2f5d12ea5,series_g|debt_financing
c48f6f50-a2f4-3143-9a23-8d96c099d584,a665d023-6628-537e-09c7-6790f79a9244,2021-01-18,2,2,06296cfd-ac1f-4ac7-8992-db023d2bc947|d3d45b8e-9ffa-4bd3-af16-1507429a5cde,series_unknown|debt_financing
72b58bcb-f4ed-63bf-2400-00e6bf68e54f,a864e002-3ba2-4929-a3b3-e71669ea9857,2022-09-30,2,2,26b6641b-58e8-4b84-ac22-3f97fc272d92|dac1ef79-a264-4d24-8328-9658db6b88c0,debt_financing|seed
9aa041b9-d9f2-39e7-f056-a0f4d6294220,b14c0528-857a-4a2f-9719-43ea6fc5bb28,2020-04-17,2,2,c8b6d10e-3a25-4bf6-93fc-5830e3509ed8|4f57cfe7-72da-4bef-bbdc-c155df5d4f6c,series_unknown|debt_financing
aee47d3b-e06a-d516-6684-1d755ecbe99a,a14dd050-0ac5-2256-28b9-af37f6a0536f,2021-04-12,2,2,5736ba73-aec4-464f-9be4-68864c8796e1|a0e3b172-00cb-45c2-b604-ec6316b558eb,post_ipo_debt|post_ipo_equity
c6f5107f-30a5-494a-b99f-3f4fa09b519b,157de95e-dd92-4ca1-b3ad-c999c128e58b,2025-04-30,2,2,7eb1a334-6555-4653-bb68-26eb0f28dd07|be4cbe5e-dddc-4e57-9755-f69bfea590bc,private_equity|debt_financing
ae6eb8da-ebb3-42be-9ee6-644a57af8755,546dc9e4-f20d-4aa5-9ca8-b4366291b291,2021-10-06,2,2,565473c8-6ed0-43c9-9658-62c8138bc23e|3d7e2920-cc9e-4e66-b3f5-44a47c308943,series_unknown|grant
eefb493e-8fd1-760a-b0db-64160c82ca86,6f5592c6-0459-8edd-6959-1be6f5ac5e15,2019-01-15,2,2,8ff90674-625a-4ac5-9166-8ebd701b8d08|6009bb78-900c-470a-8111-26e53032b4e9,debt_financing|series_b
e7f9136f-a486-4e3a-9fae-418cdf557e75,95f3af30-5ab5-bec4-26ae-1e2ee8ba6fd8,2024-05-30,2,2,f3025f31-639b-486a-bb31-9567a8d4bbcc|2adc579c-b2c0-4dd3-8d74-e29c78fd6c39,series_unknown|secondary_market
020a4436-9048-cc62-8c9e-11fb4b2dc995,a7ea3697-d69b-4efa-bb2d-6a33e12b156a,2024-06-04,2,2,64f8a59b-2df6-4d4b-a6fb-3036e20406b7|b9633dcd-19ec-4d82-850e-73e5eb7ce91a,grant|seed
809d0f70-9c3a-48ba-9c04-fc6e75edc6e5,63f4a0b3-400b-4bdc-ab2b-bcebc324e9a7,2024-07-15,2,2,12069b62-9f7a-4d21-b236-ce6853e065d2|2d485052-2108-498f-85f2-ac30e61e20cf,series_unknown|grant
47b84763-9727-7cdf-b194-2742e3963147,d732174e-f352-1567-3f96-6a5b0ad322db,2020-01-31,2,2,bed24134-510e-40c8-96ca-0e23bb215545|0fcd1af8-6cf7-45ff-848a-224a4efc8575,debt_financing|private_equity
ae6eb8da-ebb3-42be-9ee6-644a57af8755,d27d08b2-c719-9216-533d-dd71e362b185,2020-10-07,2,2,2371e792-b5d9-49bd-adfe-58a3506ddc5e|2f0116ae-7791-4d5d-ad7c-22dc44248c42,grant|series_unknown
8adadbfb-be63-6602-8ca0-b037397a7038,158ba6bb-3b7c-655f-bfca-df3be25b2f73,2000-02-10,2,2,a8f5c502-966e-6ce1-50fe-cc9242f12745|1d75478d-ea0e-7984-d90c-ace954876dd7,convertible_note|corporate_round
da7dace0-ea77-d4ee-4af6-7cedb69539e9,650b4354-37fd-7168-b58b-b2087135b085,2016-08-30,2,2,726e2212-0d82-454c-ad83-00830560d98a|8dbc7ed6-a883-4a4d-a6a2-a1a267d67f0d,debt_financing|private_equity
edb9e66b-26b2-d71f-d82b-9effa3c19af6,543513fb-9107-4331-a660-8d517e4abb67,2024-06-18,2,2,58a61017-1422-4b3c-9318-0ae1ab5c1d62|43cb26eb-51b9-48d4-8679-996ad4ebb1d2,grant|pre_seed
63eb8719-2957-f55c-7504-e823fcfa503b,d0687798-a1bb-1338-2f72-ceb207e11f47,2004-12-23,2,2,90e6900a-d67b-5b1c-1c1b-974c74c743e3|2acdf0f3-73f1-8912-3882-9cd94137a354,debt_financing|series_unknown
a2ec420f-70dc-2ab5-a6d8-724bb30c82b8,f0a0b689-8e1e-4c9b-91e4-579918f9efbf,2022-07-27,2,2,c2552439-4c29-4b86-8b59-09af395e00f7|6234ed00-9238-42dc-8f21-9b127c4fd53d,series_unknown|debt_financing
463cc2f8-1c4f-4690-8de8-c97ccd5ab35f,fb469698-5deb-9571-812f-39a583762872,2025-11-12,2,2,034bd8d0-fb6a-4eeb-891e-d9f523f9854f|26a0f69c-cd59-483b-aa9d-d723a61c95f1,series_unknown|secondary_market
809d0f70-9c3a-48ba-9c04-fc6e75edc6e5,b3e94d62-a70f-4b74-ab6b-74a3b072eac2,2024-07-15,2,2,70ac9460-aeb5-48da-a183-4e08fd90fa25|687ca5ce-c832-41f3-82bb-49cdf2e6580c,grant|series_unknown
63d87b66-09d5-4ec0-af3c-0297ca03cb25,b017e1b1-b956-4638-8946-82d4cf872e42,2022-09-27,2,2,b51078a4-040c-4258-9ab0-5bbe961fa017|b8433d91-2efe-491a-b4fd-47510c4e3239,pre_seed|seed
b08efc27-da40-505a-6f9d-c9e14247bf36,b2167c4c-e759-085e-155d-7c74a76522d0,2018-08-21,2,2,55284e8d-902f-46cd-a84d-0b5daf3e9822|fe688c99-bbc3-4e00-b6b9-44b41a0c3828,debt_financing|series_unknown
12dcff68-a3f2-c2cc-d3de-dd56f4f10b51,59dd748f-413c-1250-ca94-37750578ec5b,2020-02-01,2,2,8140ec4b-b138-409c-9af0-5ac79bea20ef|c0589ef2-f817-45e9-9eaf-991168a97b37,debt_financing|seed
f4b6ac46-169e-4fdf-b94e-595de12236c2,6712c055-6432-45b4-922f-4df57a4d2ec9,2023-04-26,2,2,0e1e4d80-3331-4a49-9d87-df9e6c082805|74031fae-ea60-4aeb-8cdf-a10daad300b9,grant|debt_financing
88726a87-5a43-a63e-80b3-3507058ee1da,cd442233-f9db-439c-bdb8-30ab6ff8ad2f,2024-11-12,2,2,dc0a044b-51fd-4be2-b6fd-0140f188f497|8b973699-733c-4b27-9c5e-0ff06eee3ba6,series_unknown|debt_financing
0ea2211f-2206-33c5-ee2b-7747edd23a89,4ae11488-8d98-9054-9363-7c43f35140cb,2019-02-20,2,2,2ae30032-8656-46c8-a210-067d0c21122c|b01803bd-4102-4d2f-b2c1-d9ab621d9f74,debt_financing|series_unknown
ae6eb8da-ebb3-42be-9ee6-644a57af8755,d56ce7dc-ba58-46b9-a288-bc54e3097401,2022-06-15,2,2,a4175e05-0fca-4c50-8457-d4d4694240fb|950ec15e-3daf-4366-8283-bf535309c09b,series_unknown|grant
95d0c170-5fc0-2c61-e32e-9276ee396604,bee7d30c-96e9-48cd-8944-3b5ed9f1d66b,2009-01-12,2,2,6cea7d1a-0b4a-4802-a57c-a953269056ea|9cb270e5-e487-49e4-847b-fb3189d050e7,debt_financing|private_equity
f2cfb5b1-e362-46c3-b72f-6348c884673c,4aeaa14e-9751-4e65-a8d0-16f6de82827b,2024-05-09,2,2,f1ea7c98-7f89-4f0d-84a0-bb74893e5260|55135437-7871-48d4-8570-c61249c910b9,debt_financing|secondary_market
6788acf9-5c35-4495-8ec5-b914f81d1189,4c8af45a-403b-409e-ab4a-9bfc301edb86,2023-10-05,2,2,1e3a2a91-7ac3-430c-83f5-4cbca055b182|b7ca41fb-37b2-4d5d-a3bc-6936b2620893,series_c|debt_financing
edb9e66b-26b2-d71f-d82b-9effa3c19af6,7b8827d9-ad43-4578-92df-54ff9c3cf4fe,2024-06-18,2,2,b88f8dae-1a16-4db0-8934-51b51bebd721|1012d305-9f8c-4fd7-bf68-ca4aa5e810b6,pre_seed|grant
cf253887-5eac-21a2-28d3-47db7311f7e9,d421f6a7-107b-4f08-938f-acd8fbcb1c37,2021-10-26,2,2,791ebb2b-5bfd-4252-83c9-d10a05c29336|b9a7434b-0f35-493d-b283-13ef520d43b6,series_a|seed
9aa041b9-d9f2-39e7-f056-a0f4d6294220,8650b719-cb12-3b71-3fd5-fd5075b3fe93,2012-05-21,2,2,49026eb7-b765-418a-b816-c6e474b852cf|87344bd7-5666-42b9-a2b9-88d347afca57,series_a|debt_financing
f44f10c6-f3bb-6ded-6905-c926e98906ee,7a60054d-56ad-b130-3a5a-f7ccfcab30eb,2021-12-06,2,2,c5b32be7-1ee5-467b-9eb3-dee42aeaa498|b9b32fcf-9159-4c02-ab13-954fd161cabf,debt_financing|series_c
b200c7d2-b173-9ae8-de2f-da1700c0e3c0,961d3f5b-e322-2060-ee17-e9349f8ebf40,2023-04-24,2,2,a64550d7-0b03-46a4-bcf6-8909079c8593|518c73bf-36de-44e3-b3cd-d2bbb26418bd,series_c|debt_financing
9aa041b9-d9f2-39e7-f056-a0f4d6294220,1730e966-531b-4e1e-ac19-68caaa84f4bd,2004-03-31,2,2,63986a62-9245-427e-b4c7-ff96ee38cfbc|118d8bc3-23cb-4e10-b198-c369cb08fbbd,debt_financing|series_unknown
809d0f70-9c3a-48ba-9c04-fc6e75edc6e5,458caeda-343a-4a5c-bab4-418cf2b9afdc,2024-07-15,2,2,c64b818e-a416-4748-bba0-e3aeb7cf91b0|78cb87ad-4097-4fad-8c60-01e75710822e,seed|grant
ef0a0674-d0a5-12da-60d5-42090e4a5077,6abda9a9-d02c-57ab-fa9f-a7f36cae2554,2019-10-16,2,2,4d4ef6f8-3021-4dbe-9dfe-7eb232522c3f|34dbb905-2f46-4a8a-9213-cde1049c1b33,series_unknown|debt_financing
47b84763-9727-7cdf-b194-2742e3963147,338944b8-c229-94d5-d630-4a4681a37d6c,1993-10-01,2,2,3168b20d-8f7d-48f6-9fa6-7550e877ba1c|ace86c21-dc85-464b-a05d-7a22ad104470,series_unknown
5e1de79b-0e20-438b-b941-2e6277825715,6239e49b-83c3-0000-d66d-615719253f8c,2021-06-30,2,2,fb5f1a9a-61d4-4292-bf9e-2b9006af3b92|0def0e29-6559-4e0e-b3d7-54418f9230af,debt_financing|series_a
17f4a4b9-6ad9-4cba-a45f-a18d996d9f37,04ff612f-6bee-42d8-ad7b-3802d5fa9ad6,2023-09-26,2,2,5ae67bf1-23d9-4889-bb60-0964e1d5353d|83381c4e-5b2f-490a-a113-77a0589897e6,seed|series_a
6db631ac-a589-435c-9143-d24e65b61f0b,2ece2064-54b5-4a2b-b022-75e31bb7a582,2022-11-03,2,2,e52f0517-6bd2-4ae2-94c9-6b8d2a264abe|7eb0861c-fd83-4e3a-9e04-492d2a71143a,series_b|debt_financing
cd5549db-e9a4-10ef-701f-193612a5878c,6e281961-e1ee-f39f-dc19-73d4ddbbd4db,2016-08-22,2,2,272c40b9-76f0-f2f4-30ec-56fcb35fcd5f|5d0d327f-0f6c-6eb2-6577-ba900180258c,seed|debt_financing
f6f889a7-af59-2363-8984-addadc4da1b2,2e2a8fa5-628b-7849-f2f4-c6f4458d9a38,2019-01-22,2,2,eb0e0bd3-3d11-45e7-b762-eb970f5c1f2e|f7bb63ca-6df9-42d7-97e6-81b53f205331,debt_financing|series_b
40c3d188-cd08-8abb-0abf-ac214f6b7f46,3d0cbe6b-88aa-4e9d-957c-07324350cbcf,2025-01-14,2,2,2446c2de-87eb-4780-8276-ad00db077e76|5e558dee-1cd6-41c7-a4ff-82748280432b,secondary_market|private_equity
4f015aaf-a2fd-4e21-9f91-ab0ade0b817c,5d820c2a-63c5-4beb-8a80-10914f745ffd,2023-12-19,2,2,d6381d18-553c-49cb-b0b0-edb024e4a344|8ee6ee58-708b-4f58-a708-37a6e18fde62,series_a
39041e62-6b24-ae8d-1347-4cea947e832c,c2aa0078-cc97-442c-8801-ed23f897a9b3,2020-05-13,2,2,82f77f62-a323-462d-aa6c-d7a8f5c9bc4a|d93a5a95-2a13-4f21-af39-210fc7cc2e05,convertible_note|seed
f61d0f9b-0b03-e0fe-9a1c-f1645285540c,a623ede5-71c8-4b7b-983e-f1cefca7511c,2019-01-29,2,2,ce596b04-5488-435a-98b5-2126abe19102|eee4ddb4-3ac8-483c-bc8f-d6fdc6aebcea,series_unknown|debt_financing
3aabde79-36dd-df3e-7ef1-644d0a2105aa,b7cace59-e406-44d7-b6f4-022096ac788a,2023-06-27,2,2,e786414c-a938-4be0-849d-54c24d5ea1e0|060a5a90-235e-4bf3-afc4-359d00b37227,seed|series_a
728c8f95-e9eb-bcd2-d4bb-5f7e314b1ef8,ddd8d025-b93a-b52a-588a-f5510308c729,2025-07-11,2,2,f7bd6394-eba1-4b46-ad9d-de7e6b21f296|262b3c65-8769-479e-8617-05884bab8769,post_ipo_debt|post_ipo_equity
0caaa18f-916d-f2b2-35c1-d130e7b05e30,6270ea9a-69e6-a156-b3fe-ba063d593776,2020-06-24,2,2,60c06026-03b7-4d42-975e-aa55371569d7|ca496920-5de2-4150-949b-5918f0c23415,seed|convertible_note
4e0d468f-9f29-b370-c20c-38f8e1c9b96c,a010850c-06b5-0f19-f9bd-16708915ac58,2025-10-27,2,2,2b902bb6-e3e5-47b8-a27e-28e3ccb8b755|5356e1c4-7c84-4e18-aa4a-dbee41cc2bb9,series_e|secondary_market
2f9e2420-22ad-4ebe-9790-d26e5042499c,37d51ede-a881-4646-ae63-7dd3155132a8,2023-08-14,2,2,96b60c55-5904-42b6-8199-7b080bda7ac3|d07033a5-146e-43ea-8f5b-e41db15594fb,post_ipo_equity|post_ipo_debt
c2c1e02f-ca5f-b5db-4fe5-de1f58afb4db,7073a12b-14e9-06da-f7a8-5bb919189970,2017-08-23,2,2,f5a79ac1-416c-ee1f-1b17-5dc6cb24290f|b62b498c-283d-640c-897d-1f297eed06b2,private_equity|secondary_market
411e125e-9946-3880-8158-5c1ab88a8c15,a95f3bc9-94ee-4cd3-8a96-84696b0bcf84,2025-01-10,2,2,bfe6d69c-c8fd-4cdd-8611-bf8e50cdad87|55c00434-9fc7-4869-a9eb-15f72e5ee8c6,debt_financing|series_unknown
b0427344-6382-1eef-caf2-fa502329c5fd,5b82449e-ff1b-e1fd-da74-2730fc99292b,2025-10-30,2,2,8dd10c26-94c3-4596-ac71-eb1e73958f2c|6ab2e073-84fd-4b2a-936a-938ae1e37fb7,secondary_market|series_unknown
23b60200-c4ed-f896-c730-193677717886,8f47bfca-72ce-441b-98b9-40bebdad26dc,2026-01-13,2,2,b4e9294d-ca6c-411d-adbd-110b84fa7a57|68bd8450-65c3-47ce-a03e-4858716c3cae,private_equity|debt_financing
8c14409f-80bd-4948-a527-bb153c30f381,9e1fb21c-85bf-38dd-1ce6-08e511065c3d,2022-11-24,2,2,9ea2801f-2d2e-4f77-8c97-88384e83328a|553190b4-09eb-40e9-8c74-59c3c2e9f10b,convertible_note|debt_financing
ae038311-13e7-1b4a-dcde-6759031012b5,a78c2c68-cb63-ba52-f81c-9044107077b7,2021-01-21,2,2,497aab6d-4308-449e-806f-ef36a00e558e|6843c3de-76e3-45b8-a422-f8700d70279a,post_ipo_equity|post_ipo_debt
0784cf1f-7690-5f1a-40ce-4c2f7d70786c,ea8d342b-f589-f12f-8f11-a4e3b6a82fb1,2024-04-03,2,2,aba6fa29-31c9-4462-84df-7f0a12b0199e|35ced6d2-8bbe-4ccb-890f-242f302e957e,private_equity|debt_financing
45247ba1-3514-3b1e-c688-810ad55796db,b6a941a9-f431-4fe0-be35-c1f5a8efc34d,2023-01-05,2,2,46b58ddf-8266-49af-bf2d-a53c419aba34|2867fa94-0e2d-4436-b794-d59d57bfff30,seed|debt_financing
34a9bb66-0984-8de0-e7fb-13e976b4a135,12455672-aa10-4791-82e1-b27813a14bff,2026-05-19,2,2,e656df60-71ce-4d68-8292-1a955d4215c7|586899e0-9c13-4f6a-9b1e-301f4bde48f2,series_a|seed
10ad69d2-413f-4c53-b953-0d94a1815202,1e5dd5c2-7724-4626-a1c5-24f84407fc33,2024-12-12,2,2,e114e554-0764-4e91-921f-b3be5bb88b5e|e110a018-3e19-42c7-a527-39f618dd3862,post_ipo_equity|post_ipo_debt
42e0e37d-8c19-8e2c-c230-fb6850945db2,29638286-711a-46d5-ab17-53343c8bac86,2022-10-07,2,2,6e189adc-8593-487d-a91e-0bfdf58894df|af826682-f744-4de4-b4e3-db70f2d01d08,series_unknown|debt_financing
09539470-c53b-3eb0-d29f-aa5e7626eee8,508e6aa4-a356-4f40-b098-60dfdf7725a2,2008-03-17,2,2,44737cb6-9cdb-49bb-8703-e9d28bd8e3d0|80411565-1942-4d8e-9d95-8f66bcb6b611,grant
30b3efdf-6024-804d-ea55-c4d1a8dfc86c,c1bec3fd-9ec1-a4eb-7715-5021845a71e1,2014-12-11,2,2,efff9efc-1b4e-4f75-bc66-8c444a8f4360|1cbcf564-205c-4d9c-832b-dac183ad0ac2,series_unknown|secondary_market
b0a1d000-4a7a-e468-7303-502939971185,6f5592c6-0459-8edd-6959-1be6f5ac5e15,2019-01-15,2,2,8ff90674-625a-4ac5-9166-8ebd701b8d08|6009bb78-900c-470a-8111-26e53032b4e9,debt_financing|series_b
aaa0725a-fe2c-4501-84e7-f10575a7764b,8d4e241c-3390-4a94-8e64-3e6e55232d4c,2025-08-27,2,2,0758aad5-944d-49cd-bd5d-26e97455d230|796b0a20-03e9-4314-9154-9cd633c04e1c,grant|debt_financing
de4f13fd-6394-64df-b2e4-11494ca1a316,16e1dfb3-0bd6-6aa9-d9cb-790e3f8de745,2013-09-04,2,2,181ce47d-063e-ef77-3590-2e2423c02aaa|eb14ee31-45d9-985b-008f-5e94ff4eb5ff,series_a|debt_financing
a02d3969-2526-77b4-538f-f753ce9af3c0,3074db4c-b43a-922c-c027-800e3a149a5c,2021-08-12,2,2,03eb7b3e-0bc7-4175-bc0f-ffa092294555|4952ce9e-a009-476d-a727-ccbe5b87965f,series_e|secondary_market
5941d68d-3ba5-fcc7-57bb-bd4ccacf02a3,04ff612f-6bee-42d8-ad7b-3802d5fa9ad6,2023-09-26,2,2,5ae67bf1-23d9-4889-bb60-0964e1d5353d|83381c4e-5b2f-490a-a113-77a0589897e6,seed|series_a
f54165c5-ad26-4efc-a9be-4b91affad6df,94719107-fcf0-4940-8857-b4bb488e4686,2025-11-05,2,2,4f183de8-9e24-4756-949e-cb7c20eca1c1|3f5aa107-432b-4541-ab15-e39293e97319,seed|series_a
809d0f70-9c3a-48ba-9c04-fc6e75edc6e5,94032d6e-6000-41af-a766-574f226cb8d4,2024-07-15,2,2,35b057cb-ae6a-4d7d-bc0b-00839d6948e8|b456449b-a483-4758-876d-9176b0885542,seed|grant
1b65c6b5-9855-32ff-d12b-2bffcf38f979,360c4f30-4e3a-3759-3d03-ffeba10f19ab,2013-05-28,2,2,08edcde8-993d-4892-9262-1dd338753ec1|d3223761-5f29-44af-8c89-162c94ef7115,debt_financing|series_unknown
02f87511-2b76-0f3d-7fed-109aba6dd5a5,482283bf-00fe-4330-9b3c-2f04194a53cf,2022-08-30,2,2,224c4a58-98c0-481d-bfec-cac8c2a9209a|3daea7e5-5f5a-4795-b451-c55450824d44,series_a|debt_financing
744f25a6-21f9-131d-a4d9-b1348664741e,07ec7bb0-99cf-406f-9266-41c0c9a0be2b,2021-10-19,2,2,dca14526-761a-4c50-8409-63212199680c|58c3c46b-19e1-4867-a1d6-4cf3f19fc140,debt_financing|series_unknown
8fb0f072-6f07-4022-ad2c-880abded4c91,aae73012-6cae-432f-9284-5c4a4c098f4a,2022-11-17,2,2,c24fbcf2-3e48-465b-98e6-fd7232ba1eef|0fb69590-00de-49e2-804d-9545c914f37d,debt_financing|equity_crowdfunding
1266b85b-8528-fc8f-0345-3a8cfc9a3cf5,1a2880ab-774a-4c52-9c3a-7c9944961407,2022-10-18,2,2,873ea6b7-7afc-4103-8349-73dffe81c287|432053c2-6650-4a56-a763-7d12db0bbb3c,post_ipo_debt|post_ipo_equity
95d0c170-5fc0-2c61-e32e-9276ee396604,0b8ff5fe-9788-4d3c-86c0-eb4b469eb469,2005-11-08,2,2,c4596e74-1ec9-4a60-9d4f-663fae9a922c|248b937d-0109-475c-92a3-c9ee267c8983,private_equity|debt_financing
809d0f70-9c3a-48ba-9c04-fc6e75edc6e5,57884022-6a1c-45e7-b1ad-18344915d0f5,2026-02-17,2,2,f365cfdd-2c81-4415-a409-520cc6001f26|dbe5db12-5cd6-4ea7-9432-db8dcd3c6717,seed|grant
ae6eb8da-ebb3-42be-9ee6-644a57af8755,65b0c20b-6edc-463e-a0ba-09e46c3c9c69,2020-05-19,2,2,b67fa0a6-be5b-4bb5-830d-b374e785e7e7|75e5d0e6-3d5c-40ba-adad-12ee74488655,grant|series_unknown
00e49595-f240-41b3-8f4b-a556550254d8,d361fd73-ab8e-227d-13d5-26864ea4b988,2020-06-30,2,2,15febbca-493f-4ebc-8497-9dafc5f3d0fd|20e8d245-8e0b-4ed4-a7fb-95268d193655,debt_financing|series_unknown
4de9f548-cf7e-2ec9-a605-ce1197646abb,04ff612f-6bee-42d8-ad7b-3802d5fa9ad6,2023-09-26,2,2,5ae67bf1-23d9-4889-bb60-0964e1d5353d|83381c4e-5b2f-490a-a113-77a0589897e6,seed|series_a
2db14255-957c-4e46-adce-d1a0e68fca7b,88989b27-2597-40ce-ac76-b4866a492f9c,2020-09-14,2,2,75d91456-5318-412b-9608-f21ed6f78521|4cff000d-c2ac-4580-a897-76afca7e5a09,debt_financing|private_equity
9919d249-40ba-8176-7ddd-06cdd18b4251,529514db-2bcb-49d5-98ba-db2dbd88bf19,2025-12-05,2,2,d8370bfa-8c79-48d7-afa8-20e7e058a42b|066890c4-d6cb-486d-b383-cfd98b59835c,post_ipo_equity|post_ipo_debt
1acb875b-a9d7-4cdb-ace2-e8ac2f47cbea,f0af9954-566d-4d18-bbe5-d2dd3fc23d09,2022-11-30,2,2,43d5a01f-b47a-42ff-9c99-dcf0c9def296|b8775c9e-a373-4502-bf1a-2e8f003cbbfa,series_b|series_a
c429049f-f5d4-453c-b862-9b297721eac9,9714a894-a704-43b7-b819-e43cc6d854ac,2023-10-10,2,2,f040144c-61e3-4e59-b1e2-cc268398d9e1|39c29ede-5dc9-41a3-bc95-5cb7799fc8f3,seed
00e49595-f240-41b3-8f4b-a556550254d8,1448bb17-4350-d74e-e3d4-18db2c24a29e,2020-11-16,2,2,27544013-62b4-4e5d-9343-e00914fe86a3|406e2d17-39d0-4aa8-99cb-dd403c9dbde9,series_b|debt_financing
6efdabfd-619c-4edc-ac9e-d76b07e584fa,727b69af-5bf0-47dc-81dc-f19fa096ef59,2023-12-20,2,2,891f217c-305a-4fd5-bdde-3d06acdf9091|c6e929e0-5862-480f-8fd9-8e47aa75d6c8,seed|pre_seed
f19f8210-62e9-443b-a5a8-753e61f4d1ad,2c4caa55-ca1b-4d66-bd45-e6f2c21ecc35,2010-07-01,2,2,03ceec14-7a60-4ed8-a13c-0cfa0c93050b|95833fdd-2588-45ab-9590-ff9c71ca21c0,debt_financing|grant
1c73a41c-c935-419a-8b50-cb952dd98d41,9a9580db-4799-49e5-89bf-bf86f0c2da34,2023-11-09,2,2,f4c83fea-8fc0-450a-bd92-3b3e43b5ad3a|51676c48-e480-480b-a561-bd56ec9ccb21,series_a|debt_financing
e8487396-f60c-25f1-2bb5-bfcb4e0f4b66,173c5854-80f4-bd91-977d-dd4445cdf0fd,2020-03-06,2,2,9c0b64e0-baf9-4126-aff6-9827f2b91793|6d87c712-2877-4a7d-b899-5eeb28d8c6e2,series_d|debt_financing
0ca1be83-8850-4ffa-aeb3-3f30c5a1b358,ee9bf89a-dc41-4c7d-a40e-0c183f1aecfb,2024-10-23,2,2,b059becf-caaf-4982-ba91-290277ca159f|fb03f9ce-3775-41fd-b135-6899b70dba7a,series_c|debt_financing
2b92a092-ba65-dc11-4264-d2339d571025,3ed8e8fd-0642-43ad-ac14-26d7521288fb,2026-05-05,2,2,6d1930a9-f0c2-40d5-a59d-702813311cc9|35c83855-4b25-4bf2-87b4-474c4709ce98,series_b|series_a
27ac2565-656f-47f8-8d15-32c1e269565e,b1a56883-71fb-468e-b0c2-69dd452a7ce8,2026-03-19,2,2,7d947113-4ac0-4c9b-84aa-983c97ea0fd0|8002c64a-ae46-40db-a05d-a76beda9b1b6,series_a|seed
809d0f70-9c3a-48ba-9c04-fc6e75edc6e5,2fe12120-7cf6-4bdf-8be4-9fc5b652ae95,2024-07-15,2,2,ce09c52b-ca28-4aef-a41e-2b0df6b41324|8ce5b031-d7fb-4527-85d8-e1740a24b2ea,grant|seed
2a2d1a51-f66d-46a8-8aae-b321fe2bf3c6,dc1527af-2cd1-4ab0-966d-21ceea0d19b3,2023-12-13,2,2,79e97ee9-62a8-4fe7-9b35-9145cc29121f|2fdaa45b-d9fd-4603-a358-07f66a3f750b,debt_financing|series_unknown
6db631ac-a589-435c-9143-d24e65b61f0b,b66c9e96-1b74-5175-560b-87fea964e968,2020-01-01,2,2,637066a7-661e-43da-b54f-7e8b78462211|c00adcf6-022c-4fdb-9a5d-a89de8af0d97,series_b|debt_financing
894e0ebb-a6da-4532-8149-126ec0548e51,eda462bb-1c90-4bd7-838f-8bcc25714db1,2021-11-12,2,2,f468c955-1314-4edd-8ead-661e9c447abf|ee033822-f39b-4f52-a376-62b8e81cd70e,debt_financing|corporate_round
77180283-27f0-e51e-9f6a-e36df91a4505,2eeabe58-65e3-fb30-250c-6b6044114b7b,2024-08-22,2,2,b5ba7e33-0ad9-4045-82cb-c1736b8068fa|b0cd6a20-735a-4cf3-b7cc-48c6b3bc664b,secondary_market|series_h
60b80848-a3b4-53f2-2996-f0eac8f6c650,486b4b4f-d213-44b2-a7f6-625e411945ff,2026-03-31,2,2,1ed36e3b-2d00-4eab-a33e-981765e88982|7a78cff8-d5c4-4e5a-becb-3a58b561c401,series_a|grant
ae6eb8da-ebb3-42be-9ee6-644a57af8755,21e05b2c-049f-4867-ae2a-092267840781,2020-01-08,2,2,ae7bb307-82bc-48b3-95fd-e21c7b777a2e|78df6f67-1746-41d0-a675-81c1f13e2ccd,grant|series_unknown
70503993-5927-4256-a30a-c0ac1a7b6b99,40c1ca20-c430-4295-9377-6097032ff87d,2021-03-08,2,2,7786e4c5-2386-4052-afc9-f2c7326869f2|982b71cd-ae6f-49a9-8bb4-882b28871712,seed|convertible_note
c2bbc528-a12d-59f9-51e0-8f229e8e2078,334a991b-8d86-9dbb-34b3-9d93c62d8a01,2022-12-12,2,2,0b80396c-88e9-4f0e-9fb8-b22de6d3e2fc|54e2fdb9-7ac5-4f47-97b1-959455230d8b,post_ipo_equity|post_ipo_debt
983675c3-2ee5-471f-6b57-c9e32a0369c1,a93a301a-1390-48ff-9f7f-c13672af58ac,2021-04-22,2,2,7839655a-5585-47b3-9458-c1d735ff457b|f81af865-8751-41fa-9cfc-1ba8478948d5,seed|convertible_note
edb9e66b-26b2-d71f-d82b-9effa3c19af6,784721ba-8524-4e49-b4d3-71e701bba5f9,2024-06-18,2,2,879c9e2e-3168-43f4-b3d6-949b5140c322|7ae825f8-9118-4fc5-bdab-0a3d34f6dd8c,pre_seed|grant
f51a817c-b855-ec29-9f45-cd8a20f44191,465bfc00-9cc4-496c-99d1-3877c9fe05a2,2011-02-23,2,2,b9b1be47-6d52-4fe2-9108-ed104ee62ce2|79f646f7-1008-4af2-aee6-3a2938c9e524,debt_financing|series_unknown
5491c217-7d6f-f9a8-4561-31ee7c3bb6ad,87f307ef-3890-4f34-8703-e6ac2e95a0d0,2025-06-24,2,2,3bb71e11-2377-4245-a8cb-a4a0aeb19037|0cd26874-db37-4d58-8f5b-c517382f8cd9,series_unknown|debt_financing
4eee5e60-3b06-6fe8-cc2c-29119a96051d,437a788e-a0c4-4de5-b034-392e1c25e9ff,2022-06-22,2,2,b4d74edf-90df-494f-9a82-feac55b3b3e1|64260162-11db-4e3c-83ed-4de43a6e8b2e,series_b|debt_financing
c50719bd-93ac-4ed7-96ae-99ac3b3a8beb,fb4f94a8-0696-829c-4bcd-8fcd284d4889,2013-04-01,2,2,67e36c97-1715-f967-6688-4a82ac8721d2|ad329dcb-5cdd-4fc4-8c9b-3e6310abfa24,seed|non_equity_assistance
c2f6c5c7-c016-4182-b409-f2176c7fdbab,54814919-9a8d-497b-bf71-90a23f744c98,2021-05-06,2,2,189cad6b-d2ad-404e-a868-8de6ed7e7550|f9299b1d-ba1e-43a7-b1f8-392e56a12842,seed|debt_financing
2c3f01ba-ae17-7382-b1bd-43580258b955,7faf2341-128f-0c5a-4e74-b0a55e07370d,2013-01-01,2,2,059e32b6-750d-44ae-b622-ae9e03b3ff88|af48bd77-a3bd-446e-a816-f6c602d1cba7,convertible_note|series_a
a572d0cd-e17a-46d8-93e6-c33415249691,0611c598-8bc2-4ff9-923e-1e4ba742188a,2019-06-25,2,2,5b3163d8-1674-4938-9fdc-fba1cab6431e|a8f2930a-9736-4ffb-b4c2-292815e0eb82,series_unknown|debt_financing
c90c0ba5-6ab8-4fd8-81dc-185308ae38bd,65446c40-4850-4ae8-8fc8-d1c6a939613b,2020-01-16,2,2,66aa5e38-3da0-4aab-b247-663d74a71e22|99678fbc-7c6b-4c02-b55a-8b1f5f2a8674,private_equity|debt_financing
e01409d4-d902-d4af-9e04-f7d8219c7c2c,5bfd3659-642b-f83a-eff0-fd6779c45fe0,2022-02-01,2,2,61f68434-c5c5-4120-9ca6-11489e978cb8|ecf33f6e-c3e6-4f51-8ed4-3ede1ba0e4a7,series_c|debt_financing
84c5275e-2a2f-e43a-1ff1-1a5f7c79975f,1dd6fe10-ee05-434d-b26c-05b7824f0e91,2023-11-08,2,2,d6da33cf-bb26-4c9d-8862-bb0395f90f49|65545af5-91b4-463c-bf77-40b1b6218f6f,private_equity|debt_financing
f6f889a7-af59-2363-8984-addadc4da1b2,fad8e57f-5300-4e5d-9cbd-ecca4dff29b1,2025-10-16,2,2,a6f2fb96-4585-4a2a-b747-7b7b6d7c2eeb|0a4bec93-387c-4bb7-86cb-4ae0d05a498b,series_h|secondary_market
9dc7095b-5b40-a72c-5755-66ec6a49877b,eba67aa3-8e1e-4068-9d5d-fc03923b8ac4,2021-10-11,2,2,08393544-6217-4c27-8210-2734a211b82b|c461e7a9-0a24-4808-91ca-0d1dc39baa81,series_a
b92d54a4-7627-c265-c06e-979215b567d7,88cc344c-2034-4a7f-bd74-57d9d4d7072a,2026-03-24,2,2,11ffda3c-da4b-497a-8d20-9afab4b461ef|71137fc4-3a3a-44f5-b711-c07f744035e2,series_e|secondary_market
2bf95e11-96e0-4081-91ed-6b3836bc5803,0be3f92d-0e42-4f22-92b2-39a2592d5169,2021-09-22,2,2,a5a51a9e-2a76-4c71-926e-fb54a29d0676|95ca7daf-1bf8-4c66-9a32-f9e741faa336,series_c|series_unknown
f011027b-377f-cb5f-d2cc-e511982e58de,14fbf6d2-9dd5-d5de-185d-c1fd02e2a83e,2024-06-05,2,2,0066c11c-4218-4824-ada9-3b5a3711d031|3099f430-1405-4848-98e4-b9d1b2ee4b89,secondary_market|series_e
94c2fe47-ad3d-d5ff-0e79-27bcfa5db658,371c606b-fccf-d466-95e3-e9bfcada9e0a,2020-08-11,2,2,0b92cdfb-361a-4610-937e-bf6d51b0bde6|9070c9b3-3f07-4739-8a35-a69ca8eafc23,debt_financing|seed
c75400d4-d5ae-2f92-4e99-aee6b9a39a4d,675cc279-50bc-45cd-9cac-5c62f5d3b242,2025-12-19,2,2,6a859a92-687f-4a55-baaa-6480db7f5b40|4b137759-dc92-45cf-a070-50624cc2ec01,private_equity|debt_financing
b32594d7-fe7d-3e78-7676-3f59e9d55374,263fa2b9-3923-92ab-3a6b-0b012dd5bb79,2018-07-02,2,2,2da05995-0dec-4858-9338-c68e22158d26|6f98dc5d-b6a2-4ac6-9349-fd89db6b97b5,post_ipo_debt|post_ipo_equity
ae6eb8da-ebb3-42be-9ee6-644a57af8755,802c58d2-df72-4177-8f34-03ccd11a4176,2020-03-20,2,2,1b9dbf8b-111e-439e-b490-ee17f98ad631|96ca2ed5-b653-4826-a35a-b7d9b9660aa5,grant|series_unknown
7468e6d9-c035-05d9-0133-f238f5308246,c8d6386f-d690-bbaf-5898-3fe18c59d51f,2019-11-18,2,2,bce37d45-8806-4ee5-bfba-59c8ff6ce857|80883d57-d7ff-40b9-91b7-82e50ad7172c,debt_financing|series_unknown
d5df3873-7871-c608-0284-c74d0b555ccd,fad8e57f-5300-4e5d-9cbd-ecca4dff29b1,2025-10-16,2,2,a6f2fb96-4585-4a2a-b747-7b7b6d7c2eeb|0a4bec93-387c-4bb7-86cb-4ae0d05a498b,series_h|secondary_market
c899c4c2-6d14-40e2-8643-b41d873d6a79,fada53cf-8459-5032-4623-daaba066278f,2025-06-24,2,2,a357f8be-90fd-4ecf-b463-cc8697ee433b|a4b8fdf7-4ab9-4891-ab0c-3213f7fc92ad,debt_financing|grant
b618133c-c440-41c7-af71-4b58c62e2188,2f2af45d-712a-4641-b7c8-8c79126d80be,2026-02-04,2,2,73ea221e-c28d-4eb3-9c1b-00f1e1823a9d|2a2b6962-44a6-47c8-9289-15c7d2315694,series_d|secondary_market
57f8f8c4-a8df-78d6-d09c-1caf95582d35,ed253c33-ef43-4bac-bec3-8e4770e5283b,2013-09-05,2,2,7f46a8f3-56ea-4941-b116-40d4440dc92f|a7e75b57-689d-4e26-b842-7a233c0e117c,private_equity|debt_financing
e05b5915-3646-13cf-12c5-f84c01358990,875f128d-6db7-4f22-abb7-dd06e4c19719,2025-01-14,2,2,39fcd752-bea0-4621-a4f7-b34a853f3d41|c5054e06-db06-4bd6-8f76-b3910ce8d874,debt_financing|series_unknown
c75400d4-d5ae-2f92-4e99-aee6b9a39a4d,c37e637a-bcdd-8c95-b0f1-08c92a6ef024,2025-01-13,2,2,4b1a9a73-c056-4256-a9c1-025fff4c9950|bf15cdc2-b0f8-482b-b01a-07c077123ab3,undisclosed|debt_financing
8c1207b5-dce7-dd47-7e91-e5198b6e939d,8bd73e71-e094-66c5-e406-817d2b04737d,2017-02-01,2,2,831cc8f5-0490-4a4f-8980-bc66f2accfd0|dee21061-485a-4149-8378-b5bbbec56b27,private_equity|debt_financing
b32594d7-fe7d-3e78-7676-3f59e9d55374,9fa9e41c-191d-88e1-ea29-3660064701ca,2021-01-07,2,2,c222084c-4801-4b78-9116-42a0e9114094|d06e8ff3-67a7-43de-b6d6-04cf70ffd32c,series_d|debt_financing
809d0f70-9c3a-48ba-9c04-fc6e75edc6e5,9389602b-e4fa-4a4e-b524-ffc32d5a1d7d,2025-02-17,2,2,659b5126-9d41-487c-bd1f-3753a98b74ea|a1064c74-e766-4687-a898-0c4442f53a4e,grant|seed
3f2b031a-e682-44bd-ad8c-4039112f98b2,ca9bd3d3-00c9-7481-fea5-b38258d82529,2017-10-19,2,2,80993af6-d45b-46a4-882d-f56d4188f0f4|f9ac659c-1125-4e25-807b-e13142141211,private_equity|debt_financing
89f49421-fd8a-48d3-aca2-2922965a2225,9770b9d6-b2f9-4db4-957d-67b08ce41311,2022-07-18,2,2,6b741043-3dc9-49fd-bca0-7e987b6d3580|af6209ea-0b81-4ac6-ab98-3269d5df2e1c,post_ipo_equity|post_ipo_debt
f07266d5-f4ae-3e2e-2350-d6c1c0d49e7c,bbe9fdb9-fb52-48b6-a49d-d4b89120f414,2019-04-23,2,2,4a6f4bc6-3cc5-43e0-911f-d457ba9ef0d4|0a5acb03-9ed9-45eb-9b43-16007f673f76,private_equity|debt_financing
983675c3-2ee5-471f-6b57-c9e32a0369c1,1c7e20f1-18b8-44e0-a55c-80c68e639b56,2020-06-08,2,2,6c4de2d6-e36d-4f68-a71f-8fb565b565c5|1815c1f1-8cc9-47ad-b0db-6746e27e66fc,pre_seed|convertible_note
ee17319e-f5ee-9c9a-6500-edf82b4fbf05,3ed8e8fd-0642-43ad-ac14-26d7521288fb,2026-05-05,2,2,6d1930a9-f0c2-40d5-a59d-702813311cc9|35c83855-4b25-4bf2-87b4-474c4709ce98,series_b|series_a
eb5edcd2-2df5-49af-8888-cb1fe65ad094,faa04487-c9b6-5db6-c856-6a7a3f8d7582,2026-01-22,2,2,24bb59cb-5ffb-4e1f-93c7-b5bb48da392c|ece6565d-b23d-415d-a42f-0d7f15d92140,series_d|secondary_market
d420cb3c-c5c2-df2a-63db-4850847570c8,da0253dd-1499-3a5b-9cd3-98cd3d55bc56,2021-11-23,2,2,07ef1b40-8ce6-466a-bb01-61c8bf4aaa86|7c97fabe-6d1a-41f4-97e8-53ef44a6d196,pre_seed|debt_financing
40e3a7d4-6bf3-cabb-34ae-64c4f5bd46e7,df95b543-a31f-126e-9338-5ce789e574fa,2015-06-09,2,2,56cd8758-aea3-4d59-8d79-c22e2c9904bd|249d0935-ba77-2266-bdc3-00c6f5c3f7fd,series_unknown|debt_financing
9982c2c1-11e9-66c1-be20-133e35da61ab,3a3122b9-9a7f-4da4-8ce1-cdee4b3cfb86,2024-03-25,2,2,ffab494f-fe44-4afc-96b9-bed38bcae693|0f8cb5c9-09c4-4d39-a434-352789353b3f,debt_financing|private_equity
83b78419-7bbd-e479-e7e8-18e5a6f989b4,5cdc52c3-9f6f-45b3-9036-0aabbb1de332,2022-03-14,2,2,29a61949-95a4-4d45-a822-9501d0d76ebc|2b3e0bf5-5661-4923-9011-9f35a2fb837b,series_a|debt_financing
ae6eb8da-ebb3-42be-9ee6-644a57af8755,35679955-92cb-4b77-90a6-f6313cddb762,2019-10-09,2,2,40d8a328-8226-439b-b4fa-10b5e0f4547b|3fd4235a-2e9d-4c31-bf0d-198ea69a3005,grant|series_unknown
baf47757-6ebe-45f7-85b0-222acffb2dd8,8984d244-e1c5-4753-9a22-244228df58eb,2024-05-28,2,2,65bc9f3e-31c7-4403-afd9-a93c8c99f2f6|41f59bd2-4d98-429b-95bf-51748066c367,debt_financing|private_equity
cdf51315-5218-4ff0-b0bd-415bfd7769d2,18aa0474-0640-447d-ae62-944f96ebd0f6,2024-01-03,2,2,e2fa9e58-9f45-4400-8edd-cb90964cfe2c|039131d1-429d-4b8d-8865-d1f24da81a1e,series_b|debt_financing
331411f5-6b07-23bc-a3bb-fd9f5de7b44f,3d97ad1e-a093-460d-8620-dc92e2aae193,2020-02-10,2,2,873c4be2-72e7-4a01-a610-c7f3557af3d2|3d70a3bf-9888-43ac-b57e-74f177f57abd,grant
17766aa6-2da1-c1eb-d14d-2277ae1f34c7,e3862b53-f737-402f-9cda-30cfe4ef7a39,2023-07-19,2,2,b636137f-46c4-4df4-8eb0-3b17ee7e4bd2|984dbcef-218a-44d7-9190-632e238cb669,series_a|seed
ba80fcad-2fab-4d92-87f2-30fed15e6edb,861bb226-3e4e-8fd9-18df-3158eb0350e9,2025-06-05,2,2,7cf6eab9-d6b4-415f-a91e-0cc7b77af48f|c55ae6c7-a75c-4f1e-bd0f-52bad96394ae,series_unknown|debt_financing
76c506a0-a56e-2f7b-9c15-2c4740ca51e1,8cd8b10d-d424-49f3-b835-c42d3c99e918,2022-06-14,2,2,b27b8c20-fc63-442c-acc0-44a235f41feb|5402832a-8d03-4b60-b0a0-11380e91cac4,series_b
52652f4d-581e-4ad5-9d06-b1b250a333cd,020de5b5-1319-4f73-9e3e-4e6c1e1a885e,2022-08-04,2,2,bd415984-cc7e-44d7-9890-d5726c6192e4|7fc3a0da-46f7-4290-bad1-b92ad01ff3d0,debt_financing|seed
2b1cfbe8-56f8-aa96-a8cb-341af85a1ccf,e2977c0a-0dcd-4340-aae0-bd8f183c70b0,2023-10-31,2,2,c9ad7d11-6d72-4dff-aea9-28bd3293ffd0|6a03d4d9-7950-4cf2-91d7-e88e0001a796,debt_financing|private_equity
39041e62-6b24-ae8d-1347-4cea947e832c,4d3ed1ab-bfa5-402e-ad8c-162d6da75875,2022-02-14,2,2,a150f9e2-2cdc-4529-8d8c-3f8ebdec90a5|4406dace-0ede-4ba6-850d-2f2160a65f30,seed|convertible_note
7c07694d-4f6a-4ec1-8c56-fd0bb4b2a388,3ed8e8fd-0642-43ad-ac14-26d7521288fb,2026-05-05,2,2,6d1930a9-f0c2-40d5-a59d-702813311cc9|35c83855-4b25-4bf2-87b4-474c4709ce98,series_b|series_a
96c3a28e-d93f-4e2a-a511-08584a360cad,14317f76-d95e-4861-8e48-d0300e361d0c,2021-12-17,2,2,39507fb0-8589-491c-9d41-bc186a82d156|bfe4cd90-361a-4880-aae3-95378ade9f18,post_ipo_debt|post_ipo_equity
ae6eb8da-ebb3-42be-9ee6-644a57af8755,3a6d129c-2d86-9997-10e8-05a4f59e8fc9,2022-06-15,2,2,c01fe9e3-7a9e-44ed-b2d7-edd847871b82|e8110f95-816a-4bf2-bfb0-b777105f4598,grant|series_unknown
ae6eb8da-ebb3-42be-9ee6-644a57af8755,ef47c365-1d3c-45bc-9f9f-90a3b47f7d07,2022-03-23,2,2,d1c6aa2d-d0f3-40ae-b746-09d8f060c934|e0e7be9f-13fa-46f4-8b86-84c0abf2fe4d,grant|series_unknown
ad02a619-4e2b-4b25-a831-973142649079,7e368836-c0d9-4273-b2b3-6af7b00a21ed,2021-06-28,2,2,dce60d42-4569-4ad3-acc3-5cfc13f1cf3c|4f6b0e4f-6bfb-4af2-abb8-b32e24a1659b,seed|pre_seed
ae6eb8da-ebb3-42be-9ee6-644a57af8755,69c1be8b-b4b6-445a-b449-a51e28533b75,2020-03-20,2,2,2a991e03-e89a-45eb-a91b-1637260fbb9f|96ef40dc-fca6-40b1-8b9e-712d9e1dfa6a,series_unknown|grant
9aa041b9-d9f2-39e7-f056-a0f4d6294220,fb846d4c-a625-481d-89a7-b864485302e5,2014-09-30,2,2,3ec9b348-da1d-467f-b62e-2dfeff332e6d|90272868-2868-45df-b7dd-7e55a300d77d,series_a|debt_financing
a2fc8fbe-32e1-3219-a3a8-665ae83f7243,404e1a02-ecd9-4adf-b153-637437881202,2021-11-04,2,2,3743ed67-9d6a-4f5b-b4a0-79e34d8e682f|30b8c594-d303-40e6-927d-a2646868c860,private_equity|debt_financing
90e9d6df-cc1c-402a-8e62-8d57ab682862,a2b17b1f-c6b0-4d23-88c1-ff2f333c5fdb,2023-05-10,2,2,f2a7ba3c-a4de-4777-aaae-bd6bc62fd7fa|36555208-0800-4a1b-8cea-86ed868d3294,post_ipo_debt|post_ipo_equity
e7b38f24-7f42-45ce-9848-5593df58f70b,301bce04-1610-4369-a9db-29de9623e65f,2022-10-06,2,2,fbf6ae6c-9f83-4286-99df-d9cc1e2b2c53|5eaaa363-aaeb-4c86-a745-9ae7cfb7466f,seed|pre_seed
772b1ec7-8ddc-6b37-8511-d32de4310e62,68a392c0-5172-f8d9-c902-34725457cef2,2024-04-25,2,2,2e5268f5-c94e-46b1-8ad6-5620eb29b128|c5d0f93f-fb73-40fa-9676-e8dd838241f9,private_equity|debt_financing
aa73d429-aba1-53bc-4014-5b39ae700951,84f83612-2662-debe-2e41-fe907ec1029f,2023-09-10,2,2,66d9b167-65ad-4367-b5ea-61c9908b31b5|1145077a-3703-45bf-bd21-5d7b737b3558,series_d|secondary_market
1b65c6b5-9855-32ff-d12b-2bffcf38f979,e41702fa-2ab4-4979-adba-28126d97cea6,2015-06-04,2,2,e4fc4e41-7b2e-fe16-3a8a-e3be5941f4ca|74f4995d-13a3-db2f-da61-2354ae2779d0,series_unknown|debt_financing
da7dace0-ea77-d4ee-4af6-7cedb69539e9,d20147fc-dcb9-4afc-854e-2165afeec1a5,2015-06-22,2,2,20e5206a-e79d-409e-a7ea-f27f3051b9b9|4ee61c29-a29e-42c1-ac89-2126d9191622,private_equity|debt_financing
cedd6a2d-2300-dc78-1509-e4091018c69e,ce334730-45db-47dd-b242-a2d74b9304b6,2014-02-18,2,2,aa56274b-f31e-a978-9ab8-2595e655dad3|2fbf7282-3fb3-e43c-618f-8e7c9d08daae,series_g|debt_financing
9f4f9c3e-fa60-429b-91f1-eb53bc1e7713,90d3a101-3b0f-44f2-8911-9f4df12dcd8c,2024-02-26,2,2,2dcca351-644a-4a14-9795-3720e07c63d3|1cef34f0-4e06-4227-9b65-5c59c96e6704,post_ipo_equity|post_ipo_debt
9928c272-1fd0-4845-af8f-8bd70c3b7015,ead104fd-8fef-43d4-95b4-80ba5b7ddb27,2025-08-06,2,2,ba9b9302-f783-490d-a45e-89558fc4286d|d5bf768d-9705-4f88-937c-3d19acf58b83,series_a|secondary_market
39e6ad18-504f-fde9-1eb0-f4825a9b24d2,04ff612f-6bee-42d8-ad7b-3802d5fa9ad6,2023-09-26,2,2,5ae67bf1-23d9-4889-bb60-0964e1d5353d|83381c4e-5b2f-490a-a113-77a0589897e6,seed|series_a
2384bfbe-0685-49f1-658b-fd35d28061e1,ff38a37c-0957-df34-be76-a6a0c4b31026,2013-06-18,2,2,d027d49d-2738-cd7f-91a2-8d584fe24158|fbd1ad78-7845-41f6-9321-351f26da7ea2,private_equity|debt_financing
902deab4-ec41-68ce-d9df-c0c959578176,71e10d11-f640-4de0-ad23-43bfe8e4f711,2025-06-18,2,2,d1a51470-d62e-4f46-97d5-4d396cbac8bb|ad3af4eb-9a1a-4eaa-a17b-ba89b334954f,series_a|seed
993351d3-3548-d482-13af-ef1598158b26,6559a49f-aaf7-448d-a91b-f463021e0568,2025-04-03,2,2,7f2fb85d-5d05-4b11-8553-ae9fe0967827|be201c03-178b-4651-9f63-188b8270e33a,debt_financing|private_equity
ff26904c-b4a3-bb61-7a54-fcd3375b2b3d,1176695a-76c8-4d86-80b5-bd08f836d8c1,2024-02-26,2,2,ed1f481e-8676-4e6e-b3b9-b400044cc5b8|846dc071-3815-42a9-9c30-64923df50044,series_a|debt_financing
e892a625-f601-e920-27d5-79d07073ca9c,46f394bd-b5db-4aab-9f5c-dcecb53bc26b,2025-02-19,2,2,11e54287-d693-4a47-8712-3f96e2bb26fb|7975bc87-cbef-4a81-988e-1c882f37e0d3,grant|pre_seed
72433a0e-ca4e-476f-af52-1e8680f4643d,04ff612f-6bee-42d8-ad7b-3802d5fa9ad6,2023-09-26,2,2,5ae67bf1-23d9-4889-bb60-0964e1d5353d|83381c4e-5b2f-490a-a113-77a0589897e6,seed|series_a
c2f95b9f-3ba5-10cd-6ff0-ff7d58223c45,024d26ed-e03c-e51b-08cd-0c7c1bc9ddd5,2021-12-20,2,2,8d102f10-6366-4a77-96c5-e5448483553d|7f6491d0-21fb-4b8b-b3ad-112cd93cf898,series_g|secondary_market
4ca6cfbe-0eba-2bb5-88a7-d4c00235bd7d,28e93d62-59cb-4012-8d54-1c03f7b1aae2,2024-06-18,2,2,b0b20aa4-3ac5-4ef2-a21e-97fc0f9ff707|8fb2445c-1706-4903-8f87-860dbeaccd41,series_b|series_a
d9f3c7cd-ba54-6871-0215-734c50e8b988,13675ab1-cf79-4cec-a7c9-fb0431a05dba,2021-05-05,2,2,391d1210-7375-4a83-92ee-4ac7522e2c49|4f771c9b-f797-481e-b97a-04117579e6ed,seed|debt_financing
983675c3-2ee5-471f-6b57-c9e32a0369c1,03bfd10d-b761-4171-9f83-0c4f55fc1e5b,2020-05-14,2,2,5adf8902-8c63-4112-b9f4-5a454496629b|157a7313-1160-4ec8-a6c3-ec887a58ed1f,seed|convertible_note
da23eb72-ea19-faae-fdc7-9cbf82117737,6f165a0f-01c7-4574-bc6c-04aa8c84c720,2022-12-06,2,2,df823f17-7679-4a2a-a5ca-29e5202f2031|691a824c-4b89-4614-a341-09b38c597143,seed|pre_seed
12e47989-16ec-4d2e-8bb7-89829e1e9a3c,c28b11e0-92a6-423c-bbdb-2ac2d5a1b472,2025-09-29,2,2,c8c1a1ec-91dd-40e9-ad81-3280ea0c50a5|38999f00-5877-4660-a7d7-f76aa93e4951,secondary_market|private_equity
de9cd65b-a2af-44dc-ae47-a89e5542e73a,a665d023-6628-537e-09c7-6790f79a9244,2021-01-18,2,2,06296cfd-ac1f-4ac7-8992-db023d2bc947|d3d45b8e-9ffa-4bd3-af16-1507429a5cde,series_unknown|debt_financing
ae6eb8da-ebb3-42be-9ee6-644a57af8755,ef382bf4-b76d-4df8-bd15-656c1e9daf6e,2022-04-28,2,2,72744f9b-9c0c-4439-9be2-71fb50044b28|fff008e1-6708-4dcc-a8c1-1c9912d90d67,series_unknown|grant
809d0f70-9c3a-48ba-9c04-fc6e75edc6e5,af21a7a3-9939-40ed-808f-9f5c8d2cbeba,2024-07-15,2,2,b6a0c046-6ee9-4c2e-9cfc-ad5b9cb52ed9|45d49abb-a70b-42e9-b06e-76864cecc5ac,series_unknown|grant
9baaa25e-01da-4b8f-8c0d-fa3be703eb7a,f8f3eb91-f504-4f56-98ab-45d97f439c86,2021-07-15,2,2,dc8296e8-da44-4537-abed-719b065fa68b|807bb913-3731-47fe-8bb6-32f7ec48d029,series_unknown|secondary_market
b05733b2-9ee2-566d-a143-7340d016f2e5,8f1b5d66-55a1-a080-03f3-d8cdab690f0d,2022-09-22,2,2,c7232f3a-3e8c-4646-9332-ff5bf2f8c4b6|e5a60338-a159-48de-9bd0-6d3e96242a82,series_unknown|secondary_market
40d3f950-dc60-4cea-8b96-c7bfd7233e5c,5d68a538-9be5-4d46-8f28-f7f6da9f9b91,2022-09-07,2,2,c5f05314-3e2a-4120-941f-40477a3ada36|f1cfe04d-4070-442a-945e-1a329d6ac452,secondary_market|debt_financing
ba89da31-627d-4c02-bfb2-866cea64f3e3,d35ecb64-7934-4cb7-b25b-84c3cc2d7df1,2024-12-11,2,2,e5084f03-b67d-432f-9cbe-a827dab6abd2|ef2234a4-bc2e-4e86-8fc7-a218c760ccb5,corporate_round|debt_financing
39041e62-6b24-ae8d-1347-4cea947e832c,0537c337-d460-474d-b325-7d9ceffc6875,2021-08-31,2,2,28c11798-79e1-49de-99f2-b1a44e04809f|25094c2a-02a2-48a4-95f1-01e27604e39f,seed|convertible_note
39041e62-6b24-ae8d-1347-4cea947e832c,ddb62849-bc88-49d6-a1e3-b586926af308,2021-02-16,2,2,b1409b3f-63ca-4477-9ec3-df9dad0174dd|51b2ea52-c480-452e-bf8b-1321c0c223bc,seed|convertible_note
ae6eb8da-ebb3-42be-9ee6-644a57af8755,b5b58a63-5d2d-4b6a-bb66-e6ddb43ed1a8,2023-11-06,2,2,cd3275d7-b2b5-4bb1-b8d0-054e8a57938a|85ae4126-4ee2-429f-b5ea-4af9ab0a6121,seed|grant
e2006571-6b7a-e477-002a-f7014f48a7e3,c866b112-6333-9ff7-5954-09cb24c9e87c,2008-03-28,2,2,ff525b4f-c186-4aa3-94a1-928a1869ae01|13716703-d212-5cda-520b-a51d57c1cf52,series_unknown|convertible_note
d420cb3c-c5c2-df2a-63db-4850847570c8,30412f85-34ba-4c78-84a9-a5e2599bfe79,2026-02-24,2,2,ddf3620c-aa4a-4d11-8c5b-4b4c2dcc4033|a4c580cd-9657-4313-8db8-5b715c403543,series_a|grant
ae6eb8da-ebb3-42be-9ee6-644a57af8755,e1e541cb-81ad-40b4-bd6f-164ab0beb64a,2024-04-30,2,2,995d325b-62fe-410e-b606-b3b3c5b5b17a|18d78444-9660-4b2f-9987-74dcc20b4099,series_a|grant
33cf44a3-8d62-4788-b4b2-47de4a305aaf,5b0257be-5d76-4080-a93e-c732efbcb78a,2021-11-26,2,2,b20c484a-00b8-410e-909f-a0233a001ba9|16233c0c-563b-4baf-a119-96982c281b36,series_a|seed
66b3e08f-0d4b-4bd7-ac71-852cc43cdd8b,ed81a1ee-8849-44d8-9e96-254ae4c49163,2025-04-30,2,2,f6803c38-edd3-468b-ae89-368e727451a5|ebb290ed-92cd-4daf-8913-184983c62552,debt_financing|grant
386eb9bc-d8ae-2537-b5bd-534f14520ff3,c7d7123d-2521-4e6b-a230-594219c7411d,2023-07-10,2,2,70de0633-97a1-4987-863e-8c5636d76d27|7ba73e62-7dc9-41fe-9120-72e74bf586a3,seed
ea04e312-c564-0aaf-db7b-1923bd58378f,7f097e79-4b4f-4e5e-cc2e-ffb96f19e8d1,2019-06-27,2,2,2b96476d-40ec-4cf5-b0e8-de662c7c97f9|094622f6-5b33-4298-a66f-6b4e2bf62a2b,debt_financing|series_c
d49d98d7-2e54-f14d-3a46-030b1f01c8a0,4af926d0-b308-4ee0-91b0-dc8ceefee982,2024-01-18,2,2,90ee703e-78b9-4b16-be76-0d68e7ec278a|bd7eba9d-abf3-4904-8ae3-6bdbf716a299,debt_financing|series_a
ae6eb8da-ebb3-42be-9ee6-644a57af8755,0e77f56c-34d5-4b97-9128-830392313c18,2025-10-30,2,2,2903fa0a-2ea7-48b8-8613-0a8bdcb84092|40d0c45f-deb0-440d-8f23-3a86a4fd486c,grant|series_unknown
ae6eb8da-ebb3-42be-9ee6-644a57af8755,fc064c48-ae01-4ebb-b9be-454ad4578c0f,2019-10-09,2,2,de791250-56b0-4ef6-81c9-9322f8e0d498|7769f9de-a43f-4f73-b391-39e2625673f6,grant|series_unknown
07f679c7-7c3b-b6eb-9382-b964bc8f32e4,e879d2a2-ebba-c79d-71a7-a95d184c9c50,2013-11-14,2,2,7b403a20-c3c8-1191-ef93-69ee02e0413c|4e657607-b6aa-13b7-d783-667cb6af24df,series_b|debt_financing
9bd3f498-c544-4088-853a-c3e978a0c123,05cd26bb-3f5b-4841-2614-4d54fa0a88ba,2021-05-12,2,2,4461852e-faa8-44c8-981c-738585112262|2849c5da-4e1c-42b4-97c8-52dfe05b3176,series_b|debt_financing
809d0f70-9c3a-48ba-9c04-fc6e75edc6e5,fcb65ff1-0b13-4756-a795-0e832f142dd3,2025-02-17,2,2,48836bc8-6085-4aa4-9888-712f4a982865|3def5276-3f80-4a01-8544-e35d2a7e206a,grant|series_unknown
eeab3931-7ad7-20df-ec2e-4ad9d61b25a7,c68ddb4f-844a-448c-bd85-af8e77b04f68,2025-10-08,2,2,a93c1d75-98ce-4fed-80e2-625a7bce9f96|bea1e86f-cf3d-4733-a57a-603c3a98cb56,series_b|secondary_market
ae6eb8da-ebb3-42be-9ee6-644a57af8755,9a52e438-a0d9-4525-8da9-c584362f8d14,2020-07-10,2,2,248578e4-1a2c-48cd-aa29-75c8337dd51e|0a7d8f83-1f7a-48c2-9a01-178de45eca49,grant|series_a
2384bfbe-0685-49f1-658b-fd35d28061e1,0c4aa1f8-a1ba-df60-8205-3d3ab1353fcb,2006-02-10,2,2,46c45232-ec17-44cb-9b2c-459d6e50acaf|cb0a5d30-b0fe-49dd-8a70-d49087a7cd0d,debt_financing|private_equity
4fae4543-f47c-f737-3ff4-c6f0e6fb2022,d732174e-f352-1567-3f96-6a5b0ad322db,2020-01-31,2,2,bed24134-510e-40c8-96ca-0e23bb215545|0fcd1af8-6cf7-45ff-848a-224a4efc8575,debt_financing|private_equity
48bac787-7774-defb-f76f-3534fb68b589,6a5c5f61-95dc-7292-6404-de6294940c3b,2018-07-30,2,2,45219d2d-6bb8-4dff-9dad-b1065e7538ed|ec7e261f-e71c-4b8e-81f1-7c331f86157c,debt_financing|series_a
8e93f251-bcb0-49a4-93a8-f9809c831301,b017e1b1-b956-4638-8946-82d4cf872e42,2022-09-27,2,2,b51078a4-040c-4258-9ab0-5bbe961fa017|b8433d91-2efe-491a-b4fd-47510c4e3239,pre_seed|seed
ac884c0d-cfe1-4cc1-8ec3-00f6eff3f689,dd04e865-1777-496f-98e3-8af6ede5b0fb,2020-12-13,2,2,bd1306a7-cbc9-425f-bcb4-2757dc4d469e|1c368f20-4fa1-4283-8db9-3bce1b78912f,series_a|debt_financing
20cbcbee-5e41-450a-8dfa-df88c89310a3,10e83f29-6ac3-41da-8b18-78483f9b79a0,2025-12-01,2,2,d48dc701-07a7-4533-944c-055314893fd6|0c2caf3a-4900-41ff-919f-8492f0107db7,post_ipo_equity|post_ipo_debt
74b1d125-9b96-3650-b101-5479295b064e,22ec305e-0178-4f2b-88c3-2f3a02847b12,2024-12-18,2,2,138901f7-83b1-4349-9018-ba1c02847bbc|87e0f619-b91d-4624-bb5c-74c21f07213c,grant|debt_financing
3860040f-32cb-5cfd-92df-d8f37f2ea70c,3939e9c1-1a89-3c09-b1b1-5a666ad09135,2020-03-05,2,2,0b3f51e5-6e21-4be5-9615-929ee5f13fa4|fa5f73e5-af29-4912-b8a6-2fd6fee6ac32,series_unknown|debt_financing
62185e2b-ff50-4f7f-a899-b97a774305a5,07be6e94-b9f5-4f5d-a7c0-6af702eebb56,2025-05-16,2,2,418e8ae8-8207-4b9b-ab26-4573ee2e6ea7|4a48831a-b369-4f0f-90ff-bc2ecf2673b8,debt_financing|seed
877e6281-29db-4a5e-8f5c-db9eeaf7fd05,428bb42e-6cc9-4909-9d28-a01dc0a89705,2021-01-21,2,2,89be7b5d-5273-4b9f-8875-7b2e349397e4|d16d656c-f20f-40e3-8486-cecd4246b38e,series_unknown|debt_financing
d1b8008c-bfbd-439c-8dd1-080d016cfe03,a59383b0-3e30-4d77-8d5b-1a86646031f2,2025-04-03,2,2,47f75ccc-0911-4819-966c-a1e65aa45ccd|2ee4a36f-0e92-403c-a304-0111d8ccb6a3,series_unknown|debt_financing
d3c4b399-d904-4430-a2e6-48a9c5016160,987f9700-07eb-4326-a61e-072fa282fc32,2025-11-19,2,2,9e6789ce-6760-4ee8-bb7d-cfca411c1d56|7298bb5a-d1f7-4d6e-b735-da30df49f94c,series_unknown|debt_financing
da7dace0-ea77-d4ee-4af6-7cedb69539e9,ce214fa6-64dc-4bbb-9afe-4f84165eb08f,2012-12-27,2,2,4f15addd-cc22-49da-838d-577b9850d691|ae6f6cc6-ef48-45f5-9f8a-096a9b27b3cd,debt_financing|private_equity
71f7d0b6-c995-a534-b640-521598a7e184,05f07b2d-df5d-60bf-2d81-21cdd0edd795,2005-10-01,2,2,63c6c13b-a35b-6e39-b6f4-42a0ed701e2d|7e8aa5a7-a32e-5728-ffc2-e943e0361914,debt_financing|series_a
6d680af8-48ff-71c4-05af-1309d0f58ea5,f98f6e15-74d0-0855-258b-c98781716319,2025-09-09,2,2,0b2e1f30-50e8-4b79-b7d9-413410c212ad|9dd74fc2-c19b-44fd-80c4-28ef1d8e673a,private_equity|secondary_market
26834bf2-fa95-4e8f-ab4b-3d2603a8fa2e,84f1d295-f04d-4fe6-a858-9a2e347fd599,2025-10-28,2,2,2ec1f576-90e8-4281-88d3-fbcc61f2b934|7ac5ce2a-90c3-43bb-b3e2-a8184c2b8d19,seed|series_a
73633ee4-ea65-2967-6c5d-9b5fec7d2d5e,12455672-aa10-4791-82e1-b27813a14bff,2026-05-19,2,2,e656df60-71ce-4d68-8292-1a955d4215c7|586899e0-9c13-4f6a-9b1e-301f4bde48f2,series_a|seed
13f6961c-4971-f590-a629-dd6f1b35f3e5,334a991b-8d86-9dbb-34b3-9d93c62d8a01,2024-01-02,2,2,3692eade-3db0-43f3-89ce-d0732a139a39|8e8b3ff5-4393-4a20-a028-4aef639d1243,post_ipo_equity|post_ipo_debt
931f7202-91fd-ab26-c07d-06518289ef06,8957c749-4d0b-4b91-ba9b-6007248e318a,2022-02-16,2,2,9286e0d9-6901-4168-9bbf-26cb148d976e|7af9f0a5-caad-478a-b3d9-ff5a25a5ef05,seed|series_a
fd80725f-53fc-7009-9878-aeecf1e9ffbb,9e1fb21c-85bf-38dd-1ce6-08e511065c3d,2022-01-05,2,2,baf211fd-9223-466c-858b-c9c2de42e2c8|e8b9fe12-6f4e-4c32-8b03-17d5ae3ae3ac,convertible_note|debt_financing
e9c76e80-2ba0-4d84-a7b8-d0c20e856192,742ec517-fa08-4021-975a-c93771a7941e,2026-02-25,2,2,5c883c28-a91e-44ba-a66e-9047defcd062|3f0affe3-49b4-41a2-9262-8b45053f0a4b,series_a|seed
d1b8008c-bfbd-439c-8dd1-080d016cfe03,f1411499-fc52-4dd4-b8f0-f30c287bc510,2024-11-13,2,2,f9523223-8eb3-4a9d-b9c1-2e26634dc497|858b4ff1-ae79-4657-8fc8-bf89fbccbc19,series_b|debt_financing
123976a5-0513-37f7-55e3-5dbe229b9ecb,eba67aa3-8e1e-4068-9d5d-fc03923b8ac4,2021-10-11,2,2,08393544-6217-4c27-8210-2734a211b82b|c461e7a9-0a24-4808-91ca-0d1dc39baa81,series_a
ae6eb8da-ebb3-42be-9ee6-644a57af8755,09f96bfe-97b7-657f-bd75-673555e3a52d,2021-10-06,2,2,01e4ab1f-aff2-427e-8b69-d6a0578c0474|d69ff236-8c97-477c-b7c5-869382b01443,grant|series_unknown
e8fc4d2f-dca4-4c73-b8c9-6f2c7baf1dc6,55a3fad8-0fd4-ec08-1834-6fa0b076159e,2022-06-07,2,2,a37c715c-916e-4c76-9779-a15802a479ee|cf533b65-5b77-46c9-b681-b3df13b21195,private_equity|debt_financing
b5b5e9fc-b429-9942-9bd3-44086ce67a43,3af41be9-d662-e47d-edc9-346f845386af,2019-06-26,2,2,a7a7fead-1111-41ea-9fef-040b8cfd9575|49e21523-76b7-4c57-b2d5-305058dda721,post_ipo_debt|post_ipo_equity
c3277a44-1c2b-7c11-0e1d-fca0ae59d97c,fcb9ef8b-5f84-e30b-148e-c2e64f114c19,2017-05-12,2,2,5c2d6909-63f6-3798-c844-bb2e46ff19bc|63378ce8-a27f-447e-bef6-21e7e60855a3,seed|convertible_note
f07266d5-f4ae-3e2e-2350-d6c1c0d49e7c,45549905-e483-45c2-9e25-cc332af8f2fc,2012-12-13,2,2,0d982953-f4ed-4827-88c1-80552ddf9e07|e7eaa217-d27c-40a2-a9cc-089a8cb966cd,debt_financing|private_equity
b68c993c-4cbf-4339-b8b5-6c2eb430835b,9f4b2c9f-08db-4faf-a3df-00a6327cbc14,2024-07-25,2,2,ff730579-cc66-474d-be06-879b1cf64662|4da1ea9b-fae8-4781-b646-bb65d5b67f0f,series_unknown|debt_financing
faa4aece-ef3a-af62-6607-a580b7f56df6,0fecd291-e197-4746-910c-134622b5a929,2023-01-25,2,2,8f57b5e0-bc7b-4dcf-b311-4c1887c22566|1bbd22fe-4d8b-4259-ae22-2739627c41af,debt_financing|private_equity
e03b47e0-f25f-1e36-1314-bd65b6d16ee4,a974e057-3500-db67-568c-ddb14175afff,2018-04-18,2,2,cb9a478a-3475-4577-852a-468a135afd1d|9d0b7858-9e8d-43dd-8fae-3b2cf640b490,series_b|debt_financing
16181bce-98d0-aea3-c346-3e602902025c,914e07e6-2ccd-a143-52b9-2e81cb5eabba,2012-07-16,2,2,b57cf4c5-abfd-49ae-84a7-aaf2177759db|3937bcea-4366-4035-a017-04b9c8d0916f,private_equity|debt_financing
f133fa26-0469-b818-52b0-32ea046c3961,27a6234f-224e-4f0d-b186-d65be3f160ed,2019-04-17,2,2,c354bf84-cdba-4bca-9938-da7a895b51b4|b4171993-06fa-40a6-8a8d-b9052d43392f,series_b|debt_financing
ce5acf62-6eb7-ee46-33de-092141b1d316,4586404c-040b-4cb9-b640-694aea2c5641,2024-04-18,2,2,8483eb6b-5c40-4672-acd2-faf14feaffa4|2682961c-4110-418e-9415-93b9ecf059af,series_c|secondary_market
4eee5e60-3b06-6fe8-cc2c-29119a96051d,20fbbb16-f367-011f-15b7-378f50b416e9,2022-05-09,2,2,9e4d81bc-a83f-4c71-9d4c-7cff38fb161c|48179940-5fab-468f-aa72-5e1e2a1136ae,series_d|debt_financing
0b684049-5d6f-7e53-fcb9-6dd3bb9369d7,3d4501ca-390e-a618-52d7-27f7b60dfbd5,2021-02-25,2,2,99dfebff-09ce-4dec-ad82-f8d93ad71e2d|9e039f3a-2b6d-44b2-a82e-ae3e7ce0acca,series_unknown|debt_financing
809d0f70-9c3a-48ba-9c04-fc6e75edc6e5,a8582757-5954-4dd5-aa47-8a9cae187c72,2024-07-15,2,2,8c3b928e-3498-4c14-b2de-d4078d426152|8f3acc0a-a2e6-4621-9aba-4a01005a8982,seed|grant
02aeb13c-0a42-2c08-3249-2e013d0608a5,04ff612f-6bee-42d8-ad7b-3802d5fa9ad6,2023-09-26,2,2,5ae67bf1-23d9-4889-bb60-0964e1d5353d|83381c4e-5b2f-490a-a113-77a0589897e6,seed|series_a
c631111a-6bbd-c92b-c567-0ef2abc512d3,727b69af-5bf0-47dc-81dc-f19fa096ef59,2023-12-20,2,2,891f217c-305a-4fd5-bdde-3d06acdf9091|c6e929e0-5862-480f-8fd9-8e47aa75d6c8,seed|pre_seed
63eb8719-2957-f55c-7504-e823fcfa503b,b367ae6e-3d1d-916c-ce43-62bef775d2d6,2006-07-19,2,2,2225936c-e397-dc93-497f-9ef3d4bae5a6|761702f7-a891-7579-6ce6-64bb076c03d4,debt_financing|series_unknown
06059314-d10f-c088-30c8-5a71e40ef75d,5cdc52c3-9f6f-45b3-9036-0aabbb1de332,2022-03-14,2,2,29a61949-95a4-4d45-a822-9501d0d76ebc|2b3e0bf5-5661-4923-9011-9f35a2fb837b,series_a|debt_financing
a37476b4-7632-a500-c471-1e71b40ac47b,f1ab1d48-1cdc-4ba8-b0b9-1c077e27d07e,2025-09-02,2,2,afe99de5-cd62-4b5d-96f4-165ea61eea84|5ea24611-e48d-4a28-b4ca-9e7d4a0ebc7d,series_a|seed
0894da9b-aa44-1f13-7c70-d3ca31c33e19,9a9580db-4799-49e5-89bf-bf86f0c2da34,2023-11-09,2,2,f4c83fea-8fc0-450a-bd92-3b3e43b5ad3a|51676c48-e480-480b-a561-bd56ec9ccb21,series_a|debt_financing
c3609d80-fb88-4d80-bf52-79d9d3cacf96,e635038a-df67-4962-94fd-1166ab40a54f,2025-01-22,2,2,3b2ccfe3-6787-411b-a2e1-c62138775adb|eba2d91a-907e-4930-9e9c-ae5dd281fe3f,debt_financing|grant
d9f3c7cd-ba54-6871-0215-734c50e8b988,a96a7ba0-60b3-4c7f-bf34-78b09d2ebdc0,2017-09-08,2,2,db8dad56-2844-4d19-ae85-7649640b51a3|c1d5bf52-bdc1-4be4-8126-4d9335eacb01,debt_financing|private_equity
2d0a5bf0-e53e-9a07-2243-9bcd561421ec,04ff612f-6bee-42d8-ad7b-3802d5fa9ad6,2023-09-26,2,2,5ae67bf1-23d9-4889-bb60-0964e1d5353d|83381c4e-5b2f-490a-a113-77a0589897e6,seed|series_a
b344a285-cf12-93d7-d669-857ab75be00e,1d8a4883-4fb2-e061-3a4c-579307c297df,2020-09-09,2,2,5281af02-3ead-42bc-9357-204518b98b5c|83825580-de66-4e48-b40c-4955eb7eee95,seed|series_a
91e9afd1-0539-cce7-2d71-02170f2d5a8e,e182b276-06ff-4ef2-bfbf-08cb801d109c,2024-10-10,2,2,7b6eed42-5dcf-455b-93c3-cce730458410|a5a00a8b-7412-4676-86e8-46e0d37f35aa,debt_financing|series_unknown
42b8dae7-3511-401d-980f-eb75a2a38aa9,c7e19d54-dad6-40dd-8d7e-552db5708061,2024-08-19,2,2,3a728e7a-2437-441e-9e08-25be3484aff6|778c4046-6ee9-4a4e-b6c5-36baac192455,post_ipo_equity|post_ipo_debt
89455224-722d-4c97-ab09-b8bd7a5279d3,1137dbe7-c09e-4ec2-aeef-1b08224439ab,2025-04-23,2,2,999cfae3-6750-4f25-b9c7-00809a5fa63c|75408d31-4900-4a4a-8b6b-9ee39b2ba7fe,grant
a6235172-8d8b-bb42-405e-e206835069b7,b0a78229-d2bf-4e9a-839a-1aa97808c2e4,2022-07-11,2,2,71090356-7508-44bd-b175-21e058bd109a|55b9d34d-109b-41fd-a91b-7d01ed9120af,series_a|debt_financing
93532aa9-f20e-4777-b78e-84e4e40a1b17,961d3f5b-e322-2060-ee17-e9349f8ebf40,2023-04-24,2,2,a64550d7-0b03-46a4-bcf6-8909079c8593|518c73bf-36de-44e3-b3cd-d2bbb26418bd,series_c|debt_financing
95d0c170-5fc0-2c61-e32e-9276ee396604,ee361b24-9379-402f-8690-718ffef2e43f,2024-01-25,2,2,27eba40a-3038-4fbb-962c-f062e1c92c3a|1cf1c279-a78a-4ff4-9c44-cdfdff3a8246,private_equity|debt_financing
d420cb3c-c5c2-df2a-63db-4850847570c8,7567ad1a-b585-491d-a68a-ece8b444ebd9,2023-12-30,2,2,c29e9692-c028-4ae4-b120-bf2e1d4d182a|1909b1da-4223-4dd9-b5df-1194e39344a2,debt_financing|series_unknown
45247ba1-3514-3b1e-c688-810ad55796db,87db3079-0bde-46a7-8f7e-14228628e1e5,2023-02-01,2,2,82544dc5-392b-4714-a3c3-edc04dae1840|f0bf7eb0-3f30-492e-90ec-5cb77b69bcb2,debt_financing|seed
e8b59833-9a8d-4b90-a5b6-5d9570b4e1be,9dfc9e4d-684d-497a-8584-b8cafd3a1605,2021-08-12,2,2,58a49e52-e52e-452d-bb54-0320854e9529|d6c1d04a-066c-415f-87e2-a1491da0ee11,seed|debt_financing
e8f5f0da-fd09-42c1-a5e1-7d2a585cf722,e48e5cb0-20cc-19ba-ca57-51071e4aa50e,2025-07-16,2,2,00f1bd7d-e674-4f94-b9a9-b3cd3197d7e0|07a37fd9-7502-4c62-a84a-fa0017e8a873,post_ipo_debt|post_ipo_equity
9aa041b9-d9f2-39e7-f056-a0f4d6294220,73de20bd-362e-4bf8-9736-5ff8a3903677,2014-09-02,2,2,514edd86-dfff-408c-9d0d-d73b01370807|720a65b9-32f4-49e0-90d8-58b0a8397036,debt_financing|series_unknown
6db631ac-a589-435c-9143-d24e65b61f0b,b2a55db2-af35-455c-97b4-c7b0be842de6,2024-06-24,2,2,68191149-8238-425c-ae5b-4aa7c67de665|7c7a1689-b8c7-4409-851f-f26b016386ab,series_a|debt_financing
2942e350-183f-abdc-be92-12bbc219bf0b,e8d42896-d8b0-4991-b515-c34364db6fcb,2024-02-17,2,2,9f54ccf4-6b95-4da0-a741-4cd99db99ba9|22e7bf01-28bd-4d68-aff7-b7f5afc9ae51,debt_financing|seed
bcc5adaa-4cd6-bb68-8b91-838f2eee1aa4,6bd55927-6182-4687-80f3-6c1998a3fcd9,2019-10-08,2,2,6ddbbc83-0927-42e0-9373-6a4f4f3d74e3|b22b4ee4-d89b-489d-8fcb-92d0c405917f,series_unknown|debt_financing
d420cb3c-c5c2-df2a-63db-4850847570c8,f91b96a7-8bc8-b2ed-546a-4271391af96b,2021-07-07,2,2,6cb29624-d4ac-437d-a646-987467ac8393|43bb8390-4118-4ffa-9190-5d6c42d90ce8,grant|post_ipo_debt
689982a1-85c0-109a-1ee5-cc3d4e2a1065,8e9bbdff-dc7e-4cb3-8a46-6d8b6af21128,2019-07-25,2,2,1c6c4e20-d509-41ee-bc4c-5461c2eb06ea|8fe11d79-46bc-4927-bb5d-72ba867d62b8,debt_financing|series_unknown
8b8d96f8-9dfe-b27a-8f57-7d266a051dc9,8bb86601-e2dd-67ba-04e5-eb37326aebbe,2022-11-01,2,2,6e89a251-837a-4d75-98fe-49a1735ebe78|77fcc8a0-5f18-4ab3-b38e-e1052f228319,secondary_market|series_f
626292a0-1789-4d50-93a3-e9dea6c0964e,c641de03-3d10-4bae-9b9a-4682f33c6e33,2021-02-22,2,2,4d91540a-480e-4e89-9afb-459971bd1b16|daac242a-5f39-454a-a8e4-332eda3fee1e,pre_seed|grant
23b60200-c4ed-f896-c730-193677717886,a7e4d0be-040f-c404-9e63-1f48c543c497,2021-04-06,2,2,f5d5c786-efae-4ad8-a630-f28360ba6269|cf91ab52-3849-4fd8-97c6-3ae57002985f,series_unknown|debt_financing
5adf83d7-237f-47cc-a2f7-a6b794e0bb6d,907088ea-5968-4fdf-af05-71e7427b6a63,2023-11-22,2,2,f4560b26-377b-4042-9dce-6ac39e9f8b31|8a1e4fde-19aa-4109-84f5-1e9d08b3a3eb,grant|debt_financing
62185e2b-ff50-4f7f-a899-b97a774305a5,f508a624-dc24-4aa5-a19b-0c03d8dc4c10,2025-05-16,2,2,296b54d6-2dbf-4234-b083-a4417cd697f1|90331240-b172-412b-91cd-e99cb9440228,seed|debt_financing
826a923c-a90c-b01d-144d-140a976e7657,b2167c4c-e759-085e-155d-7c74a76522d0,2018-08-21,2,2,55284e8d-902f-46cd-a84d-0b5daf3e9822|fe688c99-bbc3-4e00-b6b9-44b41a0c3828,debt_financing|series_unknown
8a1711ad-f655-46a9-969c-a893db88525d,704c273a-84f1-4afa-a8d9-f1517385c6e7,2022-11-18,2,2,925b5b18-965d-4083-993d-e22569fbe75f|bd744bb0-64ed-4cff-be0c-86edd86fb842,post_ipo_debt|post_ipo_equity
684674bb-7c69-4bb6-86cf-1781f56334c9,05cd26bb-3f5b-4841-2614-4d54fa0a88ba,2021-05-12,2,2,4461852e-faa8-44c8-981c-738585112262|2849c5da-4e1c-42b4-97c8-52dfe05b3176,series_b|debt_financing
983675c3-2ee5-471f-6b57-c9e32a0369c1,9611e370-d9a8-47e0-bde6-08b43e8aa559,2022-04-12,2,2,fd2a57ed-bf88-41f0-b6ce-43730960643d|e8a49014-372b-438e-adb7-1a97efd61d37,convertible_note|seed
d1910504-20ca-4910-90ef-ec5f6aaef96d,ddb8301c-0127-4023-a0b2-ab759c5257e8,2023-03-15,2,2,0ce06af4-32ef-4f0b-a120-6a9e45b68cbd|6502b4fc-489f-403b-9ed5-b60eb4823dea,convertible_note|seed
5d98f331-124f-1cc2-e3c9-001a6fe2fbf1,ead104fd-8fef-43d4-95b4-80ba5b7ddb27,2025-08-06,2,2,ba9b9302-f783-490d-a45e-89558fc4286d|d5bf768d-9705-4f88-937c-3d19acf58b83,series_a|secondary_market
9aa041b9-d9f2-39e7-f056-a0f4d6294220,8fe7bb94-22db-4cb3-b368-3658e6327bb9,2016-12-30,2,2,5451c97c-d68f-4416-aa1b-aaa335dee69e|66b64168-1e7d-4807-9c92-4b9a15fa9667,debt_financing|series_a
ae6eb8da-ebb3-42be-9ee6-644a57af8755,bb687def-57de-4f56-be17-e3aab9723dd7,2022-10-19,2,2,05bbbd03-7a93-4e31-b39d-d7c119cc7262|4951bb00-3116-47ff-9fbb-9d8a70d79cba,grant|series_unknown
82903690-8b6a-44d0-9596-89813205b9cf,8cedb578-eb9e-44d0-8521-03b60521390a,2021-12-20,2,2,7f332593-1158-4b79-b109-27670a1fb02e|59f98d8a-b187-4a67-b0a5-e02982dbe4a8,debt_financing|undisclosed
c3609d80-fb88-4d80-bf52-79d9d3cacf96,c9e6d2b5-d32d-f5f7-b235-72d395541c2e,2026-01-21,2,2,c940d207-3755-434d-8bec-e8bba2d9eba1|f1a9dfe2-6489-48d7-8d98-c525c150a1ca,grant|debt_financing
515d11b5-353b-b08a-c3c7-fc152cd8ab7c,c999f1b4-ac7f-3f69-e4e3-52f2b9e4f237,2015-06-18,2,2,aa89552f-c6c6-9847-3ec4-1dbb2b5ab30f|bf91d00d-7864-1d25-9e6e-d05e3329d0b7,series_a|debt_financing
4eee5e60-3b06-6fe8-cc2c-29119a96051d,4602b399-f236-e28d-a63d-2c04355dd4b1,2013-03-15,2,2,c6cbe984-8f3a-3b95-3db9-ee849dd81e57|0e808293-b79d-e8e4-88ba-5226fa06fcb2,private_equity|debt_financing
ae6eb8da-ebb3-42be-9ee6-644a57af8755,8d5d5622-4e95-41ab-9590-3d107152b08d,2019-10-09,2,2,165288fa-73c5-4c49-b0c9-d12e00f86143|5ac74315-46c3-4473-b055-189243024c67,grant|series_unknown
4b01e1b2-d703-c1d1-d671-a9c819b2d45e,d732174e-f352-1567-3f96-6a5b0ad322db,2020-01-31,2,2,bed24134-510e-40c8-96ca-0e23bb215545|0fcd1af8-6cf7-45ff-848a-224a4efc8575,debt_financing|private_equity
de433284-8874-a9fd-6ca4-0e3e7305cabe,8d81d37c-77de-1893-2fd3-065e174fb84d,2019-11-03,2,2,ab28b4be-e310-4fe3-8123-bc22eefe7936|629ea1c6-3ad7-49e4-a88e-920b8f7b21b0,debt_financing|grant
9aa041b9-d9f2-39e7-f056-a0f4d6294220,ecae9bc7-3619-4646-89b9-2759a1b32eb8,2000-03-31,2,2,ce9df6cb-ae4e-490d-afd7-b66f5c51720a|e60d8072-bb9b-4fc6-b804-ea66a01305c2,debt_financing|series_unknown
a02d3969-2526-77b4-538f-f753ce9af3c0,a010850c-06b5-0f19-f9bd-16708915ac58,2025-10-27,2,2,2b902bb6-e3e5-47b8-a27e-28e3ccb8b755|5356e1c4-7c84-4e18-aa4a-dbee41cc2bb9,series_e|secondary_market
e4d06b6d-d712-4baf-a733-063d47f54231,7cb75a59-9f80-4777-b181-431145c46cbc,2022-08-09,2,2,8e621752-88b2-46ee-81ae-7580b1ff3e21|8d1d3422-8a0b-4670-8e74-8b95ae7e5675,series_unknown|secondary_market
3349007f-8eb5-6157-d85e-bf50321f4b4b,44d65c42-dcb0-450a-b309-f316dc84038d,2020-04-09,2,2,4a7b156a-6007-4161-8dbc-b489eb43b5ae|940e3ec2-2168-4aa6-a882-0775277cdb9b,debt_financing|series_b
d29973c3-95ec-691d-defd-6a6ba713c72a,7cbdd6a0-a379-41e6-8a06-2dc91c59c1f3,2022-11-15,2,2,2740f82b-1067-4a2f-b397-b1acc4f2d708|0888c3d7-3574-4f1a-a631-f872581c61f1,seed|series_a
1059c1a4-78bd-e4ab-e16d-3a3b4483783a,04ff612f-6bee-42d8-ad7b-3802d5fa9ad6,2023-09-26,2,2,5ae67bf1-23d9-4889-bb60-0964e1d5353d|83381c4e-5b2f-490a-a113-77a0589897e6,seed|series_a
33bd7450-6e9a-4feb-b70c-56cc87fef3d4,8d09a443-597d-4b7a-b945-07a547116346,2022-04-27,2,2,554856d5-05ad-4aae-8cec-7b912b10dcd0|6df338f5-0737-4a47-9f51-8f2839f66bf8,seed|debt_financing
7d57a47c-b60a-b14a-9854-9edc54556430,44215afc-7a70-492f-8818-2a33f3896268,2022-01-12,2,2,ddaa6c1e-23e5-4dd7-8654-1e94e98f8404|84cf9412-fa69-4584-a15b-afe6263678c7,series_e|debt_financing
809d0f70-9c3a-48ba-9c04-fc6e75edc6e5,bbc403fc-9dee-473d-9f98-279cf4af4582,2023-06-27,2,2,79f2a78e-25bb-4a7a-95ed-cae0d27b2aa7|1cffa5a8-25a4-41c3-804c-c9a54b99fdaf,seed|grant
473c465f-28d4-2568-c632-b2d5dd77c541,3d4501ca-390e-a618-52d7-27f7b60dfbd5,2021-02-25,2,2,99dfebff-09ce-4dec-ad82-f8d93ad71e2d|9e039f3a-2b6d-44b2-a82e-ae3e7ce0acca,series_unknown|debt_financing
dfc3a91c-4827-4dcd-835e-6ffac33e6111,4f7d4b8e-5a5b-3cd8-3fdc-33503e603a10,2021-01-04,2,2,f6ef87ed-825b-472c-828c-fd87ebf8ce25|214f7f84-be88-477f-88aa-a1db33d220f4,corporate_round|debt_financing
809d0f70-9c3a-48ba-9c04-fc6e75edc6e5,cd9b6a33-2000-44eb-05f7-e4cd98943d38,2025-06-24,2,2,508d4459-4020-456f-8226-0b077d73dc55|b641e94f-df69-44ba-b05f-3026cf6f0266,grant|series_unknown
855a0a1b-c53f-68f1-fa75-c06e14fa0de1,67b35d6c-922a-36de-be10-546b84014224,2026-04-27,2,2,1922517f-c190-4700-9fcf-d3c6bd83a5a8|9e9ca119-7a2a-499c-aa87-956dd19ce2fd,private_equity|secondary_market
96a3355d-8f90-48ab-7354-36335f71adce,8a809092-447b-a753-c330-868680f75b43,2025-09-11,2,2,7768ebe9-98e8-406a-86fc-13f81e42e2a0|527dcf2a-0f86-463d-be3e-ddf8517b05cc,secondary_market|series_d
069bf7ff-c97f-b515-884e-e774b384776a,53c7e35a-2078-bb61-b1a3-215976c14f1b,2014-02-06,2,2,1053a21c-1337-a954-92a0-b89758592793|2b61f86a-03e7-9280-c594-c9bbc14516c9,grant|debt_financing
caffb191-8714-4f99-b6e3-af6851aa8429,7f5fee94-6336-dcde-e6df-2fc7ed1951ab,2021-12-09,2,2,4dc39b79-b67e-44b3-b56f-e6af03647226|714fbc54-6df0-4e02-9849-e76ef79cfb68,series_f|debt_financing
0401b348-b6f5-4132-9c31-19ef5e5c6591,7e540fba-bc9b-4be3-88ba-690b656fbb91,2024-12-03,2,2,ed295ff6-d241-4d4e-bde3-d121262cd331|98bfbd0b-863f-45bc-b5e1-0efa813662c9,grant
edb9e66b-26b2-d71f-d82b-9effa3c19af6,a1d9c3ce-97b8-4aef-9998-91628b9f6e29,2024-06-18,2,2,eed9a851-3997-4d5c-8657-370da1f365fc|0dea35e6-33fd-474f-affc-a6f4c1076ac9,seed|grant
75e0b98f-f5cc-3fd0-3c7b-ba3792b88653,85160e37-9816-42ab-b65f-54851d6255a4,2023-09-06,2,2,c37f6dee-0bef-486a-87d9-4df392ffe6fe|2f8d64b3-40f5-4562-b3a1-d82a9a18edf2,debt_financing|private_equity
d1b8008c-bfbd-439c-8dd1-080d016cfe03,dda4c017-e14c-06f6-22dd-418f1acc79d5,2020-10-22,2,2,009649c0-8a45-4a3f-b854-8de33be65c37|36c408fc-e332-4873-bb2a-00764e4e68db,series_c|debt_financing
67291481-c2d2-459f-ac2e-c45200ea5e20,e5485970-5ef7-4691-a127-5e8ac17a5568,2026-04-15,2,2,2ea25810-c1c0-44c9-9041-23190ddbe7e4|fbad6074-0605-45b5-93e7-b1ac01ae6751,series_a|seed
ff26904c-b4a3-bb61-7a54-fcd3375b2b3d,c99246d6-a6d7-0671-f82b-3a6c39631bd0,2018-04-16,2,2,22a6f931-bef8-4ae5-b60c-afb8bd94ccd0|f1ae0d69-0644-479e-b2c8-ec0fe9210acf,convertible_note|private_equity
9a77c578-63ee-3df6-4bb1-bbd13d4af758,45c9bfea-d2a2-56dc-6dda-bd6f20e35fb2,2025-08-06,2,2,7305d9e1-54ee-4766-a64b-991b83379db0|2c96ee03-8aeb-4ea8-85ca-34bdecb665ba,corporate_round|convertible_note
809d0f70-9c3a-48ba-9c04-fc6e75edc6e5,db5365e0-f1c9-437a-aa47-74c5e5b4cbec,2024-07-15,2,2,5a2b1cf2-c39b-4455-a27a-5ff7ad799e8e|63ad2702-ae8d-4e46-9e34-baddb6bc8a1f,grant|seed
96bc2997-a597-cebf-fb97-703ca18e1447,c2ed697f-6ae2-a83e-daa6-543915b12678,2021-10-07,2,2,d237ed49-0b08-46eb-bb42-220933a4807c|e4d590f0-0ea0-4c50-ae20-ab764eddd417,secondary_market|series_f
b0da80a8-e830-2dfb-e87d-9ccb1c09e729,9c04bffd-f8d1-4cbf-9dea-27f6871b7f08,2021-01-20,2,2,15f64f81-127e-469f-b4bb-b5419efe4af6|b090db06-131c-49e8-9faf-d017cd935b97,series_d|series_e
772a0bef-2915-4075-b339-398b984b4f9d,d0d7f5fd-96c9-58f1-0691-6e409e57b564,2026-02-13,2,2,efcb4f1e-9a20-4831-ac85-668b444ce384|0cd0daa8-ea9e-4fac-838e-a07436e6dbb1,secondary_market|series_f
bd90713b-9fa7-2936-5fdc-c57cec2460ee,0d1989b7-72d0-4ef8-b3c5-d4470d54412b,2025-10-28,2,2,ea40a264-e2b2-45a8-8741-9a0f19ee19c7|0a1c2a22-2bb8-4442-96e4-0c25cb1524e2,series_a|seed
680772bb-d024-a1d2-c374-1660d8abe7d2,9bde8307-af48-816c-826a-5233413b7e1a,2022-08-30,2,2,bd5c91cb-a6d5-424b-aecf-7ac28397c901|f447a4ae-b570-4e61-9ff1-5402e60630e5,seed|debt_financing
9606725e-e771-4fa9-8c21-91c3de814eb9,5d820c2a-63c5-4beb-8a80-10914f745ffd,2023-12-19,2,2,d6381d18-553c-49cb-b0b0-edb024e4a344|8ee6ee58-708b-4f58-a708-37a6e18fde62,series_a
4add494d-242c-4a9c-bad0-8923d140aa18,36e806af-5dbf-4519-8fa4-00297135aa24,2025-10-24,2,2,bd200255-cacd-4047-a74e-c24291f37006|b956da4f-9997-4607-8dd8-a9d27fcc04d8,seed|debt_financing
b8cc84ee-07d2-71cf-dc80-8995baeb6b8a,c2ed697f-6ae2-a83e-daa6-543915b12678,2017-12-13,2,2,7feab721-1083-4e68-9a93-c9e5332af709|9239e500-47e1-4216-98ae-7c2e78f89410,series_b|debt_financing
ae6eb8da-ebb3-42be-9ee6-644a57af8755,5850e7e2-944a-464c-9e65-ecfdbe1b08bd,2020-07-08,2,2,3427b013-0637-4819-b5b4-fa337891b30e|ae4e0e5a-7f42-49f3-b932-7f2646ca66aa,series_b|grant
93e7ba38-6b46-85cd-29b3-e096479f24d0,d779a019-986d-4737-b42f-e15b751c9b3d,2026-02-11,2,2,39dc9a98-1c7c-4ff3-8700-84fdb1dd0160|db099c55-cd54-4045-a016-5de44c80e2a5,grant
5070088c-73e3-1b1d-f6fc-5255523f4dae,472293d8-b52c-439d-9b91-0c3f5911ee31,2022-08-18,2,2,283cab5d-17fb-41ce-84df-2516bca78b8e|3adb3e1d-3358-4984-af03-ba9c81368f99,series_b|secondary_market
2ddb711c-98d7-fc2c-0623-2b146d3188a4,27a6234f-224e-4f0d-b186-d65be3f160ed,2019-04-17,2,2,c354bf84-cdba-4bca-9938-da7a895b51b4|b4171993-06fa-40a6-8a8d-b9052d43392f,series_b|debt_financing
3f2388b6-50bd-48b4-85e0-dffd5314a0ac,7960a3a4-13a1-4eee-92c1-dec1704d0ce8,2021-01-07,2,2,f1924f47-9576-48fb-a66f-3eb8dd1ecb0c|5ca3602a-c750-4b04-aa80-4014c2491f3f,seed|debt_financing
809d0f70-9c3a-48ba-9c04-fc6e75edc6e5,3008d5bd-92e1-4a9e-9f55-9380eb75d3f7,2025-02-17,2,2,fc1d7617-2554-4906-99f6-46902722a995|b20df6b5-ce4c-4115-815c-f32a8ff6f4bd,seed|grant
1fc074a8-9f78-4dee-ba4e-d3a7de3096b4,20834924-1c28-4e2f-90bf-d34b222ead45,2022-10-27,2,2,91d29dcf-c7db-4afb-8e26-5e7e611480a5|0c0e0e2f-d1d1-4949-a0cc-f98cd55fa646,grant|pre_seed
b4bda9bf-62cd-9569-43f5-6f179850b735,3c5740d3-383c-48ce-8bd7-2e948e570909,2025-05-07,2,2,5f04c142-a2c6-495e-9ac0-e4b6e5ef0593|2cdd3e5a-6a58-45fb-9faf-f6bd8583190e,seed|series_a
01b78c00-b6e2-7cbc-8286-8d14d09d441e,020db91d-a2b9-ad15-61c6-d60200106363,2017-04-27,2,2,dff43f46-eb92-4f75-ace5-e36a17ebda59|503d2ee9-f45e-915f-83e6-227196b1473e,debt_financing|series_unknown
ae6eb8da-ebb3-42be-9ee6-644a57af8755,cfbf8059-45df-4d89-b2a2-80fee9c5d22e,2023-10-30,2,2,c0e144eb-8b1f-4b80-a6e8-aed70f92f0aa|044f329e-ce3c-4f82-ba8f-f568659030ac,series_unknown|grant
ae6eb8da-ebb3-42be-9ee6-644a57af8755,6835f233-2528-44f0-87ea-b722c55c1bf9,2021-10-06,2,2,01dd885b-a266-4cd9-8c2d-14813afb445e|d75bf800-635d-4f87-a0e0-165ea8387665,series_unknown|grant
9aa041b9-d9f2-39e7-f056-a0f4d6294220,39f65202-1f10-adb8-ad30-05773dbed1b9,1997-06-30,2,2,516d891c-ee30-428e-919e-3da7f11847b7|c187b73d-0a8d-4f76-a008-bd6f95f08de8,debt_financing|series_unknown
5a609789-6a04-8b22-4500-347440d025e9,a61019c3-4d65-96f2-65b9-4a350b71cbc0,2014-07-24,2,2,13df00a4-017d-a392-5c6d-6114fdb20344|3f1bb580-9c70-4c69-92a5-bfc666d232f2,seed|convertible_note
ae6eb8da-ebb3-42be-9ee6-644a57af8755,30cf9508-7402-4ccf-aa04-ed0c1bb77c72,2021-10-06,2,2,bb6b77d4-fca8-46ff-934f-59539f36cb23|811d8c31-d303-4cba-bf9d-3aeea13dc3f6,grant|series_unknown
41c136e7-2f8d-48c1-bc42-222a474223d3,961d3f5b-e322-2060-ee17-e9349f8ebf40,2023-04-24,2,2,a64550d7-0b03-46a4-bcf6-8909079c8593|518c73bf-36de-44e3-b3cd-d2bbb26418bd,series_c|debt_financing
8b975741-713b-8bda-2b36-4f0067bd5473,e62c2bb7-f135-6285-1a87-d0145f36911c,2025-05-08,2,2,72e1d99e-5af3-4d4e-b668-b26592be5013|f531a8b9-5e21-4ce3-a174-2603c846fe6e,series_f|secondary_market
e3015b45-20bb-4c2a-8b1b-7764e93b57a6,61ac7a2f-ef7d-45f6-8302-ce906c2e3f78,2023-05-08,2,2,dbad5ae4-a5ac-4703-88cc-975590517077|0ef6c58d-1158-4b21-a777-7539f6b86db1,series_c|corporate_round
809d0f70-9c3a-48ba-9c04-fc6e75edc6e5,e0247478-958c-47d6-9fcb-a7ada8cc064b,2024-07-15,2,2,e4933395-f018-4412-8dbb-d479d26e8d07|cdfccfb7-66e3-47dc-8c92-9dda6c907f96,grant|series_unknown
c57716f0-d3b3-b0a5-ad83-64f8b25a760a,b7cace59-e406-44d7-b6f4-022096ac788a,2023-06-27,2,2,e786414c-a938-4be0-849d-54c24d5ea1e0|060a5a90-235e-4bf3-afc4-359d00b37227,seed|series_a
9b18ec38-56c6-4620-b235-ad5834d4ac4e,9714a894-a704-43b7-b819-e43cc6d854ac,2023-10-10,2,2,f040144c-61e3-4e59-b1e2-cc268398d9e1|39c29ede-5dc9-41a3-bc95-5cb7799fc8f3,seed
21dc4314-d888-754b-1833-2d015f165c9a,2e0d4f51-347b-470a-9518-0955a21fe122,2021-09-09,2,2,8591b567-662f-4d6a-9855-bd42fd00bafd|193a09d3-15eb-48b4-a737-5dd1b019a2e6,debt_financing|private_equity
da7dace0-ea77-d4ee-4af6-7cedb69539e9,1d751da4-045e-4f5f-ee61-806f6dc38b89,2015-09-07,2,2,5c5ce472-4b59-4eb7-b4b1-6459751d8335|a21890d6-316b-455e-b47c-10cacef35727,debt_financing|private_equity
87204836-9464-0180-ebc2-aed6133c3cfe,6862eeef-81ae-4773-995f-3c5c3c241d94,2025-07-11,2,2,676ba5cc-eb23-4236-8137-4c13bd2e5162|60a1de8a-61df-4329-92a2-d8a3130c958b,debt_financing|private_equity
a34c63f0-c277-3e4b-bbfc-1868ca81596d,338944b8-c229-94d5-d630-4a4681a37d6c,1993-10-01,2,2,3168b20d-8f7d-48f6-9fa6-7550e877ba1c|ace86c21-dc85-464b-a05d-7a22ad104470,series_unknown
107d5853-db1b-4425-9c7e-3638c27d45d8,e48d2bd1-24d6-496c-a75b-568d47547baf,2021-05-04,2,2,3c7e7f15-f271-497c-b0d2-e4567142bbd1|dee72d7f-795b-4719-8f0b-83c14fe84ea6,series_a|secondary_market
aa73d429-aba1-53bc-4014-5b39ae700951,e62c2bb7-f135-6285-1a87-d0145f36911c,2025-05-08,2,2,72e1d99e-5af3-4d4e-b668-b26592be5013|f531a8b9-5e21-4ce3-a174-2603c846fe6e,series_f|secondary_market
6f83ddd7-d637-61f8-06b2-438a0037605f,742ec517-fa08-4021-975a-c93771a7941e,2026-02-25,2,2,5c883c28-a91e-44ba-a66e-9047defcd062|3f0affe3-49b4-41a2-9262-8b45053f0a4b,series_a|seed
ae6eb8da-ebb3-42be-9ee6-644a57af8755,3a6da243-14ba-3da5-eca7-db6c3e826f9b,2021-10-06,2,2,90152d32-0a5a-4764-b3c6-ce3ad78d7fbf|2d1dc05d-5c0a-4f0b-b368-2263c81a9fba,grant|private_equity
809d0f70-9c3a-48ba-9c04-fc6e75edc6e5,c79ae487-d53c-6cbc-7530-a1815a97c61a,2024-07-15,2,2,66488889-2fe8-41f5-92be-eb094213473b|9d57e468-abcd-44ff-b795-352c097c8ec7,grant|series_unknown
c10d8903-d199-90d5-d046-965c571b6007,eadafeb7-2f24-4c1a-91f3-39a78b875cc1,2025-06-09,2,2,bd0d2f43-4c52-4a64-93a4-fc16c01a39c3|0f6335b9-4b4a-43bb-a79e-17c1f05452f6,series_b|debt_financing
174c091d-6884-7eee-61a5-61458c635a16,d6061fb9-7f76-1c3d-d928-31e9dfe57527,2021-06-17,2,2,597d2e34-76af-44ed-bb8d-de488ab13e6d|5c4f19c1-0777-4846-879a-7267dd482bb3,secondary_market|series_f
ff2a52e3-3edd-66ca-0607-598d8d8b74c6,2917b570-5f5b-4430-e486-9836c2396944,2022-03-25,2,2,395b43ac-aa95-4de7-86dc-7903bcdd3160|30118ca1-2275-47a2-8feb-028b88bccb91,post_ipo_debt|post_ipo_equity
b1d3fab9-4370-ca0f-14e3-4ab6eedf39c5,72eec248-3152-99de-e4cd-20caf2040d01,2016-05-11,2,2,e306b320-e1e4-a177-2651-8eab72bd69c1|4d5f515e-4578-58e9-da7d-cf02c0c4021a,grant|series_c
d9f3c7cd-ba54-6871-0215-734c50e8b988,a96a7ba0-60b3-4c7f-bf34-78b09d2ebdc0,2026-05-11,2,2,c8478671-f8f3-4879-b38f-b0d62dbf8cfc|35919dec-4358-4742-927e-a5380ae4a09c,debt_financing|private_equity
9ba9c2e8-77a1-4aaf-b69b-5e3fd7203ed8,99777baf-03ae-4963-9e1d-8e284c65da53,2019-01-01,2,2,ec3fd4e0-fafe-4296-a749-dd0f423a7220|62892042-9364-45b3-a5b0-0cfe43cccbdd,pre_seed|seed
22b52ec0-84ea-41df-9b7b-31958217d3b2,8df49b0d-9f96-4a29-ac1c-6c6a25978dd0,2024-05-20,2,2,ebfa3ea4-ac85-4d0b-90df-ca2c34066693|61be00b8-6f6f-4bf5-a960-589a3150e9c7,grant|corporate_round
7e3ad19c-7a71-f4f4-970c-2b0626ee534c,e1d1dea7-ac1d-c7e3-4a27-ced6af95c88b,2022-06-15,2,2,c4cd5de6-469b-40fd-aa78-b5347c69d052|4ad20039-c1ca-4cf9-b0f1-23c00e607f9f,debt_financing|series_b
2d86b0fe-8e61-7ce4-caf6-23a3d71c209e,ad137a13-cf48-4a05-917a-aed1727f25d6,2023-04-17,2,2,be5b29c3-cd24-4b3e-bd3a-931d8f317172|d5c55676-7140-45f5-9f6a-a2dbf562c315,debt_financing|series_a
ae6eb8da-ebb3-42be-9ee6-644a57af8755,0e6254be-6895-4d90-8d96-42e7cc8d8238,2020-05-19,2,2,504ff7b7-897b-433b-8abb-208f3c1dc36e|13639265-40c8-425c-8361-00162b310770,series_unknown|grant
dbb9f7d1-f1f0-d319-0ad4-1aa83f0be3b8,843fc834-b123-4c9b-ae4a-21a6c28b8326,2022-04-13,2,2,842098ba-4a28-4447-8bb9-4fa1c322ba91|bf6081e2-27f2-46d3-8918-5b65e498045c,series_a
c3609d80-fb88-4d80-bf52-79d9d3cacf96,5bef53d7-7e47-405a-829b-8b7ab558c75e,2023-01-12,2,2,9ab42ea3-8494-4f59-87cc-7712d8d4aff0|35e4acb8-3e19-4619-8a04-d0286163be04,grant|debt_financing
275df2fa-33a2-424e-8a4c-588af656d527,18aa0474-0640-447d-ae62-944f96ebd0f6,2024-01-03,2,2,e2fa9e58-9f45-4400-8edd-cb90964cfe2c|039131d1-429d-4b8d-8865-d1f24da81a1e,series_b|debt_financing
6db631ac-a589-435c-9143-d24e65b61f0b,50bca2e5-a476-67d8-810d-550ef4e0a1fa,2018-08-21,2,2,3025b3f8-8ee9-41b1-843c-4c7c10988e25|5b41031d-0141-498a-80f9-d30c4786ea5f,series_unknown|debt_financing
809d0f70-9c3a-48ba-9c04-fc6e75edc6e5,29642c9b-9328-4d7d-8c04-0fb7e286d65e,2024-07-15,2,2,d9c7462f-ebf9-43f6-bbae-a8d6d67b7524|6a18eef1-7190-4421-a093-dbc3deb68a88,seed|grant
0f1ae2eb-e0b6-b918-6c4a-b6f494453ddd,8cd8b10d-d424-49f3-b835-c42d3c99e918,2022-06-14,2,2,b27b8c20-fc63-442c-acc0-44a235f41feb|5402832a-8d03-4b60-b0a0-11380e91cac4,series_b
fe246ac4-6c08-acba-52bb-3d60d476ff8a,b0ac1fe0-9c8c-4222-b646-fb92aaaa8a9c,2020-01-16,2,2,74a18e43-8960-4060-84f1-49ae167cc4e4|c768b033-e41b-41b3-887b-11d987e64aed,series_unknown|debt_financing
6d4356b9-883e-6ff0-d170-b96759ecf5bf,f2d90981-e772-43c1-a568-281ea5546c0c,2015-08-07,2,2,663b5167-9ad3-4701-8d32-d14dc7cb079a|74b46118-2c8a-4fe8-84bc-a853dbf78693,private_equity|debt_financing
343a0c91-d3b9-80fa-2330-cfde495decf1,14d3a702-873a-48ae-9da1-f12cddd53f56,2022-03-04,2,2,e94f2f39-1cb4-49dd-ae7b-1ce85696dd3b|552e462f-15ba-4bd0-9b6a-7e35da15d4b2,angel|seed
a9510682-b08f-464a-b99a-45d741fb50cc,cba71e95-aa95-45bc-b8c7-38d55ac200b7,2026-04-16,2,2,edfd15a7-5714-436c-affe-4c0d249a8edd|cd711d79-4476-43a1-a900-6f8a03c12fed,grant|debt_financing
a7c69d60-5083-08ef-937b-6cef93a9728c,c132c256-21c9-c5d3-cfcf-0a2a79ee0d3f,2025-09-24,2,2,ffdf9238-82ba-4c0e-b105-cf71c3e5d815|e5210bea-4387-4bdc-a3f2-4581a464eb3f,debt_financing|grant
d4a7cc59-fd3b-463a-9e2c-72bd5677f370,b25e2e52-aa42-4423-a1ed-0131110eb2e6,2025-05-21,2,2,8aab4c36-0989-4e1e-94e0-cb3ec32ebcb7|562d33c0-fdbb-4f29-ad68-27ce64d8934c,seed|pre_seed
300532e7-2b61-354d-33f3-1439166464ee,6239e49b-83c3-0000-d66d-615719253f8c,2021-06-30,2,2,fb5f1a9a-61d4-4292-bf9e-2b9006af3b92|0def0e29-6559-4e0e-b3d7-54418f9230af,debt_financing|series_a
576339f8-48d3-4fe9-8c49-c42fa10c0215,e715f238-e87b-4b91-9a64-6c8906f5f56b,2022-05-11,2,2,6553256e-6b64-4733-aee6-d363166a394e|f84e4753-38d5-4cc1-849e-4a738a62f4de,debt_financing|seed
aa978289-a0e0-8e2d-9db1-537203f28e62,787fce6d-4b72-4ecb-9928-526f3e02d363,2025-09-11,2,2,f283202b-4dd6-4f38-baed-c7848787cec0|c0a1eebb-1124-46fd-9a5a-f37d2c71948b,series_a|seed
ef2b3159-0619-7fcb-2e0a-328d90b263f3,531e80d5-4c91-b603-7d6a-25801cc92021,2022-05-17,2,2,5e73ca60-0bbd-4870-a5e9-d5a47cd793a2|2ccdff67-2271-45a6-a7d1-0d3fe4fda041,series_unknown|debt_financing
da7dace0-ea77-d4ee-4af6-7cedb69539e9,65446c40-4850-4ae8-8fc8-d1c6a939613b,2020-01-16,2,2,66aa5e38-3da0-4aab-b247-663d74a71e22|99678fbc-7c6b-4c02-b55a-8b1f5f2a8674,private_equity|debt_financing
0c867fde-2b9a-df10-fdb9-66b74f355f91,7119654e-66d3-6617-13a8-09f99abdb9fa,2004-07-26,2,2,2d8a91f1-0157-459c-c8a0-83b46d0da10e|228a816b-1515-a105-848b-169f7bf0e955,series_c|debt_financing
983675c3-2ee5-471f-6b57-c9e32a0369c1,ddb62849-bc88-49d6-a1e3-b586926af308,2021-02-16,2,2,b1409b3f-63ca-4477-9ec3-df9dad0174dd|51b2ea52-c480-452e-bf8b-1321c0c223bc,seed|convertible_note
1a89a0df-a150-658a-02a6-249d3911bf7f,9194cadf-2fae-4fb0-895f-e46d7e2a4af6,2022-08-04,2,2,bc9dbb1e-8fc7-4185-919a-089097fa4758|ff1ccc24-733c-4567-a91c-7f3e9b299e31,series_unknown|debt_financing
4940df8e-32f0-4189-b23c-2391cdb25436,35cb08eb-863a-45d5-9c9e-7d8dafd505e8,2020-03-10,2,2,83e92e55-0d16-4748-987a-50ee1fbd5744|f87b6eb8-7724-457e-8e98-a1260ff57e70,grant|debt_financing
802324da-0c7e-4f32-a160-375ae3f9cfd3,2e2c900f-ea69-47ae-973e-dd143220423d,2022-01-19,2,2,c1673b9f-1f6f-4ea4-b6a4-f28ba6d6c027|e4f22065-0e48-464f-b6a1-6e9c43982a89,seed|undisclosed
809d0f70-9c3a-48ba-9c04-fc6e75edc6e5,a44b4851-3dea-44a9-9794-a97542c389d2,2025-02-17,2,2,4a44caf6-8d27-49f2-b506-8eba359c7212|a3871724-8515-4b6c-b781-b8aca02b84be,grant|series_unknown
809d0f70-9c3a-48ba-9c04-fc6e75edc6e5,6b4f8b01-5858-450f-8d64-fc3f77d01f2f,2025-06-24,2,2,37a2896c-85ea-41a1-b978-b71fafb96919|619a2ba8-2d5c-4662-86ce-4826e441d4eb,seed|grant
db477c1e-5c97-06b5-dab5-491e803d8990,fe211b91-42fa-a6fe-35e5-980642955b76,2005-02-05,2,2,816b4494-5c37-35a3-10f9-1e603e481078|4c18d7c7-c76b-a27b-89ab-684eab988cc3,seed|debt_financing
ae6eb8da-ebb3-42be-9ee6-644a57af8755,730fe108-a037-4a43-9abb-5c0d85fa0f77,2019-10-09,2,2,260fe824-67c0-4874-9fe2-b9a0322e9c6d|da446d55-1dc0-4dc3-8f2b-fe891f1c352e,grant|series_unknown
ae6eb8da-ebb3-42be-9ee6-644a57af8755,92f81711-f041-4bfa-83e8-3eaab2d1089f,2020-08-06,2,2,67b9f4e1-8768-4c3a-a96b-0ab9ee7cbb8a|ae57dc37-a3ae-4a6a-9c7c-1afa27093866,series_unknown|grant
60e249a6-d553-72a8-3b85-20407462624e,d0644096-7f63-401d-a627-b2f753929b97,2019-11-05,2,2,61ccacbe-a670-4e48-894e-6c4fdeba2fa3|638e9e05-c289-4593-a5db-5d8ade734873,convertible_note|seed
f2d268e6-0a8e-daba-78b5-af9099d4feb6,f0da576a-b625-442e-af81-1b11031a71ee,2022-09-01,2,2,cc3be7f9-026a-4237-80f1-25b1dae1a24f|5aaeeacc-e256-4426-90de-c5e31b6fb6a2,debt_financing|private_equity
45247ba1-3514-3b1e-c688-810ad55796db,773665c5-92e1-41e0-b30a-4eb11757327c,2024-03-16,2,2,df2dcd18-c889-4ebb-b985-c2bd89f32889|3fce595c-ada0-44ac-9bf4-3aaeb6ff9712,debt_financing|angel
cf519a39-a921-4265-8b52-cd7d3385d7cd,cd89acd8-426b-4b69-9eed-aafaa292fe6d,2022-03-29,2,2,136d8c91-5b4d-46c4-847b-3bdc4866209f|d4ee193d-5312-4a00-9e60-df6f4f8893b8,debt_financing|series_unknown
ac41030f-c20d-0060-3f0a-37f0eee13779,337dd524-7971-af4c-51c8-a0e853b7fc9a,2013-03-01,2,2,c0a132ec-bced-283d-2213-b384bf6450f3|1d829077-1f75-779b-dee9-9043b1235bf6,convertible_note|grant
dbdafc98-7c6b-9cf1-b1bf-d3f590197dd1,f1ab1d48-1cdc-4ba8-b0b9-1c077e27d07e,2025-09-02,2,2,afe99de5-cd62-4b5d-96f4-165ea61eea84|5ea24611-e48d-4a28-b4ca-9e7d4a0ebc7d,series_a|seed
983675c3-2ee5-471f-6b57-c9e32a0369c1,3cfb352e-17da-4776-9538-545ed48ee148,2020-05-06,2,2,077a4c45-6c1d-46a3-86f6-4f760077a0b8|40758447-f96f-492e-b80c-b4fbdf1bf112,seed|convertible_note
334d9aa5-ca75-457a-3d95-d2c074243acf,a24c6aec-a363-9e95-ad12-34ecf092d1dc,2021-10-11,2,2,a0eed105-b52c-4610-8d50-df201f7ee0af|e43f3b0a-f75b-4a60-89a2-f5256d601172,series_a
735a53c6-a7ba-2434-d97d-b788536da89d,b30eb240-b396-471a-b146-8d6684b60b0a,2025-04-17,2,2,1e977fa2-aa7a-4f12-ba9b-22a97fe268f9|1897cf04-e5fc-46cb-878e-f9a9a533dc41,series_a|seed
089e2f4e-5b16-b5ef-8834-3a40302de5ac,a7e4d0be-040f-c404-9e63-1f48c543c497,2021-04-06,2,2,f5d5c786-efae-4ad8-a630-f28360ba6269|cf91ab52-3849-4fd8-97c6-3ae57002985f,series_unknown|debt_financing
40028379-69f8-6a3d-79a5-51713ddbdfb8,aa036d66-99de-46b4-800e-e14deebc6d97,2020-01-01,2,2,550f18e5-3d58-45d5-b437-d95dfbef581f|391a7073-a4cd-4363-a416-f70d0621ba43,grant
d420cb3c-c5c2-df2a-63db-4850847570c8,3bf5ddf4-aabd-468c-8622-b2016100bce5,2022-06-22,2,2,9f11192d-7403-4947-9173-2e633d67e24a|ad244f7c-e88f-4e86-81b9-7d46391dcaee,seed|debt_financing
b2c5d4cd-acbf-4922-97f9-c3d9ac7492d7,c641de03-3d10-4bae-9b9a-4682f33c6e33,2021-02-22,2,2,4d91540a-480e-4e89-9afb-459971bd1b16|daac242a-5f39-454a-a8e4-332eda3fee1e,pre_seed|grant
4864536d-721b-1d98-ea6b-8d06a3ba3222,27a6234f-224e-4f0d-b186-d65be3f160ed,2019-04-17,2,2,c354bf84-cdba-4bca-9938-da7a895b51b4|b4171993-06fa-40a6-8a8d-b9052d43392f,series_b|debt_financing
0253f1a6-fa3e-4975-80b3-1a0eb8713ce9,b7cace59-e406-44d7-b6f4-022096ac788a,2023-06-27,2,2,e786414c-a938-4be0-849d-54c24d5ea1e0|060a5a90-235e-4bf3-afc4-359d00b37227,seed|series_a
c2bbfa37-2043-6ea6-8ccc-a9427e60b77a,eab915a8-f414-64e0-5138-c5f341596a5b,2016-06-15,2,2,f1a0691a-85aa-8bb1-5e4f-da5e1042b94e|3a3f949f-78a8-735b-aef7-550b42184c9f,debt_financing|private_equity
cfcf9756-792e-8575-4135-85b7e1358731,ed2bda0c-1720-4106-ae96-99c99e4ac417,2025-12-17,2,2,1f1d661f-df7c-46b7-9e9c-7af0a8043b14|c9cd14f1-5166-4d99-8778-c09d4ed0524c,post_ipo_secondary|post_ipo_equity
ae6eb8da-ebb3-42be-9ee6-644a57af8755,e271097f-89b0-422d-8f10-6a83b686a44d,2020-01-08,2,2,1989389c-2795-4dc8-ae69-7a37033d71e4|8e78caff-725d-4997-a1d3-7657a1774d42,grant|series_unknown
ce91bad7-b6d8-e56e-0f45-4763c6c5ca29,244dcf44-0f90-10a4-33db-2675787d2319,2023-04-14,2,2,df220254-ff6e-48fe-8fa6-87803ac75b6d|219640d5-79ac-4ce8-9885-16229a3c3926,series_unknown|debt_financing
d1b8008c-bfbd-439c-8dd1-080d016cfe03,9140b431-89ef-4346-847f-d00d9c8f3f3c,2024-09-24,2,2,407ac21b-d4e8-4805-894b-c70721802c88|8fd121e6-1087-4e0f-bf91-d52effb247a7,series_unknown|debt_financing
803f03b4-14e5-4229-980e-1a4dcfbdfc41,b25e2e52-aa42-4423-a1ed-0131110eb2e6,2025-05-21,2,2,8aab4c36-0989-4e1e-94e0-cb3ec32ebcb7|562d33c0-fdbb-4f29-ad68-27ce64d8934c,seed|pre_seed
f13413ff-aea8-4839-bc9c-4092f39e1341,57a5729c-df9e-4d3d-b45e-a9c88f03813e,2023-11-09,2,2,efab4db7-7f6a-48bd-a755-9ff1e4316281|72131feb-0a41-4488-a63e-88054cad8c48,seed|grant
6a43fd6d-dc70-f07b-077c-942b3bde9203,eabb6bc7-e2bb-471c-98f0-4450c8d7e5d3,2024-10-30,2,2,266af71e-fec3-49f5-87f9-2768ef574e1a|08945ff2-b015-4166-aa5f-2a1045ea2dc2,private_equity|debt_financing
183b7440-5b36-1e31-20e8-cdee91336a58,ebf84e07-5639-4f89-9385-91f02b952ab0,2025-10-03,2,2,a942ac2d-f17c-4250-9dd5-7408fa0c55e4|7ffa90fd-1e7d-48e1-a758-be2c0fd2296e,secondary_market|series_b
4f71f88a-3d94-4ace-8e91-f283c142905c,636e83de-3d58-41d6-99c7-68a2ada10412,2021-03-09,2,2,1f5c66a8-9a71-435c-80c5-cec05c620e2f|8663403e-d771-48be-bf45-8feff3e065e4,series_c
e16016f7-6889-4c5f-9a7d-0c583e4b9891,a981f17a-c999-a973-d675-2f5fc092b620,2022-06-21,2,2,26cc0789-2145-4fcd-9f1b-c7934aa6f5d0|0726ff6d-18ae-4bac-aae7-ad5fed70f405,series_b|debt_financing
196ab557-1245-4a13-9e52-7b2b82b48421,485c26f4-c1fc-4334-8bfe-ea0072d328be,2025-02-14,2,2,a0e48221-b63d-48d9-ab7b-3cd385b095fc|b6cf45ad-8a0a-47b0-81af-0cb03b669eba,debt_financing|series_a
39041e62-6b24-ae8d-1347-4cea947e832c,9611e370-d9a8-47e0-bde6-08b43e8aa559,2022-04-12,2,2,fd2a57ed-bf88-41f0-b6ce-43730960643d|e8a49014-372b-438e-adb7-1a97efd61d37,convertible_note|seed
b8cc84ee-07d2-71cf-dc80-8995baeb6b8a,4586404c-040b-4cb9-b640-694aea2c5641,2024-04-18,2,2,8483eb6b-5c40-4672-acd2-faf14feaffa4|2682961c-4110-418e-9415-93b9ecf059af,series_c|secondary_market
9db0b6bb-4b28-fa20-e2df-e2af6ebd3a3d,2eeabe58-65e3-fb30-250c-6b6044114b7b,2024-08-22,2,2,b5ba7e33-0ad9-4045-82cb-c1736b8068fa|b0cd6a20-735a-4cf3-b7cc-48c6b3bc664b,secondary_market|series_h
260cf8d8-1b0a-4288-8824-ffe2888b1119,5351ac5e-be6d-4530-8e88-aea5291c4001,2022-10-20,2,2,b61ff8d7-6d4b-4532-9409-183705ffbd68|3dfc21b8-7056-4a53-b5e1-b00452aa64a0,debt_financing|series_a
41e71793-b8b2-51a5-98cb-dd8f7b2e5fdb,84f1d295-f04d-4fe6-a858-9a2e347fd599,2025-10-28,2,2,2ec1f576-90e8-4281-88d3-fbcc61f2b934|7ac5ce2a-90c3-43bb-b3e2-a8184c2b8d19,seed|series_a
9aa041b9-d9f2-39e7-f056-a0f4d6294220,859a2a0d-ce5a-42d7-bcdf-72bdc07cf1ba,2021-06-28,2,2,255c3f6d-5054-4fcd-86b3-e67d1b6c6cd9|d7229caa-a7eb-4f9b-a043-3defc2f51897,debt_financing|series_unknown
9aa041b9-d9f2-39e7-f056-a0f4d6294220,b82b2fcb-93a5-09aa-3996-0a2a1147c8ad,2011-06-30,2,2,0ee308f9-b514-4433-8798-9093473ee0cd|4b2d5424-65b1-44e3-a4bd-d815bd4d134c,seed|debt_financing
d85bbe29-d925-648e-5057-63e9a32a9f41,86ebfd18-47fd-4bea-9905-a5639a559450,2021-12-17,2,2,d2c5c5bc-5894-446a-942c-a563ca23ab71|98415a58-27d8-4914-bb78-222c061ea489,series_unknown|debt_financing
e16016f7-6889-4c5f-9a7d-0c583e4b9891,d2d4ebaf-66d1-c550-b0ea-53f1538345a1,2021-10-28,2,2,2feefb86-b98a-4aa9-945f-9835fdb6b003|d77de53b-1600-49ac-94b7-0a0d60e90a94,series_unknown|debt_financing
5d1cdb15-8f50-4d71-b16a-8520fe004984,bffc5790-e9c4-4374-8ded-52015ffa91dd,2024-07-29,2,2,1dc5234a-cbda-461b-9cf2-e328b0288060|d82ff407-2b2a-4c9e-8f3d-e32ab124bc8e,private_equity|debt_financing
ae6eb8da-ebb3-42be-9ee6-644a57af8755,328ad536-e78f-0014-9711-18b858394f2f,2022-06-09,2,2,2f827937-9efd-49fc-8374-732075997d99|5107133f-7efb-413d-b12a-dc147eb2588b,series_unknown|grant
47db0368-6d65-8c14-81a3-130ea8c29b40,915c9b66-0b5f-4271-8e9e-e765c8575bfd,2026-05-26,2,2,881947a5-ae4e-4fa5-8f42-25b715860667|095bcac0-aa4d-4dc3-ac42-ca1106476fd9,series_e|secondary_market
4eee5e60-3b06-6fe8-cc2c-29119a96051d,b02d71d6-08a4-e310-55da-f945be80d9c8,2017-08-17,2,2,bf3adb56-8072-8f66-f43b-ab61f2624385|1a1d817e-462d-e195-8b1d-87895414f9d8,series_b|debt_financing
40028379-69f8-6a3d-79a5-51713ddbdfb8,adada746-5237-427d-8267-22423a777d44,2019-01-01,2,2,3c9d5109-b4c3-40c2-b733-677be4702700|08b9a1b8-1322-482b-ac5f-eea5237dff74,debt_financing|grant
8f738619-608f-4026-9128-1e67e21bec09,5351ac5e-be6d-4530-8e88-aea5291c4001,2022-10-20,2,2,b61ff8d7-6d4b-4532-9409-183705ffbd68|3dfc21b8-7056-4a53-b5e1-b00452aa64a0,debt_financing|series_a
0784cf1f-7690-5f1a-40ce-4c2f7d70786c,ebc63a49-54c3-4222-bef2-ec559ca1e9cc,2023-07-10,2,2,d76bb86e-8d94-4324-9ff9-f8f37df62554|63c9ba37-50d7-4fb3-8c74-afd85b73888b,private_equity|debt_financing
9294c36e-76cb-ea23-f95a-9d9dc64d3a70,7119654e-66d3-6617-13a8-09f99abdb9fa,2004-07-26,2,2,2d8a91f1-0157-459c-c8a0-83b46d0da10e|228a816b-1515-a105-848b-169f7bf0e955,series_c|debt_financing
809d0f70-9c3a-48ba-9c04-fc6e75edc6e5,adfb4f64-e8c2-4a95-8ff0-4efc72426d41,2023-06-19,2,2,3c8422a8-fb25-4913-85eb-56f6d8b27115|28647939-39a4-47de-b03e-3f8f4ff4899b,series_unknown|grant
ae6eb8da-ebb3-42be-9ee6-644a57af8755,8bd1d83a-07ba-4f8b-b06c-5ac709554453,2022-06-15,2,2,19a9a024-a2e4-4b03-abc2-74ef5fb9b056|d3fe20ed-c180-4b22-adbd-617754e98d06,grant|series_unknown
809d0f70-9c3a-48ba-9c04-fc6e75edc6e5,19913528-7235-40ea-8632-46e707fc10cd,2024-07-15,2,2,82280950-31e1-46e2-8ad2-0967e3d09592|955fee3a-3036-4750-8f5b-65a14d0ead3a,grant|seed
e2006571-6b7a-e477-002a-f7014f48a7e3,844979a2-27a1-4a82-923f-97fe73b1be95,2020-07-14,2,2,241303d6-631e-4ea4-91c0-b3eddbb542c0|b5f6abb9-9224-43cd-8bac-5954f2becb60,series_a|seed
beadb218-e5fa-2686-bc95-4dfaa9acc2e8,8e9c1b61-5b6a-b416-aafe-6937e75b3dc2,2022-04-26,2,2,320e3a7d-b9de-4129-ae69-f65e15216f96|dd649764-757e-47b5-9131-6134c6f1d5b2,debt_financing|series_d
6246eb52-1595-468b-9781-c8457d9c09c2,529514db-2bcb-49d5-98ba-db2dbd88bf19,2025-12-05,2,2,d8370bfa-8c79-48d7-afa8-20e7e058a42b|066890c4-d6cb-486d-b383-cfd98b59835c,post_ipo_equity|post_ipo_debt
0c867fde-2b9a-df10-fdb9-66b74f355f91,437b5397-7d9e-4d61-1f7a-087cc89e5607,2021-07-27,2,2,94cc27a3-5f91-4e51-9d8f-e368252590c9|5a75906c-8bbb-4995-b9a2-36b2a18d6bae,series_a|debt_financing
2a2d1a51-f66d-46a8-8aae-b321fe2bf3c6,7cf47e13-f06c-448b-8e07-05238105189a,2022-06-22,2,2,b3af35ce-b8c6-42aa-a70d-f35672ee5478|3cd65a25-e486-4e33-b133-2fe9324c8853,debt_financing|seed
809d0f70-9c3a-48ba-9c04-fc6e75edc6e5,b89bd1ff-59c8-4b7b-b6e6-401081e89e13,2025-02-17,2,2,cb421656-fe06-4ff8-a681-606e9894dc5f|20dbdc6d-e067-4009-b1cd-a35eeb658382,seed|grant
5fbf183e-1549-c5a4-e93d-3976a7a82cb0,784c2b69-9422-a270-3550-5d8c2e7a90e4,2021-10-28,2,2,edd1d92b-c832-4f58-b971-8bf0bc53eb2f|a9ee8ee1-6dea-4271-b4ea-4f66b73772ef,secondary_market|private_equity
74b1d125-9b96-3650-b101-5479295b064e,7374d7a5-86ec-4ba3-987c-4399f5700cda,2024-12-30,2,2,90ee0881-73a9-448a-81af-41d1a476d183|fe24e7a8-ed92-4df4-af17-23aa26a1192e,debt_financing|grant
f19f8210-62e9-443b-a5a8-753e61f4d1ad,1e264a17-ad38-4a39-94b9-182e80e18665,2011-08-01,2,2,9beb0c8a-5f79-4fb4-a6da-c518669c342c|455b102a-c9ac-4915-9980-2a90807bdef8,debt_financing|grant
b8cc84ee-07d2-71cf-dc80-8995baeb6b8a,35a7c67b-8a3c-436f-a99f-94d53583c615,2022-09-01,2,2,b4ecfeee-a661-4ce4-8ddb-2ff6eff35bd9|3302e135-ad4f-4581-8872-0b7bdf4f53c4,series_unknown|debt_financing
7468e6d9-c035-05d9-0133-f238f5308246,4c8af45a-403b-409e-ab4a-9bfc301edb86,2023-10-05,2,2,1e3a2a91-7ac3-430c-83f5-4cbca055b182|b7ca41fb-37b2-4d5d-a3bc-6936b2620893,series_c|debt_financing
1c53e2af-ce53-9c3e-a80c-0315b3d7cc6a,a24c6aec-a363-9e95-ad12-34ecf092d1dc,2021-10-11,2,2,a0eed105-b52c-4610-8d50-df201f7ee0af|e43f3b0a-f75b-4a60-89a2-f5256d601172,series_a
b1f0c02f-7307-4f72-a641-fa038c328e30,9c04bffd-f8d1-4cbf-9dea-27f6871b7f08,2021-01-20,2,2,15f64f81-127e-469f-b4bb-b5419efe4af6|b090db06-131c-49e8-9faf-d017cd935b97,series_d|series_e
58d47018-5fef-4f97-8459-ed9f2e415217,df1b8c19-9f17-3f43-ad2f-084683d7a021,2023-05-10,2,2,86ba969f-1e4e-4f4f-baf9-5e9ed50c912c|5697361f-c7a9-492d-a527-9874c9dcc077,convertible_note|debt_financing
655e5a8a-3ae1-d3a2-8ff1-d5c5d2c08fad,c9b4f01c-3eea-4020-8eca-a05dc81256d4,2023-10-25,2,2,fe1e8b7d-8244-43b4-b4b5-2f13950f72aa|9e473d84-548a-4ba4-aac4-f6d0d7cd1121,seed|series_a
ae6eb8da-ebb3-42be-9ee6-644a57af8755,89e69e0b-2b2c-1e56-374b-f81db60ee271,2021-10-06,2,2,046411e0-d317-4f06-8375-00eee1627bf3|da02b88d-b636-4e08-8cf1-ffa17706e969,grant|series_unknown
d5df3873-7871-c608-0284-c74d0b555ccd,9296f4b1-7656-4817-b6d4-c229ce088a26,2026-05-12,2,2,d4d09356-4e29-4b41-9dd6-139c372e1f0b|53dbf14c-2815-4004-8e02-705e44e643a3,series_a|seed
de71b69a-30f2-e033-8a56-4750a72b02c1,973dbbc6-7b85-4fc3-bbea-887c6f622ca7,2022-10-06,2,2,e26a16a6-1819-46d7-aef9-5e488bd5fc3e|b9c6f6bd-0d49-45c3-9681-79dd572cc2c9,debt_financing|series_unknown
ae6eb8da-ebb3-42be-9ee6-644a57af8755,527eed05-5e37-4814-8ab0-163503d6e239,2025-02-17,2,2,6ecf680a-ab24-4c00-b5fc-daf3d0621585|522e6daf-403d-4da8-89a9-93fce6996e5a,grant|series_unknown
fe03c587-b1e4-9d44-fd24-e244a170274c,4d56240a-2752-4100-96c7-0992f6f546c1,2025-01-21,2,2,704af4bb-9b14-4e28-97f7-00e65d9a5117|7dfb21b1-6d50-4ae9-afec-3c30576d6b4f,private_equity|secondary_market
ae6eb8da-ebb3-42be-9ee6-644a57af8755,0d71c4b5-67d2-4076-89a7-af63c79d3c3b,2021-06-16,2,2,ce9ac3c0-d9ed-45be-8476-316eb762607b|af319c31-f793-4ace-b1e3-670c1ef085ec,grant|series_unknown
ae6eb8da-ebb3-42be-9ee6-644a57af8755,70e5b28a-9951-447e-accf-916a93b09895,2020-01-08,2,2,e74406b4-0283-4193-aa2a-e9a31ef4e57d|e56f6ab0-69f2-47d5-a736-57763f72078c,grant|series_unknown
e03a024f-92e0-4bed-bcf1-a6db1aff6d1e,da0253dd-1499-3a5b-9cd3-98cd3d55bc56,2021-11-23,2,2,07ef1b40-8ce6-466a-bb01-61c8bf4aaa86|7c97fabe-6d1a-41f4-97e8-53ef44a6d196,pre_seed|debt_financing
586a8597-220c-37f0-c19d-59d1dd009fdf,5b82449e-ff1b-e1fd-da74-2730fc99292b,2025-10-30,2,2,8dd10c26-94c3-4596-ac71-eb1e73958f2c|6ab2e073-84fd-4b2a-936a-938ae1e37fb7,secondary_market|series_unknown
1ab2f472-1d02-d930-2c78-48aada555d71,bc086b35-efc3-4c2b-b5af-e4ae2de0976c,2019-09-23,2,2,e05c6965-8c8d-495a-be91-8122b6964f49|c1c6d050-8d1a-411a-8a9f-84baa4147997,corporate_round|convertible_note
39041e62-6b24-ae8d-1347-4cea947e832c,20941aa8-ddb1-4f55-abe1-a90b60009be5,2021-02-01,2,2,bfbe85cf-ad22-4753-8c0e-0f8e674247e6|9f25aa79-af18-4e13-a895-67e7022bf5cf,seed|convertible_note
9aa041b9-d9f2-39e7-f056-a0f4d6294220,ba3f81e1-0f5e-4e02-a63b-c4874ada4e3a,2015-03-13,2,2,19b7a752-60e5-4c21-b0d4-44af5ed77187|98461b4e-cdc9-4260-8f2e-1443b8a89ae8,debt_financing|series_unknown
5e7c109d-9173-4555-a3fa-a13053b05e44,7cbdd6a0-a379-41e6-8a06-2dc91c59c1f3,2022-11-15,2,2,2740f82b-1067-4a2f-b397-b1acc4f2d708|0888c3d7-3574-4f1a-a631-f872581c61f1,seed|series_a
983675c3-2ee5-471f-6b57-c9e32a0369c1,e295cedc-9b19-49a1-84c6-6a4600524162,2021-06-11,2,2,a161c1cd-40e6-4a4e-81dc-f6c901781a04|3972b21f-e02d-4f2a-8d68-3e4c907c508f,seed|convertible_note
1f37a3e7-02b1-390d-eba7-a03cf1d5e75e,bd4293d7-3baf-4ea8-a2cc-aae66ccea2ec,2022-03-07,2,2,1576a479-35ec-4257-8be2-9a763da0763b|e1f25c33-0a0b-488f-a76c-605018d642e8,series_a|seed
9b5a3a46-0059-4550-8013-711371f33bfc,2b76a4d7-ef82-5d0f-d393-5465983ecf06,2012-12-19,2,2,82f7340e-0815-4841-87f4-64cb886e3cc2|0969b7ce-038e-4394-9819-f2b8283d4442,debt_financing|seed
983675c3-2ee5-471f-6b57-c9e32a0369c1,c2aa0078-cc97-442c-8801-ed23f897a9b3,2020-05-13,2,2,82f77f62-a323-462d-aa6c-d7a8f5c9bc4a|d93a5a95-2a13-4f21-af39-210fc7cc2e05,convertible_note|seed
c2bbc528-a12d-59f9-51e0-8f229e8e2078,334a991b-8d86-9dbb-34b3-9d93c62d8a01,2023-09-11,2,2,d33158b7-2073-4110-8076-b922b8718129|f434d7c5-acd8-4f79-8084-7e84287a38d3,post_ipo_debt|post_ipo_equity
ae6eb8da-ebb3-42be-9ee6-644a57af8755,b106eb1f-ad21-459b-97e6-dea1dda6347a,2020-05-19,2,2,78ce772a-bafe-4158-9797-2de57f1c0662|4de04762-b5de-4770-b277-47a4fb819427,series_unknown|grant
7079eded-aaaa-9b03-a30a-1b9425f96249,00fbf527-5c5f-4976-a557-f60f905e2d31,2023-04-04,2,2,5683a9b4-f14d-428f-b9da-0046e47f575d|4a4afc8b-41a5-4ad6-bc14-7f66ec883e73,debt_financing|private_equity
4e0d468f-9f29-b370-c20c-38f8e1c9b96c,faff96f2-a263-a531-408c-723c9f33ab78,2024-10-02,2,2,67b3180f-4ee6-4719-bfff-8911e443c8b9|feeb3756-ab11-48b2-b734-42fe7af7ae01,private_equity|secondary_market
08aef47a-6a5b-4961-8a2a-237e556b5772,7bace072-c9e3-4602-bb94-4dd55e4dc62f,2024-11-25,2,2,22e30d64-52f4-42d1-9d15-a71c8714bac1|6fca63e8-c8e5-4ab5-a13a-8a1a24ab972d,series_a|seed
2a2d1a51-f66d-46a8-8aae-b321fe2bf3c6,098f33e3-e8af-414a-90ef-6b762044f607,2022-12-07,2,2,67f0eb5e-4271-4f2e-8724-d8ca7c6666b3|ef665046-10d0-4a05-aa97-e8f1d0e04825,pre_seed|debt_financing
00e49595-f240-41b3-8f4b-a556550254d8,cc910a43-d477-425e-aca0-d938be177eb6,2020-09-03,2,2,ca18c334-66d9-40a9-9f83-b0dd203c283f|a5cdc0bd-666a-4354-8d30-3361c182dba0,debt_financing|series_unknown
4d43a670-f216-4f1f-9ba6-1b6af32ef57e,93887540-91a4-84ce-2a2b-bbc369a7321e,2025-11-05,2,2,98868292-4788-4809-b5b5-c0a69dbc6d13|6645f844-5f2c-49b6-85a2-bba152980a6d,post_ipo_equity|post_ipo_debt
52f1475b-82cb-49fe-b2a3-ac7fd0acc2d8,54f01d6d-a92e-4ba1-9307-eb81d3765174,2025-11-28,2,2,9dbc6496-c500-41b0-b1af-1d93bd0bbc62|b19e04be-74c7-47b3-82db-90089f5a1c6e,post_ipo_debt|post_ipo_equity
411e125e-9946-3880-8158-5c1ab88a8c15,a95f3bc9-94ee-4cd3-8a96-84696b0bcf84,2020-01-01,2,2,d7537fb0-2137-460b-b7a1-3fb29b49b554|11206eb4-d909-46ab-a6cf-8624e8b3d7f1,series_unknown|debt_financing
9e6222eb-2e06-42f7-9ddb-bf083228daca,8a4bea66-53be-4dcf-9737-633ae5b01d72,2023-02-27,2,2,b768c65e-75e5-4c17-8362-9de2ef08fd5e|29b0242d-1115-4b87-add5-4f846fd2597a,pre_seed|grant
3e250325-d100-40cc-b7f1-09b135bcfe2a,b0b626fd-c85c-4aec-9c1d-dcb7ca862bdb,2020-10-15,2,2,cdac6a84-61d0-4112-b5a6-22ee327a50ba|f8c4c86d-a295-4093-9ce4-3be62966b410,seed|series_a
3d180642-51d3-6949-6ca5-7b9cf94a29df,4f986750-a123-6129-52f1-5fbb471365c2,2017-12-19,2,2,73c7d0bf-23a8-449f-a935-3ef77f1a9c82|4994aadb-b77c-4027-9e2d-4f97e34146d3,series_d|secondary_market
f7bb7ad3-49be-7346-9a31-c4f836500f66,16e1dfb3-0bd6-6aa9-d9cb-790e3f8de745,2013-09-04,2,2,181ce47d-063e-ef77-3590-2e2423c02aaa|eb14ee31-45d9-985b-008f-5e94ff4eb5ff,series_a|debt_financing
05a36417-e653-a903-e76f-0d666a9848b7,a24c6aec-a363-9e95-ad12-34ecf092d1dc,2021-10-11,2,2,a0eed105-b52c-4610-8d50-df201f7ee0af|e43f3b0a-f75b-4a60-89a2-f5256d601172,series_a
8bb972b8-b030-4c6b-9a49-7e1fec5ea2a5,5cdc52c3-9f6f-45b3-9036-0aabbb1de332,2022-03-14,2,2,29a61949-95a4-4d45-a822-9501d0d76ebc|2b3e0bf5-5661-4923-9011-9f35a2fb837b,series_a|debt_financing
edb9e66b-26b2-d71f-d82b-9effa3c19af6,a31b2f04-8d3c-433a-9fe7-2fa5124afcb6,2024-06-18,2,2,c7967c80-315f-4d00-9ad2-cabe78b277b8|a86f3c4c-324f-4d29-a5eb-013445e84975,grant|series_unknown
809d0f70-9c3a-48ba-9c04-fc6e75edc6e5,c61cb20c-d0d8-4a14-a7d6-42a859ee0f14,2024-07-15,2,2,b204f93e-905b-42e9-bbc5-7a55ea1d49ee|e899e67e-7df8-4469-bb41-d3d67e17e6da,grant|seed
edb9e66b-26b2-d71f-d82b-9effa3c19af6,927fafc7-8fca-4d48-bc3f-92c08aaa0955,2024-06-18,2,2,f0857eca-5741-43b8-8d9c-13e784924d20|8a2620c3-00e2-4383-88ea-184f6b79d02c,series_unknown|grant
849c07a0-8df2-402c-8a9c-55071f7504a5,080f1dbc-025e-4ebb-8c25-7aa75743a850,2023-10-31,2,2,da5115f4-da4f-43de-8b75-a17adc4b787b|52ac2787-3b0c-45be-8c99-a32a4a087e5f,debt_financing|series_a
704baa25-5337-ecb0-71f7-f28c18ad3faa,584871a6-7311-4d96-8aaf-2e709a88ab09,2026-01-27,2,2,8dc8042d-dcff-4b4c-83b7-be8c0609f84d|082ac270-a75b-47f4-acfd-c5bf205d7b19,series_a|seed
edb9e66b-26b2-d71f-d82b-9effa3c19af6,ef899660-bdde-4efe-abd5-58166dba7bfa,2024-06-18,2,2,07040fc2-42e6-49d7-bbc3-7054bc216ba5|022695d2-018b-41fb-a9b1-95bbe546851e,seed|grant
64cb10e5-4446-b5e0-64ae-2fdd2262354e,8d9a9515-12e4-4dcc-8bba-9b77c1979e8b,2021-05-11,2,2,d7093a23-413c-4e08-a93b-c5e4ca2109a1|f6751f79-705b-480d-8649-0a40cf244995,seed|series_a
0b85a667-a440-4e6c-b69d-a9cb24c23142,be7303e2-bd6d-4747-8199-032ae6a75e1a,2026-01-20,2,2,c1d08672-a234-4646-8952-9d0840b95b73|390da1a7-c922-441b-8224-8d4a8e68db43,series_b|secondary_market
1328ea9b-b149-dd5d-073a-a847e4dd5ec9,68fedf81-1158-4b6e-af71-b52f81bb605b,2026-01-20,2,2,4aed5ecd-4778-4a37-90c0-b936f423a254|d1e42ee3-fb7d-45d2-a1f4-760d88b62cda,private_equity|debt_financing
106fd88c-f3af-756c-a6b5-125c5cb94b5d,7beef7f2-dc05-4519-b4c2-82d9b87a9bfc,2022-03-15,2,2,4ea128fc-7e4f-4402-bfb6-fb0082df633f|329a31b2-5332-477b-82a4-ff169d0caeb6,series_b|debt_financing
3860040f-32cb-5cfd-92df-d8f37f2ea70c,26795a15-62ff-4a91-8610-d4bb2d2773e1,2020-07-21,2,2,861947d8-6896-43d9-8d98-a300a59ecb40|30239f86-fb54-422a-a7e7-b3a846807aa7,series_a|debt_financing
2035dafe-67a7-423c-b4e5-5de2f7305f1a,15245a4c-34dd-44a9-9a05-30f32a6aeeee,2021-10-22,2,2,37047c3a-3d01-4a34-8332-d5db8976d629|22749789-3e88-4d40-ba22-1c0e629fef61,series_b|series_a
893ecb95-90bf-46a8-b17c-7ba3492f4f90,42e91f8a-de16-46cf-bb68-55ac75492025,2020-12-02,2,2,7d89f822-78e2-4893-bf3a-ad85a92fe321|1b3a5ea7-38fc-4e73-a597-74aaf1b93643,series_a|series_unknown
e88b330f-972f-e090-d514-c3a1c7b89bdc,3ed8e8fd-0642-43ad-ac14-26d7521288fb,2026-05-05,2,2,6d1930a9-f0c2-40d5-a59d-702813311cc9|35c83855-4b25-4bf2-87b4-474c4709ce98,series_b|series_a
62185e2b-ff50-4f7f-a899-b97a774305a5,57fc68a2-e16b-4910-a98f-958bfcf07aea,2025-05-16,2,2,6c2b3d5b-8092-404d-a6c2-c0a49d7fc0c5|e9bd785b-9baa-4049-8cd7-462dcb7e31fc,debt_financing|seed
3afb8ef5-2b6c-7788-7b38-53ecbb89d72e,4dce1545-2bb5-bd62-5175-b2b103661d24,2016-09-30,2,2,2d2ea27c-b5bb-4ad0-8c95-4631db5d72e6|4e0f69bb-0945-cf8b-1118-b7f431e9b85e,debt_financing|series_c
7e5b6aa0-aff6-6186-e437-75033cae2ad4,af37a97d-74f3-693f-11c4-3d526e7d175e,2017-02-27,2,2,82c3e96f-90f5-4a1c-b8c6-a201c92283c4|9265fb84-d099-4a23-84ef-ead858727ec3,post_ipo_equity|post_ipo_debt
0659f28f-2612-a01f-1b5a-9bc488036d1b,98ecabe9-dc3f-415c-aab2-9ecaae28f14b,2021-05-18,2,2,9adc562d-c283-4188-b91e-c48d9e546363|3771c77f-9017-4523-be3c-b2ab795720be,debt_financing|series_c
01ad6c2a-c6a9-3b8c-8eb8-a05f1a136464,9747e185-cbcc-45f6-8006-caad2570253e,2024-12-19,2,2,fe7fae33-6c3d-464c-bbb4-fcc199c0e95e|bf1384f6-e47d-4b47-a8c9-478ba8020fe8,grant|seed
14396192-4718-4084-4017-378d4b41cf6f,330d4dd5-cf14-49c6-aca4-5d0729e631c9,2021-09-21,2,2,37ef09f1-c6b3-4409-867c-83163ac66ab4|7ceba666-d69a-4659-9292-25a87decedee,series_c|series_d
39041e62-6b24-ae8d-1347-4cea947e832c,456975fe-ea9c-4d8a-ae1b-a1125efd9aae,2022-04-08,2,2,65d008ab-9f21-42d0-8a1c-91b63bc27f99|aae7183b-60d7-48bc-9704-8c40cd949210,pre_seed|convertible_note
91ca6919-84d0-43fe-8470-1e205cb4e1e4,14fa06fd-8ef4-4e6d-83d0-a6cb9795436b,2023-12-13,2,2,3b35fa7f-ae32-47a4-ae62-f0fb3cd6efb2|1db365a4-d941-4b70-8005-c3d6c37a2372,secondary_market|corporate_round
8ea4648c-0b42-09a0-bfdd-2712317161b5,6d30e022-42a9-4443-84c2-2d6a9c9ec954,2025-10-16,2,2,49790c13-55b4-4178-8afd-f9cf9f1414b9|88177413-2a4c-444c-bddc-2fe16fe48fd0,series_c|secondary_market
5680aee5-98ed-2573-a4b9-4b708f706ad9,a665d023-6628-537e-09c7-6790f79a9244,2021-01-18,2,2,06296cfd-ac1f-4ac7-8992-db023d2bc947|d3d45b8e-9ffa-4bd3-af16-1507429a5cde,series_unknown|debt_financing
60b5dade-24ed-84b0-99e2-1ecda554a1ab,5773e0ed-5876-4994-82d3-924806b087c2,2025-10-29,2,2,3db0eb28-5ec0-4e36-835f-f48587b3c390|e5a47600-ebdb-4e84-aa90-74feed6b08ed,series_a|seed
0465f459-4941-c01c-fd28-a3fa61d4e239,5b82449e-ff1b-e1fd-da74-2730fc99292b,2025-10-30,2,2,8dd10c26-94c3-4596-ac71-eb1e73958f2c|6ab2e073-84fd-4b2a-936a-938ae1e37fb7,secondary_market|series_unknown
3d0f359b-c0c7-4edb-a9b1-84ec2698126b,d768845a-da0c-56d9-817a-69ce1e858925,2019-07-10,2,2,1809aebb-959e-46a9-9e5e-e8983392e873|364dd594-11b1-4195-a19e-f7d1617f7ed8,series_b|debt_financing
4ee634c1-edfc-422b-9ec5-2e7535e829b3,b69afaf6-518e-4d18-ba91-dafbce6efaaf,2022-08-12,2,2,ad08624a-6d24-4ee8-a67f-0bc9747b0c89|6ce937ba-74af-4ae3-9972-5034f17b65c6,seed|series_a
16181bce-98d0-aea3-c346-3e602902025c,277e5c0b-46f0-4aa6-91ce-ea29a3388925,2022-08-08,2,2,2de9f202-bdbd-4ed0-bda7-18790b413387|9b954833-b60c-47b4-8d7a-90ad2e06dace,debt_financing|private_equity
b527e1c2-3c31-4e32-8b06-ebfde71156b2,efa3140c-8e6b-4282-8d32-e3c764b7ae3e,2021-04-28,2,2,1a8a2533-03cb-4c57-b5dc-190709e595e6|2e5897f0-a450-4f09-94c0-01833944d282,series_a|debt_financing
ae6eb8da-ebb3-42be-9ee6-644a57af8755,04d74699-4979-8d07-b5d7-ee9f81e30f40,2021-10-06,2,2,6c28f0d6-5f1a-47fa-844e-6eeb03a36b99|46378acb-23b9-4a22-9127-5c6c89ee57d3,series_unknown|grant
e4152fec-1a43-4f3f-baa3-8cb9b8828bac,463f87e4-9184-4321-b7c7-87c355eb2e6a,2022-11-07,2,2,d6ff9aff-87a2-47ac-a04f-c610834c632e|53a46a02-a9cd-4b4c-9ad0-5b58c7eb6792,grant|debt_financing
6bc63a55-60c3-91bc-c059-2c60bf916de3,efc486d6-e958-4cf3-b0f5-4ecfd12eff86,2022-04-19,2,2,c9caee5b-7670-4422-95fe-39fc49ac3f27|c43b2a59-5726-45f6-b931-28758e9b1c28,post_ipo_equity|post_ipo_debt
0af07c10-75ba-f907-59a5-a0f6fbc2420d,160a92a7-ebf0-40cc-b668-c1007eab5ddb,2024-04-25,2,2,5cac4843-3a1b-4d30-82de-ff2899613ee3|15567d81-1f97-4ff7-829c-5d721bee0278,seed|debt_financing
40028379-69f8-6a3d-79a5-51713ddbdfb8,ffd4e9d0-1e4c-42e7-88f8-5b431419f3dc,2019-01-01,2,2,0c365831-5266-462e-909e-df7623247eb2|490cca65-2cea-4236-87dd-cfea8482dc70,debt_financing|grant
40c3d188-cd08-8abb-0abf-ac214f6b7f46,b0662a5a-4e13-4231-9bd8-1bad3282ccf6,2021-08-09,2,2,98acd996-d678-4741-ba0c-6527a65b08cc|732415cb-aa52-4700-94b8-906122c11ea6,private_equity|secondary_market
b1e347d3-ae2b-403f-4a72-7c9ffb23e25b,1dd6fe10-ee05-434d-b26c-05b7824f0e91,2023-11-08,2,2,d6da33cf-bb26-4c9d-8862-bb0395f90f49|65545af5-91b4-463c-bf77-40b1b6218f6f,private_equity|debt_financing
5c963164-8add-172c-5f9d-8d1f2dc44a53,01cc120d-c281-48c3-8d02-0e14c1aa10fe,2026-03-26,2,2,d1139ef6-50ff-4f3a-811f-9b475ae172ab|2a23f466-5154-4f14-b527-10163d83a628,series_b|secondary_market
3cae090b-ed2d-95f8-79a9-e32ca480258f,775257a5-f1ff-4f1e-b993-2e94cedcaec4,2022-09-06,2,2,d9b22105-bc7d-4287-bc9d-a366c49d27eb|99d24637-b4c2-461a-8ea4-69ce17ab900c,debt_financing|corporate_round
baf47757-6ebe-45f7-85b0-222acffb2dd8,51b13026-155f-4f0e-8394-9416cb16df79,2023-11-28,2,2,02242439-bf46-4c38-90f7-1576ecfc155f|733c8fa9-3b34-433c-b879-01aa708ca72e,debt_financing|private_equity
0bb10663-bb70-4975-a40f-71407162e42a,04ff612f-6bee-42d8-ad7b-3802d5fa9ad6,2023-09-26,2,2,5ae67bf1-23d9-4889-bb60-0964e1d5353d|83381c4e-5b2f-490a-a113-77a0589897e6,seed|series_a
c1afb43b-7fda-1e9c-6781-83c3619caa05,54814919-9a8d-497b-bf71-90a23f744c98,2021-05-06,2,2,189cad6b-d2ad-404e-a868-8de6ed7e7550|f9299b1d-ba1e-43a7-b1f8-392e56a12842,seed|debt_financing
4eee5e60-3b06-6fe8-cc2c-29119a96051d,023dc02a-e990-5ad1-f539-17e9ef039288,2013-10-02,2,2,ebf6f23d-97e1-cb5b-14cb-c9c055992d38|c9187c6f-1a95-42c9-b917-6ba50fce5ab0,series_d|debt_financing
876284dc-393b-55ec-50bb-f85579d8e7c3,c69eaf90-387c-f248-cfa8-cae35ab6adad,2020-12-10,2,2,c4d2d965-65cd-4067-bca3-0ae58bca3795|f427e372-4727-4bf3-8d56-7d19d2b1f7b2,series_g|debt_financing
22c94121-b0c4-44c6-a3d0-9e7afdcf23ea,1ff327c2-b852-46b5-b396-49067c4fd507,2024-02-29,2,2,db8f6186-1e1d-40a8-a48b-ba83a377aa9e|5e467dc8-d66a-4fec-af82-362057556b4f,post_ipo_debt|post_ipo_equity
3b130aed-5259-8dd1-d767-b6c05171a8ea,43c3a6ca-82e8-46f5-8853-2867e9ef6b5b,2021-10-22,2,2,1b2c3328-890a-4353-a6da-502f9055aed8|ed7fe617-c019-4b70-8faa-1a26e19e5172,series_b|series_a
e9eeabaa-b4ba-e58d-fbfb-3b2939cf7f74,4ce622ab-49a4-c418-5a10-b6f43e926290,2022-12-06,2,2,52626f6e-eb80-452e-8ced-f1864be24fbd|eda00911-709f-4df1-8e27-0c3982f91a97,series_unknown|debt_financing
7dec18e4-cfa2-066d-a5a2-53ba8f6d215d,13e159d1-7a2b-469f-9890-4f8f84c412ed,2023-11-07,2,2,7e24fa27-3c51-4d4b-a302-4d2841ac48e6|4120c1bc-b56c-4d1c-88cc-00894e9cd13c,debt_financing|private_equity
86742bac-1934-8ad1-2190-3a1cca668505,b2167c4c-e759-085e-155d-7c74a76522d0,2018-08-21,2,2,55284e8d-902f-46cd-a84d-0b5daf3e9822|fe688c99-bbc3-4e00-b6b9-44b41a0c3828,debt_financing|series_unknown
f7665d90-8128-2f56-3136-e1842867c6d2,1cb4043d-07d4-42ae-9308-74f6a88736c5,2020-10-14,2,2,863fffa3-6e6b-4fa0-a415-65f6f51f9d6f|39cff779-78bb-4e9a-a5e8-abb43ab7ca38,private_equity|debt_financing
fa97e074-f0ed-4a61-b14a-580366f8699d,6f165a0f-01c7-4574-bc6c-04aa8c84c720,2022-12-06,2,2,df823f17-7679-4a2a-a5ca-29e5202f2031|691a824c-4b89-4614-a341-09b38c597143,seed|pre_seed
2339d639-581b-690d-668d-f11ad904471d,a5490443-7a10-412b-84bd-a25e67e39870,2024-05-22,2,2,bb4105b0-274d-4db8-988a-67114b5ec9ed|b9e7a264-78d0-409e-8b72-07d864604e4e,debt_financing|series_a
0003f244-79d0-6178-353e-33dabaf3b2c6,13469a29-7c62-41e8-8cd2-6830b71550b3,2025-09-10,2,2,cf2bb5e1-f26f-492e-9161-25ffeb4f479c|09e8b38c-32e4-4f1b-b90d-7d359e84f44c,series_a|seed
9baab2e4-d625-4bca-8875-fd6d8baf478f,77e5a570-3dc4-42f4-8d6a-0b4706d6de8d,2025-03-19,2,2,66565e53-7a97-44ab-a8e6-7641c5673b8f|586f7929-f6b1-44e7-86e1-b6954bc01ac3,seed|pre_seed
cf3c2fe3-e65f-40e1-8e77-5602feff39ce,c9dc4213-8e3c-5140-93d0-2318b8ade55d,2024-08-05,2,2,d5d75b97-7d74-4749-b027-d6d5957a10ce|c779d881-1638-4418-9725-b551bf424b1c,post_ipo_debt|post_ipo_equity
98d72d95-d4c1-44df-9172-f888341f0d03,7bace072-c9e3-4602-bb94-4dd55e4dc62f,2024-11-25,2,2,22e30d64-52f4-42d1-9d15-a71c8714bac1|6fca63e8-c8e5-4ab5-a13a-8a1a24ab972d,series_a|seed
72099790-f25f-7d86-d040-407c812b5dd1,a3add3a4-1760-1dd1-6b32-72e97da2fe44,2004-05-20,2,2,5b9ea645-2b98-9076-4ae8-43b124501082|cd361e26-3910-291e-7931-028de2cb9785,private_equity|secondary_market
acae8e01-859b-44af-72c2-c4dcacf64541,c1bec3fd-9ec1-a4eb-7715-5021845a71e1,2014-12-11,2,2,efff9efc-1b4e-4f75-bc66-8c444a8f4360|1cbcf564-205c-4d9c-832b-dac183ad0ac2,series_unknown|secondary_market
c11dab5a-23d0-4e7a-a68f-56e6a86c555d,69870018-0c0c-4324-a0cb-4e521a1659f5,2022-02-08,2,2,e20c60b8-8ab5-43aa-93af-0a31fbd2f19f|3f520374-a9be-44af-88f4-cfff1f26fd2e,post_ipo_debt|post_ipo_equity
e7f9136f-a486-4e3a-9fae-418cdf557e75,b068dc87-b99f-c22d-c1a2-87f944dbb1e5,2025-11-04,2,2,98c976e4-e12d-48d4-8863-ded9ddc1810e|33810ab7-2752-4536-b6ea-6a27c770da3a,series_f|secondary_market
d063c848-eea4-453b-b68a-fc5325fbedc4,12455672-aa10-4791-82e1-b27813a14bff,2026-05-19,2,2,e656df60-71ce-4d68-8292-1a955d4215c7|586899e0-9c13-4f6a-9b1e-301f4bde48f2,series_a|seed
63eb8719-2957-f55c-7504-e823fcfa503b,3a587d56-dca1-93b0-1077-0d2d411191b4,2006-09-19,2,2,abb63a6b-4779-3844-01b3-5ede6285fa70|5d4217a2-63e2-4276-8bf2-31e24d825b96,debt_financing|series_unknown
d0649c39-d492-6082-6adf-3096c01b9972,79d58bad-ca08-cf0d-36fb-918f677647e9,2010-07-13,2,2,8dced4dc-185d-4477-9206-91bea862d139|148ec3a3-f69a-ba58-d4a2-502da7fdf6a7,debt_financing|series_unknown
9ab9050f-d150-ecb5-c3c4-8425bdc2c259,77e5a570-3dc4-42f4-8d6a-0b4706d6de8d,2025-03-19,2,2,66565e53-7a97-44ab-a8e6-7641c5673b8f|586f7929-f6b1-44e7-86e1-b6954bc01ac3,seed|pre_seed
39041e62-6b24-ae8d-1347-4cea947e832c,1c7e20f1-18b8-44e0-a55c-80c68e639b56,2020-06-08,2,2,6c4de2d6-e36d-4f68-a71f-8fb565b565c5|1815c1f1-8cc9-47ad-b0db-6746e27e66fc,pre_seed|convertible_note
c7ca7ab1-a82f-9736-8140-c53ba04b034c,6d30e022-42a9-4443-84c2-2d6a9c9ec954,2025-10-16,2,2,49790c13-55b4-4178-8afd-f9cf9f1414b9|88177413-2a4c-444c-bddc-2fe16fe48fd0,series_c|secondary_market
09d332f6-ecb5-46c6-dcd6-4dc1f35d10a1,1663e62f-2574-4c21-82d3-be708c345160,2022-01-18,2,2,6a1cf266-1e8e-4b81-bb0d-b869f42ef9c3|fdac6a6f-c245-4338-b7bf-d711e486166b,series_a|debt_financing
ae6eb8da-ebb3-42be-9ee6-644a57af8755,ee1f758d-206f-45b5-9899-48f4793bfdc9,2022-03-23,2,2,c58c9f05-c156-4fe6-97e9-30b1663472e4|7c8db13c-46f0-4d51-8079-143b7e63ecff,series_unknown|grant
9aa041b9-d9f2-39e7-f056-a0f4d6294220,4ba2b62f-26de-4a00-8d46-989c099e8379,2010-05-26,2,2,cb935b02-d84a-4032-8097-41bd2e41b458|50dfed8a-3060-456e-8ec8-9502103cd6e8,series_a|debt_financing
b10d4457-e3e2-492d-9679-d04ebfcc8101,bcc0f948-abaa-43f8-9be6-10c7badd2298,2024-05-17,2,2,774cc535-8785-40a6-b110-7dc6ee5b1322|7a86d6e3-da15-4190-9329-4a50915e4263,corporate_round|grant
837a6c91-4d5c-4f27-83cd-1532865f5bd3,32abed74-9be8-4582-9e4c-603e2ac3322f,2025-06-18,2,2,7a94b95d-1573-41b2-b276-f451a0bf6c2b|dc96af1d-c160-4a51-9389-2453d67c8f76,series_unknown|debt_financing
c6f5b296-1801-407c-86f8-ab1ea8b51cc0,d35818df-3c4c-4730-8a53-a4ca2854be33,2022-10-17,2,2,b30dd3e8-8b7b-4fff-8e3e-ee58310b399e|15e7ea6f-fa70-467d-840c-7a60db0e2659,post_ipo_equity|post_ipo_debt
f5270d55-0c64-fa05-14ee-a2ef107e8070,998f97d6-8271-22d0-3e58-2432764e2cf0,2021-06-10,2,2,d0504e60-4a7e-4ec9-a826-cc1fccc8654e|5289d5b9-9f65-48ff-88da-675d90125b2c,series_unknown|debt_financing
4cf62df8-6725-4bb6-82e1-e01ce90b289a,7e368836-c0d9-4273-b2b3-6af7b00a21ed,2021-06-28,2,2,dce60d42-4569-4ad3-acc3-5cfc13f1cf3c|4f6b0e4f-6bfb-4af2-abb8-b32e24a1659b,seed|pre_seed
d21a6a03-e3a0-06fc-55b7-0dc62a7228d4,bed408c9-696a-45a5-b51d-fd06c9eacb5c,2020-10-05,2,2,dad2d0e9-3e5c-44c8-9213-4dc87e045509|f5501422-fb70-4b23-8dc1-85b8feb1cfb7,series_a|debt_financing
30bcdd65-41ce-122b-8ef3-52a187ed4bf9,cbe7a882-5c4d-19a4-bc9a-2f120302da24,2025-12-11,2,2,d1d29ae5-6940-4bec-801a-8a6a2fba838d|118a6ee9-7163-4fed-ad71-86de9f50a051,post_ipo_equity|post_ipo_debt
60a8d903-841f-c27b-a5dd-e44ab18c0808,363a0726-af8d-4b66-87ef-e985e404bcfe,2020-05-19,2,2,8e5053d2-c6bb-42e5-ad8b-d43e750c96b4|a449eadb-d1ba-4df7-8c50-13eba44a8229,seed|non_equity_assistance
ef65f5c8-a2e1-b544-aa82-3da0b72b912e,d9cd0b56-098a-f57c-5ca8-efb4f64b848b,2017-07-21,2,2,677a62d2-918e-cbc1-8c2c-60212e581541|a3ca0b86-e150-88ba-e50e-39988018ab7c,series_a|debt_financing
f70c0810-92fa-4737-90f9-b3b649dfd465,2f2af45d-712a-4641-b7c8-8c79126d80be,2026-02-04,2,2,73ea221e-c28d-4eb3-9c1b-00f1e1823a9d|2a2b6962-44a6-47c8-9289-15c7d2315694,series_d|secondary_market
d7d8d8dd-8b81-466b-850c-b81f7160bc3c,ebf84e07-5639-4f89-9385-91f02b952ab0,2025-10-03,2,2,a942ac2d-f17c-4250-9dd5-7408fa0c55e4|7ffa90fd-1e7d-48e1-a758-be2c0fd2296e,secondary_market|series_b
da7dace0-ea77-d4ee-4af6-7cedb69539e9,7e89326e-b32f-4370-8f9b-e2c84eac619d,2018-11-15,2,2,4023cd99-346b-41ce-a6c7-737ec51c0fd6|de2f8bb4-cc71-4ffe-b9c6-d7d0fec0419c,debt_financing|private_equity
20e978cb-19bc-d896-e623-f0fdad90a1b2,18aa0474-0640-447d-ae62-944f96ebd0f6,2024-01-03,2,2,e2fa9e58-9f45-4400-8edd-cb90964cfe2c|039131d1-429d-4b8d-8865-d1f24da81a1e,series_b|debt_financing
6df7730c-981c-41df-5821-c81dbc4ae1fe,5cc3c300-d3ac-446e-88d6-e24f371c20d8,2022-04-15,2,2,029ae907-b529-4467-b701-64e2d3357e44|23930e18-6c7d-4f4f-986f-9507581d04c1,pre_seed|debt_financing
7e93d8e0-766d-b212-11d8-cdebaff58372,72eec248-3152-99de-e4cd-20caf2040d01,2016-05-11,2,2,e306b320-e1e4-a177-2651-8eab72bd69c1|4d5f515e-4578-58e9-da7d-cf02c0c4021a,grant|series_c
59307a11-3eb2-be87-4b1c-7a64ab00192d,a55ddbef-3cbf-e15a-9e11-1bed9e85a9d3,2023-10-31,2,2,fcb21945-56ee-491d-8550-92803fda1090|f0659578-8cf2-40d5-950c-159b49543fa2,debt_financing|series_c
c5e195b2-5210-4a42-a8d9-8b0468664383,c0afd704-b512-4969-b182-a3d77b3bbdd6,2026-01-06,2,2,2498d0e2-a21c-473d-8455-4ff5f4a6e7dd|06879e34-1ab0-4fca-8b4a-2655afbbb6d6,private_equity|debt_financing
2a2d1a51-f66d-46a8-8aae-b321fe2bf3c6,4c369d93-f8cd-4524-b565-7879e9c2e4e3,2021-09-14,2,2,40a830e9-dfc8-4978-bd4d-a9d16c99257f|b953ba93-bef7-4ddc-a917-922f6f813f65,debt_financing|series_unknown
ae6eb8da-ebb3-42be-9ee6-644a57af8755,721f3f6a-e5ec-4ba5-9aa0-752c1fee55c5,2019-10-09,2,2,55592d8e-39fa-4fd7-9275-54dbfd7f26d1|cf675a73-b729-4e39-89f2-1a03e9c53139,grant|series_unknown
ae6eb8da-ebb3-42be-9ee6-644a57af8755,7997a22f-47c2-4aea-9378-5f268e40932c,2025-06-24,2,2,19bb42f7-ab40-47a4-97b4-5e3d1d4a761a|6535548a-7bc6-47c0-b5f4-5e6ba4017aca,grant|seed
d6598180-584e-4d64-9dff-6189bb4a0b30,3f38b90a-f27d-405b-bfc5-b2ec61611412,2026-02-17,2,2,fc4dc9fc-43c7-467e-a5b0-d40ec8862691|a0b19217-46c4-4fba-85fc-32e6200751e5,series_a|seed
809d0f70-9c3a-48ba-9c04-fc6e75edc6e5,0d6fab81-29a8-4d12-93ff-91ace5515f63,2024-07-15,2,2,3002b040-de69-4486-bb0a-150bf6aa5b4b|12f90428-d7eb-4dd3-b47d-5612e50c9ace,grant|series_unknown
ae293ce2-1de9-42ea-aa23-ec8814dd2bf5,04ff612f-6bee-42d8-ad7b-3802d5fa9ad6,2023-09-26,2,2,5ae67bf1-23d9-4889-bb60-0964e1d5353d|83381c4e-5b2f-490a-a113-77a0589897e6,seed|series_a
dc9420cf-909f-8824-250a-be887efacc6b,8be5cd2e-681c-4e45-ad66-4cb730128a31,2023-01-10,2,2,741103bf-b6cb-41b3-9b96-7bfe6bebf2c4|60333910-6847-4f0b-8c82-e0a6d0b4b484,seed|debt_financing
34a9bb66-0984-8de0-e7fb-13e976b4a135,202168c7-1c17-4b07-86e1-27d8454f59ea,2024-11-20,2,2,c3c40faa-9af1-4a6b-9021-158275994551|64837136-5702-4ac6-9f18-d730791e09d2,seed|debt_financing
b68c993c-4cbf-4339-b8b5-6c2eb430835b,feeac2e6-3b49-4e72-a661-cea1f0483dc6,2023-05-18,2,2,8fa97245-7e8a-4a62-b208-26d4f0d46453|8d5f5cd6-15cd-4d29-8173-8902fd44ae27,seed|debt_financing
033baffd-0c28-4589-8bac-6d92e61676bb,9be50967-54cf-4922-92e3-baf4ead9d03d,2025-06-27,2,2,1ae7bbf4-98b2-4c6f-afc4-daa6f63bfc1c|a70a6d4f-e3d8-430e-bc3c-bb8aa81c720b,corporate_round|secondary_market
809d0f70-9c3a-48ba-9c04-fc6e75edc6e5,3460aa38-bc35-4c9a-96e5-8b43eea01381,2024-07-15,2,2,b194b53a-d48b-4d93-9276-a817416beb3b|d9a94d05-caf3-47d5-b3f6-06be7a55cdb9,seed|grant
457a0d61-5f3a-6f9b-1cd7-eca0ad7335c2,ca9bd3d3-00c9-7481-fea5-b38258d82529,2017-10-19,2,2,80993af6-d45b-46a4-882d-f56d4188f0f4|f9ac659c-1125-4e25-807b-e13142141211,private_equity|debt_financing
528ecca5-3df3-4524-a1b1-ae1ecfd0491f,8d36822e-5d71-4a92-91aa-12498bf440af,2021-03-16,2,2,d9748532-ce0c-4bbe-ac8e-9e9adab1a947|204b4f32-0222-4cd3-99e6-f37b1aad58d7,debt_financing|series_unknown
809d0f70-9c3a-48ba-9c04-fc6e75edc6e5,f5038b65-f1b1-4555-a8ef-11fa96c00171,2026-02-18,2,2,5286d962-ddce-4938-9d1f-7d01c8a1887c|59a659fc-8fff-4ed4-9622-00ea6bb49adf,series_unknown|grant
ae6eb8da-ebb3-42be-9ee6-644a57af8755,6e124eef-5d98-410c-bb56-ff7292fe92d7,2020-03-20,2,2,fe97efb9-05b0-44b2-80d7-4a017abb79a2|8236eb20-7a1e-426a-92df-70dab629b78c,grant|series_unknown
bcc5adaa-4cd6-bb68-8b91-838f2eee1aa4,fc8163c5-c818-cf2b-91b0-7c43575d2380,2013-10-17,2,2,0112f2b6-c085-47ef-972c-1423a6278fe0|8adcbf9b-8c2e-4d0b-ace5-02943345326e,private_equity|debt_financing
7cf3b509-8930-3499-5e39-22d58916f2f6,1dfdeaf3-23fc-4ad0-bc2a-f2bc3bddbe07,2024-07-10,2,2,467c4305-891f-4bc9-8997-78ca83a380ea|f89e9a52-cd2b-4c9c-9fc2-8bddfb9772fc,grant|debt_financing
e466c2a5-cd27-8385-6ece-a0483a34fc95,4e524d32-cecc-222f-0bae-3db4a467bd68,2020-04-23,2,2,cdfb9bff-333c-417c-b733-ca27bd2b5e29|5fb30a89-9a30-432f-a9cd-893db89310a3,debt_financing|series_c
a3e31985-3a7c-4923-f3c9-f6cc884fb613,94719107-fcf0-4940-8857-b4bb488e4686,2025-11-05,2,2,4f183de8-9e24-4756-949e-cb7c20eca1c1|3f5aa107-432b-4541-ab15-e39293e97319,seed|series_a
2bcd3143-66d4-448c-bae4-03a10aef2b87,710dd351-c14a-4322-a6d4-cfb72b0811d2,2022-08-18,2,2,96b4f118-5a47-4e23-846a-9553fa41dd8b|f5923d1d-4a32-4b98-9d35-530b92aff9f8,series_b|convertible_note
9bf1bf3a-7948-af19-02b9-08c4e69f00c8,07e10b16-05cb-4a27-81a9-990aaa5370e3,2022-08-11,2,2,b129ae26-1285-4aa5-aceb-4c0c4abc7419|fe28adfa-e632-42e1-a165-7f084cdcb5e8,private_equity|debt_financing
fce9e5e0-69e8-e995-d066-72270e41b640,b0662a5a-4e13-4231-9bd8-1bad3282ccf6,2021-08-09,2,2,98acd996-d678-4741-ba0c-6527a65b08cc|732415cb-aa52-4700-94b8-906122c11ea6,private_equity|secondary_market
af02e825-596e-4a2f-bf57-36a5feabc7f2,456a261c-eaa9-4470-8c14-17678337dba5,2024-07-16,2,2,d190edbc-923b-467d-8a58-172c36092f1c|3d4b27ae-c817-4dc1-be89-654cfe16dbda,series_unknown|debt_financing
afbcf6ab-6061-0f30-e86b-2e334b10f443,469fb194-03be-4871-80e2-981c42d69a45,2024-08-01,2,2,440b60b1-b7c7-4746-b4c6-20f93b9c8ff0|14101504-a94c-457a-bab6-c379cb3996b0,series_a|debt_financing
305e1c3a-ccdf-c61d-b796-ea5661c0840a,31afdccc-abe5-6037-c940-83f26b5d05aa,2013-09-27,2,2,fec2a20c-5b57-4bdd-ad15-6b4e10edb12b|aef89405-cca3-a80c-ace3-1171018f03b9,series_unknown|debt_financing
76a2f22f-3b47-a91b-3e4c-d50323e43e4e,5f18b5a7-a853-015e-caee-35a4203a4725,2014-12-21,2,2,86807926-76f2-4d29-960e-14d481daa4cf|0403416b-49e8-1907-33e2-a04b8d8f0cae,debt_financing|series_unknown
c341cbc3-7419-7ddc-da42-2bbc7a03ef41,41d7ebe4-0462-413d-aeda-b61939368b41,2021-10-04,2,2,88871616-5df0-45da-8b00-71b7ebf92af2|282a385d-86d6-425c-bb2f-2c8f075a18a5,series_a|seed
5de782fd-2218-9139-be2e-0238ed4063a8,b11622a0-5c2b-3e6b-a5d1-fa4d4b1236e1,2013-06-21,2,2,f2df62c6-ffbc-65f9-8b33-826c8813b9d6|9a581b9c-2a28-4d19-9034-a840b3fd5777,non_equity_assistance|seed
809d0f70-9c3a-48ba-9c04-fc6e75edc6e5,45602257-cc0a-4dcf-89c5-8d6ef122a2fb,2024-07-15,2,2,d0f571f9-9c7e-4531-9ef1-fafefa6ef766|98398a66-2aa6-44eb-ab78-ad9447f7735d,pre_seed|grant
aefa3a84-5193-00c3-5cbf-ec5ec2645672,856ad2fa-5aa4-7baa-5bbc-d5a1156d769c,2016-09-19,2,2,2b1fa019-2c2e-8b36-95f1-466bf2696c0b|06afb736-d835-4d17-3058-ac1b503c1ea3,debt_financing|seed
d70b3ca0-7cd4-b5ba-9ffa-88447101fecd,48f66271-2279-6d2d-210b-adb864370001,2016-09-15,2,2,fc509073-2d4b-4fe4-93a0-571bbf686a49|95dbd4f5-2d20-4c29-8bcf-79bae955e45f,seed|series_a
f81ad6c8-b2ba-410c-9a35-1a3cab070df3,1f20287d-2401-4917-8949-db28c07e2c9e,2025-10-17,2,2,c0b33926-5c97-4091-9728-e6bc03dfcb08|bd1706a4-48c3-48cb-bdfe-173fb7fda7d0,series_b|secondary_market
28a5c4a3-ad52-d54b-32fb-b5cb3e85afa7,3cd357c7-b3bf-2788-c521-898b3c9bee19,2024-03-08,2,2,d9ca473d-b574-4e04-a462-802043265e71|3235edf5-0103-4e4e-9e07-bd68e058cb3d,series_b|debt_financing
42984ec1-24fd-dde7-7230-6c21ca402dc1,5c908842-9a38-4bc4-9e49-8c90220f32b8,2023-02-02,2,2,7ca301cb-6636-4b74-b81d-383ffec0ff96|32114d0e-e94a-4e59-8cd8-f4e4c89658d3,series_a|seed
9c75404d-f00a-4c28-986f-b6ae2305887d,b69afaf6-518e-4d18-ba91-dafbce6efaaf,2022-08-12,2,2,ad08624a-6d24-4ee8-a67f-0bc9747b0c89|6ce937ba-74af-4ae3-9972-5034f17b65c6,seed|series_a
cf895c70-ada4-4cda-8cfa-71d936a2fba9,14bc7618-bfb8-4c23-ae0e-7d33b37ebb0d,2022-05-09,2,2,0e46fd25-4f94-46a8-94c9-752cf4768420|b3a18cd4-a3e0-47ed-9c0a-45ecb6f939ba,debt_financing|seed
46fd97c0-023d-6e8f-89b6-48d703b2f163,5b0257be-5d76-4080-a93e-c732efbcb78a,2021-11-26,2,2,b20c484a-00b8-410e-909f-a0233a001ba9|16233c0c-563b-4baf-a119-96982c281b36,series_a|seed
ae6eb8da-ebb3-42be-9ee6-644a57af8755,13d7b2c4-7ded-4743-86a0-2b9b52998714,2021-10-06,2,2,c41b5d58-1557-4ec8-8d59-6abaa3fc05ea|3939b9f6-8c61-4ced-971d-e3c701a550b1,seed|grant
4c04b49d-9ed6-4ec4-9bdc-8b8bd230a35e,83fcbd14-5300-4ffb-b3a8-12699e8d384a,2023-07-07,2,2,c8a353cf-15ed-4946-886e-dd9cd414fbe3|b9359192-9eae-43ff-9476-bf8e77d719e8,seed|pre_seed
92e26b26-e5d6-47ce-9215-68d37f2129c1,f7dfa6af-7690-41f8-b403-6937606ed647,2026-05-04,2,2,1a86e65a-1863-4ae7-b8f7-48bb8e2eea66|018e656b-1ea8-46e2-9e30-044cfabd78b6,secondary_market|private_equity
ac41030f-c20d-0060-3f0a-37f0eee13779,8af1713e-b10d-7659-1efc-15468fc73445,2013-03-01,2,2,634fc06f-ad18-b2dc-baa8-0036b54343b8|3862d707-e2b5-1c50-2016-dc09466da486,seed|convertible_note
02449ebe-b919-cc6b-5b4a-075cc1bfcc8f,27a6234f-224e-4f0d-b186-d65be3f160ed,2019-04-17,2,2,c354bf84-cdba-4bca-9938-da7a895b51b4|b4171993-06fa-40a6-8a8d-b9052d43392f,series_b|debt_financing
7be440dc-b88a-529c-7fdd-c885b6694d4d,fb469698-5deb-9571-812f-39a583762872,2025-11-12,2,2,034bd8d0-fb6a-4eeb-891e-d9f523f9854f|26a0f69c-cd59-483b-aa9d-d723a61c95f1,series_unknown|secondary_market
6cbb730f-a592-43a7-9991-fdc99fb64f22,e48d2bd1-24d6-496c-a75b-568d47547baf,2021-05-04,2,2,3c7e7f15-f271-497c-b0d2-e4567142bbd1|dee72d7f-795b-4719-8f0b-83c14fe84ea6,series_a|secondary_market
311ea57a-ab94-993c-33f8-6225a0d8698e,839b6d7a-6b0c-4a4b-bbd8-a64cd18ea6e5,2021-08-31,2,2,4a98c409-ad39-495e-9a2b-45a3b714937f|522a4747-b32d-45c1-8233-af6701161c20,seed|secondary_market
a32d3c4c-fbea-9fe9-8f49-9fd968657b9c,710dd351-c14a-4322-a6d4-cfb72b0811d2,2022-08-18,2,2,96b4f118-5a47-4e23-846a-9553fa41dd8b|f5923d1d-4a32-4b98-9d35-530b92aff9f8,series_b|convertible_note
9aa041b9-d9f2-39e7-f056-a0f4d6294220,2fb6406f-83c4-41a2-a8ae-6d45faa1ed72,2015-11-04,2,2,6f93e710-3afb-4d3c-8201-fd1e04dcc697|af885d19-87c5-45d6-b558-46ea5e405c32,series_unknown|debt_financing
bcc5adaa-4cd6-bb68-8b91-838f2eee1aa4,b3beb721-c0e5-fec1-25e8-05ace9d2d6b6,2012-06-04,2,2,87424be6-b7ff-48df-aff6-0382d4f258b5|b85db716-f757-4162-acc1-f67f1a519af4,private_equity|debt_financing
e9858041-6a0f-4512-b29b-6d92a83e3e45,38f5ea9e-aa68-4a2d-81c4-ff3aed514eaa,2021-05-27,2,2,b439d6b4-7fc0-4604-a124-a55b04dd2acb|12d16a73-b11d-42b9-a2dd-fabb1a197a75,seed|debt_financing
a6c255b1-8449-4c5f-b2fd-72c63962e127,727b69af-5bf0-47dc-81dc-f19fa096ef59,2023-12-20,2,2,891f217c-305a-4fd5-bdde-3d06acdf9091|c6e929e0-5862-480f-8fd9-8e47aa75d6c8,seed|pre_seed
f4e2dfcc-b89d-46a2-aa51-d4022ba5e8df,129c0a41-fe94-49a0-8bca-b4ccb3071bc1,2021-06-05,2,2,479fa4ed-cfe8-4c5b-a1c0-9548b418cbaa|992b6a02-11e4-4239-af1b-8e1ea7cd0b2a,seed
62185e2b-ff50-4f7f-a899-b97a774305a5,09cd6019-2f8a-6e00-f84a-cd0d259f25fe,2025-05-16,2,2,e1d5bb97-31c6-46ee-8e6c-a96e345a504b|0aabb94e-59b0-4696-94ef-0674919b7c9c,debt_financing|seed
4e83901b-d3a6-a053-3606-302645f0ed8b,bb06c586-aac4-4657-39d1-1e428f3f08da,2024-10-23,2,2,db6d92f6-adc4-4337-81fb-ef978768925d|3d85501a-1883-40ed-8e65-9d8ff6519b51,series_unknown|secondary_market
2c747825-2789-5e63-ff59-473024c0fe48,6d30e022-42a9-4443-84c2-2d6a9c9ec954,2025-10-16,2,2,49790c13-55b4-4178-8afd-f9cf9f1414b9|88177413-2a4c-444c-bddc-2fe16fe48fd0,series_c|secondary_market
809d0f70-9c3a-48ba-9c04-fc6e75edc6e5,d844baf3-fc64-4f1c-a738-58e64c8dfe53,2025-02-17,2,2,9f0d5c4d-9dd8-4719-9ac9-f7daa2c96a2f|e606e5f4-312f-4e2a-80d8-36654659d79b,grant|series_unknown
2b1cfbe8-56f8-aa96-a8cb-341af85a1ccf,18df283f-3353-87a8-729d-a48e18feed66,2022-11-21,2,2,f75e4a62-07ac-49db-927c-de45384cef05|3d42df54-4207-44ff-b870-32bfebb61a68,post_ipo_debt|post_ipo_equity
809d0f70-9c3a-48ba-9c04-fc6e75edc6e5,dead05a9-1998-4d54-8a1b-d7472578d326,2025-02-17,2,2,42549393-f32d-4e46-bea4-38fb1b41069f|28464621-c882-43bd-9c07-6079485af74d,grant|seed
ae6eb8da-ebb3-42be-9ee6-644a57af8755,425ac54b-21ea-41d2-abfe-beda6d706dbf,2020-05-19,2,2,1616b526-2f2a-4916-a429-dd10a0197f5b|4318153e-845c-4613-91c4-b425d269ee2c,grant|series_unknown
612e4a8b-d5f5-4832-b5fa-c33a455ad9d6,59247d47-c6e2-4935-868c-e6c88f8b4a40,2024-09-06,2,2,768bf9cb-67a9-4cce-a757-d92b437031c0|afee64a5-92ff-4ba5-81e3-6429763ef843,post_ipo_equity|post_ipo_secondary
488ba4ee-7e9b-9c4f-6550-493232dfcf58,961d3f5b-e322-2060-ee17-e9349f8ebf40,2023-04-24,2,2,a64550d7-0b03-46a4-bcf6-8909079c8593|518c73bf-36de-44e3-b3cd-d2bbb26418bd,series_c|debt_financing
acddc982-f23b-b2c6-6025-3e9efbfd6ed4,43af5d83-d094-4eae-ad0c-a650908bc108,2025-09-08,2,2,506ad380-6e32-4c7d-8cb2-d9b6f2b48d2a|59691073-df11-4ea1-b3eb-2a1e31e70a42,seed|pre_seed
632c572f-d93c-49cc-9edb-9152039df7ed,8084e7ab-2af0-43cd-98f5-12bcd70cb038,2022-04-05,2,2,1f3c8712-fb02-4017-a21c-addedd5c8a05|823a571c-b3e0-49ce-8020-3930771e08eb,series_a|debt_financing
e62cb6a0-f596-4aa9-ade1-46a47a1fea49,f8b297a6-9399-43d8-b863-39c38422db99,2022-06-20,2,2,afd07586-759c-4789-8aa5-3f32a7fd658f|5085ed54-a044-46f9-bb13-4dac37ab6a10,grant|pre_seed
8be283b9-3a90-4230-8f25-e0a458c50179,10f0f90c-001d-bf66-cc76-26616fe47df9,2024-06-06,2,2,f9902e2f-c45a-42a6-beea-be912d808746|5ba15ce5-5e6b-4f9e-80c1-a24451f5b50f,seed|convertible_note
ccea758e-32a1-47c7-9bf4-0ce422804a96,aa66f022-85ec-4bcd-8cd9-e6c74e58220e,2024-12-19,2,2,9f514331-5c38-4ce9-bc3c-634d1eeeb2f8|d3bb24c7-4a76-4714-bd4a-bd5ec486b83a,grant|seed
a2241b17-4bca-46f9-b5ab-dd319a067bb2,8d256ace-1704-4fc1-b589-b911e34272c4,2024-09-03,2,2,2863543d-f286-4cdc-ba31-785e26cbb4a0|ba69e36a-6e65-4797-89f8-265ee65176a3,private_equity|debt_financing
aefa3a84-5193-00c3-5cbf-ec5ec2645672,6c037c33-91c9-4b0b-acf1-9ec0931884fd,2021-05-20,2,2,ba5b4d5f-daef-4af7-9bd9-93fb859e7c2b|95f4dbbe-af40-43cf-9ea0-3764afa56046,series_unknown|debt_financing
23e22440-4d2c-4f99-9b2c-948511ee29ad,f6af553c-39d4-4aa1-8a70-fe41a6889afe,2020-11-17,2,2,e28c4ee2-7dd7-4752-bac5-534b12fcb303|5c019459-5a7b-48fd-9409-ddf72d8321c5,corporate_round|series_a
b5b5e9fc-b429-9942-9bd3-44086ce67a43,f0265877-9c3a-ef70-6ece-e0438bf29b86,2022-06-07,2,2,649b081f-e578-44ec-a039-343409fc3634|a2c006ba-1db5-42ef-b6b4-c47f3eab6e6e,post_ipo_debt|post_ipo_equity
809d0f70-9c3a-48ba-9c04-fc6e75edc6e5,4586553b-5c46-4b17-aabf-b55964a1d0f2,2025-06-24,2,2,e231de49-09aa-4f58-bf18-51230d7d7326|94f53b5a-259c-436e-8ad4-2794203ccfd7,series_unknown|grant
ae6eb8da-ebb3-42be-9ee6-644a57af8755,aca455db-7e32-009b-3417-9bb059f98552,2022-12-19,2,2,fa2117fe-b8b0-4da4-9132-ffb0c1323485|f8b8018b-24db-40a6-b539-df9dbbb410fa,grant|post_ipo_equity
ff26904c-b4a3-bb61-7a54-fcd3375b2b3d,e39a34c0-2572-442c-9c12-1d6e9aa62cf3,2024-05-13,2,2,3047e4f4-3767-458a-b074-73d22000d978|8049bfa8-8a0c-402c-b2d2-85b714b9f214,series_a|convertible_note
fe5a4983-a46a-2fc2-5633-e35e0a86b694,1e074f2c-9fa3-4c41-960d-33354561e865,2023-07-19,2,2,4fefd13d-5345-4c0f-adb2-417a224935d5|f6e19936-f332-4272-8d4e-132f6504b2df,series_a|seed
dbdafc98-7c6b-9cf1-b1bf-d3f590197dd1,b25e2e52-aa42-4423-a1ed-0131110eb2e6,2025-05-21,2,2,8aab4c36-0989-4e1e-94e0-cb3ec32ebcb7|562d33c0-fdbb-4f29-ad68-27ce64d8934c,seed|pre_seed
ae6eb8da-ebb3-42be-9ee6-644a57af8755,5875de20-1e95-2762-2f08-cfcf14c01a1b,2020-08-12,2,2,10699c6d-21eb-4664-82bc-6403966aced6|bcc9372d-edb5-4bdc-8aae-108b078f9d18,series_a|grant
7e4f64cc-ea5c-48e7-a54a-3f8e1c29d0c5,da0e6fc2-6bb6-ac7e-0e24-48b098464afe,2026-05-29,2,2,714befdd-66bb-49a4-9a32-ce530b342f9c|92c4f7c5-d2da-48a1-a233-0e8553ac1b38,secondary_market|private_equity
bcc5adaa-4cd6-bb68-8b91-838f2eee1aa4,1afff6e0-705e-fbd5-c029-57ad8cf3bfae,2012-12-28,2,2,5a2d163a-419f-435c-8e92-c53db69e925d|42f1d42a-3d97-4c12-bb4c-b2c0751cd8c8,debt_financing|private_equity
99e23a81-b7f7-4862-b3ac-16c76e7fc594,d361fd73-ab8e-227d-13d5-26864ea4b988,2020-06-30,2,2,15febbca-493f-4ebc-8497-9dafc5f3d0fd|20e8d245-8e0b-4ed4-a7fb-95268d193655,debt_financing|series_unknown
7316f156-6032-ec6e-b0cc-ac09dc8746af,5cdc52c3-9f6f-45b3-9036-0aabbb1de332,2022-03-14,2,2,29a61949-95a4-4d45-a822-9501d0d76ebc|2b3e0bf5-5661-4923-9011-9f35a2fb837b,series_a|debt_financing
35d856a7-3109-4137-be03-6972ee3784d3,dd0e584e-1413-4358-aabc-d99635e41bb4,2020-09-07,2,2,8bc41064-33fc-4639-9b02-0ae4d31d067e|e882f5db-3f8b-4e53-8c10-0b6f5ce83a98,grant|series_b
ae6eb8da-ebb3-42be-9ee6-644a57af8755,b221d987-e2f5-4a1b-9ff0-92f3715ef426,2020-05-19,2,2,6218f8b8-1cb5-456b-9363-98dbfb1a2682|2d0159ba-22df-4109-aea6-5a12d882e1d0,grant|series_unknown
e05b5915-3646-13cf-12c5-f84c01358990,882f30e6-e0d6-42c5-b832-e1cd62ef4c70,2024-12-02,2,2,5afb6e3e-07e2-4d01-af9f-b7ab42c59aa9|9b877b4d-658a-4893-9bef-542fce26d508,debt_financing|series_unknown
6431b524-2eac-47ba-8f8d-9eb3617b9fd0,efb57f26-b420-366e-e3df-7a34997f3a35,2012-08-08,2,2,0d2f8dbb-c129-400f-ba0c-2a77b7ea3406|500898cf-7181-4b45-a5bf-da20dfc9cfaa,debt_financing|grant
6fbceb1e-7793-272e-87ff-e7d0309bb589,d3240ecb-e411-4f5a-8133-503ddeb974a5,2024-06-27,2,2,67519a82-ae2b-4d00-b245-9209c218925b|3fdff735-13e7-43ab-8fe4-6ad42cb600f0,series_unknown|debt_financing
fadaa2ca-f4c7-4807-afdd-f45502457939,388e396e-5d3c-4824-ae7e-f3c0ab0d6baa,2024-05-30,2,2,2f88a233-26f2-4ea0-a4d5-9fa69a62d2d3|e3683030-654f-41ef-96df-1956e4cdabb2,seed|debt_financing
eefb493e-8fd1-760a-b0db-64160c82ca86,88cc344c-2034-4a7f-bd74-57d9d4d7072a,2026-03-24,2,2,11ffda3c-da4b-497a-8d20-9afab4b461ef|71137fc4-3a3a-44f5-b711-c07f744035e2,series_e|secondary_market
02f87511-2b76-0f3d-7fed-109aba6dd5a5,a55129ec-1a19-a13f-360f-4f8dfaaf5253,2019-06-11,2,2,e8c9c82b-2dc6-4e3e-98bf-01a90a567d00|c8b19a85-34b1-4db5-9526-6edf977d1f7f,series_b|debt_financing
13f6961c-4971-f590-a629-dd6f1b35f3e5,de52ee60-e9bf-421f-90b1-31d4133ef717,2026-04-06,2,2,cd4bf751-d450-4922-a8c2-0645d6539837|6278ac14-eb50-4d43-9434-73577afc43d8,post_ipo_debt|post_ipo_equity
41a1d6a6-5b54-8b37-de2d-c66238657234,5d820c2a-63c5-4beb-8a80-10914f745ffd,2023-12-19,2,2,d6381d18-553c-49cb-b0b0-edb024e4a344|8ee6ee58-708b-4f58-a708-37a6e18fde62,series_a
17691570-42d6-4b86-aff2-88f417d8f580,4fbeed2a-2326-45f0-a819-c9dd66318bbd,2022-11-30,2,2,b62dc0bb-bc55-42d9-b9a4-25b27111c879|c9d2e3b3-c342-472b-97da-4eecd639a04b,series_a|grant
00e49595-f240-41b3-8f4b-a556550254d8,5e5c2314-242c-4745-a952-1008c8bd287f,2021-06-23,2,2,8f78350b-dbf6-40e7-820a-96536714c7d0|24b83354-29e2-490f-beaf-c7173e505d0e,seed|debt_financing
dd98eb97-159e-a11b-8d80-c30387874e11,832b3fbf-eb42-4d72-a111-816ec39ced13,2016-06-06,2,2,d0933864-0f14-4de4-9713-fdf7be04d88f|35c9703b-2c99-4289-abb2-612f1db97abc,debt_financing|undisclosed
83b78419-7bbd-e479-e7e8-18e5a6f989b4,8b2727f5-85b9-e2cf-5459-1d8219b6729b,2023-11-22,2,2,aa9629c1-be04-497e-a1c6-2c4a72fadfb8|571575b9-25b0-49e2-9108-ea96fe99cda3,debt_financing|series_unknown
9d005160-ab25-4359-bff5-1cdabcbe61e6,f64e7ad6-1e62-48a7-b088-180b39939dc9,2024-08-01,2,2,5d8cfb06-9bd2-45c7-b464-dff1293fc126|f5e97835-3bad-485b-a362-5857960e5a57,debt_financing|corporate_round
9d2d3c40-fcef-4e65-847c-ba68d57b9400,b6a8c2c4-b78d-4aec-96e8-a532afa1da53,2015-01-01,2,2,6d30bc14-a843-4863-86b5-79f7ae84d8d9|5e0e726c-70a2-4874-92c0-7df7f863fa0b,debt_financing|private_equity
c50719bd-93ac-4ed7-96ae-99ac3b3a8beb,eca628d0-331e-f2e6-85fa-fe0ea42d866d,2013-04-01,2,2,97243787-7172-7985-d613-f2caae0db917|2cebe25b-1924-48ad-b758-d92ff7e3639b,seed|non_equity_assistance
ae6eb8da-ebb3-42be-9ee6-644a57af8755,b26347df-342b-40af-bcff-56b7ad0076bc,2020-05-19,2,2,b8b6a494-780d-47a5-bb0e-b29b3a8287fa|7056a4cb-7649-4382-9667-db5e0014ed1d,grant|series_unknown
3afb8ef5-2b6c-7788-7b38-53ecbb89d72e,469c75d6-f7a8-19e3-2369-7445b5c4454d,2018-06-18,2,2,7f18be21-a6ac-447b-8e51-2d185afbd17f|e417ccc8-f357-42ca-8197-4f15ce9b7ff6,debt_financing|series_c
c4bdc9f3-5a75-3393-8d54-fec662761ec8,d9455717-6e85-447a-b231-b144941a677a,2024-07-17,2,2,721d0900-b9a1-4ac0-9572-a82f6467bfe6|ea194260-d9b8-47c0-b171-0611ef6e3981,series_unknown|debt_financing
17d0fd03-ea64-1018-97ba-2dbcd1f64d73,742ec517-fa08-4021-975a-c93771a7941e,2026-02-25,2,2,5c883c28-a91e-44ba-a66e-9047defcd062|3f0affe3-49b4-41a2-9262-8b45053f0a4b,series_a|seed
436b2c6a-9d6d-80e8-c11d-fa5d742d838c,91c8b8f3-ba75-da06-17cc-17d600a4c343,2021-03-22,2,2,d8fc626b-233e-41e1-b3ab-b052a38dd8fd|c97418ea-664c-4e85-97b5-1600a58f83ca,post_ipo_equity|post_ipo_secondary
b05733b2-9ee2-566d-a143-7340d016f2e5,abbd0957-a0e2-e0ba-913a-1f5da9cbe01c,2024-10-02,2,2,e9e449d4-322f-4ba3-ba33-35bc82787171|a1ee6b9d-c697-459e-83f7-a46a04037266,secondary_market|convertible_note
1dacb305-a9a4-519f-8fac-59f25ea0d4c5,c1bec3fd-9ec1-a4eb-7715-5021845a71e1,2014-12-11,2,2,efff9efc-1b4e-4f75-bc66-8c444a8f4360|1cbcf564-205c-4d9c-832b-dac183ad0ac2,series_unknown|secondary_market
b7e955e4-dffa-38d4-1ef6-28257d06c4b9,40106e88-cd14-e0c1-2775-d9f21d6af43f,2004-03-24,2,2,6a1a811e-dc35-0e49-1116-6b3f352e4429|af860fc4-d30c-1f30-e672-d4db94cf1cf6,private_equity|debt_financing
fc6a20f3-300e-36c5-f550-748070f5b231,16973cc4-26f2-485d-9a78-8741c177e6c2,2024-09-25,2,2,f77e3b80-28e7-46c1-a2bb-95274919be2f|5180a6bb-ead1-42b1-8517-845b74ccf95d,post_ipo_equity|post_ipo_debt
11418228-b455-46c9-9d64-4b25204ad3c5,faa04487-c9b6-5db6-c856-6a7a3f8d7582,2026-01-22,2,2,24bb59cb-5ffb-4e1f-93c7-b5bb48da392c|ece6565d-b23d-415d-a42f-0d7f15d92140,series_d|secondary_market
809d0f70-9c3a-48ba-9c04-fc6e75edc6e5,0428484c-6d74-4b01-92e7-4fc092e0b64a,2025-02-17,2,2,c68f57fd-3db3-404b-935b-3b03166109eb|8ab86321-4acf-4ef2-a556-0b19e2ae1c70,series_unknown|grant
06e630ab-9972-6fa7-6b05-3027da2c731f,76aef42d-7b08-4394-a76f-5b93a00624d2,2022-10-11,2,2,188e8348-22f5-45fd-adf3-3bb9c11eced2|b960ba07-187f-4338-873d-f59875b7f701,series_b|convertible_note
b6dbdf09-3558-d982-377d-1a953137b89b,0c4aa1f8-a1ba-df60-8205-3d3ab1353fcb,2006-02-10,2,2,46c45232-ec17-44cb-9b2c-459d6e50acaf|cb0a5d30-b0fe-49dd-8a70-d49087a7cd0d,debt_financing|private_equity
ae6eb8da-ebb3-42be-9ee6-644a57af8755,f55f9387-69d8-4450-9e47-f4e875612d31,2021-10-06,2,2,27e99753-7bec-4bd0-8b54-3d35a8c23378|ce348c30-8fd1-4a5f-bf79-511d65164dd7,grant|series_unknown
809d0f70-9c3a-48ba-9c04-fc6e75edc6e5,211699b2-f13b-49de-a655-7cab0b1528b8,2024-07-15,2,2,213c1cb4-72d7-477b-991a-b661c6b968b7|7ddc9443-44db-4d9e-9ff9-b731fcc1830a,grant|seed
e147a350-d7cb-f468-3196-2fc5bb74841e,dd0e584e-1413-4358-aabc-d99635e41bb4,2020-09-07,2,2,64683e6a-239f-46ea-a513-feb2159842af|e882f5db-3f8b-4e53-8c10-0b6f5ce83a98,debt_financing|series_b
62185e2b-ff50-4f7f-a899-b97a774305a5,61ef0308-a5c6-4caf-8afb-53e60938d448,2025-05-16,2,2,9512f81b-4ac4-416d-a252-efb24db7c91e|595f7925-4f36-415a-b017-059e1fd74853,debt_financing|seed
3af5fa0d-8fac-4f00-be7e-bd1f525f3699,961d3f5b-e322-2060-ee17-e9349f8ebf40,2023-04-24,2,2,a64550d7-0b03-46a4-bcf6-8909079c8593|518c73bf-36de-44e3-b3cd-d2bbb26418bd,series_c|debt_financing
adc3106c-d982-41b9-92a5-2e5e4b6e8e7f,a311dc92-d11e-4b57-9246-e04bf9fc48bb,2021-09-15,2,2,4d99103c-05aa-4377-9d45-511476b4873c|a019e310-bdf5-4e8c-9aeb-09912276eebd,series_a|seed
ae6eb8da-ebb3-42be-9ee6-644a57af8755,91097b17-9082-ddd3-8af0-8cbc5160ce93,2022-06-15,2,2,329506c4-f534-4942-9edc-ad7c75d976bf|1a8f7e66-b6b8-4268-a4b4-bb3828a984ba,grant|series_unknown
08c1ea5f-d386-adbf-b306-48c80204a54c,426f65cb-07a7-4616-ae87-1a8c5db85c20,2024-11-08,2,2,fafc4473-9de0-428f-868b-69f4a34c6da8|7cb4adfe-19be-471a-84e9-39609575810e,grant|debt_financing
4c2e47a8-03ea-4ef7-b0f7-2d35c9c0990f,50b58209-5d86-4e4f-a27c-40ce1b6f670b,2022-10-19,2,2,b03f4e13-b9bc-405d-8808-5527ba4583d8|db637670-9352-4542-9735-ff2dbf6e2ffe,series_b|series_a
87494950-a373-1de5-9a7a-5c873f48a489,59092dfc-17d4-4dfc-8961-0693ca7f96e0,2025-10-05,2,2,38dabc5f-e0f9-4d86-a82c-ab21b8adcfc9|cac138a9-11f8-4d61-b964-88bec08cbe66,series_b|secondary_market
ae6eb8da-ebb3-42be-9ee6-644a57af8755,51f3659b-504e-a8d3-48fd-da58173f095e,2021-10-15,2,2,a39351ef-4d69-4882-b636-2d3105a4a0cb|847d5ab2-1ba7-4c77-ac12-d4de4b727111,grant|series_unknown
069bf7ff-c97f-b515-884e-e774b384776a,c2fb8a41-cca6-489c-97bd-616251ca5a63,2021-04-07,2,2,44eb7878-e7d5-4912-8ae4-69e75f251163|d8b10b3e-9724-4ea7-8380-052965e99966,debt_financing|series_a
fe2dec9e-375d-f7d1-b12c-89a686744436,1f46a80c-5079-bffd-4d32-ab774db0947d,2014-10-06,2,2,3dbadbdc-84de-4e89-b5a5-ccd16e816947|5806da24-304b-44c5-86da-3147c8764925,post_ipo_debt|post_ipo_equity
b4386e5f-53a6-fc77-ebd4-b6e0bef0aaef,f1ab1d48-1cdc-4ba8-b0b9-1c077e27d07e,2025-09-02,2,2,afe99de5-cd62-4b5d-96f4-165ea61eea84|5ea24611-e48d-4a28-b4ca-9e7d4a0ebc7d,series_a|seed
45247ba1-3514-3b1e-c688-810ad55796db,0bc60dc3-b283-46d3-8873-18acb3a3e487,2025-02-27,2,2,0bd34eaf-846c-4fdc-9f78-f7383a388db0|10dfa334-1a43-4af1-bf5a-538d68733ecb,debt_financing|seed
95dc5691-4fcc-4878-a000-2fd2cbccec76,0d58607e-0383-4816-9402-d54f1e4e1dcf,2025-12-03,2,2,8b5840b9-c4e8-4218-9e95-8cf1d03d53dd|883105e3-8c87-429d-ae1a-d4a16282f717,series_a|debt_financing
46728ea4-725f-ba75-3654-bd70ed0c3ddc,98773f11-efc1-4d22-bbb0-6409a3774cc3,2021-03-08,2,2,f28d2e96-3a07-4ce6-8f61-2fda4ab2e615|3b8b9c56-25b9-415c-beb2-5ac29182ac05,series_b|series_a
92b1182e-3f98-ba90-80ad-8c58c1777201,e715f238-e87b-4b91-9a64-6c8906f5f56b,2022-05-11,2,2,6553256e-6b64-4733-aee6-d363166a394e|f84e4753-38d5-4cc1-849e-4a738a62f4de,debt_financing|seed
334d9aa5-ca75-457a-3d95-d2c074243acf,9aaae923-1930-e309-239e-a91f0114fa74,2016-07-04,2,2,9d4e72d3-a346-4bc9-bb56-2e147ffd5f82|0f148025-80b2-4b93-a86a-5cac284194ac,debt_financing|series_a
9c0cfe51-4799-42d0-b2e2-73bc85d789d6,afa1e548-5b10-4a58-b05d-be14ecd9c46d,2025-08-30,2,2,9707718f-a3af-4b57-a9be-19b830d9a947|1246a365-205d-4d91-9526-ca56cdbb64a4,pre_seed
768d9c8d-366f-c1a0-1c72-0e923162268f,5405cec1-c139-4261-b50f-30776dc887ac,2023-01-30,2,2,3014bafe-2047-45a0-adab-7d551c857908|e401304d-f0b6-43dd-9b94-c3dd5b8df1e5,private_equity|debt_financing
9581628e-6b3c-4f47-9d89-ee4b6c31135f,7b405c6c-a96e-4a3b-a556-c670d52fc436,2021-11-26,2,2,af1656ab-4edc-4277-ae8a-4db5279d8db3|a1a76a93-76fc-473f-b7e5-7b64a42a4a2e,debt_financing|series_a
d7da091e-206a-4524-9aaf-88925de173fb,51b13026-155f-4f0e-8394-9416cb16df79,2023-11-28,2,2,02242439-bf46-4c38-90f7-1576ecfc155f|733c8fa9-3b34-433c-b879-01aa708ca72e,debt_financing|private_equity
809d0f70-9c3a-48ba-9c04-fc6e75edc6e5,29921858-3b66-46d5-81ff-d9132d91bbfa,2024-07-15,2,2,520a5a80-1308-47a0-abfb-a2d361d0326c|63ccc9e1-1c77-4fc1-ad4b-2836bc3a734d,grant|seed
46728ea4-725f-ba75-3654-bd70ed0c3ddc,11193f2f-7d6f-4333-8229-6d482545d0bf,2023-06-16,2,2,9cefcfea-01da-486d-9737-56290d8ff44b|401b08e7-53d7-4039-a359-bf61cbc3d3b2,angel|series_unknown
7274e1ad-422e-9f56-02b4-88211b28ac62,d6061fb9-7f76-1c3d-d928-31e9dfe57527,2021-06-17,2,2,597d2e34-76af-44ed-bb8d-de488ab13e6d|5c4f19c1-0777-4846-879a-7267dd482bb3,secondary_market|series_f
e147a350-d7cb-f468-3196-2fc5bb74841e,4e524d32-cecc-222f-0bae-3db4a467bd68,2020-04-23,2,2,cdfb9bff-333c-417c-b733-ca27bd2b5e29|5fb30a89-9a30-432f-a9cd-893db89310a3,debt_financing|series_c
7ec1e048-c17f-47f1-b7ae-714f74601624,f4515204-0599-46c2-8120-6d78e196c7e9,2024-01-22,2,2,e2e89108-9740-4285-89a6-83eb66891e08|5226dd79-2ca4-42bb-8cda-8ab9298f9908,pre_seed|debt_financing
f81ad6c8-b2ba-410c-9a35-1a3cab070df3,cc910a43-d477-425e-aca0-d938be177eb6,2020-09-03,2,2,ca18c334-66d9-40a9-9f83-b0dd203c283f|a5cdc0bd-666a-4354-8d30-3361c182dba0,debt_financing|series_unknown
aa978289-a0e0-8e2d-9db1-537203f28e62,96b1331a-909c-4ad9-a5f1-3830ecd28fdd,2022-06-22,2,2,4d522433-f30a-4390-ba7a-66f667c6d124|c10d04e5-5421-4878-83e1-2ac6f9207b3a,series_a|seed
bcc5adaa-4cd6-bb68-8b91-838f2eee1aa4,e016d8d8-155e-4f5e-b34a-8f550c96d4a1,2021-11-19,2,2,2ad1e991-9726-42c2-ab2a-c376d9d385ef|2f0dc015-aad5-4954-819a-10f747939dd3,debt_financing|private_equity
b47e70e6-0d98-de62-9ab0-786104c83a57,52279245-d87a-daef-4838-8bf239711fe2,2015-09-15,2,2,892db4f6-dc5d-4dc9-bacb-c25fda1bce8d|f9b11408-b2f2-4b97-8212-1f91c3132fe6,post_ipo_equity|post_ipo_debt
aefa3a84-5193-00c3-5cbf-ec5ec2645672,8d9a9515-12e4-4dcc-8bba-9b77c1979e8b,2021-05-11,2,2,d7093a23-413c-4e08-a93b-c5e4ca2109a1|f6751f79-705b-480d-8649-0a40cf244995,seed|series_a
adc3106c-d982-41b9-92a5-2e5e4b6e8e7f,1789a27c-ae99-4ca1-ada9-57b1da96c66f,2021-07-13,2,2,fa9359df-4548-45de-bd38-c4e439ab0e4c|838dd5f6-80f8-4c49-907e-de1e99e65571,seed|series_a
809d0f70-9c3a-48ba-9c04-fc6e75edc6e5,e6c751b2-8f7a-4288-b9be-0dd6c6808b50,2024-07-15,2,2,64ea02e1-fa44-4148-b06e-fd8dd284996a|a3a737bb-ce24-4937-a1c0-7463abac4f5b,grant|seed
4c2df105-4363-4920-9022-e06ef3d52d42,f6aff8d6-1b69-49b8-b237-6a3f40234d0d,2024-03-01,2,2,d0a3d7e8-5095-4e97-a07a-61020e0634af|7e6f37b9-856e-467e-b51d-f3dfd3356a56,grant|pre_seed
52cd82f6-9afe-4a4c-920b-e92776ea55e2,529514db-2bcb-49d5-98ba-db2dbd88bf19,2025-12-05,2,2,d8370bfa-8c79-48d7-afa8-20e7e058a42b|066890c4-d6cb-486d-b383-cfd98b59835c,post_ipo_equity|post_ipo_debt
da7dace0-ea77-d4ee-4af6-7cedb69539e9,51ceada2-b2da-4cec-a555-f75a7aca7bf9,2015-01-11,2,2,2e1fbe3a-90f1-4eb4-9b21-fde8b0c87df0|39de2a79-a979-4234-b990-f937b50482c7,debt_financing|private_equity
a2fc8fbe-32e1-3219-a3a8-665ae83f7243,059defd9-a5c9-4f3c-9206-2884265f4271,2021-04-07,2,2,a515367f-3e38-4c44-93af-0de28fc97851|e7467539-b68d-4d4c-8e63-fa7decf63827,debt_financing|private_equity
1eb37109-3b93-01a9-177f-fee2cb1bfcdc,78c3daae-572c-4b93-bcfb-6b1c63e269cc,2025-02-03,2,2,e1399188-1f7d-484e-a497-31727ab16440|8e773ef1-ffd1-4947-b5f3-b476c62aff15,corporate_round|debt_financing
ae6eb8da-ebb3-42be-9ee6-644a57af8755,15bfc864-01fd-c8fe-eb36-7e75d7e62814,2021-10-06,2,2,da698bdf-089b-4a22-a72a-00b55b7fe705|dc46c0f1-8a34-473b-8631-4d4cdab64091,grant|series_unknown
03100a6b-7933-4f5f-aa50-3f13c744e56d,dda4c017-e14c-06f6-22dd-418f1acc79d5,2020-10-22,2,2,009649c0-8a45-4a3f-b854-8de33be65c37|36c408fc-e332-4873-bb2a-00764e4e68db,series_c|debt_financing
ae6eb8da-ebb3-42be-9ee6-644a57af8755,167ee774-8075-46af-acdc-3978c6b62fe3,2022-03-23,2,2,8a1dc89d-9978-4e69-8816-bbcf229a2558|b0355f13-c54b-4669-9970-2d16694606bf,grant|series_unknown
57c773b4-f4f5-c726-d9e8-229811ca53a4,35a7ee2d-946c-4bdb-ba6c-4d10631a29d5,2022-08-25,2,2,810f6edb-3a77-4827-916b-04a18d79655b|769f8d8b-c8af-401d-887d-343a66c1ada9,private_equity|debt_financing
e5cf2c4d-8788-4299-9737-a171869ff590,344ee9d1-0913-418d-937d-f38a7a9f4fb0,2024-05-07,2,2,c9136015-8a68-4ab2-923b-b52d99891752|ba266664-dec3-46f5-9476-2f33af5d1183,convertible_note|series_a
262a1594-38ab-48b1-9373-f767d93bda7c,0bad4118-0a53-ef73-8a54-11053c1803c1,2023-04-06,2,2,bf3191e4-c09a-4e02-b173-ccd57a64f7c5|191ada4b-8701-421c-97dd-4e0927242ee2,series_a|seed
9db0b6bb-4b28-fa20-e2df-e2af6ebd3a3d,1df7028b-864a-4c76-b0f6-1b27c976428e,2025-08-10,2,2,237fbcc9-506e-49a7-a050-db78d7fb02f6|ccf8c8a7-f556-4442-aa57-6f020382b117,series_c|secondary_market
dbdafc98-7c6b-9cf1-b1bf-d3f590197dd1,ad137a13-cf48-4a05-917a-aed1727f25d6,2023-04-17,2,2,be5b29c3-cd24-4b3e-bd3a-931d8f317172|d5c55676-7140-45f5-9f6a-a2dbf562c315,debt_financing|series_a
8ea8c684-7d91-4d89-a939-a9899b2a8813,d0228da9-a3e7-457f-b045-183d224ff43c,2022-01-31,2,2,2c87c273-f0ab-497e-9ba1-b1d0d291d19b|015071bc-f665-4efe-a5fe-4fe7311cf290,series_b|debt_financing
9aa041b9-d9f2-39e7-f056-a0f4d6294220,def5177b-cc5c-4a7c-a09a-a35da4469e27,2018-11-28,2,2,5e9ebf1e-fc8d-4de4-82a0-609ec94c2573|dd58123c-879a-4e02-b19f-54157c784aa5,debt_financing|series_a
34a9bb66-0984-8de0-e7fb-13e976b4a135,5bfd3659-642b-f83a-eff0-fd6779c45fe0,2022-02-01,2,2,61f68434-c5c5-4120-9ca6-11489e978cb8|ecf33f6e-c3e6-4f51-8ed4-3ede1ba0e4a7,series_c|debt_financing
98ca74ba-00a3-a00e-ffac-09c5304af6ae,a7e4d0be-040f-c404-9e63-1f48c543c497,2021-04-06,2,2,f5d5c786-efae-4ad8-a630-f28360ba6269|cf91ab52-3849-4fd8-97c6-3ae57002985f,series_unknown|debt_financing
d83fc2b5-bf72-b7a1-7adf-f92be0bb5d8d,03546ed8-ae51-3814-878f-187ede715517,2024-09-24,2,2,bd64a523-b6b2-4d88-886c-9ac2d65425f8|07738453-e45c-4d29-965d-36d8e7598f78,post_ipo_debt|private_equity
6db631ac-a589-435c-9143-d24e65b61f0b,82ca1dfb-a6ec-36b0-f990-4877a227701e,2025-01-07,2,2,238eb854-b41d-4954-9be1-7235b11b2b9d|edae620e-cccc-4477-954b-aa486ba9add0,debt_financing|series_unknown
7a622e3e-d8f3-4f66-90d5-96616c73806b,3ed8e8fd-0642-43ad-ac14-26d7521288fb,2026-05-05,2,2,6d1930a9-f0c2-40d5-a59d-702813311cc9|35c83855-4b25-4bf2-87b4-474c4709ce98,series_b|series_a
81506613-689a-9679-bccb-cc3d0dec2353,9332ef15-5d14-4165-8016-006e65b3d11e,2023-03-07,2,2,90d04df6-f0af-4f6a-92c8-7e4fce1f978c|31f3a9de-5783-4781-be40-079cd04a1b97,debt_financing|series_b
ca1ea362-982c-4a71-9e91-d734d0d2a29f,6b43d9e1-7966-4e2e-8a83-32e98db34b94,2024-03-04,2,2,65d122e5-71a4-452c-9610-aa114b12aafc|44e9b492-a41b-4126-b9b5-df9f85547bc2,post_ipo_equity|post_ipo_debt
9761da9c-b7ac-26c6-d522-db289a3b8c68,94719107-fcf0-4940-8857-b4bb488e4686,2025-11-05,2,2,4f183de8-9e24-4756-949e-cb7c20eca1c1|3f5aa107-432b-4541-ab15-e39293e97319,seed|series_a
bed8689d-2768-457f-b6c5-d54384b44967,727255a3-10fc-fdbe-3dc2-1d43e22dd73f,2023-01-19,2,2,3f01b11d-27c8-438c-9b1c-831fe28f009d|b0c2db29-c7c7-4f51-80d1-433be654a900,post_ipo_equity|post_ipo_debt
809d0f70-9c3a-48ba-9c04-fc6e75edc6e5,135e8bc7-1d31-4123-995d-c80cfccd63ed,2025-02-17,2,2,a98deeb0-acb3-4441-a5a1-22453b4e6a6b|3f9be715-aece-4686-94f3-8dc10005e854,grant|series_unknown
c75400d4-d5ae-2f92-4e99-aee6b9a39a4d,33eead84-0d46-00db-34ea-f083b3351b0d,2022-12-07,2,2,b99ae1c9-f7b6-43be-9a61-92d9920bb03a|685c46cc-02b2-465b-b71f-740ebe3c3cdf,debt_financing|private_equity
d8af35dc-9cf5-2e99-3864-0fd2e9e9a913,127f5d35-d3f7-4552-8213-d2f05afd8093,2025-05-14,2,2,78fb8c64-07f5-4001-8b1f-b96dab33decb|b1fddba3-6f53-47aa-b372-0336f39d542b,undisclosed|debt_financing
74b1d125-9b96-3650-b101-5479295b064e,323054c6-1b28-44c6-ae52-71e343448d80,2022-08-23,2,2,df9944c8-abd3-4b8d-bc83-8dac05f3656c|e0c93d2e-4e1a-4957-b664-e8f4bacac64f,debt_financing|grant
7becf4cb-4a67-5ad8-1c67-5a2d7763f9b8,b69afaf6-518e-4d18-ba91-dafbce6efaaf,2022-08-12,2,2,ad08624a-6d24-4ee8-a67f-0bc9747b0c89|6ce937ba-74af-4ae3-9972-5034f17b65c6,seed|series_a
e3eb47cb-cbf7-3dfa-bed2-3a30c2b010a8,ede15ec0-e9d0-b37d-3c89-9009837c24d4,2012-11-01,2,2,b4a06f8f-92d1-a9c2-ad3e-bded71fc903a|6255a2e2-c040-40ad-b7a7-ee3f0b85e0f3,private_equity|debt_financing
aee47d3b-e06a-d516-6684-1d755ecbe99a,a630a2ce-9520-44c4-b1ca-f5801b3158b4,2008-07-17,2,2,27e473d6-1089-40ab-abb5-869ec4fb6f36|279337f7-d2e4-4072-8fbd-e226b3a4ea80,debt_financing|grant
3ab0b309-7b6f-3777-40ef-02ea997b4d36,af37a97d-74f3-693f-11c4-3d526e7d175e,2017-02-27,2,2,82c3e96f-90f5-4a1c-b8c6-a201c92283c4|9265fb84-d099-4a23-84ef-ead858727ec3,post_ipo_equity|post_ipo_debt
3ce8463c-89e9-4d62-ba36-84e754b883c4,373c865a-068e-45ff-bd8f-15c320281baf,2026-04-14,2,2,02688295-f76b-461b-a2f1-99322aaf3c63|8bcb9e00-fbeb-4c4f-82ef-21c5ddd4e459,debt_financing|undisclosed
e7ceca41-c4b8-fd31-04b0-02f6a5d91e57,529514db-2bcb-49d5-98ba-db2dbd88bf19,2025-12-05,2,2,d8370bfa-8c79-48d7-afa8-20e7e058a42b|066890c4-d6cb-486d-b383-cfd98b59835c,post_ipo_equity|post_ipo_debt
34a9bb66-0984-8de0-e7fb-13e976b4a135,a24c6aec-a363-9e95-ad12-34ecf092d1dc,2021-10-11,2,2,a0eed105-b52c-4610-8d50-df201f7ee0af|e43f3b0a-f75b-4a60-89a2-f5256d601172,series_a
dc0dd14a-8176-31b4-eaed-e78d724885b5,bb18c428-5b0c-9d4d-e175-02382de8f32a,2020-12-04,2,2,2960b59c-dc65-4772-846f-81db0b4086f4|6532fb2e-cc39-4d4d-ae2c-329793f7ac6b,series_unknown|debt_financing
ea4a01e6-8626-bce1-0e17-08ab3103eb6f,1c812754-ea2e-4591-929e-79ce4257b638,2019-12-12,2,2,d2e228c7-a69c-411d-a9ce-814dffbe05cd|648abd73-362b-473c-8f25-003d02317c27,seed|convertible_note
1f18a6c1-ad5a-b0dc-ae50-6e84f63b94f2,b8af98a4-b42c-5f19-164d-0a0ac9c20590,2016-02-17,2,2,4bcc0e02-629a-4e47-90ab-9c26690bf4f4|369e0caf-4514-4a6d-9b20-3968d2a0132d,private_equity|debt_financing
77d2c08f-4427-d205-9423-05cdacc2f7ae,d66280cb-96df-4005-b6d7-c4a9d93b1c39,2021-06-03,2,2,8738b9cc-cb52-4179-a636-cac83015bb3c|77fc997d-3cee-464b-8340-72ee0f15d9c3,debt_financing|seed
39041e62-6b24-ae8d-1347-4cea947e832c,6dad0aa8-2bb4-4e01-82e7-3dde1eb2c137,2021-03-24,2,2,8913968d-85ed-4789-93a5-e9d30af952e5|0dd41565-f149-4068-aaec-3a8fe29bc629,seed|convertible_note
259a9976-2429-4cb9-be24-f6f8e207eda1,0abe25d5-f571-42a2-905b-ec623c69d0e2,2026-01-13,2,2,35da1a88-38bc-4235-b66c-b05711c06aa4|025a6713-f09c-4ff0-9da6-375f903d28b0,seed|debt_financing
ae6eb8da-ebb3-42be-9ee6-644a57af8755,46bb636a-ca96-4d5f-8375-53d3e935590e,2021-10-06,2,2,546b1842-7bf0-4042-931d-840f7e2c48ad|d6168dd1-d32e-4c8f-bcd1-8a5819c26109,grant|series_unknown
ce91bad7-b6d8-e56e-0f45-4763c6c5ca29,1bc4f84d-7cf3-4f2b-97b9-2a7c64ff485e,2024-06-18,2,2,b845eafb-b1ee-419d-ad37-d8edad396aca|7534db55-c9bb-4747-9885-34f7035d5706,series_a|seed
378343d5-85fb-4162-be93-154be488c452,c5ae1247-7dd3-d620-fcca-b201dfd9bb84,2024-03-28,2,2,bfb8c286-f02c-4a50-a5f8-7de880af5151|7a9d28d8-574d-440d-a345-d3eda1398a56,debt_financing
983675c3-2ee5-471f-6b57-c9e32a0369c1,557fe079-5208-4c0b-ac7b-f466d74c23c9,2020-11-23,2,2,24713537-fec8-495f-a730-fa994336a844|5ac30b16-4a53-434e-b264-12bd6e8d8ecb,seed|convertible_note
def0889d-48cd-44a4-8975-8de9d6c63e1d,e112229f-7f86-4c86-a747-170c6f0ca049,2025-04-02,2,2,74aa5dcd-c242-42db-af5b-6960874e07a2|b902d802-c646-474c-99cb-bc037eedd3c7,private_equity|debt_financing
69bf118a-ef02-b2bd-4f60-01dcc27c0e1d,03826983-462f-45a7-ad21-f9c5d9df2a3e,2023-01-05,2,2,9fd3a9cd-0d20-451c-87dc-dbd5489fe836|6962f804-5dc3-4ded-8075-f57ed58e9f40,debt_financing|private_equity
9b8e6193-d527-4146-8e39-6387b1ee36e8,7960a3a4-13a1-4eee-92c1-dec1704d0ce8,2021-01-07,2,2,f1924f47-9576-48fb-a66f-3eb8dd1ecb0c|5ca3602a-c750-4b04-aa80-4014c2491f3f,seed|debt_financing
5ae313cb-2f15-c3a5-c9a0-7e86cb8a5c4e,f9413fe5-a2a6-4343-89fd-a6d756fe6bdc,2018-01-30,2,2,cea3c831-55c2-4d49-81af-b15239c023b3|6405735e-ad23-4879-900b-26f4f2e6791d,non_equity_assistance|pre_seed
db273a22-bab0-4627-951c-04cb941d609f,04ff612f-6bee-42d8-ad7b-3802d5fa9ad6,2023-09-26,2,2,5ae67bf1-23d9-4889-bb60-0964e1d5353d|83381c4e-5b2f-490a-a113-77a0589897e6,seed|series_a
9eb25cfe-ec10-46d2-9de3-9af02f7a9e66,eba67aa3-8e1e-4068-9d5d-fc03923b8ac4,2021-10-11,2,2,08393544-6217-4c27-8210-2734a211b82b|c461e7a9-0a24-4808-91ca-0d1dc39baa81,series_a
9da42114-b627-6926-f3b7-fd07e23fc337,727b69af-5bf0-47dc-81dc-f19fa096ef59,2023-12-20,2,2,891f217c-305a-4fd5-bdde-3d06acdf9091|c6e929e0-5862-480f-8fd9-8e47aa75d6c8,seed|pre_seed
35118fd9-e63c-49cc-886d-69d3895cd06d,c7f7cbcd-b490-4373-892d-71b7ea9aee8b,2025-03-26,2,2,643f345f-68db-415c-ad0d-26632f771c6c|0e585fe0-cb6e-4e9c-b06b-c1bb3d713d29,secondary_market|corporate_round
1c73a41c-c935-419a-8b50-cb952dd98d41,ac27592a-7dd2-449c-962d-8c4c602e8284,2025-06-26,2,2,b170e174-85ca-48a1-a006-1cae83641b84|dc90c0b0-4456-4316-a267-8bfee438e53d,private_equity|debt_financing
ae6eb8da-ebb3-42be-9ee6-644a57af8755,06ed2318-81ff-4a13-c18e-0eb38d707e89,2019-10-09,2,2,2a9e791e-ec6b-44f3-8c0d-e7bdce2a61a9|793069ad-3c5e-43b0-bcea-991f0b192c45,grant|series_unknown
44e83e09-e15f-097a-7035-57dad4c5e02a,5351ac5e-be6d-4530-8e88-aea5291c4001,2022-10-20,2,2,b61ff8d7-6d4b-4532-9409-183705ffbd68|3dfc21b8-7056-4a53-b5e1-b00452aa64a0,debt_financing|series_a
d941a33a-d43a-4714-94f0-3d35198f36b3,ba8021fc-92b2-42e2-ad73-e0ce315fe992,2023-10-18,2,2,af2390b1-4ff3-47b1-96d0-f5a86b0304e4|05622a48-be84-4806-928a-25140df57a24,seed|grant
47401509-58be-4e5c-a125-d4a4fdd8642d,28450ef3-76d8-4446-84ce-eec4a97c08cc,2023-01-11,2,2,513a6a57-6915-4b16-b0fc-741fe0cc02c2|9ba82c39-808a-4e0a-80f4-23c070fb1e1d,series_unknown|debt_financing
0c867fde-2b9a-df10-fdb9-66b74f355f91,37783db4-09d5-6681-24cf-ef99acce2279,2019-02-08,2,2,f828a9f8-8ab2-42f9-97a8-4cd0176372b8|aca8e8e8-1601-433f-ad89-9fef7e893fdd,series_f|debt_financing
3e3d4960-9e06-4bf7-892e-d54e4aebe4b2,4586404c-040b-4cb9-b640-694aea2c5641,2024-04-18,2,2,8483eb6b-5c40-4672-acd2-faf14feaffa4|2682961c-4110-418e-9415-93b9ecf059af,series_c|secondary_market
39041e62-6b24-ae8d-1347-4cea947e832c,ecbfce9e-6e4e-4433-b659-04d0b5b322c7,2022-06-16,2,2,e09c710a-b72c-4d77-b6d8-fcc9376140b0|b8187dee-aa6f-4749-9c2b-2fc848010767,convertible_note|seed
bcc5adaa-4cd6-bb68-8b91-838f2eee1aa4,234f7af7-62ea-451a-a865-c2c2c16e9a34,2023-03-20,2,2,96fefffb-c219-487a-86fb-43dd687dfc4f|3abecf36-fd9d-44ae-88d7-b12df55fcfe8,debt_financing|private_equity
b032ff0e-0e9e-793a-d651-fa69896b86f8,1ae9c17e-b8b2-46f8-a1bb-7d548f747c89,2025-08-27,2,2,0cc5c7a9-9df5-4ee0-ab20-c8f0a36409e6|0e67b32c-27a9-4376-8d4f-a94c2a1dedba,debt_financing|private_equity
3afb8ef5-2b6c-7788-7b38-53ecbb89d72e,7c9e6d25-8cf0-80a5-dfd6-d1a21337534d,2023-09-19,2,2,5b33e37f-56a2-4b98-b35e-0faa0355b6ae|2cf99ac3-df86-4422-abf5-b4a50b37a5da,debt_financing|seed
bcc5adaa-4cd6-bb68-8b91-838f2eee1aa4,2b07c399-da6c-41e4-9ee0-a133e359cfdf,2010-07-30,2,2,9a261abb-fd5f-4517-8c11-dbbd4da573ad|f9ae6e64-bd11-442c-96d1-5e88d8472f59,private_equity|debt_financing
8c420544-aa7c-46ba-8e75-1a44ad05e3ad,dda4c017-e14c-06f6-22dd-418f1acc79d5,2020-10-22,2,2,009649c0-8a45-4a3f-b854-8de33be65c37|36c408fc-e332-4873-bb2a-00764e4e68db,series_c|debt_financing
ae6eb8da-ebb3-42be-9ee6-644a57af8755,182cf339-c849-46f7-b0cc-28d57daf5d2d,2020-05-19,2,2,1dc5157a-8856-4d5e-97a6-4798319d3885|32e62979-91e9-4a46-8850-b936f77ffa19,grant|series_unknown
edb9e66b-26b2-d71f-d82b-9effa3c19af6,deb8f1bd-ca4c-4f5e-a081-d20e9a849508,2024-06-18,2,2,bc191525-8ac1-494f-9299-139a7bfc9971|3dd754a6-21ce-4a80-a72e-5f9096df908f,seed|grant
edb9e66b-26b2-d71f-d82b-9effa3c19af6,a296e997-c47b-4e9b-87cb-0f6da7e5b28e,2024-06-18,2,2,e63f905b-430f-474f-993f-8df45d894dbf|0e292cf2-8bf7-4a53-9012-9cfa7cb69376,grant|pre_seed
8b7d7461-ea35-4a8c-965c-ebbb37fba1c7,611ccb7a-d568-47f8-b525-f13fecc88562,2024-07-11,2,2,6a60ddfa-aab7-42df-b6c9-5056a6b672fc|80b83a27-a9a2-40f9-b92c-32123345fd76,seed|angel
ae6eb8da-ebb3-42be-9ee6-644a57af8755,398847c2-41c4-4464-a4cd-e3485fe1792c,2021-10-06,2,2,f2ae8495-df59-4031-a053-13da6237113a|78dd62b3-3397-41e3-8f07-42675e4938a4,grant|series_unknown
8074b3d3-3847-41f7-b31a-f11af79a8fd9,8d36822e-5d71-4a92-91aa-12498bf440af,2021-03-16,2,2,d9748532-ce0c-4bbe-ac8e-9e9adab1a947|204b4f32-0222-4cd3-99e6-f37b1aad58d7,debt_financing|series_unknown
835fd2a4-008d-3079-c85c-39360b6788f6,c0b9febb-d8ba-443d-a062-5f91a5780f04,2022-11-21,2,2,41c3af42-100a-410b-b656-dcf6cc3e39e3|8e508a4b-8c24-48af-a682-a6d0d0a5afcb,pre_seed|grant
78844995-a8df-43c4-9e94-d186caa7fdd6,5b0257be-5d76-4080-a93e-c732efbcb78a,2021-11-26,2,2,b20c484a-00b8-410e-909f-a0233a001ba9|16233c0c-563b-4baf-a119-96982c281b36,series_a|seed
e4bf3cbc-b408-4571-9d3b-f03e5bfc8fc0,8ce49fe8-f25f-4045-b131-f64fdffccc42,2025-12-16,2,2,ac535318-5d9f-4732-a0de-23a8c2516a21|adc17b82-a8a5-4a33-9205-c64abc67ec67,debt_financing|series_a
b128d531-5cbd-9c79-f006-09bf7d33a238,40106e88-cd14-e0c1-2775-d9f21d6af43f,2004-03-24,2,2,6a1a811e-dc35-0e49-1116-6b3f352e4429|af860fc4-d30c-1f30-e672-d4db94cf1cf6,private_equity|debt_financing
34cdde3b-bf3d-4b9f-a7ac-537bb27d34a0,14d3a702-873a-48ae-9da1-f12cddd53f56,2022-03-04,2,2,e94f2f39-1cb4-49dd-ae7b-1ce85696dd3b|552e462f-15ba-4bd0-9b6a-7e35da15d4b2,angel|seed
c40189cd-74f7-6f4a-884b-e8d2e2862d86,61cfe46e-16bf-45b7-afac-04eafc91eb9a,2023-02-16,2,2,930b5769-f39a-4de6-96e5-b64933b8e756|7576634f-d8b8-45d3-8845-b5bc3898f4d4,series_a|series_b
6132a54d-be19-7acc-8a87-1b3941cab288,b0b626fd-c85c-4aec-9c1d-dcb7ca862bdb,2020-10-15,2,2,cdac6a84-61d0-4112-b5a6-22ee327a50ba|f8c4c86d-a295-4093-9ce4-3be62966b410,seed|series_a
983675c3-2ee5-471f-6b57-c9e32a0369c1,20941aa8-ddb1-4f55-abe1-a90b60009be5,2021-02-01,2,2,bfbe85cf-ad22-4753-8c0e-0f8e674247e6|9f25aa79-af18-4e13-a895-67e7022bf5cf,seed|convertible_note
1545bff2-fe20-6dfc-5f9e-04f978fa96e0,e62c2bb7-f135-6285-1a87-d0145f36911c,2025-05-08,2,2,72e1d99e-5af3-4d4e-b668-b26592be5013|f531a8b9-5e21-4ce3-a174-2603c846fe6e,series_f|secondary_market
9aa041b9-d9f2-39e7-f056-a0f4d6294220,6ab29156-61a1-4f35-8300-1612928891ae,2007-01-31,2,2,59cfb84b-7182-44e9-928a-f605613feadf|f1515457-3372-46ef-bd45-821e6c958d5d,debt_financing|series_unknown
1ab3d6b4-e014-5a11-bdf6-fd66b818e644,7f5fee94-6336-dcde-e6df-2fc7ed1951ab,2021-12-09,2,2,4dc39b79-b67e-44b3-b56f-e6af03647226|714fbc54-6df0-4e02-9849-e76ef79cfb68,series_f|debt_financing
3a1f2e3a-9a62-43f9-9261-5b58190532ce,024d26ed-e03c-e51b-08cd-0c7c1bc9ddd5,2021-12-20,2,2,8d102f10-6366-4a77-96c5-e5448483553d|7f6491d0-21fb-4b8b-b3ad-112cd93cf898,series_g|secondary_market
ca0683e7-86ce-a93a-ea35-48081b42cb2b,ca4f1951-a04c-49e7-8b1d-992d6b1b9745,2020-01-17,2,2,17d61602-e11d-4f75-8609-6829b06677b6|e0ae1605-fb17-49c4-bd71-6fed72cdc33a,pre_seed|grant
13f6961c-4971-f590-a629-dd6f1b35f3e5,c379ac95-8194-e096-5265-5644b6498669,2025-05-12,2,2,96fc43a7-4c6b-467d-b4a8-1ed42f1301f4|c6dc38d5-a725-403c-a309-1c7208ed04e6,post_ipo_equity|post_ipo_debt
68e181a5-29e7-4351-b306-3f4de252b434,50b58209-5d86-4e4f-a27c-40ce1b6f670b,2022-10-19,2,2,b03f4e13-b9bc-405d-8808-5527ba4583d8|db637670-9352-4542-9735-ff2dbf6e2ffe,series_b|series_a
f065b291-ae61-41db-9475-3713a3da36d4,b017e1b1-b956-4638-8946-82d4cf872e42,2022-09-27,2,2,b51078a4-040c-4258-9ab0-5bbe961fa017|b8433d91-2efe-491a-b4fd-47510c4e3239,pre_seed|seed
c11dab5a-23d0-4e7a-a68f-56e6a86c555d,1bbaba45-b209-f3f8-ced0-d1e19a7f26c3,2025-04-30,2,2,b66ff430-8893-431d-87b6-0359a1eeaaf2|fef0def1-5a30-41fe-93bd-836f5f5c56aa,private_equity|debt_financing
9bf4723f-10c0-a554-bd01-ff80f90cd592,80c821a2-6e8a-4d5f-a052-ccae7c7a5978,2022-07-28,2,2,b554d980-4d7e-49ac-82ce-de5646b968cb|0e107392-bba9-4770-9d0f-6210365e2709,series_a|secondary_market
809d0f70-9c3a-48ba-9c04-fc6e75edc6e5,ff6c7671-63fb-4027-8aaf-9b9a14ef8bb4,2024-07-15,2,2,1d97f714-a10e-433e-8483-35aea541b851|d7efa921-ba91-443d-afd0-a60e1cedb8b7,seed|grant
a82c3579-2ba6-ded7-0973-a75128fec6b0,b6135e72-e7b8-cb96-c187-f165462a3889,2025-07-21,2,2,35c2e7f4-ae26-4cc6-b9d8-e6df4f5ead7b|27459991-ccf5-4a67-bc4e-7227bbb5b98a,private_equity|secondary_market
ae6eb8da-ebb3-42be-9ee6-644a57af8755,8b65fd36-4f40-4da4-ad75-448bacedb367,2021-06-16,2,2,11a8b3b8-5946-42ef-93ab-ca3f8b7020f7|ba6581a0-21fe-4a15-8c7f-172ddfc4734f,series_unknown|grant
401a6e32-15ad-2130-45a2-9fa886afa3a7,998f97d6-8271-22d0-3e58-2432764e2cf0,2021-06-10,2,2,d0504e60-4a7e-4ec9-a826-cc1fccc8654e|5289d5b9-9f65-48ff-88da-675d90125b2c,series_unknown|debt_financing
df6861fc-d38d-491b-8298-9b654664361a,437b5397-7d9e-4d61-1f7a-087cc89e5607,2021-07-27,2,2,94cc27a3-5f91-4e51-9d8f-e368252590c9|5a75906c-8bbb-4995-b9a2-36b2a18d6bae,series_a|debt_financing
ae6eb8da-ebb3-42be-9ee6-644a57af8755,3e550189-1f5c-4918-b2f3-c6f83cc34ecd,2020-01-08,2,2,edff07e7-ac48-48c6-a6fc-f43a52074258|eba9446e-96f3-4e53-ad3b-5676d6c4cd9e,series_unknown|grant
ae6eb8da-ebb3-42be-9ee6-644a57af8755,de272bf2-456f-4530-ab99-4df81dfe6df2,2020-08-06,2,2,4602d0fc-d12a-4497-8595-a19dce6f9970|5387a176-f59a-494c-b95b-0b4d4c75a455,grant|series_unknown
5ee30729-9690-4f88-ab84-6718544ba483,aa58e918-2a4d-4d7b-baba-bf5520559937,2023-02-22,2,2,0a3cc0db-915a-4809-870f-5078afeaaef2|a7966b8e-a1ae-4860-8324-950d9fdc23a1,series_unknown|debt_financing
68b8b616-5e4c-0b9e-7e38-55f1cfc4170c,f636050d-b648-47de-8d67-5da984c462d6,2021-11-24,2,2,47e05c82-ff75-4f15-915c-b8432c69bf54|60b1f2c2-51d6-4c11-b113-aaa80863d3c1,series_b|debt_financing
74b1d125-9b96-3650-b101-5479295b064e,0921d3a5-483e-43c6-a0fe-39e74a6769ea,2023-08-28,2,2,efe740fb-fdde-45cf-b447-6142aea4fd14|e86a9077-6d42-4a1b-9a4f-11020bb41c61,grant|debt_financing
ae6eb8da-ebb3-42be-9ee6-644a57af8755,ee0c1ca4-2698-4612-9d71-ebd57df102fd,2021-10-06,2,2,a10697fb-2b64-4fe7-83a3-712ceb84359f|25356335-f879-4516-bc10-00d55e24a247,grant|series_unknown
ae6eb8da-ebb3-42be-9ee6-644a57af8755,0422a1d9-7582-4164-87fc-551d9ac83825,2019-10-09,2,2,9a622780-fa18-4792-8daa-43326600ebc2|04204f45-daeb-48bb-a5d6-349e016701d0,series_unknown|grant
2deb482b-379f-0a70-b0ce-9fb3881248a2,99f946b5-db7d-fadd-0f8e-06463e297a30,2014-07-14,2,2,67e18742-d31b-c74d-6091-6df56b0f2797|6b1c74d6-8f8a-4181-837d-7f0c5d96ea80,seed|convertible_note
809d0f70-9c3a-48ba-9c04-fc6e75edc6e5,6276a4f4-ea59-4c28-9b19-87bf40c896fa,2025-06-24,2,2,2ebab8c5-01ec-4bec-9921-404c2fd56ffc|8d2e6b16-19a9-4ea8-8cf4-e160085aa7c0,series_unknown|grant
d5df3873-7871-c608-0284-c74d0b555ccd,8957c749-4d0b-4b91-ba9b-6007248e318a,2022-02-16,2,2,9286e0d9-6901-4168-9bbf-26cb148d976e|7af9f0a5-caad-478a-b3d9-ff5a25a5ef05,seed|series_a
826f9fb8-0968-fd1c-0420-677dd29ca993,da2572ff-08e4-c6f2-b770-6859854dda17,2017-12-05,2,2,c2bb30d3-7ea4-4f74-915d-74acc1620c7a|4d25746a-bd5c-4dfc-b73b-76ee0f24174b,series_unknown|debt_financing
2ca60277-8c8b-41d2-8383-7b7355be2cee,04ff612f-6bee-42d8-ad7b-3802d5fa9ad6,2023-09-26,2,2,5ae67bf1-23d9-4889-bb60-0964e1d5353d|83381c4e-5b2f-490a-a113-77a0589897e6,seed|series_a
e523948c-71e4-4865-9c7a-1bb53d1f9b93,04ff612f-6bee-42d8-ad7b-3802d5fa9ad6,2023-09-26,2,2,5ae67bf1-23d9-4889-bb60-0964e1d5353d|83381c4e-5b2f-490a-a113-77a0589897e6,seed|series_a
c3609d80-fb88-4d80-bf52-79d9d3cacf96,c9e6d2b5-d32d-f5f7-b235-72d395541c2e,2025-01-27,2,2,2205bafd-2d7a-4394-b7b2-e1fbd8073093|2a24d398-9a22-4637-8462-89ab6064b9d1,post_ipo_debt|grant
809d0f70-9c3a-48ba-9c04-fc6e75edc6e5,dc0e68fc-5390-4389-aa45-eefb9f7add56,2025-02-17,2,2,375dd668-b560-4837-b24a-81c25ec71a21|d2e75912-b042-460a-a699-41dbb9b33999,series_unknown|grant
efeeae9b-e48a-db84-4e23-e803b8e52ca8,6ec06f99-0765-74e1-e10a-08bcb35c85b8,2021-12-20,2,2,a72c0f17-e4e2-42fb-be69-465d9eb74c74|bff967ce-be91-45c0-88a9-0cc9654a74c8,private_equity|debt_financing
4a79f483-4cd5-4540-8ed0-e6aa7f55e2b5,27e677f4-7913-4fb7-a53f-a319e0985e74,2024-08-20,2,2,968c9af2-a496-428d-a20e-4a1663f05b6c|3e0a2fc5-a4e9-4588-8918-85b29d734e4f,debt_financing|angel
3a1f2e3a-9a62-43f9-9261-5b58190532ce,5ef38ce1-9645-49f9-7f45-b076136949e6,2020-07-07,2,2,843c955d-b1e1-44e4-bd84-7999f4f3857f|035ceecf-3057-45e6-bd06-8d9b37574328,series_h|secondary_market
a4ac9271-871a-479d-a226-bb5a1e2d1971,03ad821f-fd48-478d-a7e5-31c0e56fcdb2,2021-06-27,2,2,2da41d3d-0832-4fbb-9456-f20e4771f5b8|bbe09a66-50c8-4f7a-9a0d-3fd9da8a5992,series_d|secondary_market
ce278192-2cbb-4a52-ab0d-88af8da10535,e48d2bd1-24d6-496c-a75b-568d47547baf,2021-05-04,2,2,3c7e7f15-f271-497c-b0d2-e4567142bbd1|dee72d7f-795b-4719-8f0b-83c14fe84ea6,series_a|secondary_market
2540d5a0-c96d-423d-bede-bd4aa39512a4,ea53285e-ca52-408b-b8b8-72eea6ec3dc6,2025-09-04,2,2,bb5cd412-7c68-4284-be22-11b9b47a7d43|b1c7fefb-ebb4-4e63-b863-d1d22e169f07,series_unknown|secondary_market
edb9e66b-26b2-d71f-d82b-9effa3c19af6,93bef900-28ea-41ca-b47a-49d66a500c9d,2024-06-18,2,2,f33d33ac-d8c1-4e9a-9511-06c4ac462ca9|320f6b97-1120-4ecd-b1a0-abb798616e02,seed|grant
809d0f70-9c3a-48ba-9c04-fc6e75edc6e5,8d294a61-bfea-4561-a114-7141a4286160,2025-02-17,2,2,dd2157c4-9bc7-4a75-a8bf-bbaa1a32a81f|38df4b6d-b206-416e-b491-8eeb74e84206,grant|seed
51dab7e7-cfae-4e97-993a-6ab08969d0f6,b8251977-ceb0-2b6d-3a81-33bf431c10fc,2024-12-09,2,2,4605bef8-524b-4d52-b4fa-dc8ea84d0f25|c9b8ce73-1e71-4bf9-a33a-9777a8947e98,series_unknown|debt_financing
81bab347-e529-b863-a978-dbebf03012ce,998f97d6-8271-22d0-3e58-2432764e2cf0,2021-06-10,2,2,d0504e60-4a7e-4ec9-a826-cc1fccc8654e|5289d5b9-9f65-48ff-88da-675d90125b2c,series_unknown|debt_financing
40fd4132-c7d1-3aab-0f11-3d5cc6c61588,0185c15e-0dba-4292-6e76-f3c2513697ab,2024-05-22,2,2,653b3a82-fcc7-4717-bd2e-061861e3853c|b044e067-33d0-400a-930e-9840034481d4,post_ipo_equity|post_ipo_debt
48941588-bae3-87e6-6074-1652de877595,39196398-ac6d-c600-c35f-cb1e75188da5,2008-02-11,2,2,ac174ba4-4385-82ab-3f11-57c6188849ce|a6503025-a974-4e3c-9e14-d93ddc6e2bf8,series_d|convertible_note
dc7c0b8f-c8ae-46d1-a4b2-3c780dfcebc5,1e07e46a-bb7c-4986-940c-f61c595f2018,2024-01-22,2,2,2ed6034b-69c5-4465-9e54-08ec8b546290|11bf079f-28d3-4e2f-9268-b50d27887e35,seed|debt_financing
07d82047-c9b7-1328-137f-117dacaa50ef,afa60f0b-29f4-4b24-1bee-8bd18e8ced9b,2023-02-17,2,2,183f8f11-de53-4be3-abc3-5fa07c87f40a|831060fc-ba90-4c4b-84ce-96f18e7a25b3,post_ipo_debt|post_ipo_equity
1aa4ff99-3eea-d9ba-1b1f-4392786c8cc7,3ad7d9e1-9499-b846-90ad-ce4c47780923,2020-11-25,2,2,790c3c89-c66b-4d8f-82a6-e76c782df87d|75e648fd-e7fb-4707-8032-96b6b7c4c885,debt_financing|private_equity
75bd8c65-b624-9689-b92d-da8a667632e8,cb1f4211-cbe9-71ec-3cd3-704fd90e701c,2017-11-29,2,2,f3ac5254-b3a0-47f0-a649-d83554557635|e1b495e6-9148-4025-8951-1763fbc7fe89,series_unknown|debt_financing
d85c9cd9-fa00-31bb-cfaa-3b5f9dd118ad,cdc3a155-6a3c-db95-6145-b98771145cf4,2017-05-01,2,2,b344d918-f7b3-d1a8-1cb8-be0fbcdf10db|91acad8d-e9c0-4e1c-b6db-cb9926d9abc3,pre_seed|grant
6319a540-817e-586a-ef45-b41f28eb671c,13e159d1-7a2b-469f-9890-4f8f84c412ed,2023-11-07,2,2,7e24fa27-3c51-4d4b-a302-4d2841ac48e6|4120c1bc-b56c-4d1c-88cc-00894e9cd13c,debt_financing|private_equity
2cbea446-45a8-a1f9-1630-57a83c64821f,d2d4ebaf-66d1-c550-b0ea-53f1538345a1,2021-10-28,2,2,2feefb86-b98a-4aa9-945f-9835fdb6b003|d77de53b-1600-49ac-94b7-0a0d60e90a94,series_unknown|debt_financing
1169fab2-d091-0b9f-5f75-23ff3d423fb3,9221f0f6-3d61-2d74-42e1-f965f4cd8f54,2023-10-03,2,2,b2e7b7d2-1e72-4266-b6eb-63d715c3e9ea|1983c572-1b10-4c7d-97bd-69ca66a5fd79,post_ipo_debt|post_ipo_equity
525f5579-1f87-cf70-ff5a-9de397f6fa5d,a557cbd8-fdb9-4fca-9df3-c4a6c7e72aad,2022-10-06,2,2,b8ae986a-7c2a-4a9d-bf0b-551f41611c8a|46800722-8de8-4924-bd39-4d7bedb81b11,seed|series_a
23299de9-96e6-4c09-a120-ea469c139f07,9bde8307-af48-816c-826a-5233413b7e1a,2022-08-30,2,2,bd5c91cb-a6d5-424b-aecf-7ac28397c901|f447a4ae-b570-4e61-9ff1-5402e60630e5,seed|debt_financing
629794fe-f893-5b43-c197-a61f830b3792,5a9505e0-2b2e-d829-adaa-336b735bb3fa,2019-11-01,2,2,04dc0624-def8-446c-b928-5ee9c2a14619|03af8c6d-c1fa-4280-b10a-b0e6f4fd7f54,secondary_market|corporate_round
78524f68-a071-431c-8b47-c0c63089bf13,02e997e0-f2f0-458e-a12b-dc6eb691f163,2022-04-18,2,2,99b8823d-4ceb-4cff-8bc7-d53bf4ccbb57|3281dba7-bb72-4a2d-bbf2-7360f20e4bbd,debt_financing|private_equity
c1a8177e-22a1-41cb-b903-7b34f69fa251,1d732f9f-0107-4df6-aaec-360f378ba522,2024-10-22,2,2,2cbfd279-4c34-454f-b2d6-7a1a991ef4e2|ae4cda63-1c29-486d-b8cb-6c642f21833a,debt_financing|private_equity
c6efcc79-3687-6ca9-0902-15c47c93273d,1dcc31b6-4e8b-40d1-a372-86d5074a52c1,2023-02-17,2,2,c2bb7e4c-bf26-41f5-a7f5-f9a7f9c2840a|3a3f3e04-6c81-4552-a699-7fbf02878c9c,undisclosed|debt_financing
8c054538-4241-f27f-d115-d8dbf666ad11,48f66271-2279-6d2d-210b-adb864370001,2016-09-15,2,2,fc509073-2d4b-4fe4-93a0-571bbf686a49|95dbd4f5-2d20-4c29-8bcf-79bae955e45f,seed|series_a
0b651833-0fa3-9c15-410d-52cb357cb77e,5b019976-060f-77c0-6396-58cb6b394381,2005-01-01,2,2,e145f5d2-4c25-4aa6-b6f8-67ff95cce7bc|7cb5884c-4c02-4a56-8f83-a9ba09d85b18,debt_financing|series_c
2fe25bfa-d8e2-4969-9068-17db9456f39a,799a6319-e42b-4bf1-b9a7-4a40fde95353,2022-11-01,2,2,7cab2d55-e192-47d1-9d6d-2ceddea7dc11|1f9d5517-01d5-4635-9e00-0d2687471da7,series_a|debt_financing
3e686cd5-5054-4bbf-836c-192bce0e9053,cf6d1b6d-38ff-4e7d-9689-148de02992bb,2026-05-04,2,2,d9587890-a3cc-4368-885c-9fca28c0ca1a|0521af6b-e4cd-44c3-88e6-1b814810700d,post_ipo_debt|grant
18980ac4-7fe5-e890-17cd-f0e7ff77f630,cc2aa9dc-f214-0914-45d2-36d1ddc6edb8,2020-12-10,2,2,95638df4-5186-4fbb-9987-073d800c359b|1b26b49d-d52a-4be0-8bf4-86edc71efff1,post_ipo_debt|post_ipo_equity
809d0f70-9c3a-48ba-9c04-fc6e75edc6e5,2cb2eefa-bf0c-4b84-813b-0016e8c23988,2024-07-15,2,2,6ecf0880-c800-45f5-9cf0-f9bb5e4f64aa|e0e9e5e0-f979-4831-a6a3-5511bcc552b8,grant|seed
6c77a474-1ddf-4b0e-b60f-2db4e94c8cbd,94719107-fcf0-4940-8857-b4bb488e4686,2025-11-05,2,2,4f183de8-9e24-4756-949e-cb7c20eca1c1|3f5aa107-432b-4541-ab15-e39293e97319,seed|series_a
bcc5adaa-4cd6-bb68-8b91-838f2eee1aa4,7322bfa1-7dee-4560-829e-6b55e346da67,2023-04-18,2,2,6a227ea6-2c86-42e5-ae54-00461945e5de|b69f4b2f-fef7-4069-b6a0-11b239fce704,debt_financing|private_equity
931f7202-91fd-ab26-c07d-06518289ef06,531e80d5-4c91-b603-7d6a-25801cc92021,2022-05-17,2,2,5e73ca60-0bbd-4870-a5e9-d5a47cd793a2|2ccdff67-2271-45a6-a7d1-0d3fe4fda041,series_unknown|debt_financing
5f409ae3-c646-476c-9b04-89e1d68bdbd9,98447bb4-1bc7-45d9-8040-e6f2f7be1951,2023-05-03,2,2,aaf9f7f0-8a86-4ebb-a200-ba216a511665|2d267adc-57d1-40ec-b989-ce04b85e7fb1,secondary_market|series_unknown
ac41030f-c20d-0060-3f0a-37f0eee13779,cfb2a47b-83dc-6c73-ab7d-0553b56c7b2e,2013-09-01,2,2,f4798b3d-e595-fedd-7b76-d9b8baa0ee1c|007327a3-7092-48f7-c63c-1e10de646178,grant|convertible_note
cb54b03d-e004-4655-a219-8f6dcbc14d47,b7cace59-e406-44d7-b6f4-022096ac788a,2023-06-27,2,2,e786414c-a938-4be0-849d-54c24d5ea1e0|060a5a90-235e-4bf3-afc4-359d00b37227,seed|series_a
b5d0d7dd-cfc2-4c56-9ed4-847db73f8cee,12455672-aa10-4791-82e1-b27813a14bff,2026-05-19,2,2,e656df60-71ce-4d68-8292-1a955d4215c7|586899e0-9c13-4f6a-9b1e-301f4bde48f2,series_a|seed
63eb8719-2957-f55c-7504-e823fcfa503b,da0f12ee-ed70-462e-be47-0b12d198b7be,2025-06-02,2,2,8359d4d5-0b8a-46ce-9060-150b99bc7be6|bb819b63-647d-43af-8dae-a79899a10333,private_equity|debt_financing
809d0f70-9c3a-48ba-9c04-fc6e75edc6e5,4d995035-4094-478f-830c-7fc345639e26,2024-07-15,2,2,21049d92-294a-4b49-817d-ab8ad217fef2|238a0762-ba0d-45a9-8b49-171441b65c48,series_unknown|grant
983675c3-2ee5-471f-6b57-c9e32a0369c1,27b01324-7c54-ff8b-95ca-a1b5981ef04b,2017-03-23,2,2,c6e5d3f9-ff36-854d-1108-291eab26d1da|bb04cd30-6d99-4ada-e78d-77e463585692,convertible_note|seed
d7438013-ae43-4cc0-b3ad-2db191f08623,0bc962e8-4250-42a1-bdfd-a9dd11f984c1,2025-09-08,2,2,166dafb1-19ec-4554-bc02-ec73993a7810|5452718d-5052-4f3f-920a-4246f410e69e,debt_financing|grant
a4dc567e-2a7c-470f-b71a-24ec26b590d1,47f3ceab-e707-4426-b825-d9ed3cc4a97a,2024-03-05,2,2,9d526d86-531f-495d-a84b-226217ac02d7|f7ebf3b8-f77a-4941-a92c-7061bd5c1363,debt_financing|seed
728c8f95-e9eb-bcd2-d4bb-5f7e314b1ef8,e5dd8626-c8a7-4756-96ab-204c6d963262,2025-11-03,2,2,b4f39588-762c-4252-a4ef-ce79782b8aee|e8b053d4-24e2-480f-ba48-a80d52e66f52,post_ipo_debt|post_ipo_equity
473d64c4-d7b5-4853-bb98-d71392bdf6df,ad08fa35-a5d3-462e-959a-55f7b5a2e57b,2023-04-06,2,2,822e1229-06b9-4ba5-b4c1-f73febd3fa1d|5ed42804-e1a3-49dd-b4b4-996c5c215b63,debt_financing|series_d
ae632f7f-da81-c3d7-b171-412c5f0611ff,2a2e2886-bf13-44c6-b94b-20cf8a79aa5d,2026-04-10,2,2,2ae2d5cb-8072-45aa-b877-3b1f02950386|cfa78c03-dfa3-4324-883f-3097fa6b53c8,debt_financing|private_equity
8e4c22b2-7b4e-18e4-073a-42dab57e7c93,33eead84-0d46-00db-34ea-f083b3351b0d,2013-05-08,2,2,a1d5654d-81f6-7a8f-9737-b6df390c37c1|f7336c91-9d20-2bd2-e536-8811b5e068be,series_a|debt_financing
9839673b-ba93-ef75-c8b9-789c7c1116b0,6c037c33-91c9-4b0b-acf1-9ec0931884fd,2021-05-20,2,2,ba5b4d5f-daef-4af7-9bd9-93fb859e7c2b|95f4dbbe-af40-43cf-9ea0-3764afa56046,series_unknown|debt_financing
ae6eb8da-ebb3-42be-9ee6-644a57af8755,51147bc1-7fb2-496a-8ea4-1eb3786f59d3,2021-06-16,2,2,c2015333-1f47-4b01-9c57-94ae67966961|e2eebe2c-c718-4640-b8f7-86a60ced35f2,seed|grant
601b7406-93ac-1c61-019b-95f646ffe4b6,afe57624-2653-d16c-81ee-c12bdeb29f42,2019-01-01,2,2,5330c642-fd3f-4bf5-bdd2-5ec2d3a7b171|adb2f129-0fde-42cd-85ac-2baeff9d2e86,convertible_note|series_b
809d0f70-9c3a-48ba-9c04-fc6e75edc6e5,6d8cddf4-c9de-4afb-906b-49d08e2db1ba,2025-02-17,2,2,076aad3d-463e-461e-8ba0-6d4fb6ed8362|979781e4-2cf7-4890-8bb5-f2e2af91a0c2,grant|seed
cda242b8-f043-836f-f5fa-f49e3ba23dea,2e2c900f-ea69-47ae-973e-dd143220423d,2022-01-19,2,2,c1673b9f-1f6f-4ea4-b6a4-f28ba6d6c027|e4f22065-0e48-464f-b6a1-6e9c43982a89,seed|undisclosed
9465140a-64db-3aac-c9d3-604f03122064,4d349458-aeb4-2c49-8634-b599b9d168bc,2014-08-11,2,2,3d9166b6-0c08-c71c-7ccb-9e32bf4f4d73|2afdc696-ee63-83dc-9cca-7e916c621fa7,debt_financing|series_a
bcc5adaa-4cd6-bb68-8b91-838f2eee1aa4,9d4616d9-f1f6-4a9d-8f5b-1a3cb25314d4,2016-11-17,2,2,e685b220-9060-421f-a594-d290a274b5ec|fbc9b4f0-2675-491a-bff9-a2a5157425d5,series_unknown|debt_financing
04a54454-d94a-0aba-ddc8-474567d96c2a,04ff612f-6bee-42d8-ad7b-3802d5fa9ad6,2023-09-26,2,2,5ae67bf1-23d9-4889-bb60-0964e1d5353d|83381c4e-5b2f-490a-a113-77a0589897e6,seed|series_a
47b84763-9727-7cdf-b194-2742e3963147,a7e4d0be-040f-c404-9e63-1f48c543c497,2021-04-06,2,2,f5d5c786-efae-4ad8-a630-f28360ba6269|cf91ab52-3849-4fd8-97c6-3ae57002985f,series_unknown|debt_financing
ae6eb8da-ebb3-42be-9ee6-644a57af8755,8424d9fb-e6ee-49e4-8287-1cb38e0fe276,2020-03-20,2,2,a7f67a46-2ab2-4f72-9759-02de1479d825|bb9852eb-7ff9-4b00-991d-cf57e9998d5f,grant|series_unknown
ebdfbb84-9bc6-46cc-816f-7751119c531e,a524a40f-4ebf-4d2b-b015-50c94d95de94,2019-01-11,2,2,c0927828-8b9b-4505-a0c9-34cffb371520|3a8d6abe-08bb-411b-b4ac-1bb60f7cbe39,post_ipo_equity|post_ipo_debt
ea92b87d-3ca6-420b-ab74-5d5fc0d1da3c,6d30e022-42a9-4443-84c2-2d6a9c9ec954,2025-10-16,2,2,49790c13-55b4-4178-8afd-f9cf9f1414b9|88177413-2a4c-444c-bddc-2fe16fe48fd0,series_c|secondary_market
7d10db48-4be4-47b9-b59c-8b104285c18b,529514db-2bcb-49d5-98ba-db2dbd88bf19,2025-12-05,2,2,d8370bfa-8c79-48d7-afa8-20e7e058a42b|066890c4-d6cb-486d-b383-cfd98b59835c,post_ipo_equity|post_ipo_debt
809d0f70-9c3a-48ba-9c04-fc6e75edc6e5,10d860af-34c6-4bdc-8797-3348e3282af8,2025-06-24,2,2,ccb80c3b-1bc3-40a8-89e8-aa3de4834398|212262ab-bbbb-4b54-8e70-a8c3d350d433,grant|seed
95d0c170-5fc0-2c61-e32e-9276ee396604,11187cf4-f767-4ba2-a363-026db5188fba,2015-07-27,2,2,1249ff98-366d-4455-a9cf-b551eb532c78|dd48c51c-a257-4995-960a-90537047915e,debt_financing|private_equity
ae6eb8da-ebb3-42be-9ee6-644a57af8755,1af95cd9-e7a3-4148-807f-195c53552075,2020-10-07,2,2,d53e19c6-587f-4a10-a0d4-f40464901c09|f6eb4252-f924-4317-8a83-540422c80949,grant|series_unknown
3860040f-32cb-5cfd-92df-d8f37f2ea70c,6f5592c6-0459-8edd-6959-1be6f5ac5e15,2022-08-25,2,2,bb9cd79a-c1be-410b-838d-856ad8b3e73b|e56b859e-c423-477d-98fd-106f38d68559,debt_financing|series_unknown
d3184029-74d8-7e6c-717b-84ac89d0a837,024d26ed-e03c-e51b-08cd-0c7c1bc9ddd5,2021-12-20,2,2,8d102f10-6366-4a77-96c5-e5448483553d|7f6491d0-21fb-4b8b-b3ad-112cd93cf898,series_g|secondary_market
1d45e316-828b-4f50-ae30-c44cf9c7e681,d66280cb-96df-4005-b6d7-c4a9d93b1c39,2021-06-03,2,2,8738b9cc-cb52-4179-a636-cac83015bb3c|77fc997d-3cee-464b-8340-72ee0f15d9c3,debt_financing|seed
809d0f70-9c3a-48ba-9c04-fc6e75edc6e5,3c2256e2-8636-4b41-b6e9-2cdc5c3cf8f3,2024-07-15,2,2,ca0cc74f-60a4-4bb0-84bf-c4ce0d440e23|473b28d0-0f9e-441c-b7ac-905d48b721c1,seed|grant
a4d483d2-a1cb-4e1f-8efd-d3f1de3fcb9a,c705f0a9-92c9-466d-b415-f4d9cd1710cb,2026-03-04,2,2,c9a14eaf-d8ce-4c99-937c-0936e0df40d7|f4afff01-c94c-40f5-a7b8-69d174f0b2e3,private_equity|debt_financing
a1d43c19-ee2c-f21a-82f4-b640eee9d978,2f0d85e8-ec6c-44d3-a666-0ed6124c0d5d,2022-12-08,2,2,f845e662-943e-4d52-923d-f61535b61201|6ab7a25f-0f2d-4d76-a199-f0fe302ebf2f,secondary_market|series_b
9ab9050f-d150-ecb5-c3c4-8425bdc2c259,03ef8031-2efb-4fa6-0648-1b09ca50c1ab,2021-04-21,2,2,cb2220f4-1224-4f71-89d6-4fa74772a4c7|2f62d5af-95bf-4cba-b27f-9503a02e70db,series_a|debt_financing
d85c9cd9-fa00-31bb-cfaa-3b5f9dd118ad,1112bff6-b75c-422a-b7a9-ed78396ad910,2022-02-23,2,2,335edc65-76ea-4e16-9822-80b373b7b1f3|2963484e-38e7-48a6-ae92-80db9d817beb,non_equity_assistance|grant
405b07b9-f449-6a98-2e3f-1b2226fe5652,03ef8031-2efb-4fa6-0648-1b09ca50c1ab,2021-04-21,2,2,cb2220f4-1224-4f71-89d6-4fa74772a4c7|2f62d5af-95bf-4cba-b27f-9503a02e70db,series_a|debt_financing
544da83a-1f6f-1468-a5d3-c2c09b04ba4f,34825d8f-644a-4cdb-b23f-a2007b319f62,2015-11-17,2,2,ffb05938-7be0-4f3e-bb2e-f223045da676|c8565e59-1667-4728-a671-1fd42971d5ee,private_equity|debt_financing
64134560-3c11-819c-d534-9156f872c57d,974d4cb7-9523-4730-af23-8523acf89bc2,2021-08-01,2,2,f50af81d-afd3-4eb4-9f04-da1fad538efe|9c84b1bb-5149-44f8-90d5-7f4db208a2cd,seed
ae6eb8da-ebb3-42be-9ee6-644a57af8755,da70949c-a9ed-4558-9ea0-fab3c4a51314,2022-11-02,2,2,4269569a-23d8-494c-9d4e-ec151e52b01c|7caa91cf-43fe-402a-8331-d345fcdaffac,private_equity|grant
c3332511-a46e-4036-9fa1-c10d679ac197,5e775122-e401-483f-a639-07ec3d218109,2025-05-06,2,2,1f2f1960-1b49-4112-8456-c61143931be9|614c995f-e3cf-4b09-b972-30e7f1c47b1f,private_equity|debt_financing
858da63b-4d0e-2806-f8a0-4b647ce9efb3,923412db-8932-4c94-b05e-38e64f32b1a0,2022-07-14,2,2,6551fdc0-da76-48fc-9538-3382642f37b1|25dea11d-ec8b-4450-984a-19c1f08a7bde,series_a|debt_financing
a2fc8fbe-32e1-3219-a3a8-665ae83f7243,098459e2-e423-434b-8377-0fcf9025ec1f,2025-05-22,2,2,e6458757-e090-48be-ae61-ace02d9d686c|5fdb07ca-f956-4f4d-86d1-e3fdcea389a8,private_equity|debt_financing
fe2dec9e-375d-f7d1-b12c-89a686744436,c6d295bf-39e9-4872-8b1f-8c7129d4070b,2022-01-11,2,2,c2eb5973-7ab0-46e6-bc9a-77206989d5a5|4a092c95-feaf-4413-b763-81e8f36dfa99,series_unknown|debt_financing
da7dace0-ea77-d4ee-4af6-7cedb69539e9,5dbcc48e-7a6c-4fde-ae4c-f7ac2f86b04e,2014-06-03,2,2,430b4fc2-d613-4718-9eef-445ba16f0e90|51e72733-dc3e-45da-bb90-98c78ecd62df,debt_financing|private_equity
ae6eb8da-ebb3-42be-9ee6-644a57af8755,9ce66fb4-ad52-496d-986f-24050b68db73,2020-05-19,2,2,0b9e0410-095f-4374-b662-1b4876e33f08|46a65bc3-d918-4c29-9357-30e32e7f01c0,series_unknown|grant
f443c714-ba55-cac5-46b3-53d9c112f11e,f0cb8ad1-d9a5-0546-3c6a-20f7133a7010,2022-08-18,2,2,7f5b596d-8d7c-4a5e-8727-01760c08e61c|f51949e5-fa07-493d-aa64-b558fe95d1ff,series_b|debt_financing
809d0f70-9c3a-48ba-9c04-fc6e75edc6e5,186db5a0-6091-468f-be12-4efdb47c4ab2,2025-02-17,2,2,e91b4ada-b96c-40ea-baf6-6443e2367661|a761e285-456d-4cc9-a93e-5a262eeb846d,seed|grant
00e37992-994f-4bee-a53e-9836c737a8b7,ca519fb1-c164-44c5-9265-b81d3ae7b262,2019-09-25,2,2,64ba9ec7-9f42-4d86-9c39-8e066724223b|0e73824d-041a-4823-b729-aa0ab92be5d0,seed|debt_financing
d5dead24-097f-4d60-88f1-1c63c117648b,ead104fd-8fef-43d4-95b4-80ba5b7ddb27,2025-08-06,2,2,ba9b9302-f783-490d-a45e-89558fc4286d|d5bf768d-9705-4f88-937c-3d19acf58b83,series_a|secondary_market
f98d61fa-5672-5c33-d07f-a716be4929c3,13e159d1-7a2b-469f-9890-4f8f84c412ed,2023-11-07,2,2,7e24fa27-3c51-4d4b-a302-4d2841ac48e6|4120c1bc-b56c-4d1c-88cc-00894e9cd13c,debt_financing|private_equity
346d08d5-f820-04a6-40ac-233c3009a4a8,bcd596d5-d386-49eb-a9b5-9ef13872aed2,2020-11-20,2,2,a8fc8204-4b5e-45ef-b7be-7d1af71dd3f8|7fe1c8b7-3315-4bed-b10d-93594e8acee3,debt_financing|series_unknown
483ccaa3-d2f7-06ad-7175-efc85f445f1b,27a6234f-224e-4f0d-b186-d65be3f160ed,2019-04-17,2,2,c354bf84-cdba-4bca-9938-da7a895b51b4|b4171993-06fa-40a6-8a8d-b9052d43392f,series_b|debt_financing
beadb218-e5fa-2686-bc95-4dfaa9acc2e8,94719107-fcf0-4940-8857-b4bb488e4686,2025-11-05,2,2,4f183de8-9e24-4756-949e-cb7c20eca1c1|3f5aa107-432b-4541-ab15-e39293e97319,seed|series_a
4a1554a7-a748-4ba2-82a5-35b3ee598639,faa04487-c9b6-5db6-c856-6a7a3f8d7582,2026-01-22,2,2,24bb59cb-5ffb-4e1f-93c7-b5bb48da392c|ece6565d-b23d-415d-a42f-0d7f15d92140,series_d|secondary_market
05f65925-8df0-1c69-e1bf-bd5cfcfe986d,a24c6aec-a363-9e95-ad12-34ecf092d1dc,2021-10-11,2,2,a0eed105-b52c-4610-8d50-df201f7ee0af|e43f3b0a-f75b-4a60-89a2-f5256d601172,series_a
7508d92c-c0b5-45e1-ac1c-725e7c6ff20a,2917b570-5f5b-4430-e486-9836c2396944,2022-03-25,2,2,395b43ac-aa95-4de7-86dc-7903bcdd3160|30118ca1-2275-47a2-8feb-028b88bccb91,post_ipo_debt|post_ipo_equity
84c5275e-2a2f-e43a-1ff1-1a5f7c79975f,58120588-e8b9-e6f8-f478-2d5000933d05,2026-01-14,2,2,797da447-4bcf-40e5-99b3-f07e0ced348d|4ac95366-9653-4825-bf5f-b27335d8bc18,post_ipo_equity|post_ipo_debt
12d8db99-9c6c-42d3-8dab-138aff1f0fb5,e48d2bd1-24d6-496c-a75b-568d47547baf,2021-05-04,2,2,3c7e7f15-f271-497c-b0d2-e4567142bbd1|dee72d7f-795b-4719-8f0b-83c14fe84ea6,series_a|secondary_market
02f87511-2b76-0f3d-7fed-109aba6dd5a5,37f6ac1a-d481-4793-aa72-90980f08f6b0,2024-01-24,2,2,6953bacb-919a-4429-be9f-539ff1d85d8e|57d664a5-3543-4c6a-944a-19c5b5c78991,series_unknown|debt_financing
4b01e1b2-d703-c1d1-d671-a9c819b2d45e,bb971d77-d7b8-a3c3-6925-c418077e5d3c,2025-09-22,2,2,b911b644-dcf3-4b3c-b06c-79db81153a96|4800e7aa-5512-48e8-bd4b-92db3ec3430d,private_equity|secondary_market
0a790786-4a33-454c-ad14-7eb8ab085335,29fd6376-f7b3-45b4-835a-70251c5fa66b,2015-04-01,2,2,a903be8d-ad82-415d-9c6f-962bf4c4fec2|5ced0036-88e0-4848-b040-bfd681868794,series_a|series_unknown
ae6eb8da-ebb3-42be-9ee6-644a57af8755,5238e2d1-5a6b-4478-a7ad-5eb53719f35b,2022-10-05,2,2,d7a64bea-9eb4-45d4-8f86-9c85186d351b|8f264da7-16ed-447e-908b-c6ec1804cd6e,grant|series_unknown
b0fc608d-ad8e-5e0a-36d1-008d1b4ca6da,04ff612f-6bee-42d8-ad7b-3802d5fa9ad6,2023-09-26,2,2,5ae67bf1-23d9-4889-bb60-0964e1d5353d|83381c4e-5b2f-490a-a113-77a0589897e6,seed|series_a
ae6eb8da-ebb3-42be-9ee6-644a57af8755,8f68d547-900d-4f9a-a035-56a8ef95eda0,2022-03-23,2,2,24a9243f-7553-42e7-9944-319f2e492ef3|7e7e1f74-66f7-40c1-b5d6-62db5a989e70,grant|series_unknown
06e630ab-9972-6fa7-6b05-3027da2c731f,40ff5ed1-d14c-4e2a-091b-23c63afe1f14,2021-02-11,2,2,8217f651-04f1-46bd-8359-dc40f07e4d9c|6451ba2a-a287-4f0b-966a-c852f10047e7,series_unknown|debt_financing
c9a0b0b4-648d-4972-bddc-1b10708897bd,aadf564e-0399-4205-95af-e9d194e0ee86,2026-04-29,2,2,a9146fa2-ea71-42bf-8abf-b81102f33f33|20d86d6e-b954-40db-a420-5660f7f0da61,private_equity|debt_financing
321aaefe-527e-a56e-85cd-641bd83cd866,6a47b9d3-e99b-fd34-bb3c-c5b2316548ba,2012-11-14,2,2,6539f7b0-f3be-b55f-91f5-6d6e617e6744|32c3be1d-16d5-137f-27f3-12a00a031541,series_a|debt_financing
57c773b4-f4f5-c726-d9e8-229811ca53a4,7610508c-2d8e-b0f7-b855-94c3eb93df91,2015-02-12,2,2,292a88a5-a174-4bfe-9552-f971bbeb54d0|246e767e-282a-4ab8-b4d6-d9487fe31b91,debt_financing|private_equity
ae6eb8da-ebb3-42be-9ee6-644a57af8755,2c831d21-483e-4c95-a6b8-84c2894ea473,2021-12-20,2,2,97b8b930-8117-42ff-8886-7ae0ca76e433|32a46b47-ed9b-4ca8-ab5e-b96b6d2cb28e,series_unknown|grant
44896376-25f2-6968-bd9c-02758fd4a16e,eba67aa3-8e1e-4068-9d5d-fc03923b8ac4,2021-10-11,2,2,08393544-6217-4c27-8210-2734a211b82b|c461e7a9-0a24-4808-91ca-0d1dc39baa81,series_a
a76a7908-dddd-4aab-8d16-c38f9ef6bf07,7e368836-c0d9-4273-b2b3-6af7b00a21ed,2021-06-28,2,2,dce60d42-4569-4ad3-acc3-5cfc13f1cf3c|4f6b0e4f-6bfb-4af2-abb8-b32e24a1659b,seed|pre_seed
8b43e1a2-43f2-433e-8c45-ae3e8fed5e0d,ce1606d1-fc19-4f40-b3ed-67079c3b5b10,2022-05-31,2,2,3c665770-8870-4be7-b6d7-0821029a59ac|8b4fefbf-a47a-4621-b4e3-c212a14a75df,seed|series_a
a934eadd-65f2-4c08-9be7-51dad523dd2c,18aa0474-0640-447d-ae62-944f96ebd0f6,2024-01-03,2,2,e2fa9e58-9f45-4400-8edd-cb90964cfe2c|039131d1-429d-4b8d-8865-d1f24da81a1e,series_b|debt_financing
809d0f70-9c3a-48ba-9c04-fc6e75edc6e5,d99c6c2a-23ce-432f-b1cf-b879e67409b7,2024-07-15,2,2,4703a52f-0c19-4f7a-840a-d232577594c0|df91434b-c766-48be-9b86-552e26a1d815,grant|series_unknown
9ae6e81a-c583-4f0f-9113-d8d8d6277e2e,f138f479-6f4c-4a01-a228-95bea2b463d4,2021-03-10,2,2,1d1387ee-d0b3-464d-998e-9611caab90ba|bd5a49bc-94fa-4640-afed-c5c62edd0e86,seed|debt_financing
ae6eb8da-ebb3-42be-9ee6-644a57af8755,8244a5c9-51ca-4247-91ca-27e6f1d3504d,2021-06-16,2,2,2e86c596-7321-4a66-945f-ac04798b266b|4213f87e-5600-49db-922d-6ede034be404,grant|series_unknown
c75400d4-d5ae-2f92-4e99-aee6b9a39a4d,aba8203e-b54c-4ede-bf45-25992ad00c3a,2025-09-08,2,2,dc2d507e-b1a9-4c2c-a1b9-f7873d561f58|55f55cce-a188-42a5-a24a-756fe9a0aff4,private_equity|debt_financing
79e301b1-678f-8f16-509b-eaa72d27edf8,e3100d63-21a6-d594-ad2f-6024c699f43d,2012-12-19,2,2,38ac6bc1-18d9-35ed-054e-d5f47deb6139|9b1af42a-fea6-49fc-a7d0-b401e1e3fb06,private_equity|debt_financing
2615f8ba-1efc-436d-9970-9ab52b7fb942,daeb6cfa-b82d-479a-afcf-52c69008c998,2011-04-27,2,2,2b2e19db-690c-4e75-9a35-2c737554c386|d541c6f5-7122-436e-9860-2df9cf2e064d,private_equity|debt_financing
45605665-f2e6-ab80-f4e2-7ad0d8dec366,43c3a6ca-82e8-46f5-8853-2867e9ef6b5b,2021-10-22,2,2,1b2c3328-890a-4353-a6da-502f9055aed8|ed7fe617-c019-4b70-8faa-1a26e19e5172,series_b|series_a
2d0a5bf0-e53e-9a07-2243-9bcd561421ec,f02593fd-ee80-4831-aac7-975ca689c8f4,2020-12-16,2,2,0f266ee0-0dbc-446e-82ee-22cd914201b9|a1a627cd-2175-47ac-9b13-87d91620be5c,series_a|series_b
1742fc01-c8ed-47c2-8b59-4054a4dba5fe,d0acb519-be21-4f39-a8f2-2e0a1a8c806e,2021-12-01,2,2,34b61fb8-f3e9-4629-992f-e9118fdc9c81|1fede800-7ab9-4d3c-beb1-7dbbccc2df62,series_unknown|debt_financing
30b3efdf-6024-804d-ea55-c4d1a8dfc86c,50d4b4f6-e422-4362-420a-8f238095c01a,2012-04-04,2,2,1a56df7a-eb77-21fb-0f11-ff6554d566ba|c10f8f28-e98a-08ee-f917-f22421bfaf1d,debt_financing|private_equity
6b353f6d-2aa8-4347-a689-4b162208d810,10041d71-fc3d-4c5a-84a0-5fa72ee0564f,2025-12-02,2,2,34d0f18a-08df-494e-9c2a-e3263272fe27|34e6da71-f8ec-4377-8195-f6ba7964056f,grant|debt_financing
d4a86572-92d6-400a-a66b-f751125dd06e,b2a55db2-af35-455c-97b4-c7b0be842de6,2024-06-24,2,2,68191149-8238-425c-ae5b-4aa7c67de665|7c7a1689-b8c7-4409-851f-f26b016386ab,series_a|debt_financing
ca58926d-984c-460b-9602-c17764e67ae8,4af926d0-b308-4ee0-91b0-dc8ceefee982,2024-01-18,2,2,90ee703e-78b9-4b16-be76-0d68e7ec278a|bd7eba9d-abf3-4904-8ae3-6bdbf716a299,debt_financing|series_a
aec3ddc2-68ff-4cbc-abec-8e650612a441,0abd6d87-8500-ec32-c7a3-ea4546e52091,2025-11-03,2,2,436b7dc9-b081-4dc9-a10e-8f43b2377305|674f487b-749a-4077-8eea-6f5cbc912fbe,debt_financing|grant
01b78c00-b6e2-7cbc-8286-8d14d09d441e,a4c0862b-35f7-29a2-a082-576a60054d95,2010-09-07,2,2,d49a76d1-2025-0a46-45d4-1e5dcac5c26a|a56323d4-dd67-47b5-ad90-a4745e1c4cb6,debt_financing|series_unknown
809d0f70-9c3a-48ba-9c04-fc6e75edc6e5,bb3727f9-af37-4f68-acaf-eb76f5f6fc75,2025-06-24,2,2,e402c631-914c-4adc-8e36-c92157e7aded|7be0fedd-404f-4873-b543-8318bc7d417f,grant|series_unknown
1104bdf1-8402-c3c6-d596-806add330059,8d36822e-5d71-4a92-91aa-12498bf440af,2021-03-16,2,2,d9748532-ce0c-4bbe-ac8e-9e9adab1a947|204b4f32-0222-4cd3-99e6-f37b1aad58d7,debt_financing|series_unknown
ac41030f-c20d-0060-3f0a-37f0eee13779,fcdd7dd7-1367-7e76-75bc-88b62cdd3034,2015-01-01,2,2,17ac46a9-ad75-986f-9b3e-5afe2d07e84a|70feb307-db00-b17b-bf30-64af91cf0d02,grant|seed
afabadf4-716b-41f6-955f-57a4f9cd84ea,d421f6a7-107b-4f08-938f-acd8fbcb1c37,2021-10-26,2,2,791ebb2b-5bfd-4252-83c9-d10a05c29336|b9a7434b-0f35-493d-b283-13ef520d43b6,series_a|seed
829263bd-4e17-4556-a149-0ac269507a73,a87c831f-c1e9-442f-849b-34f18e38c887,2023-05-30,2,2,1ab2adaa-94b5-431b-9100-6d93e915d962|7e3acf80-aac6-431f-8ac9-2a53c715f19c,grant
c99de332-fc7e-49d0-8075-d696703f97ca,cdae0f2e-3804-4bec-ba35-cbee4caa05dd,2021-05-12,2,2,96791ed4-be48-4d2d-b315-9d8f5e0f911d|1f0c4c78-288f-433d-8610-91eaceb221a3,series_unknown|angel
d0300e46-047e-4d47-9f3d-69137794d58c,589fd50b-9979-4fae-11fd-89ae985c06a3,2025-05-14,2,2,1f35e810-066c-48f3-914e-d28de4255e30|21c1ad64-e33b-421b-aade-a9a2d45671a8,secondary_market|corporate_round
8e7677d7-d55b-cd97-a783-acbf4270a71d,bb18c428-5b0c-9d4d-e175-02382de8f32a,2020-12-04,2,2,2960b59c-dc65-4772-846f-81db0b4086f4|6532fb2e-cc39-4d4d-ae2c-329793f7ac6b,series_unknown|debt_financing
859291f8-4a3d-449f-be32-c4754edb6d8e,529514db-2bcb-49d5-98ba-db2dbd88bf19,2025-12-05,2,2,d8370bfa-8c79-48d7-afa8-20e7e058a42b|066890c4-d6cb-486d-b383-cfd98b59835c,post_ipo_equity|post_ipo_debt
6b165271-9ec3-4769-a5b1-e320631bed6c,9e1fb21c-85bf-38dd-1ce6-08e511065c3d,2022-01-05,2,2,baf211fd-9223-466c-858b-c9c2de42e2c8|e8b9fe12-6f4e-4c32-8b03-17d5ae3ae3ac,convertible_note|debt_financing
6a43fd6d-dc70-f07b-077c-942b3bde9203,fdb11187-cb28-4c57-aa9d-d8831c5c5816,2026-03-18,2,2,cc4260d0-96db-4462-ab9a-e07c3ae11dce|31a62da0-4dfb-497e-92dc-3614ed4876a0,debt_financing|private_equity
387c78bd-4567-c145-f09d-3bbeddaf22bc,ad08fa35-a5d3-462e-959a-55f7b5a2e57b,2023-04-06,2,2,822e1229-06b9-4ba5-b4c1-f73febd3fa1d|5ed42804-e1a3-49dd-b4b4-996c5c215b63,debt_financing|series_d
45ce21a0-0d1b-1b56-6794-1c3e12f2afd6,68ce37d1-b6f5-b71e-453b-0d46c306a125,2022-02-24,2,2,f93e0024-8cc3-4e78-92a6-fedcebce32e1|11a5d837-c1d9-4f6d-85c6-90f0da259e33,debt_financing|series_unknown
52652f4d-581e-4ad5-9d06-b1b250a333cd,ee17e6a9-55d1-41cc-8853-bdc6baa6a806,2022-12-21,2,2,a5e810fe-f38f-460b-836a-8b38975ba8fc|dc2a89d1-961e-44b6-8205-6054289d7dbe,seed|debt_financing
c6ea1817-1734-4e37-854b-dcff482ece62,a6b3a487-c17f-431a-b6c0-b7e4d9c4a3b7,2026-05-04,2,2,96b05870-4a40-44b9-a9ba-346c44f68ff3|3b1cff97-6a52-4334-947f-a58be6b3b538,private_equity|debt_financing
858da63b-4d0e-2806-f8a0-4b647ce9efb3,a524a40f-4ebf-4d2b-b015-50c94d95de94,2019-01-11,2,2,c0927828-8b9b-4505-a0c9-34cffb371520|3a8d6abe-08bb-411b-b4ac-1bb60f7cbe39,post_ipo_equity|post_ipo_debt
4eee5e60-3b06-6fe8-cc2c-29119a96051d,eacf503c-c64a-9314-1ab2-fa442d52ae30,2018-04-20,2,2,3413351c-35d0-4002-9dc2-72d8de953d91|9c68b193-7dc6-4c80-bf32-efd8e2b012eb,series_a|debt_financing
c26e8779-a9b2-4e4f-a83a-a48ba9d4568c,98773f11-efc1-4d22-bbb0-6409a3774cc3,2021-03-08,2,2,f28d2e96-3a07-4ce6-8f61-2fda4ab2e615|3b8b9c56-25b9-415c-beb2-5ac29182ac05,series_b|series_a
0894da9b-aa44-1f13-7c70-d3ca31c33e19,00fbf527-5c5f-4976-a557-f60f905e2d31,2023-04-04,2,2,5683a9b4-f14d-428f-b9da-0046e47f575d|4a4afc8b-41a5-4ad6-bc14-7f66ec883e73,debt_financing|private_equity
ac41030f-c20d-0060-3f0a-37f0eee13779,b9c46a61-724e-ca52-610d-6b148c3d4fd8,2012-12-01,2,2,25376af8-9be1-92c4-961c-d346710de638|1bd1d47c-db70-1661-a233-77cf0c848e8b,grant|seed
91af34c4-9b6e-406d-a53b-6853c0d983ae,f299d31c-ad82-4163-a18d-1803ebecf797,2026-04-30,2,2,06235417-514d-481e-aab6-96fcf59f049e|94501203-b301-4f73-a869-6e1c1f6d1fd2,seed|grant
2433a611-531b-4535-8768-d49776b0e432,3ba830bc-55e0-4bfc-9fbf-ef769588a60e,2023-09-07,2,2,e89caafd-24a1-4f45-acfd-2dd99e1c2354|f6e99046-085f-4f44-ab72-b15b6f40e3a4,seed|series_a
1787528e-7bd3-a500-ba86-ac55205e7e21,d0314350-08a7-40be-93b8-729601859df3,2025-03-07,2,2,f308fd7c-45b0-4ca1-a29f-9f3e236e0304|721f1780-7b22-4f98-a2c5-a14473321883,series_a|seed
452e64cc-1395-a3e6-fcb1-2591a71fbd7c,5d68a538-9be5-4d46-8f28-f7f6da9f9b91,2022-09-07,2,2,c5f05314-3e2a-4120-941f-40477a3ada36|f1cfe04d-4070-442a-945e-1a329d6ac452,secondary_market|debt_financing
ae6eb8da-ebb3-42be-9ee6-644a57af8755,e6f83d9e-6828-2ef1-9b43-eb024bca8133,2020-03-20,2,2,1a7b832d-d98d-446b-9a88-6220656fc0e4|70b5caac-3d0c-4f5f-aa97-bee8e40775d6,grant|series_unknown
d420cb3c-c5c2-df2a-63db-4850847570c8,ef647630-b02d-4548-a52a-088d7636431f,2022-04-12,2,2,80d7257e-4790-4f85-aab4-c365f181b984|ca98ce77-4154-41c8-a4f6-21eeed918d00,grant|debt_financing
a4837389-2b54-1e73-5e83-d8ca7f984c2a,bc3c695f-d1ff-aa36-0594-5b5cf34d0583,2023-03-24,2,2,e08ad434-68f0-42b7-bebd-08126d6f4bae|9ab035bf-16d0-44c0-a1ce-612c6de96076,post_ipo_debt|post_ipo_equity
d85c9cd9-fa00-31bb-cfaa-3b5f9dd118ad,72135380-23a8-16a2-087a-5d35b59ce4aa,2016-11-01,2,2,cf0be40d-46b3-44c6-a2ec-e1548c378c51|94867b12-3764-7963-c94a-2a45c6cb4ae0,grant|seed
a7aebaf0-24de-a953-0245-0f438383d89d,d3a96b74-5654-1564-dbf8-d7d7f3a9127e,2022-03-21,2,2,a1744476-4785-4840-8513-22b8e94eda7d|4dbc6361-5fdb-42c7-bfb2-2e31e3258dad,debt_financing|series_a
3197a4e9-38e5-47de-bba4-7b3499b71b5d,362bc7c4-044e-1624-c006-d20fa846f521,2022-11-29,2,2,e06e52ce-3655-48f6-bb71-04ffedf87023|f52b99a4-3136-4abe-98bc-28d1e2914940,series_b|debt_financing
16045545-aab3-f3e7-f1c7-6b64ec20b1ea,9d2d052e-4721-26af-c991-4e95fdac7f01,2018-06-07,2,2,4f79b833-7d64-4762-8b2d-cff26910b0f7|fe1e4099-f5b5-46e3-9dbe-67328d735c73,series_a|debt_financing
62e93687-5ca5-436a-aafd-1ef0b785d433,c09eff17-7aa5-45b7-9345-d094657d6ac0,2021-07-23,2,2,249ceee0-7f4f-4a8c-86b7-1ea1662d5198|a8513909-3e4b-4e22-82fa-b3d5b56d6118,seed|debt_financing
2bf8b9c1-2ac7-4d16-bdc7-3606ea779988,b1946db8-fd55-43ae-a856-e1b2d4be9269,2025-06-17,2,2,0527627d-e29d-4150-834e-f06fc0cfe1ed|9efbdb29-3e82-4c21-a2df-e67e77a3d0db,debt_financing|grant
20980b3c-5627-7ed1-6eca-8f111c65b652,cc910a43-d477-425e-aca0-d938be177eb6,2020-09-03,2,2,ca18c334-66d9-40a9-9f83-b0dd203c283f|a5cdc0bd-666a-4354-8d30-3361c182dba0,debt_financing|series_unknown
1fafb89e-bb17-89df-5f44-af155d39b998,bb18c428-5b0c-9d4d-e175-02382de8f32a,2020-12-04,2,2,2960b59c-dc65-4772-846f-81db0b4086f4|6532fb2e-cc39-4d4d-ae2c-329793f7ac6b,series_unknown|debt_financing
a705497c-f54b-ec5d-9d6a-1951de507031,31afdccc-abe5-6037-c940-83f26b5d05aa,2013-09-27,2,2,fec2a20c-5b57-4bdd-ad15-6b4e10edb12b|aef89405-cca3-a80c-ace3-1171018f03b9,series_unknown|debt_financing
2824337d-4677-dddf-80bc-588fd6691955,3d4032e6-6aff-45db-8e0d-5d2f97ee9f4d,2021-05-16,2,2,6c8e4614-8e01-4146-bb71-39e72d57c52e|5aeb6b7f-2fcc-4f81-980c-452104a327aa,debt_financing|series_unknown
983675c3-2ee5-471f-6b57-c9e32a0369c1,456975fe-ea9c-4d8a-ae1b-a1125efd9aae,2022-04-08,2,2,65d008ab-9f21-42d0-8a1c-91b63bc27f99|aae7183b-60d7-48bc-9704-8c40cd949210,pre_seed|convertible_note
b7c000b8-0b00-9936-7e3f-7954f1af2949,9fe81836-4037-411e-8801-5404136b082d,2024-10-22,2,2,d2a29a84-9b43-4e93-b858-99cd01ec455c|93e81eb6-d8db-4063-af26-30387d1651e4,series_a|seed
73633ee4-ea65-2967-6c5d-9b5fec7d2d5e,28770e6d-0cc9-43ee-ae28-e00714746134,2019-08-22,2,2,cfc10bb9-b7f2-4164-bece-87740119a48a|f256fa29-b9c4-42ce-b2d2-55969a7ecf90,series_unknown|seed
3b2c6043-142e-453c-8087-cb94ae0ddd53,15d724c1-856e-4ccc-b994-d16704e3400a,2026-01-08,2,2,98d092aa-3055-4caa-8f28-2b717978cf61|459bdb3f-d0c9-4d72-a42d-de94b2d2b8b3,series_b
52393405-b767-429d-b4bd-9fc1312e5a6e,40522689-db33-4b71-888a-ff537ac52d05,2026-04-30,2,2,7fe19d47-7af5-4c4d-90de-9999f96129e5|22d43e59-3ef2-4482-95e0-eb9c0a6d9a7b,debt_financing|private_equity
0465f459-4941-c01c-fd28-a3fa61d4e239,c69eaf90-387c-f248-cfa8-cae35ab6adad,2020-12-10,2,2,c4d2d965-65cd-4067-bca3-0ae58bca3795|f427e372-4727-4bf3-8d56-7d19d2b1f7b2,series_g|debt_financing
bcc5adaa-4cd6-bb68-8b91-838f2eee1aa4,aac959ac-5cb5-9438-3a95-f2607bd913ee,2018-07-03,2,2,bf5bdc0e-28e7-412d-9d99-8225678853fa|fc1cc49b-0beb-4149-8ad7-91e9b6aeb3fc,debt_financing|private_equity
ff7060f4-2dd8-413b-bb22-ea9a7b88458d,fc8a4b49-a219-4d3c-8e03-39c11ddc426c,2020-05-29,2,2,c1c1d540-8ff4-4636-98f0-8e2db695b771|d533f54b-38bc-45f1-a27f-39d2d246e808,debt_financing|grant
893374a9-2c43-414e-b7d8-d8d3d533dd01,54068a42-55e7-2ee2-c56b-05e45b230382,2019-09-30,2,2,23afc7a5-af8d-4ce9-aa14-705e7eb5f0cf|d0786946-5f97-40c9-9906-39b854476ec6,post_ipo_debt|post_ipo_equity
ae6eb8da-ebb3-42be-9ee6-644a57af8755,95543255-8d8e-4b4b-acf3-0f860036e17b,2022-12-29,2,2,73739b44-7a73-4ffe-bd69-d361707520f3|53fdfe7a-d04d-4b97-84ca-e4d00006946d,grant|series_unknown
e4ec097f-702c-5a14-6854-676ad9dc3726,bb18c428-5b0c-9d4d-e175-02382de8f32a,2020-12-04,2,2,2960b59c-dc65-4772-846f-81db0b4086f4|6532fb2e-cc39-4d4d-ae2c-329793f7ac6b,series_unknown|debt_financing
4b95c6fc-bec6-4fe7-ae40-cc9f71ed314e,1df7028b-864a-4c76-b0f6-1b27c976428e,2025-08-10,2,2,237fbcc9-506e-49a7-a050-db78d7fb02f6|ccf8c8a7-f556-4442-aa57-6f020382b117,series_c|secondary_market
06d57d6d-ae56-45e5-b4fe-ce4f036b95c4,ad137a13-cf48-4a05-917a-aed1727f25d6,2023-04-17,2,2,be5b29c3-cd24-4b3e-bd3a-931d8f317172|d5c55676-7140-45f5-9f6a-a2dbf562c315,debt_financing|series_a
cdb09945-a8fe-b235-8c4a-7d975a8f8f13,ef3c993c-fddb-44c0-bea1-ba35da74027b,2019-09-16,2,2,a6373106-838d-40b2-9a3f-e53e0ceb719b|680b2d83-04c9-4dd6-960f-fe806e4a660b,debt_financing|series_a
02da9fa3-029b-4e50-8072-e7d277d5e7af,e6ec486b-ed1a-4817-ad2a-ec873d7dce94,2022-07-27,2,2,fcbd9a1c-ae2d-40f1-8dd9-9993537a5f20|273dc36f-0d83-4b30-88cc-dadefcd7726c,series_a|initial_coin_offering
289a3dae-5f5f-434a-b36f-828a03e61214,04ff612f-6bee-42d8-ad7b-3802d5fa9ad6,2023-09-26,2,2,5ae67bf1-23d9-4889-bb60-0964e1d5353d|83381c4e-5b2f-490a-a113-77a0589897e6,seed|series_a
d370dc6d-d969-876f-bf24-dccf34b84a91,9714a894-a704-43b7-b819-e43cc6d854ac,2023-10-10,2,2,f040144c-61e3-4e59-b1e2-cc268398d9e1|39c29ede-5dc9-41a3-bc95-5cb7799fc8f3,seed
f07266d5-f4ae-3e2e-2350-d6c1c0d49e7c,aaa474ee-06e8-c8de-f06f-361b96c1385c,2016-10-10,2,2,c38dd5e5-045f-4c16-80fc-16ea23f9505f|552e647a-b0d6-ac16-63ac-381077956095,debt_financing|series_unknown
f4b702ec-b652-da8a-4f4d-b4f513c8b2c7,2522c01a-65f1-4ff1-a32e-f6d269c121b2,2026-04-02,2,2,d2d70c60-fdc1-4b4a-a37d-87b3a389a8cd|e1e5cc03-1f71-4dc4-a655-030908e3207a,private_equity|debt_financing
e8b678cb-3d56-4659-8199-5f4bf39a3408,f02593fd-ee80-4831-aac7-975ca689c8f4,2020-12-16,2,2,0f266ee0-0dbc-446e-82ee-22cd914201b9|a1a627cd-2175-47ac-9b13-87d91620be5c,series_a|series_b
b0a1d000-4a7a-e468-7303-502939971185,7beef7f2-dc05-4519-b4c2-82d9b87a9bfc,2022-03-15,2,2,4ea128fc-7e4f-4402-bfb6-fb0082df633f|329a31b2-5332-477b-82a4-ff169d0caeb6,series_b|debt_financing
aefa3a84-5193-00c3-5cbf-ec5ec2645672,d66280cb-96df-4005-b6d7-c4a9d93b1c39,2021-06-03,2,2,8738b9cc-cb52-4179-a636-cac83015bb3c|77fc997d-3cee-464b-8340-72ee0f15d9c3,debt_financing|seed
98712891-0256-4d11-a588-cea7f73397af,59092dfc-17d4-4dfc-8961-0693ca7f96e0,2025-10-05,2,2,38dabc5f-e0f9-4d86-a82c-ab21b8adcfc9|cac138a9-11f8-4d61-b964-88bec08cbe66,series_b|secondary_market
5cad3164-5946-1b9a-9fa8-815e10cf7db1,a0ab5abf-c2b6-4d9b-a52e-37f410a3bd80,2025-07-17,2,2,fe95780a-2777-4090-b1ea-077bf7921f7d|bf4afe2b-9eda-474a-8371-22ef296ccc13,debt_financing|grant
f6fd471e-feec-9711-e4c7-7ac431deac3a,e5d3262a-5479-455f-9f08-29cd346ae6b7,2022-03-03,2,2,c25deeff-e944-4d0e-be08-24fa0c91dec1|a0789cd7-6fc0-402b-b0e5-c73be3ab0c09,corporate_round|debt_financing
809d0f70-9c3a-48ba-9c04-fc6e75edc6e5,209b7322-4e2c-494e-a248-4f8a1aa32806,2025-06-24,2,2,bbf9e849-a66e-4a81-b335-99b44be8d2e1|100ad700-a58b-46a8-9213-0e961ecada8e,grant|series_unknown
d6b1c84d-8ab0-cd1d-e1b7-7e0db2e81c8d,237e1983-207f-406e-8a36-6224cda35410,2024-07-10,2,2,2ac36547-17ab-4c47-b5fe-553c5f5dd020|fcfdcfed-459a-4059-a228-6274fe6d5ec1,convertible_note|series_unknown
156b547e-8439-4113-91c6-ce6c2a218f58,961d3f5b-e322-2060-ee17-e9349f8ebf40,2023-04-24,2,2,a64550d7-0b03-46a4-bcf6-8909079c8593|518c73bf-36de-44e3-b3cd-d2bbb26418bd,series_c|debt_financing
1b65c6b5-9855-32ff-d12b-2bffcf38f979,abd4ca7f-1d64-4e42-a65a-b636512d44d2,2015-09-14,2,2,a2e6d2a4-c427-4515-af6f-014850a03c2a|a57beeb2-407c-4dc6-aa07-b90ad0e38a33,series_unknown|debt_financing
ae6eb8da-ebb3-42be-9ee6-644a57af8755,01b399a5-d0d6-4cb2-8325-f845c8a0df01,2022-06-15,2,2,427faf3f-4c26-441c-8b76-0dad5f840fda|e1b98acb-c7c4-4d61-80a8-4deb19c5dabc,series_unknown|grant
85a1fdfb-93eb-4888-9278-fc5ab0dbe38a,13e159d1-7a2b-469f-9890-4f8f84c412ed,2023-11-07,2,2,7e24fa27-3c51-4d4b-a302-4d2841ac48e6|4120c1bc-b56c-4d1c-88cc-00894e9cd13c,debt_financing|private_equity
0003f244-79d0-6178-353e-33dabaf3b2c6,9032a865-b9fc-4239-8a3d-4b625e1d50fd,2021-09-01,2,2,cc6b8987-628b-42f2-ad3e-4c92482947da|4c89e565-98b1-4fc0-8bc7-3ae6e9b5c466,seed|series_a
41c136e7-2f8d-48c1-bc42-222a474223d3,7127ae49-897f-498b-b392-66c3b116d7a3,2021-08-12,2,2,b6586df5-ba71-4ce6-88c7-4a57810fa546|0deef5ef-1d18-4521-8f76-5f8ddd54ef16,pre_seed|seed
bcc5adaa-4cd6-bb68-8b91-838f2eee1aa4,4662245a-4b70-5d42-cdf0-cde099c30e2e,2014-03-26,2,2,c712aa02-4045-4131-8709-6bf683de1c71|d24bbdc9-b500-4c14-8f3c-308a73c5f0e9,debt_financing|private_equity
9a447f07-9803-4e2b-969d-95f029bcb6e1,10656fcf-3d9e-4e78-9c28-59114506a15d,2024-12-18,2,2,2e7ca3e1-7386-4701-933e-1b0ce8f7536c|b0076c2b-236f-407b-929f-005aa05e8f66,secondary_market|series_e
bcc5adaa-4cd6-bb68-8b91-838f2eee1aa4,1c021fce-6811-42ab-9362-0b2ed16a090c,2022-08-05,2,2,0f69cf85-8145-4206-ab4f-1b07f3c5dc85|91c1e2a7-667c-45f8-9359-5bc8d583da55,private_equity|debt_financing
1b65c6b5-9855-32ff-d12b-2bffcf38f979,9e47f17f-a351-4e35-9a4a-bdd0d71088cd,2024-04-23,2,2,b0fb4ac8-e4dc-46fb-b1ee-9a7d06da4900|85218732-2b59-47b8-aacf-a5b344f10095,debt_financing|private_equity
355f3d08-b0a4-abe3-9503-9dc697bc8f37,5351ac5e-be6d-4530-8e88-aea5291c4001,2022-10-20,2,2,b61ff8d7-6d4b-4532-9409-183705ffbd68|3dfc21b8-7056-4a53-b5e1-b00452aa64a0,debt_financing|series_a
809d0f70-9c3a-48ba-9c04-fc6e75edc6e5,66561d05-e9f8-4179-bc3a-b14d8c41bba4,2024-07-15,2,2,5efca36e-2fcb-4ed8-82af-2274ef353c37|9cd5993a-443e-4ce9-b390-08ea61af3bdb,grant|series_unknown
ae6eb8da-ebb3-42be-9ee6-644a57af8755,08a4d3b6-fd52-42cc-a5c0-26cae1135c4b,2022-06-15,2,2,ec2c7a9b-f0b9-4fdd-9ff0-98ff7387ba6d|1198f912-a2f6-481b-8c87-c8bf54bcac65,grant|series_unknown
e2006571-6b7a-e477-002a-f7014f48a7e3,a010850c-06b5-0f19-f9bd-16708915ac58,2025-10-27,2,2,2b902bb6-e3e5-47b8-a27e-28e3ccb8b755|5356e1c4-7c84-4e18-aa4a-dbee41cc2bb9,series_e|secondary_market
39041e62-6b24-ae8d-1347-4cea947e832c,5b512569-f016-4967-afab-6e4254ae8387,2021-10-12,2,2,b1605352-acec-4f09-92e4-36b325a8c55f|470b7e47-1fc3-400c-bc3d-fd5c811b2aa9,seed|convertible_note
ae6eb8da-ebb3-42be-9ee6-644a57af8755,9092f7d3-e70e-464b-8e69-ee2069107b6d,2022-03-23,2,2,94dde72d-eece-4203-9183-e5a2962e691a|50e83e44-1e1a-4dd3-bfcc-3b0e0865662f,grant|series_unknown
49c1b235-6fc0-f9a1-4671-40024c7148ff,620a727d-28f2-4786-9c9e-066aa5d77658,2020-10-28,2,2,c5ada507-166b-4db3-95b0-2797dad4a3ec|248092dd-1f4b-4109-bee9-d3c6a71bc68d,seed|series_a
321aaefe-527e-a56e-85cd-641bd83cd866,2e2a8fa5-628b-7849-f2f4-c6f4458d9a38,2019-01-22,2,2,eb0e0bd3-3d11-45e7-b762-eb970f5c1f2e|f7bb63ca-6df9-42d7-97e6-81b53f205331,debt_financing|series_b
983675c3-2ee5-471f-6b57-c9e32a0369c1,667771be-cc0c-4321-b517-a8b7c5ea1147,2021-02-16,2,2,9761c4ab-3071-488f-b2f0-a473547fbb03|b5e96f1b-3e35-43ac-99d8-3b7c5b6b12e8,seed|convertible_note
7861ab01-63ea-b311-7925-1390b9e00f71,31afdccc-abe5-6037-c940-83f26b5d05aa,2013-09-27,2,2,fec2a20c-5b57-4bdd-ad15-6b4e10edb12b|aef89405-cca3-a80c-ace3-1171018f03b9,series_unknown|debt_financing
fe5a4983-a46a-2fc2-5633-e35e0a86b694,4a24a36d-d422-4c47-bc7d-3ffc3372bdd1,2023-06-27,2,2,6d0e8150-37aa-46be-b161-9e6e4141ee27|b122626e-8821-4518-ae2f-bb2568d68686,seed|series_a
7079eded-aaaa-9b03-a30a-1b9425f96249,03826983-462f-45a7-ad21-f9c5d9df2a3e,2023-01-05,2,2,9fd3a9cd-0d20-451c-87dc-dbd5489fe836|6962f804-5dc3-4ded-8075-f57ed58e9f40,debt_financing|private_equity
e65d10c8-6188-4aa6-bd7e-21c1dd6f6dbf,923412db-8932-4c94-b05e-38e64f32b1a0,2022-07-14,2,2,6551fdc0-da76-48fc-9538-3382642f37b1|25dea11d-ec8b-4450-984a-19c1f08a7bde,series_a|debt_financing
7e7f4948-7756-401f-8c18-fb54454fbe51,c68ddb4f-844a-448c-bd85-af8e77b04f68,2025-10-08,2,2,a93c1d75-98ce-4fed-80e2-625a7bce9f96|bea1e86f-cf3d-4733-a57a-603c3a98cb56,series_b|secondary_market
ae6eb8da-ebb3-42be-9ee6-644a57af8755,e5768aff-dcc1-450c-b9ed-384b01be8747,2021-10-06,2,2,2d57b7a4-7021-4a8d-bb3d-cd8af6d21ecb|a0667db7-c297-4539-9b80-b9ad1c907fb4,series_unknown|grant
9baab2e4-d625-4bca-8875-fd6d8baf478f,47f3ceab-e707-4426-b825-d9ed3cc4a97a,2024-03-05,2,2,9d526d86-531f-495d-a84b-226217ac02d7|f7ebf3b8-f77a-4941-a92c-7061bd5c1363,debt_financing|seed
fdded9a9-7298-4d01-9adb-fc4d886bcf90,89f753cb-9be7-b0ec-09b0-bac5fff25d9a,2022-11-22,2,2,78553d44-4885-4766-9b9a-a465bf36f156|b9866f60-1d27-4fde-a5ba-409547eec3b2,post_ipo_debt|post_ipo_equity
fa2a5572-f143-4df4-97d9-0b92c2eab020,94719107-fcf0-4940-8857-b4bb488e4686,2025-11-05,2,2,4f183de8-9e24-4756-949e-cb7c20eca1c1|3f5aa107-432b-4541-ab15-e39293e97319,seed|series_a
7a262e55-2e74-da70-04e6-aa9aeb939e9a,e4564255-dc74-49fb-b40b-a01dc0bdcb3d,2022-03-31,2,2,061b0623-89f4-4303-84ec-207f14261cc5|7d004d9c-bc27-4529-a95e-ec97a324a6b7,post_ipo_equity|post_ipo_debt
5c30c6a8-9a32-f5da-e65d-09c5b02c78b7,8e9c1b61-5b6a-b416-aafe-6937e75b3dc2,2022-04-26,2,2,320e3a7d-b9de-4129-ae69-f65e15216f96|dd649764-757e-47b5-9131-6134c6f1d5b2,debt_financing|series_d
9aa041b9-d9f2-39e7-f056-a0f4d6294220,de929699-ec60-41ef-91db-b2e25af2a704,2014-02-28,2,2,075f3479-f4c4-4062-b0e0-79863117b63e|505a653c-0db4-403a-87d8-3d60cb97dd18,series_unknown|debt_financing
15185c3f-9fb3-8cde-a0b9-ec2ca0b43ff2,050a9a2a-4dd7-41c0-af87-9ff25b365b27,2025-11-04,2,2,fc431414-09e7-448a-806c-38639ed83b39|cbd3afcf-ca66-45de-859d-044d28553bd2,series_a|seed
a6235172-8d8b-bb42-405e-e206835069b7,96bdef7b-f008-446b-8c54-313261a1de2a,2024-08-07,2,2,2dca88d4-cd73-4a26-a4af-947878e8e20f|cc581a56-4c36-445a-9cf2-e83893490cf4,debt_financing|series_unknown
ae6eb8da-ebb3-42be-9ee6-644a57af8755,697a92f4-db7c-a3ee-a90f-352ddf471b1d,2021-10-06,2,2,d946f609-f51d-43ac-b877-dcf5009e3c85|79512770-b610-415c-b1c0-3ed8b855dbdb,series_unknown|grant
304173b9-c7a4-6305-9961-20239db03c87,4a24a36d-d422-4c47-bc7d-3ffc3372bdd1,2023-06-27,2,2,6d0e8150-37aa-46be-b161-9e6e4141ee27|b122626e-8821-4518-ae2f-bb2568d68686,seed|series_a
ae6eb8da-ebb3-42be-9ee6-644a57af8755,ed0294e7-0adb-47fa-a987-31cd41d141b6,2023-06-29,2,2,af6ef7fe-5568-4fc7-a555-237e3bf4d995|967db132-3ff0-40a2-b550-c07ad347c186,grant|series_unknown
0894da9b-aa44-1f13-7c70-d3ca31c33e19,4a778ebf-7854-4db1-b0ee-d926ca49f700,2023-12-18,2,2,f3a3fac1-270d-447e-856b-898eac20e5b2|ee701bd9-8f63-479b-9c8e-adb8bd6b9699,private_equity|debt_financing
809d0f70-9c3a-48ba-9c04-fc6e75edc6e5,07636cf2-4eb9-49ca-8d57-05522ddb6ba5,2026-02-19,2,2,407c2dd8-0b79-48a5-97a7-9825bdd9f309|dd22d431-d508-448c-a28d-31db48fd66f1,series_unknown|grant
2a2664e3-bd42-6dfc-1983-3e0c8690ac2a,511bcc36-932b-4fc8-b0f3-ffaab7ce4184,2026-04-27,2,2,0c0a6bb4-e0c9-4922-99e3-42328c363e54|0251937c-5701-48be-9bc4-4036189fd074,seed|debt_financing
fcd0c596-99b3-f0ea-588e-cdbb3c82cb88,48f66271-2279-6d2d-210b-adb864370001,2016-09-15,2,2,fc509073-2d4b-4fe4-93a0-571bbf686a49|95dbd4f5-2d20-4c29-8bcf-79bae955e45f,seed|series_a
83cbd7ed-cce6-3005-49a6-972a43dc631f,0be0634e-b785-45bb-802e-463e26488075,2025-07-22,2,2,eb3bf4df-a7a7-44cc-a221-ca638b8e7039|757e62b7-d7f1-4b67-99cc-6ea9b960df9f,private_equity|secondary_market
b47e70e6-0d98-de62-9ab0-786104c83a57,c6c6c5e3-6ab3-45d8-8229-c7c13d43f4b1,2026-05-11,2,2,b0bd5a7c-f90c-4efd-97fb-2e0839b058aa|6eb3ddfc-a6c2-402b-a71e-5ac140e0bbc7,private_equity|secondary_market
91bca022-0bb3-4091-b93f-4c47f57e1077,484154cc-0380-47f1-8a6b-af5a57b83eb1,2025-03-06,2,2,33bfb73e-0c32-4c57-b3b5-3a659beacbcd|7406f685-7f81-4784-8204-904faf7948f3,series_a|seed
b88d2a1b-52ff-410c-96f5-e2181933a52e,ec0a83b3-124f-4eca-87f5-60bc6896f6b0,2022-06-14,2,2,348dc193-f247-4cd0-a153-603baa9fbcba|7d8b47a9-4416-4616-8a48-8c107ce9486c,series_unknown|debt_financing
396f6843-085c-8c9f-6eee-432f5bdbc5ef,6f5592c6-0459-8edd-6959-1be6f5ac5e15,2019-01-15,2,2,8ff90674-625a-4ac5-9166-8ebd701b8d08|6009bb78-900c-470a-8111-26e53032b4e9,debt_financing|series_b
3d4ccf7b-d73d-44bc-a204-9d495a3be055,cbfeaa50-9d53-4821-9664-512f04565b62,2021-03-19,2,2,9ebb0e69-3f66-4690-9afc-84af981c809f|0db080c0-3b94-4d4d-a6aa-aaa474fbec14,series_c|series_b
ae6eb8da-ebb3-42be-9ee6-644a57af8755,3c9dcb00-a4b4-422c-bc38-a3a59762f435,2020-03-20,2,2,fdba5d72-111b-4d54-9240-13a503b45c9d|7e9bb763-1b26-4c98-b04a-4686fbc2c2ca,series_unknown|grant
179c0beb-a33a-f2af-c401-c496b2e83806,04ff612f-6bee-42d8-ad7b-3802d5fa9ad6,2023-09-26,2,2,5ae67bf1-23d9-4889-bb60-0964e1d5353d|83381c4e-5b2f-490a-a113-77a0589897e6,seed|series_a
60910773-f714-41d1-8804-4dfb7190ab3b,8e482a06-4e74-23a8-cb50-b01e80b1b40b,2024-11-04,2,2,2c27dc48-ba09-431f-ab9b-b35142b86599|0ccda578-9da2-4695-9fc3-4dbcba867bc8,post_ipo_debt|post_ipo_equity
dd5a452f-7061-2c11-370f-da8b3710e2f3,59092dfc-17d4-4dfc-8961-0693ca7f96e0,2025-10-05,2,2,38dabc5f-e0f9-4d86-a82c-ab21b8adcfc9|cac138a9-11f8-4d61-b964-88bec08cbe66,series_b|secondary_market
02aeb13c-0a42-2c08-3249-2e013d0608a5,3f38b90a-f27d-405b-bfc5-b2ec61611412,2026-02-17,2,2,fc4dc9fc-43c7-467e-a5b0-d40ec8862691|a0b19217-46c4-4fba-85fc-32e6200751e5,series_a|seed
756b8f3d-7384-9d07-d109-40173657f659,ff605411-8ede-543b-c8ad-df25e70d1bc5,2021-07-13,2,2,c4ac0c60-8095-4ce1-aec5-4746f2edd0ee|e3d964b2-fa94-4034-be7b-6816ce9f36b4,debt_financing|private_equity
fb2f8884-ec07-895a-48d7-d9a9d4d7175c,b2167c4c-e759-085e-155d-7c74a76522d0,2018-08-21,2,2,55284e8d-902f-46cd-a84d-0b5daf3e9822|fe688c99-bbc3-4e00-b6b9-44b41a0c3828,debt_financing|series_unknown
a3f8e599-4ccc-1768-3818-22e0e6dd84d3,cf17205b-4f9a-9d72-3849-403cecab1f1b,2021-06-23,2,2,f6876a45-98b5-440f-84e0-882caa7b6fbe|9f2dc0fb-e7f6-4013-84f7-0a49357193de,secondary_market|series_unknown
42895b6c-d10b-4db8-b138-fb0525362316,53819ebc-849b-2479-955b-dc7015717840,2022-08-30,2,2,8431e941-7a3a-49c2-aa1e-d6fa23cc6fa8|204c86f2-2e02-4d45-877f-56ac00bda6e8,post_ipo_equity|post_ipo_secondary
b6e5fec6-35f4-df51-ffdc-9923c850572b,356ffa4a-84e4-4026-9bae-3a3b62ebc856,2020-10-20,2,2,4d73a7db-995e-452e-b91f-fb2033b88439|48c17705-e960-40a8-99c1-57b8355b57bb,pre_seed|seed
2a2664e3-bd42-6dfc-1983-3e0c8690ac2a,ee8cc8d1-6a57-426a-9dfb-23eadbe35cd1,2022-02-01,2,2,9a33c997-4fed-4635-859f-8acff849f392|a621e25e-ae5c-4f71-9ee4-ff5fa10bc470,debt_financing|series_a
4398a960-dad3-0d3d-717d-8a015196ce5c,e6a9093b-4da7-4f18-a60f-ecfd656f4105,2024-02-12,2,2,670101e2-6e17-43d6-9535-48abeef0d5d1|3d80cda1-452b-4e9e-b44f-d8bb21ae2b6c,private_equity|debt_financing
bcc5adaa-4cd6-bb68-8b91-838f2eee1aa4,2e319b3b-62cf-4e81-af1e-b4079f35d99f,2019-08-12,2,2,ae2ec4ac-4d91-4f15-9d50-27a6795ab5fa|efb00c19-f307-423c-9f17-fee317451929,private_equity|debt_financing
4eee5e60-3b06-6fe8-cc2c-29119a96051d,7bf67a7e-b03e-9c1a-9067-83398e080ed8,2002-11-04,2,2,555b9112-0dd5-4476-ad1e-0573d59f5185|32a7bdc0-8f49-4a1c-82fb-bc35530c4d57,debt_financing|series_unknown
c7a7884f-b87c-4701-b0a5-26095c612e67,59092dfc-17d4-4dfc-8961-0693ca7f96e0,2025-10-05,2,2,38dabc5f-e0f9-4d86-a82c-ab21b8adcfc9|cac138a9-11f8-4d61-b964-88bec08cbe66,series_b|secondary_market
7aff19f6-92ba-4180-8f1a-4bc205fd3894,3b99a4e2-7db2-4d0d-b76d-275f85d6c62f,2024-12-31,2,2,5c27365b-1879-4e48-8236-eb7c6ad86a65|92a2963a-3cfd-4666-b477-8ea4b157afd9,secondary_market|corporate_round
b060f559-e740-89f2-5ecc-cb00c4b01548,186ee3c8-4df6-4877-a5e3-44b8510434d1,2022-05-09,2,2,3861cfda-f9a7-48f8-a4dc-e3516c091ae8|47fb8751-8303-4b2a-a56d-8c7b9105a47a,series_unknown|debt_financing
cccb1993-c6a9-4f2c-8601-d6ec2dbdde78,23a29975-d14a-88cb-5188-25b07af9daf9,2025-02-13,2,2,a833edf6-a067-4dce-8300-5d56b8ded47e|1861c186-e0ff-423d-b93a-081d5488b11f,debt_financing|convertible_note
0db76b4e-f6f1-4a50-5e4b-503a97ca3d83,a74d9fec-ea39-4c1d-b557-278074a5d7f1,2016-07-01,2,2,47d8cc3a-84e4-44bc-a9cc-7e3f90fdc7d2|4e94242f-958f-40b7-9629-9640f34f33d0,pre_seed|grant
68e651c8-ed6e-4d56-b31a-4451402a6bbf,4af926d0-b308-4ee0-91b0-dc8ceefee982,2024-01-18,2,2,90ee703e-78b9-4b16-be76-0d68e7ec278a|bd7eba9d-abf3-4904-8ae3-6bdbf716a299,debt_financing|series_a
fe246ac4-6c08-acba-52bb-3d60d476ff8a,2d8ba49e-9f20-4705-938d-d49ba7816ec9,2019-10-09,2,2,9e31946f-245f-4b40-8232-e7234a436830|161e160d-c57b-4b09-b825-b7ec8a8952fb,series_unknown|debt_financing
ae6eb8da-ebb3-42be-9ee6-644a57af8755,943a55c3-243c-49c7-94ad-717aa4f95f73,2020-05-19,2,2,6afbe3f9-0ee3-4191-96c7-09d814499c34|21cd7378-9a71-4761-abb4-728c175cb222,grant|series_unknown
da7dace0-ea77-d4ee-4af6-7cedb69539e9,6646568e-c7ab-4e06-41a1-e606f8d4eaad,2013-12-24,2,2,c2c19b10-c55f-4d60-92bf-347a7a5a0a18|bd57bfed-2233-4d0b-97af-608077ef2a34,debt_financing|private_equity
ae6eb8da-ebb3-42be-9ee6-644a57af8755,c201fb9b-256b-49d5-959e-bfff530f23d8,2021-10-06,2,2,8f1ccc46-7e39-4841-bc00-bfeeb0ba6b7a|db5aa7b0-2319-4de2-8bc0-702c1412c82c,grant|series_unknown
86742bac-1934-8ad1-2190-3a1cca668505,db48959f-2c61-438d-a8cf-7ee65eb82f4c,2026-02-04,2,2,c7b6fc41-154e-4499-a952-719a6baa1b80|af22950e-5abb-443d-aa33-c3e6de9ed62f,series_a|seed
d85bbe29-d925-648e-5057-63e9a32a9f41,6162dfe1-2c68-93ad-8161-b9b2887d2870,2022-10-20,2,2,c1430366-5e8e-42ef-8574-e4a2c3c6e464|ac90872a-dda2-46d3-8e50-4cb963e75019,debt_financing|grant
379d34b4-1937-9c30-35ca-55c4632348a9,aac66ea5-6853-4be9-02ad-d76ad727cc69,2020-08-10,2,2,20b4da1a-bccb-4f0c-8f3a-fee266038015|b66a40e5-3c9f-4121-b94c-98867b8e3df1,post_ipo_equity|post_ipo_debt
edb9e66b-26b2-d71f-d82b-9effa3c19af6,6928a170-b866-46b0-8f8c-70fd63ea7b13,2024-06-18,2,2,f3d3defe-ef67-40fe-9c63-d1dc7afd5c88|01f8f598-d2a7-4a6c-9ecf-b377b70d1742,seed|grant
fa8d70e7-18db-4ca1-94d0-9bace808c038,832b3fbf-eb42-4d72-a111-816ec39ced13,2016-06-06,2,2,d0933864-0f14-4de4-9713-fdf7be04d88f|35c9703b-2c99-4289-abb2-612f1db97abc,debt_financing|undisclosed
4eee5e60-3b06-6fe8-cc2c-29119a96051d,7ef763cb-a819-26df-238a-78cd0e3a349a,2022-10-31,2,2,b9bce049-773b-4b61-a6ae-cd8681b2dba1|41da6fc2-d7f1-4e02-a710-4cf377efd9cd,debt_financing|convertible_note
b68c993c-4cbf-4339-b8b5-6c2eb430835b,a01265b3-eeb1-4e43-a509-4797572f4a4f,2024-12-04,2,2,ba08fd05-8b21-4544-96e1-5e81c533e3e8|ab9c1db4-2716-47d1-80d6-73b28a6c71c1,debt_financing|series_unknown
c28c0d85-77cf-4ab8-b23b-aa05db600bdc,304cec87-9db1-dc37-9319-3f3b7ebbf33b,2014-06-01,2,2,037e4f94-4abf-4c8e-a02e-8425cb00d397|831a369f-a7b0-4131-a6f6-27a89c15144a,pre_seed|grant
3c62db15-4db8-016a-145e-dd1a06d168e2,844979a2-27a1-4a82-923f-97fe73b1be95,2020-07-14,2,2,241303d6-631e-4ea4-91c0-b3eddbb542c0|b5f6abb9-9224-43cd-8bac-5954f2becb60,series_a|seed
495e8c5a-f6ad-fccf-9b5a-d51f42587a8b,31753835-2f77-4360-bbcd-6c6a39cae79d,2024-10-08,2,2,516f6b31-2a87-4ac1-beaa-30a8b1c2c601|9bbacedc-f550-4ba8-9fb5-24038bda64f2,grant|seed
9aa041b9-d9f2-39e7-f056-a0f4d6294220,88cde1da-c721-4971-9f33-9bbd7a37b69f,2001-01-31,2,2,6dc26f90-3627-4b0e-afef-d17ac0a926d9|f8951bbf-46b3-46ac-962b-013feeba223b,debt_financing|series_unknown
ae6eb8da-ebb3-42be-9ee6-644a57af8755,9f5efda2-8f1f-4f24-b1da-0328be79be33,2022-10-21,2,2,a7e4adda-a92f-4375-bbee-b737fe613ed7|4f4ad630-1d3e-446c-a4e9-37aaa0f04b15,series_unknown|grant
ae6eb8da-ebb3-42be-9ee6-644a57af8755,9a6b5989-3367-482e-801b-e1eb9c534033,2021-06-16,2,2,48f5a8ac-be6c-443c-96d0-105a4ca2c8e8|753ede4d-f65d-40d0-bbb0-28ca70c964c3,seed|grant
7d10db48-4be4-47b9-b59c-8b104285c18b,8f4cfad1-1d28-1105-13d0-f2a99121872e,2025-06-17,2,2,4159f66c-4c06-44fe-b1d1-5ed3bb43073f|bde17685-7f93-4d6b-87e2-476072b80fb5,post_ipo_equity|post_ipo_debt
b8cc84ee-07d2-71cf-dc80-8995baeb6b8a,e7871c59-b577-4ad3-b038-25200721388b,2017-04-01,2,2,60824d12-77ef-4a43-a871-2bd8b14de35a|4cc722e9-567c-49a9-8fe7-cf8f1baf940f,debt_financing|series_unknown
73d69010-1075-5c2f-c09a-08bd1ea430a4,2cf1c658-9311-4528-8282-df3c2f99c962,2022-05-25,2,2,02e609f7-8336-45c9-8170-c323fc96c65f|7f89839a-521a-46ce-9c03-1fa147884558,debt_financing|seed
eac47318-7d6b-d0e1-553a-05bb0065731d,808d09f9-416e-076a-b2d4-fe0f5718cb94,2021-04-08,2,2,bc5d195e-fca8-4bb3-adcf-1877375e6e7d|a3562de0-38cc-4758-8784-ce3c9a3f8660,secondary_market|series_e
9ebb7f19-5be6-6f74-0aea-a6c9fe2fd04f,27a6234f-224e-4f0d-b186-d65be3f160ed,2019-04-17,2,2,c354bf84-cdba-4bca-9938-da7a895b51b4|b4171993-06fa-40a6-8a8d-b9052d43392f,series_b|debt_financing
81caee28-8f53-4018-88d9-dc715613f4f4,30c29072-6ea2-1a23-4bcc-82f28edcdbfb,2014-01-01,2,2,d3085c68-85c3-462b-bb4d-5225a5776d7c|bf89de55-addb-4970-9333-5fe691dac0f1,grant
edb9e66b-26b2-d71f-d82b-9effa3c19af6,54305e7b-2549-4f2a-9f35-73800ce3f162,2024-06-18,2,2,9a9a9a90-9ae2-40fb-92db-e32b4471dbe4|8cd191ed-6658-4fcd-b634-e1907c8a76dd,series_unknown|grant
9aa041b9-d9f2-39e7-f056-a0f4d6294220,522f8744-ba55-49ca-8160-b0f3b4906ba2,2017-03-01,2,2,6c9aee32-e0ea-404d-a490-6cb295bb943f|ee762f0a-ad96-43a8-83d8-e397839ea754,debt_financing|series_a
9aa041b9-d9f2-39e7-f056-a0f4d6294220,24610916-e3b1-11c3-cf2a-4de8b7875b5f,2020-12-23,2,2,2ad1615b-cdad-4238-9d27-05eb95619199|f3e02be2-2f2b-4e29-b260-4b22f86ce1e6,debt_financing|series_unknown
f96900bb-4948-4368-96fe-869d61b271eb,04ff612f-6bee-42d8-ad7b-3802d5fa9ad6,2023-09-26,2,2,5ae67bf1-23d9-4889-bb60-0964e1d5353d|83381c4e-5b2f-490a-a113-77a0589897e6,seed|series_a
f07266d5-f4ae-3e2e-2350-d6c1c0d49e7c,d249af01-d6ab-ce77-ed14-6059a32544e8,2021-06-29,2,2,14ddc69a-ed75-4cba-86d0-2c32a4d8a847|38b1733e-eb6d-43bf-ad7c-c5d06c5157aa,private_equity|debt_financing
304173b9-c7a4-6305-9961-20239db03c87,04ff612f-6bee-42d8-ad7b-3802d5fa9ad6,2023-09-26,2,2,5ae67bf1-23d9-4889-bb60-0964e1d5353d|83381c4e-5b2f-490a-a113-77a0589897e6,seed|series_a
dab026a4-842e-4a03-a565-49bbbaac25ae,2da88d7f-99d1-44c3-8158-810c28b1d1ed,2025-11-06,2,2,28eaf6aa-b2da-4656-a882-254c42968a4c|26bfe8f0-fedc-4724-9c85-b11f4bf80b47,series_unknown|debt_financing
f2eb29e4-11e1-4269-bc76-88982ef3338c,a2270c68-68d9-4863-858b-a2341e4cca86,2025-03-13,2,2,0e271fca-19fb-43c3-9caf-161ced4c5e39|c17f2547-4985-4001-a31d-19c15a4eee39,debt_financing|undisclosed
e403b3c7-fb2b-667b-4839-1b0522992927,fad8e57f-5300-4e5d-9cbd-ecca4dff29b1,2025-10-16,2,2,a6f2fb96-4585-4a2a-b747-7b7b6d7c2eeb|0a4bec93-387c-4bb7-86cb-4ae0d05a498b,series_h|secondary_market
a04473bd-a15b-40f1-8e1c-6f5bc5518c90,4bff557b-99b2-46d7-b51b-d31a8001ad0d,2025-06-16,2,2,52e6dfe3-a507-4340-bb01-f317652f188d|2d354304-eaaf-4c87-bb47-986d72cf1290,debt_financing|series_a
deea8f78-a62c-0e9e-1de1-cb1aa1c46675,3efe5d37-5198-628f-f376-fb453f84a862,2014-01-09,2,2,3fac0d19-682b-b897-24d5-93800af002ff|62bc2279-dde5-ed05-e08e-2b1719019daa,series_b|debt_financing
14396192-4718-4084-4017-378d4b41cf6f,43c3a6ca-82e8-46f5-8853-2867e9ef6b5b,2021-10-22,2,2,1b2c3328-890a-4353-a6da-502f9055aed8|ed7fe617-c019-4b70-8faa-1a26e19e5172,series_b|series_a
f2eb29e4-11e1-4269-bc76-88982ef3338c,57156f80-9c7b-47d3-831e-85263952a5a2,2025-03-19,2,2,56899973-9f8b-42e5-9241-9e7d61c78016|600fc3e9-df95-4dde-9756-aa07ca91f46d,debt_financing|angel
59e41cb0-550d-49bb-a792-fae8b5873e3b,c6f38999-fcc1-4cd0-9ad4-3e63af04edf7,2024-02-19,2,2,bc1473bb-b32c-4a11-957a-761ed6fbfc6a|1671dcdc-8a43-400e-ab8c-a14ecdd60ff7,debt_financing|seed
ae6eb8da-ebb3-42be-9ee6-644a57af8755,f8359fac-f31f-44cd-a036-31b1da963071,2021-06-16,2,2,5a620332-9b1a-47d8-9887-da733bce284b|01462597-4050-4833-8474-1cab74800787,grant|seed
60a8d903-841f-c27b-a5dd-e44ab18c0808,a6709625-9fff-4569-b06d-c6d89430f346,2020-05-19,2,2,fa519d14-1179-48d0-b0a7-b403407264cb|5609feff-eb63-4cf8-835f-202e323bd912,seed|non_equity_assistance
af2b29ba-a413-7cab-caf6-1cb300c57964,a665d023-6628-537e-09c7-6790f79a9244,2021-01-18,2,2,06296cfd-ac1f-4ac7-8992-db023d2bc947|d3d45b8e-9ffa-4bd3-af16-1507429a5cde,series_unknown|debt_financing
899e4ad2-b7ab-f59e-a944-4763879f269e,e6989ef9-05c1-43ff-a1e6-7b4bb94e3de0,2023-06-01,2,2,031717e5-31c3-4790-a56b-89a7f379578c|8fb58416-946a-4a4d-bf65-8227033f3a7d,grant|post_ipo_debt
da7dace0-ea77-d4ee-4af6-7cedb69539e9,7fe55955-0440-436b-a647-7fcfad109cc7,2014-09-26,2,2,29c9980d-a745-451a-9c7e-b7c4d257fc25|fddcac47-3079-4598-9c03-9f6cb5db3a90,debt_financing|private_equity
ae6eb8da-ebb3-42be-9ee6-644a57af8755,7e4b5a94-ea46-dc0b-8fa6-470798aa137c,2021-12-20,2,2,a74adadc-33a4-45e9-b5cf-77795ef730b3|2021292d-a5cc-46af-b513-75d3671b90af,post_ipo_equity|grant
40e3a7d4-6bf3-cabb-34ae-64c4f5bd46e7,2a0e4384-ecc4-890a-97e2-cb4b4f43093f,2017-07-17,2,2,feb6bacd-f812-d571-2e16-bc031fe7d028|364d16ce-3c98-e07b-8997-e9b32ed6a70e,post_ipo_equity|post_ipo_debt
56464531-b153-4b43-9142-0d0278f054cc,88feee01-61f2-4458-96bf-9628868571bd,2026-05-05,2,2,cfec0bbd-7322-4657-b019-81b9cee3338b|17b6a223-e311-4483-8c1d-3531eb321a77,debt_financing|undisclosed
b36ffc2d-6895-1bee-a8ed-994cc1337b85,7cb75a59-9f80-4777-b181-431145c46cbc,2022-08-09,2,2,8e621752-88b2-46ee-81ae-7580b1ff3e21|8d1d3422-8a0b-4670-8e74-8b95ae7e5675,series_unknown|secondary_market
eba8f0b5-c2ae-78c7-ebba-c5606c495610,56b2a338-1f64-5ac0-1bb7-30b721dd1689,2024-07-17,2,2,c07f398f-064b-4e43-b11d-7259fedafb8b|02cc4020-bb82-4480-95ac-f265c02a5c98,secondary_market|private_equity
b7e5a760-5146-449d-a574-2cb02252986c,d454323f-0652-4525-bf2e-10ad7150b0ec,2026-04-14,2,2,e965c0f0-4f12-46b6-ac3f-8042e17b1e8d|55a34f7c-7ee0-435c-b82e-f37c35195cda,post_ipo_debt|post_ipo_equity
620ddee9-92cf-4505-9124-1319f57fec11,a4d7ebe6-bb86-4489-99f4-54ec370596d6,2022-12-29,2,2,ab44ecfa-7b64-49dc-abcf-75c0e5445ae9|975a13e6-d527-482f-b375-a0332d136dd1,series_a|private_equity
ae6eb8da-ebb3-42be-9ee6-644a57af8755,c3e0564b-10d0-4399-9852-aa8d9aff8eb5,2022-06-15,2,2,b2c1c52c-42c3-40e4-879a-64831d3c5bff|367f06a9-9788-4594-a638-e394a2b7ff5c,grant|series_unknown
7ec59fbf-40e8-5c42-03b2-8ec0ba944441,ec7e0b70-9caa-47ae-aa4b-a46aa910fab5,2025-07-20,2,2,e7593d77-cca1-40b3-9aef-5b2e2d162141|70c97ed1-0b93-4aac-bd1a-63a875443b8a,post_ipo_debt|post_ipo_secondary
cd7cc9a0-0f2b-13fc-cbc7-222a6b28fa95,ead104fd-8fef-43d4-95b4-80ba5b7ddb27,2025-08-06,2,2,ba9b9302-f783-490d-a45e-89558fc4286d|d5bf768d-9705-4f88-937c-3d19acf58b83,series_a|secondary_market
0f7b36d2-0abb-34af-95a9-09f1781f6131,95eee55b-3b28-46d0-85b5-c05ccda3d868,2024-09-19,2,2,0d472a09-6570-4efa-8cd5-d8202bfdfbfc|8bb65ab2-d1da-46c3-ab21-d3b74fb1bf6d,series_d|secondary_market
4824e251-2232-8563-012d-ad031dfab341,3c970ad8-4b7f-4c09-bdcb-9dd1ae9d82d6,2024-09-20,2,2,c97b893a-25ca-446c-9d4f-974e54fbf87e|361c127a-be8f-47e0-b942-35dbe2824a7d,seed
c540fe96-b9d9-4529-a62f-a79ffe067c77,02566f4c-e2e6-197e-0ed0-ab86e984e743,2021-06-08,2,2,0966b53b-ae31-4c18-9be1-a195edd6e531|453d274b-8950-4ca8-8959-95276b65895e,series_b|secondary_market
6a43fd6d-dc70-f07b-077c-942b3bde9203,c0e50333-ff76-4ed3-8a04-6fcea7fc689a,2024-10-14,2,2,085c7462-2107-47c7-96a3-3b2b9de7ec5c|44dcd8dc-8fd2-40aa-a350-ddb930ba4eb4,debt_financing|seed
809d0f70-9c3a-48ba-9c04-fc6e75edc6e5,f4296814-e1ca-4ae2-81ef-65219df9d2b5,2024-07-15,2,2,9f6c6b95-7a68-4f2e-91bd-8eecba8d7e76|b1cb055a-0516-41bb-8553-9fdd1ac235c1,grant|seed
284bd8f7-a0d1-488e-948a-1c535be7d012,a99583f7-2cac-45c3-9b00-794ab019a088,2024-12-31,2,2,1e369c7f-a277-420a-84db-cfb6e090f23c|895c53d2-53f0-472b-a3cb-25b0e1cdffcd,post_ipo_debt|post_ipo_equity
adc3106c-d982-41b9-92a5-2e5e4b6e8e7f,9942f12f-3a4d-413b-a8c5-b306c70a8589,2024-06-05,2,2,71ee37e9-7f1a-41a4-b773-859d45e79ae0|723e8db8-a489-4a70-ba92-7164d34bd1a7,series_a|seed
b18358ef-3ed6-1916-e045-98a9a6e939a5,2f2af45d-712a-4641-b7c8-8c79126d80be,2026-02-04,2,2,73ea221e-c28d-4eb3-9c1b-00f1e1823a9d|2a2b6962-44a6-47c8-9289-15c7d2315694,series_d|secondary_market
b6601cd2-d31a-a45c-043b-cdb933f01987,8445cb80-8ff0-493a-97d2-49596acbe883,2020-09-17,2,2,2043ccde-b49b-407a-95b4-f28e9c4ed137|24e96e03-1f5f-4a26-a515-30953f46f090,corporate_round|debt_financing
0d1a939e-b9bd-76ad-3264-51d4901d5cc0,fad8e57f-5300-4e5d-9cbd-ecca4dff29b1,2025-10-16,2,2,a6f2fb96-4585-4a2a-b747-7b7b6d7c2eeb|0a4bec93-387c-4bb7-86cb-4ae0d05a498b,series_h|secondary_market
9078d9d0-eacd-43f9-9327-f6129ad71140,f89b4324-da0d-4b5c-9c64-8a4bc053f781,2023-03-08,2,2,ae59be45-e887-4973-9ca5-a4cd261de738|22985974-26f9-425b-88eb-69ae5b5702f2,grant|debt_financing
ae6eb8da-ebb3-42be-9ee6-644a57af8755,aa9cd573-d098-d8cf-4d92-f5599534bca1,2022-12-19,2,2,61313ec3-b477-4311-aacb-879ba4813e49|60855eb4-f8ba-4d6c-9532-519ff1fe07fe,grant|post_ipo_equity
a934eadd-65f2-4c08-9be7-51dad523dd2c,330d4dd5-cf14-49c6-aca4-5d0729e631c9,2021-09-21,2,2,37ef09f1-c6b3-4409-867c-83163ac66ab4|7ceba666-d69a-4659-9292-25a87decedee,series_c|series_d
b8d4ddc5-9011-0bf5-0908-c5930cfef0f8,68daddf8-35c7-f2b0-ae0a-eb4e106d43db,2018-01-29,2,2,bfa93e8f-9263-4902-9f64-b3304cb91bee|bed4235a-1078-49db-8078-158a1263b91e,corporate_round|series_unknown
d420cb3c-c5c2-df2a-63db-4850847570c8,d8e28320-ab09-43f5-a248-12a058a6b9be,2024-02-26,2,2,72f756eb-9f6c-4d2b-8fbd-bfe93bd42d2b|31d00f89-aa90-4f9b-b599-619cc31537d5,debt_financing|series_c
9aa041b9-d9f2-39e7-f056-a0f4d6294220,6f1b499e-a6d6-3b7f-e6ca-e9e8e3f4b1c9,2003-07-31,2,2,c48ca31a-d26c-4cae-a403-b4a56988e0e4|d62f04df-a148-42fa-9fda-bea6ea0e4c7c,debt_financing|series_unknown
5d198922-93d7-43f1-baaa-3a50027a8c62,22258084-5c6f-433c-97ec-41bea24587ce,2025-02-19,2,2,4d5e2afb-0a4c-44da-a6be-727e87e16258|fe1d4828-d03d-4c33-9aa0-9557da898780,pre_seed|seed
809d0f70-9c3a-48ba-9c04-fc6e75edc6e5,e7b08ee1-2546-45b4-ba5f-d914faa7a5b8,2024-07-15,2,2,87a7a8db-4f64-4f64-afe2-4cc0d8cb22ef|f0df8a92-cc08-4fe5-a4d3-7485ead237a8,seed|grant
c1afb43b-7fda-1e9c-6781-83c3619caa05,8084e7ab-2af0-43cd-98f5-12bcd70cb038,2022-04-05,2,2,1f3c8712-fb02-4017-a21c-addedd5c8a05|823a571c-b3e0-49ce-8020-3930771e08eb,series_a|debt_financing
54e6b91c-bca3-4b98-61f0-d33bcd359a3e,83fcbd14-5300-4ffb-b3a8-12699e8d384a,2023-07-07,2,2,c8a353cf-15ed-4946-886e-dd9cd414fbe3|b9359192-9eae-43ff-9476-bf8e77d719e8,seed|pre_seed
b7c000b8-0b00-9936-7e3f-7954f1af2949,c866b112-6333-9ff7-5954-09cb24c9e87c,2008-03-28,2,2,ff525b4f-c186-4aa3-94a1-928a1869ae01|13716703-d212-5cda-520b-a51d57c1cf52,series_unknown|convertible_note
809d0f70-9c3a-48ba-9c04-fc6e75edc6e5,acc68cca-eb00-4fb1-a86d-0eea7251a1ac,2025-02-17,2,2,268c01c6-7e3f-4324-8c5e-2c8b48d9b804|3384aeda-4c2f-448c-99b7-2b33bb28ef09,grant|series_unknown
d49796ea-005f-4a34-b6b2-3c6041cec2c9,32b28bd5-2570-4676-845a-096944437f25,2023-06-19,2,2,e7a74cf8-6339-488b-99e6-2e282a6a60c0|5e6c313a-59ae-4b3e-b92f-698eacbad84b,seed|angel
6b353f6d-2aa8-4347-a689-4b162208d810,77f3be5b-7105-bb6f-d9b5-dadc466f285a,2026-01-16,2,2,d60209aa-10da-45ea-b5b7-5d705e53ec24|1d11a1de-02a4-407b-90d0-031bc9e3150a,undisclosed|grant
809d0f70-9c3a-48ba-9c04-fc6e75edc6e5,afa8585f-1951-4621-aaf7-94beff52511f,2025-10-22,2,2,65817050-f49a-4fc8-a667-9f1251055c99|f8a98b6e-1125-4c4f-8947-f8df15a8d14e,series_unknown|grant
809d0f70-9c3a-48ba-9c04-fc6e75edc6e5,b5b847fb-5456-42ce-8cf5-82c85eb2c4c7,2024-07-15,2,2,83bf73ee-56fc-4b16-ad05-5610923e8dca|4b41451f-2803-4500-af47-e175a25892fa,grant|seed
74b1d125-9b96-3650-b101-5479295b064e,38f69f6a-64cf-4045-a94f-1068b33352bd,2023-06-13,2,2,872def58-aed4-495b-b62e-46cf3afb084f|2787e420-dbe7-4d63-9c05-e84a763a4546,grant|debt_financing
4cd27e38-4427-c1f2-3f12-e391f231c75b,04ff612f-6bee-42d8-ad7b-3802d5fa9ad6,2023-09-26,2,2,5ae67bf1-23d9-4889-bb60-0964e1d5353d|83381c4e-5b2f-490a-a113-77a0589897e6,seed|series_a
e702ff0d-100c-4cd6-b5f4-ecae5c1e55e8,cb63d72a-d21f-499b-a23a-df96b4e6660b,2025-07-07,2,2,038dae85-2cf2-40a1-88cb-02e58e4c7782|6c02adf5-90ab-47e8-a33f-0dbc2835ce3d,series_b|secondary_market
d507fc23-cb37-43c7-9c29-7e3e0a4014b8,ad1e1acc-af6d-4020-a2fe-d8ae5501ab38,2023-12-05,2,2,9661a9b2-5055-4861-a486-efbfd328ff9a|83b60298-9999-4cfb-8598-2183e01c311d,debt_financing|series_a
196669a5-54cf-d918-08a1-052da4568700,a512cea9-d426-4849-8de3-08d57083dc31,2020-03-17,2,2,dfb91c63-126e-4898-a332-1aabe2890cc8|d4c7b3a9-f23c-4603-afbc-e20fdbcb585e,series_a|seed
809d0f70-9c3a-48ba-9c04-fc6e75edc6e5,06e5b8c4-9831-43d3-9322-015ff8a5b518,2025-02-17,2,2,63967756-8a35-4adb-b411-147ca8bc9fbe|7f107fa9-b1eb-494b-b5f6-e17faac5de03,series_unknown|grant
0b105988-5b46-9260-40a8-e9b8bc42db35,8d36822e-5d71-4a92-91aa-12498bf440af,2021-03-16,2,2,d9748532-ce0c-4bbe-ac8e-9e9adab1a947|204b4f32-0222-4cd3-99e6-f37b1aad58d7,debt_financing|series_unknown
4694e022-88ec-4423-b3e8-84b31c02b9a6,924c8fb7-29aa-6bac-3816-32c946f11022,2025-02-27,2,2,feac0f13-3371-4bd4-9989-b348bb1da325|afc2d95f-bdfb-4b84-bb99-750ca6ea3b09,debt_financing|corporate_round
5bbf5a7a-48c8-4739-963a-599ee3f23835,356ffa4a-84e4-4026-9bae-3a3b62ebc856,2020-10-20,2,2,4d73a7db-995e-452e-b91f-fb2033b88439|48c17705-e960-40a8-99c1-57b8355b57bb,pre_seed|seed
c2bbfa37-2043-6ea6-8ccc-a9427e60b77a,9a2e8674-862a-d50f-b5a1-af5b6ae6df5f,2017-08-07,2,2,05b01dca-44fc-9992-1ff4-2aac81a8f507|872a7a23-b26f-b484-4315-29437c7fee2b,series_d|debt_financing
59e41cb0-550d-49bb-a792-fae8b5873e3b,b2a55db2-af35-455c-97b4-c7b0be842de6,2024-06-24,2,2,68191149-8238-425c-ae5b-4aa7c67de665|7c7a1689-b8c7-4409-851f-f26b016386ab,series_a|debt_financing
50689e2e-4412-00cf-ea36-1902099bd0b1,44454c5e-e304-05db-8bad-3c28703b32a1,2022-02-16,2,2,34c21854-b4e5-43fd-95bd-9cbd47095857|6afae18e-5789-48c4-8777-30a96e8bee9c,debt_financing|seed
39041e62-6b24-ae8d-1347-4cea947e832c,a0deef29-7395-5d71-e01c-9904fb9e9a4d,2017-01-18,2,2,f6040b5f-bc0b-346d-a62e-b236f9e61739|c200e2fe-2389-883c-773a-d848e47fbee1,convertible_note|pre_seed
55185328-26f2-742c-6d70-1651ac186c73,9332ef15-5d14-4165-8016-006e65b3d11e,2023-03-07,2,2,90d04df6-f0af-4f6a-92c8-7e4fce1f978c|31f3a9de-5783-4781-be40-079cd04a1b97,debt_financing|series_b
f0f10b24-2aa8-ebcd-f0ad-be79655b9da1,ecd34ff0-841f-bfa9-441b-2b6dfa09909d,2023-04-24,2,2,af978150-cdb1-4729-bda5-20b13d8d9e62|ae4ff040-618a-4b49-a03c-5a8260183f5b,convertible_note|debt_financing
7bd48a3e-43e6-4d99-b9dd-830858bf5cca,04ff612f-6bee-42d8-ad7b-3802d5fa9ad6,2023-09-26,2,2,5ae67bf1-23d9-4889-bb60-0964e1d5353d|83381c4e-5b2f-490a-a113-77a0589897e6,seed|series_a
2c0626c9-3726-d108-9294-df04efa82796,52db922f-e0f4-ff82-db9e-a29ec5a75969,2010-06-29,2,2,ad67e3cc-3a7d-4e11-93ed-98aef4903b9c|bade50d2-cc0e-412b-a81d-9c9dfef9540a,private_equity|convertible_note
acc2cc25-ef41-ce04-2b36-4841669c5339,762dda90-2bfd-4685-8678-c04515534725,2020-10-01,2,2,e7744ab4-081c-4b9a-9154-eacab9a3219e|c909dd40-a7d8-409d-8e1b-037de5ba9eb0,debt_financing|private_equity
5f179d40-9f32-672f-ef1e-aade22c090b4,d6061fb9-7f76-1c3d-d928-31e9dfe57527,2021-06-17,2,2,597d2e34-76af-44ed-bb8d-de488ab13e6d|5c4f19c1-0777-4846-879a-7267dd482bb3,secondary_market|series_f
b4ac760f-fcab-6a2c-b902-b5d66d37a4bf,8957c749-4d0b-4b91-ba9b-6007248e318a,2022-02-16,2,2,9286e0d9-6901-4168-9bbf-26cb148d976e|7af9f0a5-caad-478a-b3d9-ff5a25a5ef05,seed|series_a
979806b9-d487-24cc-53db-37b2c9799748,a892988d-b843-4fc9-84cd-ee67a2b54186,2024-01-15,2,2,3f2eeed5-2a40-4864-b976-8bf880e045eb|3918b402-36d8-4de1-88b0-831c099f20c0,debt_financing|private_equity
ae6eb8da-ebb3-42be-9ee6-644a57af8755,648ae812-5b01-4eba-a86b-785715c1be75,2019-10-09,2,2,b6b0dbab-46c5-4555-a66b-fa866856db72|cf895e34-cefe-43b9-bec3-0e55be1b8426,grant|series_unknown
a6caf3cb-9fac-b175-3e47-591ea84f93c7,2687f68a-16b8-09f0-b9f9-9a916bb2e4d2,2013-10-02,2,2,fe6ec425-3feb-a6b6-5c8f-3849178e59bf|742adaf0-8ccf-ec65-177c-1ee61b1028d0,series_unknown|debt_financing
17d626a7-27a7-a51b-9337-3839f8ed055e,bf341433-c595-1d16-6b76-a72ce84948d0,2020-08-03,2,2,24713780-ab27-4dea-8e67-e1abeded7d75|61151ace-30e5-4d52-9d9e-93355835b86e,post_ipo_debt|post_ipo_equity
c13d65cd-6920-4cfc-8dba-fc52220ffa6e,8b2727f5-85b9-e2cf-5459-1d8219b6729b,2023-11-22,2,2,aa9629c1-be04-497e-a1c6-2c4a72fadfb8|571575b9-25b0-49e2-9108-ea96fe99cda3,debt_financing|series_unknown
ae6eb8da-ebb3-42be-9ee6-644a57af8755,9292b399-26e9-4bdb-a86c-b965224ba988,2021-10-06,2,2,3972bef3-a693-4aba-a595-36f68776fc24|0a2243bb-d6f7-461b-8973-7c54a39486a4,grant|series_unknown
a2fc8fbe-32e1-3219-a3a8-665ae83f7243,c21a9b8f-253b-077f-972d-9ef860ed6fc0,2026-02-11,2,2,402b3430-ef31-449c-bcc6-75942d614c24|b4a23d80-6b3a-4c63-b912-2a9d09f3606f,debt_financing|private_equity
ae6eb8da-ebb3-42be-9ee6-644a57af8755,1ce07677-5953-425a-adb6-a94c859e4a34,2021-10-06,2,2,d2aa5065-fa06-4588-a6e4-e64adf7fb2c7|4f3118d5-d76a-4da0-b06b-9ad3015bf9da,grant|series_unknown
809d0f70-9c3a-48ba-9c04-fc6e75edc6e5,2662727d-24aa-4b7e-844d-6db49f28ce90,2024-07-15,2,2,ed6903b5-9da2-48e1-9e0b-0f5f4f8b57e0|7f2ae47a-9d93-46a8-81a4-c278480a55c4,seed|grant
9aa041b9-d9f2-39e7-f056-a0f4d6294220,d63c426c-1ca1-4997-8d2b-73f8066168ee,2016-03-30,2,2,d84689c5-9c90-432e-8fff-41c06102878e|99b510a1-847e-4631-952f-f3ebd5f96600,debt_financing|series_unknown
9baab2e4-d625-4bca-8875-fd6d8baf478f,d66280cb-96df-4005-b6d7-c4a9d93b1c39,2021-06-03,2,2,8738b9cc-cb52-4179-a636-cac83015bb3c|77fc997d-3cee-464b-8340-72ee0f15d9c3,debt_financing|seed
fa75f247-1594-407d-a489-2a6601167d7b,d63035dd-f05c-4124-aca1-cc5d88a7932a,2025-11-14,2,2,3b4e702b-713b-4639-aca3-ffea5e533b45|800007e1-d92e-4ac4-805c-aa5fb82de22e,series_a|secondary_market
6f0a02fa-74c4-899e-29d1-025eeaa01420,9dd72527-b038-4129-9128-9d99bbb5dd07,2023-03-30,2,2,7f9f40d0-1d8b-4e15-8072-775ab077b2cf|e4faee17-c2d4-488b-ac10-15229f7d05b6,series_d|secondary_market
53298b5c-80d0-669e-c833-f0c987377fd6,fb469698-5deb-9571-812f-39a583762872,2025-11-12,2,2,034bd8d0-fb6a-4eeb-891e-d9f523f9854f|26a0f69c-cd59-483b-aa9d-d723a61c95f1,series_unknown|secondary_market
3e3ae5e7-ef7e-4bf5-bd54-1d1d4203bd6a,1f20287d-2401-4917-8949-db28c07e2c9e,2025-10-17,2,2,c0b33926-5c97-4091-9728-e6bc03dfcb08|bd1706a4-48c3-48cb-bdfe-173fb7fda7d0,series_b|secondary_market
436bac32-5502-4e66-b1c8-bb8fdb700588,3d4501ca-390e-a618-52d7-27f7b60dfbd5,2021-02-25,2,2,99dfebff-09ce-4dec-ad82-f8d93ad71e2d|9e039f3a-2b6d-44b2-a82e-ae3e7ce0acca,series_unknown|debt_financing
566958e0-ef8b-d17f-b174-53512a0e04af,ddb8301c-0127-4023-a0b2-ab759c5257e8,2023-03-15,2,2,0ce06af4-32ef-4f0b-a120-6a9e45b68cbd|6502b4fc-489f-403b-9ed5-b60eb4823dea,convertible_note|seed
1d8f63c7-34a1-84c9-4343-eb7b2ba13bba,22492622-391d-413e-9af1-ebdc70c2e0f6,2021-11-17,2,2,1b88ae66-af2f-4c25-871a-30ec239fd9db|8c2ceaad-bdbe-42bd-afd5-4afea1d85a49,convertible_note|private_equity
64ac6aee-a4e6-487b-7281-d4196c6edfe7,4a778ebf-7854-4db1-b0ee-d926ca49f700,2023-12-18,2,2,f3a3fac1-270d-447e-856b-898eac20e5b2|ee701bd9-8f63-479b-9c8e-adb8bd6b9699,private_equity|debt_financing
d5df3873-7871-c608-0284-c74d0b555ccd,f52eef6a-6620-4bef-af3d-1a7d0d0a8b63,2025-10-28,2,2,e53036e4-b70c-422b-a53c-4c44270c02cb|665f248b-3dcb-45d6-af86-3befc5b4d6dc,series_c|secondary_market
809d0f70-9c3a-48ba-9c04-fc6e75edc6e5,d54e7b3e-7a01-4561-83b9-dabe07b875f6,2024-07-15,2,2,e47138d5-1d5c-445e-a3f0-d72d6880c9f0|36302436-130a-4351-a6de-865aec8ccec3,grant|series_unknown
e7c85d97-25ee-4989-8ad5-7bfead5ccbff,2f2af45d-712a-4641-b7c8-8c79126d80be,2026-02-04,2,2,73ea221e-c28d-4eb3-9c1b-00f1e1823a9d|2a2b6962-44a6-47c8-9289-15c7d2315694,series_d|secondary_market
c6f5107f-30a5-494a-b99f-3f4fa09b519b,61a10836-2e0f-bf71-943e-f71be12dd963,2021-08-31,2,2,04c96358-df72-45de-b742-60d034d4d63b|97f9f296-6e0f-4fcf-9b59-893f8ced6287,debt_financing|private_equity
2ec8f6c0-aa66-4336-a86f-0aae7b0472c2,fe088d9d-3892-e0d5-9c27-cb0e0fdce561,2023-06-22,2,2,a09193dd-531e-40ac-8176-00d3b0c78805|1705416b-41ca-4ecc-8cc6-9197a07e3b02,grant|post_ipo_debt
dd1bc061-f569-4331-9043-5ff0da7dc706,3892260a-f001-a21b-eaa7-6d1d0baad803,2025-11-05,2,2,2cf8c1e4-f156-4dd3-9740-1ea08b7780b1|d45c6f07-b876-4448-9154-a6069bc1abe2,series_f|secondary_market
fe5a4983-a46a-2fc2-5633-e35e0a86b694,a5d4aa16-e6fb-4422-810a-37e4ab994f54,2023-10-24,2,2,b465d299-50ae-4c77-918d-a71bfee8c5ef|2dbe97e6-9636-48cf-b42b-777e7138fd63,series_a|seed
07d82047-c9b7-1328-137f-117dacaa50ef,b424e57a-f7ab-49e5-ab63-ffb0d666efd0,2018-01-10,2,2,2e0d46e3-dea3-465f-829b-204646fe9e8d|78c180ef-e798-4cdf-aab9-abb748d14a5c,series_a|series_unknown
06e630ab-9972-6fa7-6b05-3027da2c731f,6f5592c6-0459-8edd-6959-1be6f5ac5e15,2022-01-13,2,2,d1310e54-e466-41a7-8b6b-468532fae70a|7d7c7a5a-38ee-43c7-9dda-9dce0143b27a,series_d|debt_financing
efd8cb93-f082-521c-409d-ef778afb3ea5,1e10fc76-fb0a-a107-d7a5-f174fba7dddd,2026-02-23,2,2,63ae7bd6-4faf-4084-85f4-478c7e3bf88a|c9e90614-ecfe-4e92-80e5-0257c1ac42a2,post_ipo_equity|grant
d6f5d4ec-8b52-4c76-8928-128de9f53d7e,6b9f87d5-56f6-4d1e-96b5-f986c1e3c1e5,2023-03-20,2,2,79953543-791c-46d2-b6c7-30ed523e1205|495b64ea-e20b-478e-adf2-ee789585241a,grant|series_unknown
b06889ed-2894-97ad-0f28-74579f9bc9b0,799a6319-e42b-4bf1-b9a7-4a40fde95353,2022-11-01,2,2,7cab2d55-e192-47d1-9d6d-2ceddea7dc11|1f9d5517-01d5-4635-9e00-0d2687471da7,series_a|debt_financing
0ab984e9-7413-addd-0b09-7fd5fdef4150,fc9773a2-9882-32cb-224b-1b0e53b14369,2019-06-01,2,2,e9a78b09-d5a1-4b8c-8401-d733e8b18129|3ac761ba-ca40-4108-986d-4dabed62cf7d,grant
f07266d5-f4ae-3e2e-2350-d6c1c0d49e7c,e93e57ae-ae96-4f4f-937b-0a2e1a52a5d3,2025-02-10,2,2,83773342-7921-406d-a551-48440549351b|f25ffece-c2e4-4d64-b13f-cefd41e34389,private_equity|debt_financing
6e143053-ce51-4906-c65e-0908afb5481f,677d6b04-aaa8-4d80-b377-0b09e2351aba,2026-02-10,2,2,4d97a57a-609a-4aa7-872c-9139a1f86fea|d504ec60-243f-44ef-bce4-0bb06d6705af,debt_financing|grant
34625d12-5cbc-3dbd-8e7b-e48ede95909b,1dff7363-a63b-4326-82e0-65616aa9c3f0,2022-07-15,2,2,2cd2df06-0e95-4662-a48c-91a1328d129c|1f3a0fcb-a7b8-4e3c-9e21-5a007ea4020a,grant|debt_financing
fb8d57c4-eb30-d2e3-ac69-b62cc0f27bbf,562700c8-1bf4-1d42-1720-a81cb8edbd78,2015-09-21,2,2,7099f342-2d7e-4724-885d-0c6e9bbad4eb|d6d79bdd-d37e-2a86-a3cf-b896f8709cdc,series_a
043d9e52-dcc0-0dd8-6074-206e42e20e13,e5485970-5ef7-4691-a127-5e8ac17a5568,2026-04-15,2,2,2ea25810-c1c0-44c9-9041-23190ddbe7e4|fbad6074-0605-45b5-93e7-b1ac01ae6751,series_a|seed
823b46e0-87b3-545d-4df8-e8aebc07e3f1,0bad9b2c-d0b3-4644-af07-2a38c84c45ee,2020-12-23,2,2,3906a34d-bfad-401a-9156-d27ec87f821c|6661f546-58f1-4677-8dad-38885389c6b4,series_a|secondary_market
41c86641-6ba3-467d-be6f-7809dc2ba8e0,8bcec3c2-7e12-4a21-bfe2-94a959e4f6c6,2022-11-14,2,2,18e430ea-d39b-41d8-a669-595b0b821d43|2234e123-1909-4f26-bee8-a66c79f71c06,seed|debt_financing
a6e4c995-d4e0-4a12-87c9-fd1cfd0b556a,2a2e2886-bf13-44c6-b94b-20cf8a79aa5d,2026-04-10,2,2,2ae2d5cb-8072-45aa-b877-3b1f02950386|cfa78c03-dfa3-4324-883f-3097fa6b53c8,debt_financing|private_equity
edb9e66b-26b2-d71f-d82b-9effa3c19af6,08e0db3a-e95c-4cd7-b07a-62ce63816fef,2024-06-18,2,2,970a8804-aa3a-475a-85a6-f68f007a8d8d|7515e54f-896c-4eec-af22-333bf095a19d,seed|grant
95d0c170-5fc0-2c61-e32e-9276ee396604,48934f2b-5d6d-4b67-8034-42180bcaf1d1,2025-05-06,2,2,550d1151-ee1b-4dc7-a258-fecb21ee9a55|49a5648d-8c4a-4da7-8392-dd21ee76f6f1,private_equity|debt_financing
809d0f70-9c3a-48ba-9c04-fc6e75edc6e5,afa8585f-1951-4621-aaf7-94beff52511f,2025-06-24,2,2,9446f6c6-3002-44b4-8adf-b0f46bcc13d0|f3268dac-1e8b-4a78-a290-5522dcab1c54,seed|grant
a2137651-c6b4-4c99-87b0-b31b061b2cde,46ff643f-f78b-4cfc-a15a-ec9c9b149b2b,2025-10-21,2,2,f91f447b-ee6d-46e8-a694-1cd4130358d9|cc1671f1-a9b6-46ae-b516-a392ac2b141a,series_a|seed
b4bbe64e-c694-c762-66cb-1d4141c68093,94719107-fcf0-4940-8857-b4bb488e4686,2025-11-05,2,2,4f183de8-9e24-4756-949e-cb7c20eca1c1|3f5aa107-432b-4541-ab15-e39293e97319,seed|series_a
39041e62-6b24-ae8d-1347-4cea947e832c,e971cd26-1a8c-4e95-9b98-cc28f54a5d0e,2021-11-29,2,2,46081036-5ec9-4db4-b486-636a42105cb7|9551397f-17f1-460d-9aca-26644420e71a,seed|convertible_note
ae6eb8da-ebb3-42be-9ee6-644a57af8755,cb283ca6-08e7-4f66-b822-0ed80275cb6a,2021-10-06,2,2,9cb39d4d-bf37-4fe6-9e81-cef4350c827c|11366d45-dd43-492f-84ec-c3595a66ae61,grant|series_unknown
e8a2a373-e5fb-e91a-70e6-fe48d35e4c7c,a008b54a-f85c-83e0-0e81-1e3cefddb0e8,2019-11-05,2,2,a7b3ea7a-619d-49d3-b6ed-0796c248c2ba|206be6a4-4be0-40dd-bf6a-b7de942e1a0e,series_c|debt_financing
59e41cb0-550d-49bb-a792-fae8b5873e3b,2358810e-56ed-6dd8-83b8-1199b612d0ba,2020-10-21,2,2,9dc803c8-74c9-47e6-b0b2-55483093dea4|ad7c604d-9a77-4af2-9ca5-493d0317523f,debt_financing|series_c
ae6eb8da-ebb3-42be-9ee6-644a57af8755,478d993a-304b-4b63-be8e-190c9c689f87,2020-08-06,2,2,a34ab11b-809d-4d5b-bf59-e5f453783ae0|0d0add52-ff5e-4714-9f42-cac2aca153e0,grant|series_unknown
4fe71a59-a00e-4271-a1fd-14699c55aaec,f8f3eb91-f504-4f56-98ab-45d97f439c86,2021-07-15,2,2,dc8296e8-da44-4537-abed-719b065fa68b|807bb913-3731-47fe-8bb6-32f7ec48d029,series_unknown|secondary_market
0d61a451-35de-61b5-e5ed-53927f614d8b,be7303e2-bd6d-4747-8199-032ae6a75e1a,2026-01-20,2,2,c1d08672-a234-4646-8952-9d0840b95b73|390da1a7-c922-441b-8224-8d4a8e68db43,series_b|secondary_market
7316f156-6032-ec6e-b0cc-ac09dc8746af,6d977b1b-beb8-2f7f-9adf-badedc2defd8,2018-06-27,2,2,52067add-c98e-4062-af65-90e3af24ada3|3293d805-c72f-4748-b72f-166658ea8146,series_b|debt_financing
c9c2db23-a59a-4df5-b951-8b7f9414a5e2,0a428c4d-fd27-4367-8eb0-6114f2b4970b,2021-04-22,2,2,587d59f0-31ec-4d0a-aa3f-67574fb4b978|99f07970-169f-4bc0-aad0-49672b3cc788,seed|debt_financing
9aa041b9-d9f2-39e7-f056-a0f4d6294220,85eda74d-e203-dacc-7db5-641f91fc7c48,2018-03-02,2,2,6025df03-4ea3-42bb-8b6d-a7c32804a5ab|cbe342cd-a96e-418c-9275-c2435bd5e2f6,series_b|debt_financing
b55d6d95-38ce-4387-9388-c36b374537a8,7980c09e-432e-5492-a305-27fa2cce30dd,2025-09-10,2,2,38d9d935-65df-409e-9dae-2c565c8b708f|3142789e-01c5-4329-88dd-08d86b48dc41,post_ipo_equity|post_ipo_debt
ae6eb8da-ebb3-42be-9ee6-644a57af8755,17bbf3ef-28bf-275c-9871-4c5f29e89052,2022-03-23,2,2,7424a420-0b86-4e42-83b2-7113a1a91664|1aecd4d2-9b16-4101-b09a-9e1b30aaf42f,grant|series_unknown
822897ce-8ef2-d0e5-d178-e7aad0e66bf0,2f2af45d-712a-4641-b7c8-8c79126d80be,2026-02-04,2,2,73ea221e-c28d-4eb3-9c1b-00f1e1823a9d|2a2b6962-44a6-47c8-9289-15c7d2315694,series_d|secondary_market
102ac4ab-ad82-452a-ae71-28322adba050,4cd95e58-cab7-49f6-897c-7d35c1cff6ca,2023-04-13,2,2,ce811a05-fac4-40bb-b7df-395f63adb537|6b669b45-6590-481b-ae7b-380c544382dd,series_unknown|debt_financing
708b54be-b1b5-4663-8590-9df2543d84fe,0093f1fa-e551-c513-4582-6cd7d5ca9ab3,2023-03-06,2,2,bbceda1d-9eaf-46dc-b7e7-5cc8a81cedfb|0b598464-58aa-4701-b9a0-9d3a460dd4ed,post_ipo_equity|post_ipo_secondary
3bd5c9ab-cc35-8292-b39e-8732648f460f,6abda9a9-d02c-57ab-fa9f-a7f36cae2554,2019-10-16,2,2,4d4ef6f8-3021-4dbe-9dfe-7eb232522c3f|34dbb905-2f46-4a8a-9213-cde1049c1b33,series_unknown|debt_financing
d420cb3c-c5c2-df2a-63db-4850847570c8,c641de03-3d10-4bae-9b9a-4682f33c6e33,2021-02-22,2,2,4d91540a-480e-4e89-9afb-459971bd1b16|daac242a-5f39-454a-a8e4-332eda3fee1e,pre_seed|grant
3931f5c3-e4b1-4fdb-b1a5-e37ee96f45ff,ddc19a9a-a444-46d7-9ec8-23a1f97f15c7,2018-11-22,2,2,65f201ce-403f-4a76-8b7e-4246add748f8|2da79b9a-415b-4f74-b207-36401b5b30b5,debt_financing|convertible_note
9bb90a35-ef1c-bd76-c707-18f0bf20ee43,b6d1f578-887f-4f43-8202-b1cde0a12fd6,2026-01-14,2,2,2b32a8be-0bb1-4d03-80f9-07e02a0b4aa0|8f4bc154-72ba-45fd-9941-4d146eb9e5ba,undisclosed|secondary_market
15d1a0ba-4572-4165-95da-edfe62b7455a,d2d4ebaf-66d1-c550-b0ea-53f1538345a1,2021-10-28,2,2,2feefb86-b98a-4aa9-945f-9835fdb6b003|d77de53b-1600-49ac-94b7-0a0d60e90a94,series_unknown|debt_financing
13079cd0-6c8f-4767-9849-b43e49b4bf79,ba85bdfd-8d83-121b-6f43-27d30d185374,2023-12-05,2,2,c0d1da31-385e-4eb7-a3e0-0fbadfc5c3ee|b9b3079f-a33c-45b1-a16f-17d8df94f581,post_ipo_debt|post_ipo_equity
6f20df52-6b80-47ef-b136-ab7f4aa303f6,6faacb25-fa19-48f1-acf5-f77f92d271c1,2024-10-15,2,2,b1cc57e6-bc93-4bbc-b993-1518b81b9320|4b783378-ed02-499d-ad01-ff257f781460,post_ipo_equity|post_ipo_debt
0019420f-bc97-4b73-ae7c-4d53a679430c,54f01d6d-a92e-4ba1-9307-eb81d3765174,2025-06-20,2,2,17df96d2-d515-472f-bef1-e998837d76b8|b150b2a1-072a-4989-861f-4241fcc239fe,post_ipo_equity|post_ipo_debt
b32594d7-fe7d-3e78-7676-3f59e9d55374,df95b543-a31f-126e-9338-5ce789e574fa,2015-06-09,2,2,56cd8758-aea3-4d59-8d79-c22e2c9904bd|249d0935-ba77-2266-bdc3-00c6f5c3f7fd,series_unknown|debt_financing
0caaa18f-916d-f2b2-35c1-d130e7b05e30,65b72f23-7324-4b18-86ab-d8b8e176cbe4,2020-10-07,2,2,42c46528-bcb0-434e-a12d-91a85c9614dd|5f6ac187-ac80-4b30-ba6c-4fcb97834828,convertible_note|seed
809d0f70-9c3a-48ba-9c04-fc6e75edc6e5,7dfcf13a-db5e-406d-843e-20c25b65c596,2025-07-24,2,2,26669807-b50d-40e6-9f14-7a6ec4cb8e0f|f1f1dc7b-635b-4c9c-acb8-53a759a3b96c,grant|series_unknown
8c5ff693-d08b-fce9-7829-236ebf2fe254,fb720a65-cd64-ffe9-a431-56dec571458c,2020-06-30,2,2,97edc3dc-54b7-4f2a-9ea2-ad7e701a1cf3|d7f9452b-270e-4733-95f7-ba4a8a0dae9c,post_ipo_debt|post_ipo_equity
dcad8d78-5b66-77f7-db03-f37016aadd49,c2fb8a41-cca6-489c-97bd-616251ca5a63,2021-04-07,2,2,44eb7878-e7d5-4912-8ae4-69e75f251163|d8b10b3e-9724-4ea7-8380-052965e99966,debt_financing|series_a
3c62db15-4db8-016a-145e-dd1a06d168e2,8957c749-4d0b-4b91-ba9b-6007248e318a,2022-02-16,2,2,9286e0d9-6901-4168-9bbf-26cb148d976e|7af9f0a5-caad-478a-b3d9-ff5a25a5ef05,seed|series_a
1ab99a2c-0906-f574-5ebe-9459bb1d3267,40522689-db33-4b71-888a-ff537ac52d05,2026-04-30,2,2,7fe19d47-7af5-4c4d-90de-9999f96129e5|22d43e59-3ef2-4482-95e0-eb9c0a6d9a7b,debt_financing|private_equity
4f57578c-438d-4882-b90d-e0597ad8d48b,7bace072-c9e3-4602-bb94-4dd55e4dc62f,2024-11-25,2,2,22e30d64-52f4-42d1-9d15-a71c8714bac1|6fca63e8-c8e5-4ab5-a13a-8a1a24ab972d,series_a|seed
0032d24f-2946-4ecb-a53b-8be257454850,4882bf20-5343-4693-9834-845168f59163,2020-10-20,2,2,e8121c1d-a8ad-4fb1-ad8d-4133c02c0f5a|b4d42f11-f475-4351-b445-ebccf08861e7,series_unknown|debt_financing
48b8080d-e116-5fa5-317e-7edc0f023319,23d85c4f-bf92-42e6-9b04-3e1fede22a16,2025-11-10,2,2,24536e3e-fe7f-4db7-8e77-2a41dab113af|390b8ea4-80cc-4483-a393-edbd12edcc15,series_c|secondary_market
39041e62-6b24-ae8d-1347-4cea947e832c,40c1ca20-c430-4295-9377-6097032ff87d,2021-03-08,2,2,7786e4c5-2386-4052-afc9-f2c7326869f2|982b71cd-ae6f-49a9-8bb4-882b28871712,seed|convertible_note
cbcae328-6143-e6a2-15ef-d8b736ca9fff,d2fb0281-82d4-8f36-f108-c75e59a6857f,2023-05-18,2,2,4e395548-b4a5-4204-86b9-50fe4b7690fd|0ab37389-acba-4278-afa1-96138337d661,post_ipo_equity|post_ipo_secondary
983675c3-2ee5-471f-6b57-c9e32a0369c1,0537c337-d460-474d-b325-7d9ceffc6875,2021-08-31,2,2,28c11798-79e1-49de-99f2-b1a44e04809f|25094c2a-02a2-48a4-95f1-01e27604e39f,seed|convertible_note
7cc2b94a-7159-4084-a48a-4bb3eec0cd43,5bd6028f-3970-776b-6e65-c4af0d992f6a,2025-03-27,2,2,79d18329-54c8-4ae2-8e60-a7e09ef9090b|495af459-b7a0-41a5-b9de-2d44b01938b0,debt_financing|grant
d90d9ad2-e33f-cd5f-466e-fb2399962076,daf04f65-8e37-431e-a86d-ea2abd5968fe,2025-07-31,2,2,6342bcfa-bf47-4489-8bfe-f1e525155575|f2b84bb7-cbe4-433c-bc6d-be96ba82a91a,post_ipo_debt|post_ipo_equity
d7977af0-e640-d016-b248-a9232780db63,72eec248-3152-99de-e4cd-20caf2040d01,2016-05-11,2,2,e306b320-e1e4-a177-2651-8eab72bd69c1|4d5f515e-4578-58e9-da7d-cf02c0c4021a,grant|series_c
d59eb426-d788-41f5-baa9-72f6f03bb7e5,1f20287d-2401-4917-8949-db28c07e2c9e,2025-10-17,2,2,c0b33926-5c97-4091-9728-e6bc03dfcb08|bd1706a4-48c3-48cb-bdfe-173fb7fda7d0,series_b|secondary_market
39041e62-6b24-ae8d-1347-4cea947e832c,84065235-3d24-4e2d-b341-4e4e82dbc1a8,2022-05-02,2,2,216de975-1c63-459f-9629-0ca5bb2df463|deca8822-a19c-48b5-8953-0cd039ed9751,convertible_note|seed
4eee5e60-3b06-6fe8-cc2c-29119a96051d,292851b5-029c-45c2-9c5d-43287ddd3be7,2022-04-13,2,2,32eccecf-0069-4fab-9b30-cfa9b9b8777d|4523fcdd-7e0c-495a-8dab-4b043e257746,series_c|debt_financing
3bd82f49-b44f-43e6-9259-fcf96f8c7180,f9da3e89-f3d2-40b6-81b2-f20949aa7822,2022-01-21,2,2,6e650bbd-1643-4f66-bd30-60cd2e1eebed|18330512-7bab-4e14-97e1-50e873d30b09,grant|convertible_note
32f76584-ac98-a77f-d6b7-36f0f6072291,bbff1491-4a30-f34c-d23f-f74d33ed3f54,2019-03-13,2,2,00fb06bc-c6ae-412b-92be-beaece4f68c2|2725e8dc-ce28-414b-b2a9-6995a28e5f8e,grant|debt_financing
ea148ca6-363d-04e4-c6eb-4219a3c5a076,241d31e6-e16c-46c7-8e56-466196cc1d3d,2018-04-26,2,2,36ee0c26-c2f0-870c-5e6c-02febdafb6fa|6a6e3e4c-7acb-4ded-9c89-a59b9dea1eca,seed|series_a
c3144da5-8618-2e95-3a13-60417220da5e,373fb5ff-5280-b1b0-7eec-5bfda0198b63,2024-12-18,2,2,6343ef02-15df-47c0-bf38-444d7fbd2061|67aa790a-0d3c-4926-8501-4234085bb6f6,grant|debt_financing
3d3dcf59-b917-492f-805e-78aa17b585f5,5d820c2a-63c5-4beb-8a80-10914f745ffd,2023-12-19,2,2,d6381d18-553c-49cb-b0b0-edb024e4a344|8ee6ee58-708b-4f58-a708-37a6e18fde62,series_a
9aa041b9-d9f2-39e7-f056-a0f4d6294220,b4f471ca-ff3f-481d-ea62-c70c368fd6fd,2009-12-31,2,2,938f1612-a610-4b71-a2d2-4c11b23effe5|3f82f035-1e8a-43e4-b7b6-24c8640ecc75,debt_financing|series_unknown
62272325-6323-4d7d-9b27-acc73bf99a5b,56bd8069-3e22-4337-bd94-ecb96a15cb5b,2026-05-14,2,2,973e8e94-fc97-44f2-9877-af5ebd902137|78fc9cda-061d-446a-8446-3950da65e73e,post_ipo_debt|post_ipo_equity
9aa041b9-d9f2-39e7-f056-a0f4d6294220,b69ea576-9d35-4491-847f-9f708f0cb052,2012-12-27,2,2,cd60d086-fcf7-4b5f-b94d-97b4d5ed5eb6|474ea800-fffb-493a-857c-8eaf59b5dd37,series_unknown|convertible_note
74575822-bc8e-0ed7-3117-0cc095a263b4,a010850c-06b5-0f19-f9bd-16708915ac58,2025-10-27,2,2,2b902bb6-e3e5-47b8-a27e-28e3ccb8b755|5356e1c4-7c84-4e18-aa4a-dbee41cc2bb9,series_e|secondary_market
ae6eb8da-ebb3-42be-9ee6-644a57af8755,f0184b63-f195-4c23-8849-c363dba40b6a,2019-10-09,2,2,0235d2b8-1ffc-48ce-8b8e-ae875cf0e3e6|2071422a-684d-4df5-8bc6-106d9e6652e2,grant|series_unknown
b08efc27-da40-505a-6f9d-c9e14247bf36,1df7028b-864a-4c76-b0f6-1b27c976428e,2025-08-10,2,2,237fbcc9-506e-49a7-a050-db78d7fb02f6|ccf8c8a7-f556-4442-aa57-6f020382b117,series_c|secondary_market
a2fc8fbe-32e1-3219-a3a8-665ae83f7243,a73542c4-b4e6-4336-8a12-ce40b6ddef8d,2024-01-03,2,2,d9273ae5-6a52-4854-a2e7-b365146f3066|d091f6e0-e484-41b6-9102-135ef8d16683,private_equity|debt_financing
c1eb0c7f-f90e-e484-2e87-a5b9c3fb3267,7da365d3-a2dd-4fb6-bacc-9b103be06e58,2022-09-27,2,2,3d312b98-bc2a-4834-8ce3-9143e28c16df|2a4dd10d-2f0b-495e-b152-12db45727421,series_b|series_a
e7e9d6e3-14e3-2acd-3f61-dc8b22725123,bb18c428-5b0c-9d4d-e175-02382de8f32a,2020-12-04,2,2,2960b59c-dc65-4772-846f-81db0b4086f4|6532fb2e-cc39-4d4d-ae2c-329793f7ac6b,series_unknown|debt_financing
8b8902a0-8b33-4dd4-965d-8e9f5a6fb1e0,b068dc87-b99f-c22d-c1a2-87f944dbb1e5,2025-11-04,2,2,98c976e4-e12d-48d4-8863-ded9ddc1810e|33810ab7-2752-4536-b6ea-6a27c770da3a,series_f|secondary_market
5fdb76c9-b98e-173c-5c3a-f265b305d073,d3bc5f45-e4c5-4a81-86e2-716fc8eb63c1,2021-12-06,2,2,9560e0c5-34e5-4007-a595-b10c81ff2e27|5690818a-8199-43a5-b7e0-35f90df1a29a,series_unknown|debt_financing
67c780e8-72b9-4153-8e4a-5c97265d0d69,bc4ceb75-c16d-45df-86d8-aacb2605533c,2021-11-22,2,2,fd88297c-f906-4514-a971-4a7e416260b9|3a3b73f9-213f-445c-a01b-db903cc6c280,series_a|debt_financing
cd4f115d-b191-47d5-895b-3c193959cef4,033f3d42-330f-4e84-aa23-2d96983dfe0e,2025-06-05,2,2,dd5361c1-7a51-4246-b69a-d7a99a92a953|f9edf756-96a8-4f81-a879-48f65cc07e07,seed|debt_financing
3a1bfccf-9cfb-4b46-8d6b-0c1c7240b4b9,9296f4b1-7656-4817-b6d4-c229ce088a26,2026-05-12,2,2,d4d09356-4e29-4b41-9dd6-139c372e1f0b|53dbf14c-2815-4004-8e02-705e44e643a3,series_a|seed
1636ba9f-f97e-15c1-850f-c5bb2f1e833d,fb469698-5deb-9571-812f-39a583762872,2025-11-12,2,2,034bd8d0-fb6a-4eeb-891e-d9f523f9854f|26a0f69c-cd59-483b-aa9d-d723a61c95f1,series_unknown|secondary_market
7c1d2aa4-37fa-3fa7-6dae-221e38f5eb89,a557cbd8-fdb9-4fca-9df3-c4a6c7e72aad,2022-10-06,2,2,b8ae986a-7c2a-4a9d-bf0b-551f41611c8a|46800722-8de8-4924-bd39-4d7bedb81b11,seed|series_a
39041e62-6b24-ae8d-1347-4cea947e832c,d8d40467-a858-4fd7-9f44-fd9c57ee6ba4,2023-03-06,2,2,eef05ce2-0937-463e-b4bd-5028fde77bec|55da2ef5-70fa-4e68-9560-8a3b107ac26b,seed|convertible_note
bcd478a8-ae94-4548-9a6d-0e8ff36f4c65,015ec651-1d1c-4bf7-bd63-0ff02e894094,2015-12-21,2,2,260b82bf-1e84-4297-804f-10a32eae51d6|53b8cce3-517f-48f9-87d6-1e1bc58debe4,grant|debt_financing
e6620663-7090-4d57-8f65-7d3dff5a0829,cafbf4be-2674-4020-a23a-c58af78fc863,2024-01-01,2,2,b609e602-71fe-43a9-b9ee-f11755bdd6f4|e69d913e-4b54-4c4e-87c6-b3a3b6f97215,seed|debt_financing
5b8a7f59-cbdf-9756-5335-d38ff08c3236,8f26cd6b-74dc-4940-aaf9-5be4e9f45747,2020-05-07,2,2,115c4b82-a7d2-4dd6-bb84-e183a3893860|23d72c79-ae21-4366-8e29-7c7d82c30832,series_unknown|debt_financing
60b5dade-24ed-84b0-99e2-1ecda554a1ab,c9b4f01c-3eea-4020-8eca-a05dc81256d4,2023-10-25,2,2,fe1e8b7d-8244-43b4-b4b5-2f13950f72aa|9e473d84-548a-4ba4-aac4-f6d0d7cd1121,seed|series_a
d45aa8c9-902b-fbb2-9d95-aeddf6c5b00f,c2ed697f-6ae2-a83e-daa6-543915b12678,2021-10-07,2,2,d237ed49-0b08-46eb-bb42-220933a4807c|e4d590f0-0ea0-4c50-ae20-ab764eddd417,secondary_market|series_f
8c5ff693-d08b-fce9-7829-236ebf2fe254,a54890d2-3532-4bfc-aa21-741fd75deebf,2026-01-09,2,2,d498aed3-9141-4a0b-8b26-95aa11f7bd96|7f58d2e1-3f8d-4095-86cf-765320da20c7,private_equity|secondary_market
367d53ae-15f3-6a17-42c0-4ea6b782c9dc,602aaf25-a391-4aec-90c0-401dd6183e24,2019-10-03,2,2,d4795722-aea6-421f-9c49-5703c68c9156|7c06744a-c3ea-43cd-bc88-d1d7d6a9d9f6,debt_financing|private_equity
9cab3313-9ff6-c519-39d8-fee46c1e58ae,1a356191-f955-4464-93ba-95fdded83261,2025-06-11,2,2,ebd37315-39f2-471b-81db-7208415c0300|a2db6b2f-08f7-4a72-b6d4-53f55f190635,post_ipo_debt|post_ipo_equity
0db25fb5-7143-46f6-885d-dd4deb451d7f,0b71555d-2874-4b2a-a290-3ac314d73d0e,2016-01-01,2,2,9359c840-70f8-41db-a293-76641cd40cb6|ed6a003f-f4c5-4a9b-872f-394ef1543cef,series_unknown|debt_financing
70e73eb9-665a-4d32-b3e6-5faf7beeb5ea,987f9700-07eb-4326-a61e-072fa282fc32,2025-11-19,2,2,9e6789ce-6760-4ee8-bb7d-cfca411c1d56|7298bb5a-d1f7-4d6e-b735-da30df49f94c,series_unknown|debt_financing
ae6eb8da-ebb3-42be-9ee6-644a57af8755,77227db0-d5e9-1572-c307-240929fe6050,2021-10-06,2,2,8c1336e2-e256-4ac3-a713-45abd1c91697|5a938a74-6120-4440-a2b5-c50d5d0ae6f0,series_unknown|grant
6c93ebd7-3558-5603-daaf-074652d0e1bb,c1f07235-170e-4980-ba43-cda316809266,2023-09-15,2,2,68dcbf20-b685-43e2-9089-fc2883de0b57|c19350da-350c-4788-9e67-402f7c92a240,debt_financing|series_a
ae6eb8da-ebb3-42be-9ee6-644a57af8755,9fe4813e-3ed2-4d4b-8478-c2ac0336cbab,2021-12-15,2,2,9e63f20a-c715-4adc-a5d0-40a00cd77b67|a1fcc796-5a5a-4185-8896-566cfd65a3a5,series_unknown|grant
ae6eb8da-ebb3-42be-9ee6-644a57af8755,5f31ec0e-84cb-b9b9-d702-a97b70bf7ddb,2020-09-14,2,2,4d7a82e1-bc40-42da-9e58-d248e2be707d|7ca7badc-62ba-4838-b3bf-f5e1f8cd76f7,grant|series_unknown
dbbeae89-a897-3a87-9d1b-93b8791d666e,bbde881e-83f8-5271-63aa-72607590bde9,2021-03-30,2,2,9254d8ec-87df-4e05-9d22-ae23ceff3e0e|6dd737c9-fd13-408f-8340-2c9ac0aeee92,secondary_market|series_unknown
e90e9293-c861-4800-850a-c80a74bdc264,4fc33ce4-3bd4-4d3c-84f0-9fcdf3383249,2025-06-02,2,2,06b4f3db-033d-46eb-8038-5ec9446ff049|ce6c8959-8e27-4034-a823-0cfc22ea0e29,debt_financing|series_unknown
cdb09945-a8fe-b235-8c4a-7d975a8f8f13,8f60dbdc-6a57-4afd-baef-00198b952477,2026-05-04,2,2,fbd58a26-a066-4268-9db7-cfd6c95ff75c|bacf5d15-c68b-4b7c-944b-5a0c4c4b450c,debt_financing|private_equity
ae949e8e-0cbc-da49-afeb-0a386793ab54,ead104fd-8fef-43d4-95b4-80ba5b7ddb27,2025-08-06,2,2,ba9b9302-f783-490d-a45e-89558fc4286d|d5bf768d-9705-4f88-937c-3d19acf58b83,series_a|secondary_market
b68c993c-4cbf-4339-b8b5-6c2eb430835b,8e217f6b-3141-418c-bc8d-d35bf3a2c273,2022-05-30,2,2,fb83c2ef-a9a5-44ef-82d3-b741f0e31c03|112295a7-f9ef-4515-881f-9a7d6b714a5c,debt_financing|series_unknown
ae6eb8da-ebb3-42be-9ee6-644a57af8755,9d361b0a-f357-4569-8de6-8bb4121e6633,2022-06-08,2,2,abaed589-05d6-4ee6-a87c-7933fda02c38|876fdc3f-c928-488a-94f7-229b0d154740,grant|series_unknown
3c62db15-4db8-016a-145e-dd1a06d168e2,db48959f-2c61-438d-a8cf-7ee65eb82f4c,2026-02-04,2,2,c7b6fc41-154e-4499-a952-719a6baa1b80|af22950e-5abb-443d-aa33-c3e6de9ed62f,series_a|seed
1ad2ccc9-10c0-4bed-b95f-f7e7c00a59e8,529514db-2bcb-49d5-98ba-db2dbd88bf19,2025-12-05,2,2,d8370bfa-8c79-48d7-afa8-20e7e058a42b|066890c4-d6cb-486d-b383-cfd98b59835c,post_ipo_equity|post_ipo_debt
48a14cf3-e977-5c90-a640-ccc04e7f224e,27a6234f-224e-4f0d-b186-d65be3f160ed,2019-04-17,2,2,c354bf84-cdba-4bca-9938-da7a895b51b4|b4171993-06fa-40a6-8a8d-b9052d43392f,series_b|debt_financing
d3c8ed94-46fd-ced5-21ff-ac21190fe555,04ff612f-6bee-42d8-ad7b-3802d5fa9ad6,2023-09-26,2,2,5ae67bf1-23d9-4889-bb60-0964e1d5353d|83381c4e-5b2f-490a-a113-77a0589897e6,seed|series_a
e77388be-3485-1a38-8128-f77c5d57d600,5ae15453-2734-722e-d514-e08a7e50a44c,2021-02-15,2,2,0ccabcc8-7a44-4b32-b78f-84686d7bea73|65ef4010-4468-4e7a-be9e-b9394bb8986e,series_a|convertible_note
08b1c307-1bd8-ee5a-a1c5-e258544b1475,52279245-d87a-daef-4838-8bf239711fe2,2015-09-15,2,2,892db4f6-dc5d-4dc9-bacb-c25fda1bce8d|f9b11408-b2f2-4b97-8212-1f91c3132fe6,post_ipo_equity|post_ipo_debt
809d0f70-9c3a-48ba-9c04-fc6e75edc6e5,165b8b84-0c1a-42e3-aa97-d9204b06d32e,2025-02-17,2,2,217c9003-d9ae-46ac-8003-27ff93a9aa52|ea66955f-ae05-4493-8837-488ed85ff11a,grant|seed
40e3a7d4-6bf3-cabb-34ae-64c4f5bd46e7,3ff858f8-38ff-3e90-b348-9309e9c6ce28,2015-01-26,2,2,40ab9afb-76e7-4cb7-b159-da9ba9a07e70|73e7a820-8381-4f1f-9fb5-47bd9dc4732a,private_equity|debt_financing
e4152fec-1a43-4f3f-baa3-8cb9b8828bac,8d1fdda9-fedb-4d7c-8cd8-c0934dd68134,2022-11-07,2,2,afcb0c0b-649d-4f79-9303-c3f4df1fe51e|6f7df828-4a62-4ecb-8a3c-b120398236cb,debt_financing|grant
eb436581-654f-dff4-1fbd-b82a133a1098,8cd8b10d-d424-49f3-b835-c42d3c99e918,2022-06-14,2,2,b27b8c20-fc63-442c-acc0-44a235f41feb|5402832a-8d03-4b60-b0a0-11380e91cac4,series_b
c37ee01a-3e36-45cf-9ebb-f38ba4e3f2b8,e715f238-e87b-4b91-9a64-6c8906f5f56b,2022-05-11,2,2,6553256e-6b64-4733-aee6-d363166a394e|f84e4753-38d5-4cc1-849e-4a738a62f4de,debt_financing|seed
50f0207e-5919-4d75-8656-e638d38a2d01,4957e823-f663-4af0-8aa6-114f63e26416,2025-10-24,2,2,9a361796-5885-4a4f-89e8-aa9c12fc6cf0|ae65f32e-424d-4130-bc01-e0931b2e00d0,secondary_market|corporate_round
4f5fa8bd-8653-cce5-58e6-ac686ed761b4,b35f080e-3b17-457c-ae9f-193629b2b98a,2021-08-04,2,2,5b468f49-73ea-4fff-b8fa-2703c165ecb2|b74b0f95-03a2-4524-a61f-49e3929f8f3f,series_unknown|debt_financing
72ac5c04-1a57-6e9d-9d1f-38050e687f2a,18f2234b-856f-4a0a-bced-8ec72aaed2db,2015-02-11,2,2,ee3bb3ea-ee1c-444b-9542-ed44850ccf5f|e4c8da52-a394-4fd5-8923-06b10e749eb6,corporate_round|secondary_market
983675c3-2ee5-471f-6b57-c9e32a0369c1,80b6b68d-461d-4461-8dbf-bb87913f9fd1,2021-02-01,2,2,b665198a-9703-4818-843b-a54108ebe818|daa1294a-6935-4d88-ade2-a263295d4f85,seed|convertible_note
03192d1e-2a2e-33d4-5eee-8f6fb1f9ab42,50b58209-5d86-4e4f-a27c-40ce1b6f670b,2022-10-19,2,2,b03f4e13-b9bc-405d-8808-5527ba4583d8|db637670-9352-4542-9735-ff2dbf6e2ffe,series_b|series_a
aa73d429-aba1-53bc-4014-5b39ae700951,32bab06d-f2b6-d36f-ab1b-6856a4d72f63,2025-04-07,2,2,6a2cc1f8-13bb-4793-8e0b-fe62daadd34c|4f451969-24ca-4728-b457-7b4ca9c00269,series_d|secondary_market
b55d6d95-38ce-4387-9388-c36b374537a8,51f99ed1-9cef-4b23-947b-9bc33a8f0614,2024-10-22,2,2,26f8dfbf-c113-4f10-99f0-6a4be09abb88|0d254d91-7cef-4e56-aefc-538b5e75179e,post_ipo_equity|post_ipo_debt
016cfba5-0935-4902-685e-8e0925ea7acc,d581fdb4-1265-69ad-5bdf-b7390e8c3f65,2019-02-18,2,2,edfe39cc-2116-41e8-b768-a8d6c62a1a3d|c34d4a34-3867-4b3e-a785-19cbe6c931ef,series_d|debt_financing
81caee28-8f53-4018-88d9-dc715613f4f4,f299d31c-ad82-4163-a18d-1803ebecf797,2026-04-30,2,2,06235417-514d-481e-aab6-96fcf59f049e|94501203-b301-4f73-a869-6e1c1f6d1fd2,seed|grant
12b4d9e2-0be0-f06f-c946-974e8996fda3,fa154d73-5cbc-47df-8ad3-0a138d1b1691,2016-04-08,2,2,1c2c465c-c05f-4bca-b197-56fdd70f337c|a5dbb8c9-57fc-40f1-aee2-bdbe8773b915,series_unknown|debt_financing
07d82047-c9b7-1328-137f-117dacaa50ef,d9da67a1-ef48-451e-9194-0eb3618ca73e,2020-06-10,2,2,410d68f1-3096-40a6-af22-e833398ca984|0e72a379-9bb7-4167-b9de-414c198b984d,convertible_note|debt_financing
8043395b-13b8-0d22-3228-4b30fb90cf7c,d66280cb-96df-4005-b6d7-c4a9d93b1c39,2021-06-03,2,2,8738b9cc-cb52-4179-a636-cac83015bb3c|77fc997d-3cee-464b-8340-72ee0f15d9c3,debt_financing|seed
39041e62-6b24-ae8d-1347-4cea947e832c,4f7d0194-dfa1-4e98-893e-db65318f384f,2021-12-15,2,2,77e862bd-114f-4a84-abb6-529381f02503|9088478c-28c4-4622-a122-e7f8bbbd26a9,seed|convertible_note
b32594d7-fe7d-3e78-7676-3f59e9d55374,20a46cae-85c4-5e0c-4e76-e079a05023a2,2016-12-06,2,2,21f3cda0-c69f-464c-b842-92542a98d1bd|f52c132f-c296-4c0a-8f00-32416f96490f,post_ipo_equity|post_ipo_debt
5225800d-a14d-4f5a-adee-12b3543656ef,f24d17f0-ce77-4d4e-93c7-394dceaeb4fd,2020-12-15,2,2,b3ab6f71-2772-4c92-9cab-fe42eb513007|c2e234f2-db67-4675-9f33-ec30ea989ad1,series_unknown|initial_coin_offering
4d5ccd0e-38e4-0537-1adf-b332a73e5ebe,c6c6c5e3-6ab3-45d8-8229-c7c13d43f4b1,2026-05-11,2,2,b0bd5a7c-f90c-4efd-97fb-2e0839b058aa|6eb3ddfc-a6c2-402b-a71e-5ac140e0bbc7,private_equity|secondary_market
dfd30aba-7ee1-4948-b44d-1c6e5aea2f6c,b25e2e52-aa42-4423-a1ed-0131110eb2e6,2025-05-21,2,2,8aab4c36-0989-4e1e-94e0-cb3ec32ebcb7|562d33c0-fdbb-4f29-ad68-27ce64d8934c,seed|pre_seed
2d175f0b-d7d9-b386-e58e-5a25f3554efc,10538dce-c4b4-cf20-e1c6-7372eb12ea4a,2015-04-13,2,2,289c3b1a-b97d-7787-078f-5fcac1dfff5e|c4bcb414-c461-99ea-376b-f6526570b2d7,debt_financing|series_unknown
b38c0fad-9df4-4eb9-a112-b3f69db4dace,d454323f-0652-4525-bf2e-10ad7150b0ec,2026-04-14,2,2,e965c0f0-4f12-46b6-ac3f-8042e17b1e8d|55a34f7c-7ee0-435c-b82e-f37c35195cda,post_ipo_debt|post_ipo_equity
d07de277-455b-45f2-8c2d-95d9f2ed3f0b,04ff612f-6bee-42d8-ad7b-3802d5fa9ad6,2023-09-26,2,2,5ae67bf1-23d9-4889-bb60-0964e1d5353d|83381c4e-5b2f-490a-a113-77a0589897e6,seed|series_a
88e5aa7b-0334-2a9d-9811-9b976a082889,0ca25e78-632c-d751-a16b-f9e18210f346,2022-08-17,2,2,ae6e799c-3d80-4949-ac27-e76b5e5369f6|914c4683-580f-4663-88fe-ac366a9ec406,seed|debt_financing
8bde1407-5334-4026-9825-c3c1a9642c77,b84a8637-a0a7-4d8d-a7c8-891df92008b8,2026-01-06,2,2,dd9824d9-0863-43b7-949a-31437d918d1d|a630ea62-1d90-4b45-ac41-7184f16ae24c,private_equity|secondary_market
983675c3-2ee5-471f-6b57-c9e32a0369c1,c61a40c5-fdca-4f76-abc5-8a85006f686b,2020-06-09,2,2,21ff0a8a-8dbd-4965-9b1d-36dc9fb3a584|ba8505a5-b489-49b6-8b5b-4fd3fe3febaf,convertible_note|seed
60b80848-a3b4-53f2-2996-f0eac8f6c650,5d4dd88f-61f5-420a-9507-073552be6adb,2025-05-14,2,2,508c24c5-e162-437e-aade-a1a885ee74ed|6e9afa5c-35fa-412a-b32f-c2907a15e3b7,grant|post_ipo_equity
a514698e-89e5-4f4a-a672-ce2a193b4b6a,c2e2bcce-a737-e262-c9ed-486bfa3fee41,2019-10-10,2,2,536663f6-2c94-41cf-8dfb-5e28a230a130|a82be14e-4d1e-4efc-a209-75710ebd6417,post_ipo_debt|post_ipo_equity
4eee5e60-3b06-6fe8-cc2c-29119a96051d,d611a5d0-a591-e69e-4d66-3bbb32cd9707,2022-11-15,2,2,fc519c2a-ece0-4f56-b5dd-0e84140cd9fe|be0e199c-f903-4099-b6c3-d5c0edc10a7a,series_e|debt_financing
cb3fd543-f231-6909-7bcc-af87bee7ba3b,5482d38d-12dc-4e5a-a68d-402df9e27b04,2021-04-22,2,2,f3bdead9-5468-442a-88b1-9c654488be61|cf8d5aa9-7856-49cd-a717-1638216f9bf3,debt_financing|series_a
52e8f5bd-47bf-2254-92c9-296ce5212430,3892260a-f001-a21b-eaa7-6d1d0baad803,2025-11-05,2,2,2cf8c1e4-f156-4dd3-9740-1ea08b7780b1|d45c6f07-b876-4448-9154-a6069bc1abe2,series_f|secondary_market
5b4aad70-e34f-4fc7-864b-6a2dbf0d0cdd,1f20287d-2401-4917-8949-db28c07e2c9e,2025-10-17,2,2,c0b33926-5c97-4091-9728-e6bc03dfcb08|bd1706a4-48c3-48cb-bdfe-173fb7fda7d0,series_b|secondary_market
5a3b8788-ab8f-4c6a-ff27-603b164c712d,2a9a34ce-5891-418e-9391-5f44d629af1d,2023-09-11,2,2,ce70f813-a9be-4a32-b60b-014565940498|4112cf55-66a9-4ab6-831a-16a8dfbf1911,post_ipo_equity|post_ipo_debt
ae6eb8da-ebb3-42be-9ee6-644a57af8755,3a7f1837-2243-4539-8d98-fadc1920714f,2022-06-15,2,2,9a0c9ba1-0564-466e-8870-ea6d4d90127f|f6b46bd7-12f2-493b-9cb0-9abccef74c8d,grant|series_unknown
dd8c3954-028a-0049-54c0-cd1f516232da,9bcbd28c-d50b-41cd-357a-29bd1f2193c4,2009-11-19,2,2,da5f7768-6cab-e300-7417-895ba74a5118|3a866106-adf1-1ead-98d5-fc653e29d371,series_d|debt_financing
a46bdd8b-a495-5b8a-af67-5225c5d5a7a0,49705a7a-44f2-4e53-8bbd-0584cb2ea196,2023-05-04,2,2,82a95c9f-e0a8-4607-8e6b-171f0c2dbaaa|2a3e9826-8e5d-476a-bf10-b9fb6154f3a4,series_a|seed
e9ff5f2f-6105-56bc-df92-c2981c89bac5,bb717b5b-a80d-84f6-b384-c9a9e002885f,2013-10-07,2,2,e5da38e1-db88-7dd1-2c6d-b816c8f5dbe9|bfbc8e4a-f5f7-45b2-bc9b-c1fd0cea8d60,seed|debt_financing
8c46b070-6836-bdce-fbb0-bcd232c70c39,39538e6c-2150-4fd1-b271-ee5eed5a9389,2021-10-18,2,2,91247547-9593-495b-b16d-d862a1878e95|feb8bd7f-26aa-4636-ad05-18be6dd6d33c,series_unknown|debt_financing
6498b48d-674d-4dc5-0f2a-bcc038360656,c2fb8a41-cca6-489c-97bd-616251ca5a63,2021-04-07,2,2,44eb7878-e7d5-4912-8ae4-69e75f251163|d8b10b3e-9724-4ea7-8380-052965e99966,debt_financing|series_a
07f679c7-7c3b-b6eb-9382-b964bc8f32e4,c15da81d-bf37-5cea-8254-bc5767877a3a,2019-04-03,2,2,9455cc53-b856-45f1-a384-307601d1d90f|61e937d4-b906-4730-8b62-3dd41f3f8d70,debt_financing|series_b
42e0e37d-8c19-8e2c-c230-fb6850945db2,93745d6a-b387-4687-a357-8a53b7a82ad0,2023-01-12,2,2,c463d43b-8d3f-4997-a0b6-4d6f345bf082|4bd7391c-ee9c-4799-9d1f-52ad57e13d87,debt_financing|series_unknown
c4bdc9f3-5a75-3393-8d54-fec662761ec8,d0bbd193-c741-4d96-8ad2-d40478eeeff8,2025-12-18,2,2,9cda9fac-18bf-421a-b880-6f36f90e672e|ab734391-64e8-485b-889c-221d737a1485,series_unknown|debt_financing
b1e03e36-b935-b373-4a01-b667fe9e2f59,7dbb71b0-8ac9-6fdb-f802-28cbbfe3414d,2016-02-16,2,2,b1751b4b-d814-653e-636d-6deecdeefd18|bb022348-3cee-80bf-b0f3-4243025a2003,seed|debt_financing
95d0c170-5fc0-2c61-e32e-9276ee396604,3113b48f-2121-4233-85ba-713bf2715ab7,2021-07-21,2,2,1b48fcda-1c1f-4a03-a063-47bba4c6c8d7|68bd392d-857f-4110-b897-24416e465436,debt_financing|private_equity
cbe2994a-a102-4ba2-935e-202a8c03b701,8515d346-31ef-42e4-b924-96a0f0905833,2020-05-04,2,2,c143c5a6-3d49-470f-a807-ee9439c79c61|5dced709-97b3-4858-97da-8604af9f6029,series_a|private_equity
beadb218-e5fa-2686-bc95-4dfaa9acc2e8,b2167c4c-e759-085e-155d-7c74a76522d0,2018-08-21,2,2,55284e8d-902f-46cd-a84d-0b5daf3e9822|fe688c99-bbc3-4e00-b6b9-44b41a0c3828,debt_financing|series_unknown
52652f4d-581e-4ad5-9d06-b1b250a333cd,f73ad254-47f3-4ab8-b8e1-bf94cf94d63b,2021-03-29,2,2,cad1dc68-adb7-4183-88ce-ea3f3c51e871|13509c7a-c195-4fca-b0bc-cfed083457a8,series_a|debt_financing
00952a01-c477-93d9-a222-26f275c4a287,94719107-fcf0-4940-8857-b4bb488e4686,2025-11-05,2,2,4f183de8-9e24-4756-949e-cb7c20eca1c1|3f5aa107-432b-4541-ab15-e39293e97319,seed|series_a
e03b47e0-f25f-1e36-1314-bd65b6d16ee4,ad1e1acc-af6d-4020-a2fe-d8ae5501ab38,2023-12-05,2,2,9661a9b2-5055-4861-a486-efbfd328ff9a|83b60298-9999-4cfb-8598-2183e01c311d,debt_financing|series_a
993351d3-3548-d482-13af-ef1598158b26,95076962-6557-2197-1599-60ca1b11a7bc,2022-02-17,2,2,1732edc5-b96c-4887-84fc-286b97deda77|f5563260-5943-4124-ab45-8ca3a115131f,secondary_market|private_equity
3fa8c086-4fbd-4650-a691-8062a8613826,f862dbea-6608-4295-a8f7-b55d9c1f9b09,2024-10-14,2,2,f137cf81-6aa3-474f-a80c-a650ef46de93|c00b977e-b524-4d15-ac0c-9b207a75325b,series_unknown|debt_financing
9db0b6bb-4b28-fa20-e2df-e2af6ebd3a3d,2f2af45d-712a-4641-b7c8-8c79126d80be,2026-02-04,2,2,73ea221e-c28d-4eb3-9c1b-00f1e1823a9d|2a2b6962-44a6-47c8-9289-15c7d2315694,series_d|secondary_market
a17c13e6-5ab1-46ac-92a2-2e89420d8550,afb449d9-48de-44c9-a791-101e40bc216a,2023-11-22,2,2,707bf0c1-0c76-47c6-af15-9a976a50b932|2987be82-9894-4cd6-8be1-07e994424a92,debt_financing|seed
8520ebcc-7a1d-429f-921d-952c3426d99d,50b58209-5d86-4e4f-a27c-40ce1b6f670b,2022-10-19,2,2,b03f4e13-b9bc-405d-8808-5527ba4583d8|db637670-9352-4542-9735-ff2dbf6e2ffe,series_b|series_a
5087a047-80c5-4aa3-dfdf-30dd8ac88b5e,74b7fe5e-8563-4681-a664-457c3b8f5523,2024-10-16,2,2,f1573c67-7558-4fbc-b86c-2ea3255dbe12|4216093e-1f7d-4f59-9fa9-77ede230c160,corporate_round|debt_financing
c011c069-6253-448f-b958-cd9e748a9396,961d3f5b-e322-2060-ee17-e9349f8ebf40,2023-04-24,2,2,a64550d7-0b03-46a4-bcf6-8909079c8593|518c73bf-36de-44e3-b3cd-d2bbb26418bd,series_c|debt_financing
823b46e0-87b3-545d-4df8-e8aebc07e3f1,e31a7c42-fd3d-4752-97c5-12093af2d7c9,2024-09-14,2,2,b207bc5d-95c4-4e61-bf70-d7c4e68c0b5f|31b94a14-9dbc-4ee9-9919-70161fe48515,seed|secondary_market
95d0c170-5fc0-2c61-e32e-9276ee396604,576153a1-ae08-f62e-057a-bbb1ea1ccec4,2011-06-28,2,2,9d2a6d1c-3bcb-4256-91e7-fcf31130c048|d4129d14-c0b8-4e5f-a2d1-01c87cea9694,debt_financing|private_equity
d5b9d6ac-97a8-1abf-c138-5c548d4acb38,daf04f65-8e37-431e-a86d-ea2abd5968fe,2025-07-31,2,2,6342bcfa-bf47-4489-8bfe-f1e525155575|f2b84bb7-cbe4-433c-bc6d-be96ba82a91a,post_ipo_debt|post_ipo_equity
a371f950-8ed4-0b82-e42c-503a780fc67e,a7e4d0be-040f-c404-9e63-1f48c543c497,2021-04-06,2,2,f5d5c786-efae-4ad8-a630-f28360ba6269|cf91ab52-3849-4fd8-97c6-3ae57002985f,series_unknown|debt_financing
e99cfc71-8c9d-e5e6-0593-cb82ed79df33,84f31321-f53f-4a9f-80f0-5864d0fbbf9b,2023-11-07,2,2,c993f85c-e17a-48cd-928c-f34d9f06079f|7bffe2d2-d22c-40c6-90b6-74cb1204f295,series_a|debt_financing
d8775780-78ac-4881-9aa3-d879f30a4c56,0c38f0ed-c36f-4cd6-8fde-06608b53286b,2023-11-15,2,2,f87ff969-87d1-481f-8955-257fbd911623|09641450-9757-4ba6-bc53-32ac46bd8b17,seed|pre_seed
0fdebd90-aef5-4034-b1d9-488336d42743,13e159d1-7a2b-469f-9890-4f8f84c412ed,2023-11-07,2,2,7e24fa27-3c51-4d4b-a302-4d2841ac48e6|4120c1bc-b56c-4d1c-88cc-00894e9cd13c,debt_financing|private_equity
a1666fa1-521e-4a18-807d-a0238c4ebaf8,f862dbea-6608-4295-a8f7-b55d9c1f9b09,2022-02-03,2,2,9278ad73-fc48-4efd-bc4f-726eca00155d|f20c2951-8ad3-4d58-96e7-4a8bf68d3955,series_b|debt_financing
0d730931-99f8-11de-d583-d609730a0d80,d096a42e-12fa-4a83-8662-80ab68267465,2024-01-02,2,2,b8fad367-d0b5-4c63-b207-8b27ff728db1|9f45a545-cdce-491b-8829-77e92aa36785,convertible_note|debt_financing
54569727-58c9-5d57-d09d-2e7b58b04007,c046f243-6b37-4586-a5f2-9a77000ea56f,2025-07-31,2,2,c22fe777-b12c-4ac9-9351-c6ce91768e2f|1fe1d7f5-dab9-4048-ab23-4cb3826a18d2,seed|angel
95727ecd-4692-dfd8-b742-084ef2cc037d,fb98d64c-b1a3-414e-992a-f5c67466903b,2025-11-03,2,2,e92a27e4-0016-479a-9953-89777f37d73a|15713f88-88d4-4d09-8e0f-d9f42f4e9460,secondary_market|corporate_round
cdb09945-a8fe-b235-8c4a-7d975a8f8f13,efc486d6-e958-4cf3-b0f5-4ecfd12eff86,2022-04-19,2,2,c9caee5b-7670-4422-95fe-39fc49ac3f27|c43b2a59-5726-45f6-b931-28758e9b1c28,post_ipo_equity|post_ipo_debt
16181bce-98d0-aea3-c346-3e602902025c,2d4ac8d6-7c1b-4c9b-ab1b-16c1753633fb,2021-10-25,2,2,b5e8bb5f-2f73-4356-af9f-b03126eb7ff8|6942f732-0abc-4b0c-ba5f-07ef37d16a8a,private_equity|debt_financing
a2fc8fbe-32e1-3219-a3a8-665ae83f7243,b37bffb6-0e33-40af-82a6-39140f2df9bf,2026-04-28,2,2,a42278fc-57fb-41f2-862a-38b103c961a1|bdf64da3-dbba-4097-817c-b8e05d900b88,private_equity|debt_financing
7e754cde-6a32-56fd-0f7d-bf60b737b64c,f636050d-b648-47de-8d67-5da984c462d6,2021-11-24,2,2,47e05c82-ff75-4f15-915c-b8432c69bf54|60b1f2c2-51d6-4c11-b113-aaa80863d3c1,series_b|debt_financing
01e9ec0c-d6f4-c5b7-b885-fda11c7f945f,7f5fee94-6336-dcde-e6df-2fc7ed1951ab,2021-12-09,2,2,4dc39b79-b67e-44b3-b56f-e6af03647226|714fbc54-6df0-4e02-9849-e76ef79cfb68,series_f|debt_financing
13b033a4-00ae-41be-b6d1-340c90e8d5bc,0cb64635-8958-4207-8928-3dc69852bedd,2018-09-10,2,2,0d0696a0-df0e-445e-af9a-f3ce95f85026|2a356fb6-561a-41b2-971f-4afba0170389,angel|debt_financing
63eb8719-2957-f55c-7504-e823fcfa503b,0ad2fc2a-1aa8-0cce-c73c-a3a1798dedf8,2005-08-05,2,2,d0f7b431-bcd4-6ff9-85da-df45b7b361d9|6683bf3e-7845-2290-d96d-73fe21c5adaa,debt_financing|series_unknown
9aa041b9-d9f2-39e7-f056-a0f4d6294220,783465cc-5f98-6579-7a7e-606fdacb4977,2012-08-01,2,2,91f3261e-db3b-4578-b61c-8a2c7c00b534|473af9c1-497d-4b6d-8906-80f4551611bf,series_b|debt_financing
9aa041b9-d9f2-39e7-f056-a0f4d6294220,b7af80c4-5394-4e72-9c5f-96783c17f01b,2013-12-13,2,2,36b87fc0-c605-46b4-96e6-f72c26c47a52|96f3af9c-9604-4a1f-8ade-d85bed8c4f79,series_unknown|debt_financing
ac41030f-c20d-0060-3f0a-37f0eee13779,d668c51b-c0e7-8d4d-4bc8-37aa2fbc241a,2014-06-01,2,2,f90e8c10-46d6-13ad-f8b0-9b6fe6778755|c5f7b6ad-fe09-eb2c-c790-b332344e9f4b,convertible_note|seed
f4b702ec-b652-da8a-4f4d-b4f513c8b2c7,b41d2f5c-e22f-4b9b-a41b-e4031e6408a3,2021-12-06,2,2,bdcfe319-5d60-4ab6-a7a6-89efef1ce79d|2b6d68ab-26b1-481f-99b8-e71534850f05,private_equity|debt_financing
72076a2d-58fd-493e-8114-e7e4c17d6590,727b69af-5bf0-47dc-81dc-f19fa096ef59,2023-12-20,2,2,891f217c-305a-4fd5-bdde-3d06acdf9091|c6e929e0-5862-480f-8fd9-8e47aa75d6c8,seed|pre_seed
ae00c6dd-ecfd-8a61-3515-0fa1a417392a,c68c582a-91d1-45a0-8d2c-b878fc408c4f,2025-08-29,2,2,f8d34e61-eb3d-41b9-b12c-8ae78e8fc4bb|7b19baa9-1e8b-4589-a2c8-6417bdcb6881,private_equity|debt_financing
a17c13e6-5ab1-46ac-92a2-2e89420d8550,f1942080-acc3-4588-a83f-95984e029a7f,2023-07-03,2,2,a4dd5cf8-ac9b-4bc6-9dd6-4675318fff62|468d86a1-f472-4a7c-9923-8a3af1288a5d,seed|debt_financing
87a4c76c-08ad-44d5-9145-df511db4f36b,f109f610-ce67-4e1a-bcf3-1c39bae2e0d9,2024-04-15,2,2,372e8b8d-0cbb-4ae0-b795-3910d49db828|c3388f83-355d-4dca-a1bd-003ec314dba3,debt_financing|series_unknown
13f6961c-4971-f590-a629-dd6f1b35f3e5,ac5e9040-0e57-5774-bbf4-419d827bb3a5,2025-01-13,2,2,a9c225d5-6767-4233-913e-87ced342c767|18207c6f-1321-414a-9c7c-7a9ac5e2f3fc,post_ipo_equity|post_ipo_debt
809d0f70-9c3a-48ba-9c04-fc6e75edc6e5,82449def-2690-4973-b9d1-cf1e5963ea41,2024-07-15,2,2,b26a6f09-ca57-47db-a58d-f8aa5c640cfc|92a70a1f-88ad-4854-8bf3-1e8376ba886f,grant|series_unknown
4840d48c-d8d1-07ab-ec79-ebc6151b9bc9,c24cfab7-a64f-487d-a098-e8ba6fe19a19,2021-03-15,2,2,6f4c425f-7d76-4e22-9d6a-e2ed4af1e715|c52b5386-827c-4076-b74d-0e7c1f073535,series_a|seed
a6b82cc4-66c3-4dd0-8b51-68d7e05f91ef,00fbf527-5c5f-4976-a557-f60f905e2d31,2023-04-04,2,2,5683a9b4-f14d-428f-b9da-0046e47f575d|4a4afc8b-41a5-4ad6-bc14-7f66ec883e73,debt_financing|private_equity
931f7202-91fd-ab26-c07d-06518289ef06,17ef24e5-ae1b-4079-a2a5-3515d9c9ffe0,2025-04-23,2,2,ab9603a6-f7bf-4a58-9582-f02303013565|0cc08a2c-68d1-4f23-a4f3-3c58a9dd9d8c,private_equity|debt_financing
2cbea446-45a8-a1f9-1630-57a83c64821f,c15da81d-bf37-5cea-8254-bc5767877a3a,2019-04-03,2,2,9455cc53-b856-45f1-a384-307601d1d90f|61e937d4-b906-4730-8b62-3dd41f3f8d70,debt_financing|series_b
809d0f70-9c3a-48ba-9c04-fc6e75edc6e5,281c77b5-eed8-4c94-a5f5-bf1062ff71ac,2025-02-17,2,2,5ed09fe3-9e9d-44f2-bbfa-73a220e8053f|502d5719-ba8c-4f19-84b2-85a2f9a28d52,grant|series_unknown
809d0f70-9c3a-48ba-9c04-fc6e75edc6e5,01009d52-cbe3-4acc-b051-c314baa5ee02,2024-07-15,2,2,090246a7-1b01-4dac-a66f-570d4812e060|63c579f3-52dc-460b-a139-ade293aac2f2,series_unknown|grant
6b44de1b-39eb-4c91-8391-866bf07f22a3,04ff612f-6bee-42d8-ad7b-3802d5fa9ad6,2023-09-26,2,2,5ae67bf1-23d9-4889-bb60-0964e1d5353d|83381c4e-5b2f-490a-a113-77a0589897e6,seed|series_a
cb5c5463-c4da-4385-9e22-ac4055b0348f,ddb8301c-0127-4023-a0b2-ab759c5257e8,2023-03-15,2,2,0ce06af4-32ef-4f0b-a120-6a9e45b68cbd|6502b4fc-489f-403b-9ed5-b60eb4823dea,convertible_note|seed
a7f74753-ce67-43a2-b1ad-297522dff7c1,04ff612f-6bee-42d8-ad7b-3802d5fa9ad6,2023-09-26,2,2,5ae67bf1-23d9-4889-bb60-0964e1d5353d|83381c4e-5b2f-490a-a113-77a0589897e6,seed|series_a
c75400d4-d5ae-2f92-4e99-aee6b9a39a4d,c041a5c2-fff8-6d3e-0b26-524d55786af2,2024-06-17,2,2,f10ffc21-4ff6-425c-a79d-a7dd763520c0|eb460b52-9ca0-4807-9582-531941d1800d,private_equity|debt_financing
b38c0fad-9df4-4eb9-a112-b3f69db4dace,f0fa81ff-b78c-4fb6-abe0-7f9dfd0182b7,2025-07-07,2,2,3ebf128d-a4a8-4b5c-a5f5-4d024d4d3ddc|532418f1-5d8f-4bee-a8bc-d0743dedb17a,post_ipo_debt|post_ipo_equity
62185e2b-ff50-4f7f-a899-b97a774305a5,833fb30e-8295-0eed-db52-b816eece1be3,2025-05-16,2,2,b71d1a80-7f69-468b-b594-a8c87e3256f8|3df3e577-4001-4a79-87ef-6f399f1ab551,debt_financing|seed
e147a350-d7cb-f468-3196-2fc5bb74841e,dda4c017-e14c-06f6-22dd-418f1acc79d5,2020-10-22,2,2,009649c0-8a45-4a3f-b854-8de33be65c37|36c408fc-e332-4873-bb2a-00764e4e68db,series_c|debt_financing
b77dec60-40b6-6ae7-68d6-8286a75e8dfd,50b58209-5d86-4e4f-a27c-40ce1b6f670b,2022-10-19,2,2,b03f4e13-b9bc-405d-8808-5527ba4583d8|db637670-9352-4542-9735-ff2dbf6e2ffe,series_b|series_a
01b78c00-b6e2-7cbc-8286-8d14d09d441e,3dd63a76-3d82-8f27-bfa9-39e0c9b4b429,2019-06-20,2,2,6ab76513-56d3-46b6-befc-716638e7eb9f|b350a216-4ae2-4369-a0f6-17673af7c38c,series_d|debt_financing
8f442cfa-7704-3e3d-cd78-0c4ad171f5e6,46f7f961-9523-94d0-bb48-c1c7a90ae108,2025-01-12,2,2,43b8e302-4038-415e-9e9a-653b61415b6d|6c454fe2-222e-460e-afdb-40797b286231,series_unknown|debt_financing
8d3b388a-8e85-bea5-44ab-1ff23bbe1043,04ff612f-6bee-42d8-ad7b-3802d5fa9ad6,2023-09-26,2,2,5ae67bf1-23d9-4889-bb60-0964e1d5353d|83381c4e-5b2f-490a-a113-77a0589897e6,seed|series_a
263656a0-5922-b42f-eeff-34f61fe4eff8,48f66271-2279-6d2d-210b-adb864370001,2016-09-15,2,2,fc509073-2d4b-4fe4-93a0-571bbf686a49|95dbd4f5-2d20-4c29-8bcf-79bae955e45f,seed|series_a
cee4abef-8d9f-02e1-682e-d226fcf00106,9aaae923-1930-e309-239e-a91f0114fa74,2016-07-04,2,2,9d4e72d3-a346-4bc9-bb56-2e147ffd5f82|0f148025-80b2-4b93-a86a-5cac284194ac,debt_financing|series_a
b814b1af-3a70-4015-aacf-ad9c45f8d6ab,be7303e2-bd6d-4747-8199-032ae6a75e1a,2026-01-20,2,2,c1d08672-a234-4646-8952-9d0840b95b73|390da1a7-c922-441b-8224-8d4a8e68db43,series_b|secondary_market
75ab1e6a-4abd-decf-a330-db2e6c18fad3,f600cb6e-21a1-44c3-aa08-9aa5216f15ae,2024-06-19,2,2,0a018955-da51-47b4-8f6b-d8bfd3873400|d1b9570b-2eac-4f31-b524-c0221674cbc3,pre_seed|grant
0423aec1-220b-6cf5-bb0b-20ede452bf87,71e10d11-f640-4de0-ad23-43bfe8e4f711,2025-06-18,2,2,d1a51470-d62e-4f46-97d5-4d396cbac8bb|ad3af4eb-9a1a-4eaa-a17b-ba89b334954f,series_a|seed
8fb21a05-da03-f9f5-23ec-93c15ae1f840,29638286-711a-46d5-ab17-53343c8bac86,2022-10-07,2,2,6e189adc-8593-487d-a91e-0bfdf58894df|af826682-f744-4de4-b4e3-db70f2d01d08,series_unknown|debt_financing
d4385f9a-140a-7a31-81e0-71d0f6306212,fad8e57f-5300-4e5d-9cbd-ecca4dff29b1,2025-10-16,2,2,a6f2fb96-4585-4a2a-b747-7b7b6d7c2eeb|0a4bec93-387c-4bb7-86cb-4ae0d05a498b,series_h|secondary_market
f72f3999-9da7-4e94-8768-f9efd4933b21,6eca667a-482b-424a-ac32-43fec6ec3094,2026-03-17,2,2,847f4bf8-8667-4022-b62f-f5ecc5c009ae|7af341a5-5f81-4ffe-b579-af5b53b08a71,undisclosed|debt_financing
5d98f331-124f-1cc2-e3c9-001a6fe2fbf1,9296f4b1-7656-4817-b6d4-c229ce088a26,2026-05-12,2,2,d4d09356-4e29-4b41-9dd6-139c372e1f0b|53dbf14c-2815-4004-8e02-705e44e643a3,series_a|seed
9aa041b9-d9f2-39e7-f056-a0f4d6294220,a0e345e4-c946-0427-8288-bf688cdabc9b,2015-05-27,2,2,1fa61cab-fba5-446b-8b86-2c3694ca3859|f16a2e5d-aeeb-4271-aa2e-d1f00faf0236,series_a|debt_financing
7c5208c1-69dd-53e6-c7bb-2fb43c29f992,1cf54180-1c37-4920-a7ee-6a8a444910e3,2015-07-29,2,2,d84fe36d-b2c0-44c1-9f44-dfce0611b830|86ec82a3-3def-419e-918e-8d6884fef418,series_b|series_a
47b84763-9727-7cdf-b194-2742e3963147,27a6234f-224e-4f0d-b186-d65be3f160ed,2019-04-17,2,2,c354bf84-cdba-4bca-9938-da7a895b51b4|b4171993-06fa-40a6-8a8d-b9052d43392f,series_b|debt_financing
d4729e14-3c11-2b66-d7c5-580b06ba0fcb,ab32ff43-a843-4c44-8d09-f011331c883f,2022-10-25,2,2,f75f3004-33f5-4679-90c5-8da482e8c974|7f75dad9-4cfc-452f-997d-f020be897399,grant|undisclosed
36730990-f637-4bec-9de0-7298d3c39f45,529514db-2bcb-49d5-98ba-db2dbd88bf19,2025-12-05,2,2,d8370bfa-8c79-48d7-afa8-20e7e058a42b|066890c4-d6cb-486d-b383-cfd98b59835c,post_ipo_equity|post_ipo_debt
51144719-459c-4574-86f0-a6c1d0fd5c54,3d4032e6-6aff-45db-8e0d-5d2f97ee9f4d,2021-05-16,2,2,6c8e4614-8e01-4146-bb71-39e72d57c52e|5aeb6b7f-2fcc-4f81-980c-452104a327aa,debt_financing|series_unknown
14cc2cfc-8b47-8c9b-c02a-48c5bccd534c,66723557-1f68-4ab6-ac0a-d321496a9192,2018-03-01,2,2,a7050ebb-25d5-49e0-b72c-37f1542b83ab|ecca13fe-ebdd-40e6-951e-75164efa8a25,pre_seed|convertible_note
63eb8719-2957-f55c-7504-e823fcfa503b,1c228f85-47fe-1985-d361-a2f50429dbcf,2025-12-04,2,2,dbc2a512-aba4-4f9e-99b9-5a54d0c1ff7f|54182c5d-a48e-4705-a463-88906b593e4a,debt_financing|private_equity
8f2632c7-d4fb-37d5-de36-78506de421e2,dd17b50b-c30d-e785-0f67-da6c74fefbf0,2015-09-08,2,2,d317c20b-4689-5229-cbf7-02c779f98834|9ea83e45-c967-63f5-45a4-f7b61cf6622e,debt_financing|private_equity
42984ec1-24fd-dde7-7230-6c21ca402dc1,437b5397-7d9e-4d61-1f7a-087cc89e5607,2021-07-27,2,2,94cc27a3-5f91-4e51-9d8f-e368252590c9|5a75906c-8bbb-4995-b9a2-36b2a18d6bae,series_a|debt_financing
f91db475-ec15-4e61-b140-b9b5afa47056,093725f2-6f36-46a9-8bf7-3950952e20c4,2021-05-06,2,2,bd4b24e9-496a-408d-8559-358921eada92|8b403ae9-8d46-4197-8656-18103fd38df3,product_crowdfunding|grant
40e3a7d4-6bf3-cabb-34ae-64c4f5bd46e7,c93ed743-f37e-01b7-c542-06e57c0c6be1,2017-06-05,2,2,15c898a4-515b-a220-58e9-f9410eafdcb6|18d1e06a-e026-497e-fe0e-28424bcd4e1d,series_c|debt_financing
ee52d0b9-fe7b-252a-6234-6f03818351e9,6808f13e-25ee-98c7-d802-0bee94aa6d9b,2018-12-03,2,2,16ff7e81-e3ba-4f3c-a7ff-9a18dce42ad6|8abbfce7-aabb-4f19-970f-6f50aefbab4e,seed|convertible_note
ae6eb8da-ebb3-42be-9ee6-644a57af8755,091e3ba3-b955-2a78-0426-8b629d1fffd9,2022-03-23,2,2,bf7d72e9-adcb-4a4a-8a20-01bbdfad0671|652f2018-6700-47f7-b688-63d9a9d5147a,grant|seed
e87cf6ca-6e00-7ceb-a129-40382b882323,be7303e2-bd6d-4747-8199-032ae6a75e1a,2026-01-20,2,2,c1d08672-a234-4646-8952-9d0840b95b73|390da1a7-c922-441b-8224-8d4a8e68db43,series_b|secondary_market
5497b680-425e-4df2-b25e-a869149816c1,d0d7f5fd-96c9-58f1-0691-6e409e57b564,2026-02-13,2,2,efcb4f1e-9a20-4831-ac85-668b444ce384|0cd0daa8-ea9e-4fac-838e-a07436e6dbb1,secondary_market|series_f
809d0f70-9c3a-48ba-9c04-fc6e75edc6e5,8beed765-57e1-42c3-a891-577fefa35d85,2024-07-15,2,2,5045ce86-78b4-41f3-9531-cbc17731ac62|fed958d2-1ff3-4dcb-b2d3-4e7c23b9479e,series_unknown|grant
0c867fde-2b9a-df10-fdb9-66b74f355f91,f52eef6a-6620-4bef-af3d-1a7d0d0a8b63,2025-10-28,2,2,e53036e4-b70c-422b-a53c-4c44270c02cb|665f248b-3dcb-45d6-af86-3befc5b4d6dc,series_c|secondary_market
a6235172-8d8b-bb42-405e-e206835069b7,1936db09-738d-4608-aa3c-fc0535a104e3,2022-09-14,2,2,b01a62f5-19a6-4767-9ffa-eb12d9109ab6|cb5230e0-505c-40b1-8754-02933eb98e4c,series_unknown|debt_financing
855317c6-4b18-4e9d-86f5-c9f2aec618dc,f52eef6a-6620-4bef-af3d-1a7d0d0a8b63,2025-10-28,2,2,e53036e4-b70c-422b-a53c-4c44270c02cb|665f248b-3dcb-45d6-af86-3befc5b4d6dc,series_c|secondary_market
a1d36882-8421-4675-9ad7-98e437b40369,15c4ddec-4fd9-4725-8695-e28f471886db,2025-01-14,2,2,e780a096-7798-4f1e-811c-5e0d335ee290|f2b5275f-8187-4107-8579-7ed3f656665d,debt_financing|series_unknown
809d0f70-9c3a-48ba-9c04-fc6e75edc6e5,2a4d59e9-8065-4170-9f04-e96f0060b940,2024-07-15,2,2,daec46a0-3c50-45b6-8780-a4e5df1ccc77|7c2b5fe0-80ce-46c7-8867-0528e12d41c9,grant|seed
44f66fe5-7da6-422d-9fc7-8afebf2b509d,c0fbf7ce-7771-447d-8fe5-aff445cd25cb,2021-07-19,2,2,20f06a2d-ced1-4bb7-83ee-cfcabffd569d|88f0d389-2643-4eca-a60b-7626ec04901e,corporate_round|debt_financing
00e49595-f240-41b3-8f4b-a556550254d8,4e524d32-cecc-222f-0bae-3db4a467bd68,2020-04-23,2,2,cdfb9bff-333c-417c-b733-ca27bd2b5e29|5fb30a89-9a30-432f-a9cd-893db89310a3,debt_financing|series_c
589fcc5e-5916-724e-1631-eb42c92f2303,7c97f9d7-dcd2-436a-bbd8-394d5dfcc663,2024-12-19,2,2,693d1113-9930-4c9f-a8cc-436e0da3a325|6f954031-00cf-42cc-8839-c98410418f4a,series_d|debt_financing
00daca16-8311-454b-84e0-24a40d16be9c,8084e7ab-2af0-43cd-98f5-12bcd70cb038,2022-04-05,2,2,1f3c8712-fb02-4017-a21c-addedd5c8a05|823a571c-b3e0-49ce-8020-3930771e08eb,series_a|debt_financing
649bec8f-2732-b53a-526b-1bd65b3fc577,16e1dfb3-0bd6-6aa9-d9cb-790e3f8de745,2013-09-04,2,2,181ce47d-063e-ef77-3590-2e2423c02aaa|eb14ee31-45d9-985b-008f-5e94ff4eb5ff,series_a|debt_financing
b6d30560-e117-4ec3-8b8c-7b0a7825867e,b65acc77-5368-4a20-5874-0b30b2b701ca,2025-08-25,2,2,73792665-ac66-4af9-ad56-250d2263d7fd|556181b8-2fa3-4e53-bff5-21da2cad1ef1,series_d|debt_financing
f19f8210-62e9-443b-a5a8-753e61f4d1ad,7c381d23-e16d-4847-bb28-fa492c45aca9,2010-06-01,2,2,54378ba2-de0e-42b7-8a8c-0670d93569ac|b5bf2005-c1fb-477b-862c-abc077b18138,debt_financing|grant
50344f14-a637-4cdc-8868-fd2b1a0f039f,f9aa1ce7-27af-4d54-9b4b-56ecfd709a3c,2025-04-15,2,2,fe5cfcca-cab9-4a1e-9cd7-254df3049d85|8d04503d-bfac-465b-8ecd-898073637fe5,series_a|seed
809d0f70-9c3a-48ba-9c04-fc6e75edc6e5,6abc0400-9339-efaa-47de-ad0b0f7dc750,2024-07-15,2,2,bbe13e65-91c9-4a53-a519-66d7917b4678|c9f70b4d-d484-4c88-8632-79810be38ff3,grant|seed
23299de9-96e6-4c09-a120-ea469c139f07,5405c32f-19ee-4c2b-bf11-186b7206f556,2022-10-13,2,2,ce3880ee-5fd0-4ae3-84a4-4422b2ee893c|810f0aae-bb07-4c56-bdea-6961fcc0ad9c,series_b|debt_financing
ae6eb8da-ebb3-42be-9ee6-644a57af8755,d70ccd56-d535-79d0-5d34-d475b670141f,2022-06-15,2,2,12db3015-7d81-448d-95eb-0156699cd029|dbfd61a4-0d6a-42c3-a181-286aea759a35,grant|series_unknown
069993e9-18b1-4eba-9e19-31bc2ac9e396,a2d710d2-a005-47f4-a78e-87df456fa9c7,2021-06-11,2,2,7fc940a9-9453-4714-a087-f57665c0e03d|219b190f-e27f-4dcd-9f93-32a29e6743bb,private_equity|debt_financing
f9878689-b255-9a0a-062e-dc6a76cabd05,50c7f73a-dfdb-4e9c-977c-dc7c3051f01e,2022-11-02,2,2,aad04bdb-c1f5-4eaa-8775-a875afd40993|1822567a-5314-4df9-8364-4aa5e9229b74,series_unknown|grant
26af4c51-a0e7-9a61-5105-98a2d500753e,bfd5182e-8b77-f328-fbd5-2d531ed12f41,2011-03-25,2,2,d33b61c7-573e-4b21-7002-c5759424fa12|fef8b15e-d933-4917-a36c-1a9300191f88,debt_financing|series_unknown
31f7a03f-1bcb-6a46-7a5f-285995660a6e,a32021b1-ff06-47aa-8642-fff3376d9882,2023-08-21,2,2,49f4ea51-f560-4897-8d6f-800c057427ff|7223af5f-b9fa-4f81-b8b2-1877f6e47244,post_ipo_equity|post_ipo_debt
41fd694a-414b-6b78-ad46-ef9045e8a104,efa3140c-8e6b-4282-8d32-e3c764b7ae3e,2021-04-28,2,2,1a8a2533-03cb-4c57-b5dc-190709e595e6|2e5897f0-a450-4f09-94c0-01833944d282,series_a|debt_financing
e970396c-1a0e-aa64-3cf3-6de014b615ed,8d1fdda9-fedb-4d7c-8cd8-c0934dd68134,2022-11-07,2,2,afcb0c0b-649d-4f79-9303-c3f4df1fe51e|6f7df828-4a62-4ecb-8a3c-b120398236cb,debt_financing|grant
dbdafc98-7c6b-9cf1-b1bf-d3f590197dd1,dc1527af-2cd1-4ab0-966d-21ceea0d19b3,2023-12-13,2,2,79e97ee9-62a8-4fe7-9b35-9145cc29121f|2fdaa45b-d9fd-4603-a358-07f66a3f750b,debt_financing|series_unknown
08a58b44-6476-4b7d-8d87-50b64e5bc577,d63035dd-f05c-4124-aca1-cc5d88a7932a,2025-11-14,2,2,3b4e702b-713b-4639-aca3-ffea5e533b45|800007e1-d92e-4ac4-805c-aa5fb82de22e,series_a|secondary_market
f4054ae0-d294-50c2-37cf-539e3c0a8009,95076962-6557-2197-1599-60ca1b11a7bc,2022-02-17,2,2,1732edc5-b96c-4887-84fc-286b97deda77|f5563260-5943-4124-ab45-8ca3a115131f,secondary_market|private_equity
ae6eb8da-ebb3-42be-9ee6-644a57af8755,c53895c9-1203-486c-b531-b1355a375cfd,2020-10-07,2,2,0f5cd83c-202d-4c5c-853b-a0d4327c2d4f|1538abb3-4676-4b0a-a723-6c3cc1e8d885,grant|series_unknown
62185e2b-ff50-4f7f-a899-b97a774305a5,90c95f03-ba63-471d-9dce-139162d4f30f,2025-05-16,2,2,b9d9df60-2f49-4f78-80b5-7a4c9c2ecf42|900f6efb-560d-4798-9840-0e8a8ec11012,seed|debt_financing
9aa041b9-d9f2-39e7-f056-a0f4d6294220,56aea973-38bc-4ced-bd2a-0612232f2100,2004-03-31,2,2,c1fabd66-5d6a-43c0-a028-21b12ef2c66a|f49a27f7-2e55-42ed-afec-a34f98a4d02e,debt_financing|series_unknown
f4e0202f-923e-5c42-0725-e8260472b327,a7183e40-bac4-4c6a-9f5c-d35d6f5801d6,2016-05-04,2,2,d3c94c53-c1d4-4875-8693-72fbeb98be93|1bb3bc0d-1233-4a73-8db3-cb6d62d44d88,private_equity|convertible_note
cf8773c6-46cf-4ea8-9d34-117587e4d565,4df0e7bb-98f2-42ca-92b4-6cac7e2e59a0,2024-09-09,2,2,99c5d3ca-1321-4893-a6c6-23ec5ff6301b|5c6131aa-6c2b-4c9e-8d46-d6bd2fc5a411,debt_financing|private_equity
ae6eb8da-ebb3-42be-9ee6-644a57af8755,dfbfbd3c-ccd6-4686-ad2d-ccde6b584cb8,2020-10-07,2,2,168acbef-c4db-48b9-92c3-ec8fe71700c9|2483f0bc-4fb8-4027-82b5-01f4c01e91c5,grant|series_unknown
eee223d0-8c2e-3195-820c-f9864460c548,ce1b782c-f6a1-4437-9bbe-43f12e555479,2026-05-19,2,2,62556c54-75eb-438e-af61-a2d0a2004b83|debf48c5-c142-45f9-93ca-e84ac065967b,debt_financing|grant
cffa1c29-197c-5eef-ebd2-4e50be9cc7c3,c68a1069-1e0d-4620-bb0e-4c046c252158,2021-04-21,2,2,96967a93-3557-45a2-9f41-de863f876097|044812f3-f958-41e8-90c9-ce5f8cc2f3f5,post_ipo_debt|post_ipo_equity
1acb875b-a9d7-4cdb-ace2-e8ac2f47cbea,04ff612f-6bee-42d8-ad7b-3802d5fa9ad6,2023-09-26,2,2,5ae67bf1-23d9-4889-bb60-0964e1d5353d|83381c4e-5b2f-490a-a113-77a0589897e6,seed|series_a
d455fcd6-1154-4854-8db7-f8ab3d421e9d,b4c1e6e2-05f6-d567-0e7b-f2751b023086,2024-08-09,2,2,f31aa121-418f-40ac-bc3c-8bebedf78bb4|67dbbf11-7b09-4d07-961d-82f9f9a8e829,post_ipo_equity|post_ipo_debt
aa73d429-aba1-53bc-4014-5b39ae700951,c2ed697f-6ae2-a83e-daa6-543915b12678,2021-10-07,2,2,d237ed49-0b08-46eb-bb42-220933a4807c|e4d590f0-0ea0-4c50-ae20-ab764eddd417,secondary_market|series_f
e9b9f4db-721a-d30f-bbfc-ebc5aa381456,6c4ce6d4-b279-579a-ad8c-3e8e5fde3d25,2004-07-02,2,2,4297ac19-4801-e462-bb45-ecdcaa4663c5|5155c3af-bbd8-19c0-5b19-acee1d6ac528,series_d|series_c
f0cdef24-a8d2-46f8-9b62-f595e2fb785d,1ddcdede-90f5-4a4c-b017-a2cd04f796b6,2026-04-30,2,2,06b2776c-e0c8-4fe2-94d9-e942ec3b49e0|a9195444-0a93-4f6c-951b-fc191ad9d6a6,series_c|secondary_market
b3037993-4c35-4a1a-8ff2-554d07687592,fad8e57f-5300-4e5d-9cbd-ecca4dff29b1,2025-10-16,2,2,a6f2fb96-4585-4a2a-b747-7b7b6d7c2eeb|0a4bec93-387c-4bb7-86cb-4ae0d05a498b,series_h|secondary_market
809d0f70-9c3a-48ba-9c04-fc6e75edc6e5,12a876a9-0b85-3456-b5bb-277e131b1496,2024-07-15,2,2,e7f246bd-0389-462d-9b13-b243bff0e5fa|919439b2-0398-47b4-8990-f33bdac1a05e,grant|series_unknown
0659f28f-2612-a01f-1b5a-9bc488036d1b,0a15d975-1795-796b-7da7-f621065bc8bb,2020-10-27,2,2,25383b00-281c-4fe1-809d-3d4b69851e8d|3c917c03-627a-452c-9ce3-e05518e67e48,series_unknown|debt_financing
f85a2611-cc7b-4329-ac18-ca7b41ca99aa,5bfd3659-642b-f83a-eff0-fd6779c45fe0,2022-02-01,2,2,61f68434-c5c5-4120-9ca6-11489e978cb8|ecf33f6e-c3e6-4f51-8ed4-3ede1ba0e4a7,series_c|debt_financing
b032ff0e-0e9e-793a-d651-fa69896b86f8,2c39259a-3bce-4b50-a8e8-39cb23714c9f,2023-05-19,2,2,2224429e-2834-4bb6-975a-52f6253e8912|553ff22e-0ba4-4e6d-ad36-a48e7cc56342,post_ipo_debt|post_ipo_equity
28f9c689-c7b3-de3f-9f92-9a7a5d90086b,46ff643f-f78b-4cfc-a15a-ec9c9b149b2b,2025-10-21,2,2,f91f447b-ee6d-46e8-a694-1cd4130358d9|cc1671f1-a9b6-46ae-b516-a392ac2b141a,series_a|seed
8dc1ba14-74c4-4ffb-9cbf-5ae7dbad0d54,1d732f9f-0107-4df6-aaec-360f378ba522,2024-10-22,2,2,2cbfd279-4c34-454f-b2d6-7a1a991ef4e2|ae4cda63-1c29-486d-b8cb-6c642f21833a,debt_financing|private_equity
89464378-5aeb-4a03-a40d-b38bd2726fc3,0ad00232-68fd-4ff4-a6f2-5fd37ca2838b,2022-06-03,2,2,b07f8e25-6f93-40c8-bc1b-7718b659736b|5f4886c0-5153-47c3-8d28-cfd0b142e358,series_c|series_d
60e249a6-d553-72a8-3b85-20407462624e,a0deef29-7395-5d71-e01c-9904fb9e9a4d,2017-01-18,2,2,f6040b5f-bc0b-346d-a62e-b236f9e61739|c200e2fe-2389-883c-773a-d848e47fbee1,convertible_note|pre_seed
c250ecc2-4f96-b21b-4485-23245263a764,4af926d0-b308-4ee0-91b0-dc8ceefee982,2024-01-18,2,2,90ee703e-78b9-4b16-be76-0d68e7ec278a|bd7eba9d-abf3-4904-8ae3-6bdbf716a299,debt_financing|series_a
f7faf3a9-5a63-4349-8423-206ec52b1cf4,d0d7f5fd-96c9-58f1-0691-6e409e57b564,2026-02-13,2,2,efcb4f1e-9a20-4831-ac85-668b444ce384|0cd0daa8-ea9e-4fac-838e-a07436e6dbb1,secondary_market|series_f
bfad96cd-0f22-856c-101b-16a23216f90b,d0228da9-a3e7-457f-b045-183d224ff43c,2022-01-31,2,2,2c87c273-f0ab-497e-9ba1-b1d0d291d19b|015071bc-f665-4efe-a5fe-4fe7311cf290,series_b|debt_financing
8dfdd5b0-7db5-b5b2-18b1-9ef2efc3fbde,dcde55b6-c84e-bc34-57b1-bb8d1cba8764,2017-10-30,2,2,a985a890-70c8-49af-ac47-606180ff4750|df180160-a607-476f-9a5d-b345e975a639,series_a|debt_financing
896dd8d3-71d9-f61d-3d5d-b303986fabb4,529514db-2bcb-49d5-98ba-db2dbd88bf19,2025-12-05,2,2,d8370bfa-8c79-48d7-afa8-20e7e058a42b|066890c4-d6cb-486d-b383-cfd98b59835c,post_ipo_equity|post_ipo_debt
940d41e4-57f4-4c94-941b-3f1d6180e78e,3c970ad8-4b7f-4c09-bdcb-9dd1ae9d82d6,2024-09-20,2,2,c97b893a-25ca-446c-9d4f-974e54fbf87e|361c127a-be8f-47e0-b942-35dbe2824a7d,seed
2eb26c04-e053-474f-b0c1-de7a0895e102,81c87960-fe36-4b89-afb7-815776d9501b,2025-04-29,2,2,79b60fde-8d4e-41e2-a156-829e8cf10d42|6f7f6d1d-7efa-41de-8b56-e14969cf1624,post_ipo_equity|post_ipo_debt
ae6eb8da-ebb3-42be-9ee6-644a57af8755,62db1d70-feaa-4038-a223-d5206c3c72b6,2023-03-30,2,2,a239c899-5958-439a-addb-a48b69349750|3c37c391-abc2-4a06-8b27-3151e4f97592,grant|series_unknown
a160a96f-e6f0-47a8-9994-3e4d67d5d3bc,00970669-a0f0-8516-2d56-3929f0f74991,2018-06-20,2,2,bbefa275-d3ab-4059-96f4-e64433f34368|8bbef543-f33a-4952-8aa9-2b918dfd5791,seed|debt_financing
8addcd7a-7627-8564-7842-99b2bd7ceabf,744b2664-4ea2-d086-6fbb-127b86317fbe,2023-11-29,2,2,70b127d7-4974-45fa-a1d7-02b78a46cb5d|671693e9-1fe2-403e-9434-48391fdc7dc4,private_equity|debt_financing
edb9e66b-26b2-d71f-d82b-9effa3c19af6,fbcb354e-b9da-4960-ac13-42d4efa5f7f7,2024-06-18,2,2,a3481925-f6d6-499b-b13c-7d1f7d52c1d2|59c298c7-7cb1-4b3b-9e31-f7637267b40c,grant|pre_seed
6dcfff3f-68c2-0ef5-0ded-15ddb827c24e,01bd22ab-7388-96f9-fcfb-0f1d5746abce,2004-03-02,2,2,586f6e17-7918-ffe8-572c-a5890b333e5c|94dea954-1898-b4de-e9b4-b78ba96ae0fd,series_a|convertible_note
4b960937-4b71-46d2-a61f-52c137501be3,965653f2-5db5-ae55-7990-95540896df18,2019-09-04,2,2,495b6960-faf6-479f-9b34-f8ca19c7651d|bd696a3b-154a-4434-9926-dc5ba097d574,series_a|secondary_market
e5d45b3d-f637-4007-96bf-7a017567827a,719d7c16-e05a-403a-a36b-0e18cc2c8ce1,2025-10-08,2,2,98e657cd-94f1-4c01-8fa2-e674a3696b06|efc5ee3e-f4de-47c0-ade8-805ef26e1606,post_ipo_equity|post_ipo_debt
c34710c3-3e4a-8ec3-e31f-2b3b91880f02,98447bb4-1bc7-45d9-8040-e6f2f7be1951,2023-05-03,2,2,aaf9f7f0-8a86-4ebb-a200-ba216a511665|2d267adc-57d1-40ec-b989-ce04b85e7fb1,secondary_market|series_unknown
144bfa24-2bde-ddd5-07c1-2120993746f7,46ff643f-f78b-4cfc-a15a-ec9c9b149b2b,2025-10-21,2,2,f91f447b-ee6d-46e8-a694-1cd4130358d9|cc1671f1-a9b6-46ae-b516-a392ac2b141a,series_a|seed
1153d33d-b5a2-4930-111f-83679537f4f5,d52d56de-6537-4e4c-87fc-38c5898b0a31,2023-10-03,2,2,b235e458-85b8-4a5b-8305-e597e7d0cd4b|079b778e-b6be-4460-b03d-a35aa5365456,series_unknown|grant
13a3a322-4bff-4e21-a50c-1211c8dfbebf,080f1dbc-025e-4ebb-8c25-7aa75743a850,2023-10-31,2,2,da5115f4-da4f-43de-8b75-a17adc4b787b|52ac2787-3b0c-45be-8c99-a32a4a087e5f,debt_financing|series_a
f065b291-ae61-41db-9475-3713a3da36d4,46f494dc-6df1-46e4-952d-1d2eceb87cd3,2022-04-27,2,2,d7e13292-9ae3-40d6-9345-13a9e379eeee|e494b620-f2c8-4716-aa6d-4dc1d1519ec3,series_a|debt_financing
3a1f2e3a-9a62-43f9-9261-5b58190532ce,43bed2dc-aae5-4096-938b-191372e3da45,2020-03-05,2,2,1016b0af-4027-40ec-9cf7-8c7f9e8d9812|84fe03de-3526-4c80-92f9-e766f0b84222,secondary_market|private_equity
260f1100-e85e-5fd7-2152-75bf41b92f08,bb717b5b-a80d-84f6-b384-c9a9e002885f,2013-10-07,2,2,e5da38e1-db88-7dd1-2c6d-b816c8f5dbe9|bfbc8e4a-f5f7-45b2-bc9b-c1fd0cea8d60,seed|debt_financing
809d0f70-9c3a-48ba-9c04-fc6e75edc6e5,92150060-63a9-4ac9-80ac-41a56de11ca5,2025-06-24,2,2,b1438cb4-92e2-4f04-9767-c7fa11fb6a67|2c7cfc9f-0783-42a8-b502-580099dc39b3,grant|series_unknown
b1adc682-a37c-835c-6fe4-c878a5d9e9bb,d12954ac-d898-40c4-a71c-dcaa8177c7ab,2021-10-20,2,2,8ba3244a-9191-44c2-9cb0-6c8549211a3e|5e1224c2-7faa-443c-8828-022dd9a04728,seed|angel
444051b9-5dff-2198-08a8-16fbd5081cb2,e715f238-e87b-4b91-9a64-6c8906f5f56b,2022-05-11,2,2,6553256e-6b64-4733-aee6-d363166a394e|f84e4753-38d5-4cc1-849e-4a738a62f4de,debt_financing|seed
6b79f38d-f5e2-2ffc-6359-fd01b952301a,815b6c48-ead1-4495-954b-6fad015723f5,2024-10-30,2,2,b2ad4061-132b-4f8d-86f6-1aa8b6cf0592|daa919b1-bcd5-4c56-a3aa-7ef3127a4404,series_unknown|debt_financing
92f09ced-e449-6fb5-e09c-721acfd22913,c8d6386f-d690-bbaf-5898-3fe18c59d51f,2019-11-18,2,2,bce37d45-8806-4ee5-bfba-59c8ff6ce857|80883d57-d7ff-40b9-91b7-82e50ad7172c,debt_financing|series_unknown
736bcb6b-8e02-468b-a8d3-06f80dbc29fa,7127ae49-897f-498b-b392-66c3b116d7a3,2021-08-12,2,2,b6586df5-ba71-4ce6-88c7-4a57810fa546|0deef5ef-1d18-4521-8f76-5f8ddd54ef16,pre_seed|seed
901c3ad2-30a6-a5ce-61be-d45810cb515a,844979a2-27a1-4a82-923f-97fe73b1be95,2020-07-14,2,2,241303d6-631e-4ea4-91c0-b3eddbb542c0|b5f6abb9-9224-43cd-8bac-5954f2becb60,series_a|seed
ae6eb8da-ebb3-42be-9ee6-644a57af8755,f0bacb09-ff6c-4af0-97c5-3e3471afe282,2022-12-20,2,2,b6a76f62-4b2b-42f8-9a31-a825ee6ff88a|2fb35e5b-9083-4a4b-a57b-aa232c479ead,series_unknown|grant
4992e606-e918-46d9-bd0f-bd94e008883e,8084e7ab-2af0-43cd-98f5-12bcd70cb038,2022-04-05,2,2,1f3c8712-fb02-4017-a21c-addedd5c8a05|823a571c-b3e0-49ce-8020-3930771e08eb,series_a|debt_financing
b3e49413-b161-1c44-dd77-27a2d79475f2,cd187c62-40b8-f65b-a3d6-eb02782c327c,2013-01-22,2,2,44f58171-1dd1-a63f-4586-d2eae6bfe592|1377cbae-d9ee-4898-896c-126ff3130f54,pre_seed|grant
b32594d7-fe7d-3e78-7676-3f59e9d55374,31dc075f-2fed-6cc9-0a7b-7dd0a7059154,2020-06-16,2,2,9fd27b67-f53a-4216-a3fc-834695bd8a3e|d4f5e132-ca5f-44c0-b6bb-4284ef5a1afc,debt_financing|series_b
2aca2ef9-b270-63fa-0b77-1c1dbfeeb130,23d85c4f-bf92-42e6-9b04-3e1fede22a16,2025-11-10,2,2,24536e3e-fe7f-4db7-8e77-2a41dab113af|390b8ea4-80cc-4483-a393-edbd12edcc15,series_c|secondary_market
9b5a3a46-0059-4550-8013-711371f33bfc,aecf9daf-7a24-9fd4-7599-df4a41dd4a65,2010-11-30,2,2,fb5144b0-ecbd-4a3b-a568-af052f8f5d42|326f8f70-9902-4d18-b97b-60bad52210fa,pre_seed|debt_financing
dccfed1d-e9f4-4f48-82d3-5d6eac84509a,3ed8e8fd-0642-43ad-ac14-26d7521288fb,2026-05-05,2,2,6d1930a9-f0c2-40d5-a59d-702813311cc9|35c83855-4b25-4bf2-87b4-474c4709ce98,series_b|series_a
3cae090b-ed2d-95f8-79a9-e32ca480258f,f8f3eb91-f504-4f56-98ab-45d97f439c86,2021-07-15,2,2,dc8296e8-da44-4537-abed-719b065fa68b|807bb913-3731-47fe-8bb6-32f7ec48d029,series_unknown|secondary_market
b5d0d7dd-cfc2-4c56-9ed4-847db73f8cee,00f6d709-74af-4e76-93ff-a6d592b90de4,2026-02-05,2,2,f7866e06-1ad2-418d-8eda-ac2b5c068b79|7ddd7d5f-25ba-4f30-838e-b6502f8f3686,series_b|series_a
f0735e84-3ac7-49d7-8f6f-a406c909d511,437b5397-7d9e-4d61-1f7a-087cc89e5607,2021-07-27,2,2,94cc27a3-5f91-4e51-9d8f-e368252590c9|5a75906c-8bbb-4995-b9a2-36b2a18d6bae,series_a|debt_financing
2cce805e-bf84-243f-c6b0-b46f7a9ee30f,c2fb8a41-cca6-489c-97bd-616251ca5a63,2021-04-07,2,2,44eb7878-e7d5-4912-8ae4-69e75f251163|d8b10b3e-9724-4ea7-8380-052965e99966,debt_financing|series_a
f13413ff-aea8-4839-bc9c-4092f39e1341,0a222a29-3096-4d4d-af38-1e0f1c0220b4,2022-03-17,2,2,4eda361c-0a51-488b-bc13-e042580fe07e|87fe56f1-e1dc-49d8-a8a6-9ec3d45f298b,grant|seed
c067854f-4ee2-5e65-903c-84a52095d5da,9a9580db-4799-49e5-89bf-bf86f0c2da34,2023-11-09,2,2,f4c83fea-8fc0-450a-bd92-3b3e43b5ad3a|51676c48-e480-480b-a561-bd56ec9ccb21,series_a|debt_financing
ae6eb8da-ebb3-42be-9ee6-644a57af8755,a3ced8ae-bf4a-4ac6-9e8e-000ee244bbf9,2021-10-06,2,2,31b1a862-682a-415a-909c-127efe470cce|759155b0-14eb-4971-b28f-88bd11c27931,grant|series_unknown
4ede174d-3254-8602-e977-d9c0bfe34433,9fd7b0df-6b71-2dca-3fba-2645b77056d3,2021-09-27,2,2,323fcb5f-0d01-4c43-b1c4-9efab9df020e|21d3ce63-02e7-4206-bdd4-369af5011304,series_b|convertible_note
10e4667c-64b0-83b4-76de-0d91bb527017,84653b74-db97-542b-5f74-19ca0003daa8,2005-01-01,2,2,091c7ec3-7f3b-444a-9ae9-15ac8f3e9f19|d241cd93-c525-4467-8095-68deabfcb385,private_equity|debt_financing
40d8113b-874e-415c-a2bb-315c7195c9cc,961d3f5b-e322-2060-ee17-e9349f8ebf40,2023-04-24,2,2,a64550d7-0b03-46a4-bcf6-8909079c8593|518c73bf-36de-44e3-b3cd-d2bbb26418bd,series_c|debt_financing
bcc5adaa-4cd6-bb68-8b91-838f2eee1aa4,61bea3d4-dace-4bd0-b35f-e74d211c0297,2023-02-08,2,2,78bcc755-dbc6-4b10-84f0-42a813330da7|ccf838d1-f42d-4fe3-beec-64b309231a33,private_equity|debt_financing
f6a3df1b-7f7c-c517-b1d0-5441069dd097,26aa4b46-2551-93ee-dd25-2d19438ed728,2019-11-27,2,2,51e70ba3-d4dc-44e5-bd6d-3d0ffcb87c67|652f23ea-c529-414b-bfa3-49137d09348a,seed
d45aa8c9-902b-fbb2-9d95-aeddf6c5b00f,ac6e328c-51e9-fd3f-4f89-b7d8e59e4a6a,2024-12-12,2,2,266ce290-b972-431a-a910-ec4725e6daaf|c4f273c7-3c5a-41ae-b523-8272c14d78b7,series_g|secondary_market
444051b9-5dff-2198-08a8-16fbd5081cb2,26aa4b46-2551-93ee-dd25-2d19438ed728,2018-03-07,2,2,57ba9797-26ac-4ab9-a79b-af84bacc2bb6|c7f3724b-d99c-4327-a35d-f28386ff79fc,seed
5a3cf44f-59a0-fbb1-0f79-1b270f07f0dd,b0fbd30a-dd68-545e-dd13-2f7bf1ea95c3,2024-05-14,2,2,046d0a48-6c88-447f-b2b2-256105df09c6|ae9de1a8-ff70-4b52-aeaa-6ce554e88a41,private_equity|secondary_market
6db631ac-a589-435c-9143-d24e65b61f0b,3cd357c7-b3bf-2788-c521-898b3c9bee19,2024-03-08,2,2,d9ca473d-b574-4e04-a462-802043265e71|3235edf5-0103-4e4e-9e07-bd68e058cb3d,series_b|debt_financing
eab04e4d-2de0-405e-9d39-9974cf62163c,ea2eaa89-e8aa-4f95-a878-bf5c32d9452d,2025-12-11,2,2,7af245f0-a0a4-4922-bd5e-8b3be1dad97f|35a240ac-1e84-465c-93e9-1f7b7f08b78a,post_ipo_equity|post_ipo_debt
283fed71-eb41-8a76-bf46-06787c3981e5,afb449d9-48de-44c9-a791-101e40bc216a,2023-11-22,2,2,707bf0c1-0c76-47c6-af15-9a976a50b932|2987be82-9894-4cd6-8be1-07e994424a92,debt_financing|seed
ae6eb8da-ebb3-42be-9ee6-644a57af8755,2b9395a2-db7d-b458-8ee7-0d912c608570,2021-06-16,2,2,1e1d9654-b885-4e31-ab03-147559483235|69e71d4f-0ce6-4f2c-8a9a-932538bc0d92,grant|series_unknown
e147a350-d7cb-f468-3196-2fc5bb74841e,fd44cad4-ef8a-4579-8f8d-8f92bd11f94d,2022-06-29,2,2,d8296f27-af7f-4067-8977-76ea0d717734|c882e210-d668-4bb9-9e19-f2c014bc5213,series_a|debt_financing
d5df3873-7871-c608-0284-c74d0b555ccd,94719107-fcf0-4940-8857-b4bb488e4686,2025-11-05,2,2,4f183de8-9e24-4756-949e-cb7c20eca1c1|3f5aa107-432b-4541-ab15-e39293e97319,seed|series_a
3c6e2c28-7bbd-8e82-74a4-510e60395372,17e40f23-b751-46cf-920b-b86c6cf86899,2022-06-13,2,2,7e0f5c11-49f2-489e-9e46-f6a31daf18ca|541ce708-00e3-4941-974e-33a367bd3a1a,debt_financing|corporate_round
809d0f70-9c3a-48ba-9c04-fc6e75edc6e5,2b0e244b-50fd-4224-ab51-49fbeabd3b35,2024-07-15,2,2,6674feba-ed23-4b78-b8f3-c6027d999845|7414b5c0-69f5-4999-8843-31afc320d166,grant|seed
3b92413f-e5c3-4ce9-9de7-021431a37bd5,4c8af45a-403b-409e-ab4a-9bfc301edb86,2023-10-05,2,2,1e3a2a91-7ac3-430c-83f5-4cbca055b182|b7ca41fb-37b2-4d5d-a3bc-6936b2620893,series_c|debt_financing
14307b2a-c0f5-7f59-f163-158babffa52b,1742b6ff-1d08-49da-a675-fa26c3cb6748,2024-09-13,2,2,b8dd6134-c12a-4223-b337-d78a14933f82|e1cc20a9-6dde-4799-94b4-5f2cc5a55933,secondary_market|corporate_round
52652f4d-581e-4ad5-9d06-b1b250a333cd,916108de-2c72-401c-9ba2-f7ae2d18351b,2021-04-26,2,2,7a70e7de-d3a5-45c0-a316-58ebac0698f6|70389160-8f3b-45cd-bf5a-7fdd3590aea5,series_b|debt_financing
07c807bd-aee4-4710-96df-183985b59224,f8f3eb91-f504-4f56-98ab-45d97f439c86,2021-07-15,2,2,dc8296e8-da44-4537-abed-719b065fa68b|807bb913-3731-47fe-8bb6-32f7ec48d029,series_unknown|secondary_market
da7dace0-ea77-d4ee-4af6-7cedb69539e9,6e97b191-5169-9feb-f368-351bb4cbfe90,2010-08-31,2,2,11946a96-83b7-4b85-b6c6-ab09dd921284|d22cec55-3d5c-488d-9162-2d5956fe3dba,private_equity|debt_financing
b36fb34f-cca6-47dc-8e52-97178334709f,e48d2bd1-24d6-496c-a75b-568d47547baf,2021-05-04,2,2,3c7e7f15-f271-497c-b0d2-e4567142bbd1|dee72d7f-795b-4719-8f0b-83c14fe84ea6,series_a|secondary_market
148f7cab-3903-478c-9959-f7eb82fc5fd9,1f20287d-2401-4917-8949-db28c07e2c9e,2025-10-17,2,2,c0b33926-5c97-4091-9728-e6bc03dfcb08|bd1706a4-48c3-48cb-bdfe-173fb7fda7d0,series_b|secondary_market
355f3d08-b0a4-abe3-9503-9dc697bc8f37,080f1dbc-025e-4ebb-8c25-7aa75743a850,2023-10-31,2,2,da5115f4-da4f-43de-8b75-a17adc4b787b|52ac2787-3b0c-45be-8c99-a32a4a087e5f,debt_financing|series_a
8b8d96f8-9dfe-b27a-8f57-7d266a051dc9,89a9b4a2-b82a-3644-8ba7-5adfb24840ea,2025-12-03,2,2,d11b04b0-c7b3-4979-8fef-0c687a244830|62be45f2-bffc-4621-a5c2-7bfc6149d8b6,private_equity|secondary_market
d656d52a-8324-322a-278a-632b82bdef2b,f67747d7-5cdc-42b3-a423-4837c4a13daf,2021-07-05,2,2,484c214c-a7f4-469a-9ba6-a1d66d85faad|7c572d1f-dff7-4150-9ecb-42b760888b9b,series_unknown|debt_financing
a2fc8fbe-32e1-3219-a3a8-665ae83f7243,d61876c0-7e4d-4a5d-9cc8-f8a93f9f2c0d,2025-11-19,2,2,6bdc8d74-ef70-4a7a-84bc-7b7e0668408a|d021d5fe-f867-421e-a486-d4049a1f5ef5,private_equity|debt_financing
4b95c6fc-bec6-4fe7-ae40-cc9f71ed314e,c68ddb4f-844a-448c-bd85-af8e77b04f68,2025-10-08,2,2,a93c1d75-98ce-4fed-80e2-625a7bce9f96|bea1e86f-cf3d-4733-a57a-603c3a98cb56,series_b|secondary_market
e3a421b3-01f3-a8a8-e2fb-8deb51637259,b6135e72-e7b8-cb96-c187-f165462a3889,2025-07-21,2,2,35c2e7f4-ae26-4cc6-b9d8-e6df4f5ead7b|27459991-ccf5-4a67-bc4e-7227bbb5b98a,private_equity|secondary_market
d420cb3c-c5c2-df2a-63db-4850847570c8,cbe5c7ad-3742-44bd-97e4-dfa82ba139d6,2026-03-31,2,2,0d95c328-b067-4282-991f-6b98bbcdbccc|28a8a730-1024-4b6a-b753-183960b9a574,series_b|debt_financing
17766aa6-2da1-c1eb-d14d-2277ae1f34c7,6e3b9d67-7b78-4818-9b06-f66d3a45294c,2022-01-25,2,2,33da5875-6fb8-4612-a38a-f1b58b097081|05acf346-df60-4df3-b780-31a8217443a5,pre_seed|seed
ae6eb8da-ebb3-42be-9ee6-644a57af8755,6a430d97-4d12-aa48-51d5-83ac80c3c67e,2020-06-10,2,2,4e5efd4c-f105-408d-b5f4-11de166fb2b2|059fd9ab-4e13-437b-913e-199837608be3,grant|series_unknown
f05ad8c7-4c1a-6fe8-58e1-27905b9b12d3,2687f68a-16b8-09f0-b9f9-9a916bb2e4d2,2013-10-02,2,2,fe6ec425-3feb-a6b6-5c8f-3849178e59bf|742adaf0-8ccf-ec65-177c-1ee61b1028d0,series_unknown|debt_financing
3a1f2e3a-9a62-43f9-9261-5b58190532ce,43b9e775-b843-f194-fb96-d266684cfb53,2017-08-10,2,2,c9eeccc7-a681-b542-6b84-618f73c514ca|bcaa81cc-fbb8-494c-947b-209283a9ce2e,secondary_market|private_equity
4554f3b8-4e17-4cc9-8976-63e440f76f74,ed7b9e37-69c2-9f42-5602-6e0de806e96f,2019-03-04,2,2,5b445358-4a3f-4440-ba14-70280643fb8e|d45f84ca-9216-4fab-bf48-76257fbcda98,series_unknown
b08efc27-da40-505a-6f9d-c9e14247bf36,ff1779a7-b396-82d3-3693-87958a3a4839,2026-05-15,2,2,b5c53647-7380-4831-9fb8-f13e2fa4a84f|9ff2f10d-1fb9-403f-91db-ea2158a8e13b,series_unknown|secondary_market
78c5903b-9e04-6247-0ba7-ceafc804b111,39f65202-1f10-adb8-ad30-05773dbed1b9,1997-06-30,2,2,516d891c-ee30-428e-919e-3da7f11847b7|c187b73d-0a8d-4f76-a008-bd6f95f08de8,debt_financing|series_unknown
bcc5adaa-4cd6-bb68-8b91-838f2eee1aa4,e96af4d3-4be2-4e21-89d3-80fd7f3d752f,2021-05-11,2,2,811be4e8-5b09-4e87-9f4e-33f9509863a7|de437c92-fed3-46c0-b5cc-1cb0f9e9edcb,debt_financing|private_equity
6906284a-c5f1-42ba-823c-ba49ab409c0e,626c2b72-70ff-4183-bf19-906d4ab8fba6,2020-04-13,2,2,a9a853d7-ac64-4aa4-9334-d923021d81b3|300deaae-5052-4dcd-aa85-8a877afed114,series_unknown|debt_financing
ae6eb8da-ebb3-42be-9ee6-644a57af8755,e51aa994-7702-15f2-9548-2f63b6249aad,2023-09-12,2,2,f1474251-2bef-434d-a4eb-43bd8f0be403|4b7d7de5-5915-4f11-a592-c03d2c1256d9,series_unknown|grant
1e636aa3-95af-9195-94d7-da6cb73c84a2,61864077-fb0c-406f-b60b-bf83567de7ea,2022-05-01,2,2,ea1d9978-7caa-4710-bcb5-26a6e0657e5f|a8c193fd-fc4d-4354-85d5-cd564b05afe3,grant
d83fc2b5-bf72-b7a1-7adf-f92be0bb5d8d,f98f6e15-74d0-0855-258b-c98781716319,2025-09-09,2,2,0b2e1f30-50e8-4b79-b7d9-413410c212ad|9dd74fc2-c19b-44fd-80c4-28ef1d8e673a,private_equity|secondary_market
b317f92c-6b57-a05d-940c-27804451efc6,727b69af-5bf0-47dc-81dc-f19fa096ef59,2023-12-20,2,2,891f217c-305a-4fd5-bdde-3d06acdf9091|c6e929e0-5862-480f-8fd9-8e47aa75d6c8,seed|pre_seed
39041e62-6b24-ae8d-1347-4cea947e832c,d0644096-7f63-401d-a627-b2f753929b97,2019-11-05,2,2,61ccacbe-a670-4e48-894e-6c4fdeba2fa3|638e9e05-c289-4593-a5db-5d8ade734873,convertible_note|seed
adb05647-0184-4534-84ea-4109652cd605,3d4501ca-390e-a618-52d7-27f7b60dfbd5,2021-02-25,2,2,99dfebff-09ce-4dec-ad82-f8d93ad71e2d|9e039f3a-2b6d-44b2-a82e-ae3e7ce0acca,series_unknown|debt_financing
43b80395-d656-d3ed-9367-c3f10b61dde2,3f38b90a-f27d-405b-bfc5-b2ec61611412,2026-02-17,2,2,fc4dc9fc-43c7-467e-a5b0-d40ec8862691|a0b19217-46c4-4fba-85fc-32e6200751e5,series_a|seed
d68c4169-d876-ba7f-c0ab-40fd2a36ba27,4586404c-040b-4cb9-b640-694aea2c5641,2024-04-18,2,2,8483eb6b-5c40-4672-acd2-faf14feaffa4|2682961c-4110-418e-9415-93b9ecf059af,series_c|secondary_market
77ea42a4-51df-85ca-d179-7d2bdc41a3f2,af37a97d-74f3-693f-11c4-3d526e7d175e,2017-02-27,2,2,82c3e96f-90f5-4a1c-b8c6-a201c92283c4|9265fb84-d099-4a23-84ef-ead858727ec3,post_ipo_equity|post_ipo_debt
fb0498ec-9c42-da79-47cb-cb28cb595a8d,356ffa4a-84e4-4026-9bae-3a3b62ebc856,2020-10-20,2,2,4d73a7db-995e-452e-b91f-fb2033b88439|48c17705-e960-40a8-99c1-57b8355b57bb,pre_seed|seed
bcc5adaa-4cd6-bb68-8b91-838f2eee1aa4,dda6625b-aa87-ba0a-c262-66f57f3d3964,2014-08-25,2,2,0db6d727-7b1d-481b-8419-1dcfeb6b1716|ff7ca390-6dcf-4160-ba09-4ea63155e950,debt_financing|private_equity
b09ab004-df11-4c04-b5b5-2cc547e467a3,98f38245-bcf6-0a4c-097e-40c0a28b16cc,2023-08-09,2,2,22d998d7-0285-4ee6-8bbe-b11c5f3abf24|ada302d3-89e9-434f-9e0e-0aa1480b4ba7,debt_financing|private_equity
bebd95b9-764f-0b4b-ac23-e9b3a802fb8a,29226f22-f7ab-4549-9012-ab674bb68e7f,2026-03-23,2,2,c9769ef0-b0e7-4651-a248-a2faf2a78088|fe2d8554-9947-40e5-a160-5ce57ba14206,grant
9da42114-b627-6926-f3b7-fd07e23fc337,b0b626fd-c85c-4aec-9c1d-dcb7ca862bdb,2020-10-15,2,2,cdac6a84-61d0-4112-b5a6-22ee327a50ba|f8c4c86d-a295-4093-9ce4-3be62966b410,seed|series_a
470c062d-2a9a-ebfd-00ad-c94e8fcdb9d3,a6e75f1d-3e0a-4a45-92c4-d38f8ba5387f,2024-10-16,2,2,fac86c50-480b-495b-9f57-6ca384f77c9a|e25c8889-0e40-4f9b-8b8a-b954c4b6989a,private_equity|debt_financing
8f97ca42-2a10-ad92-a630-c37be05d9884,ad08fa35-a5d3-462e-959a-55f7b5a2e57b,2023-04-06,2,2,822e1229-06b9-4ba5-b4c1-f73febd3fa1d|5ed42804-e1a3-49dd-b4b4-996c5c215b63,debt_financing|series_d
00e49595-f240-41b3-8f4b-a556550254d8,dda4c017-e14c-06f6-22dd-418f1acc79d5,2020-10-22,2,2,009649c0-8a45-4a3f-b854-8de33be65c37|36c408fc-e332-4873-bb2a-00764e4e68db,series_c|debt_financing
e1199c4d-6eb3-474f-bf78-912d66b1a426,5b0257be-5d76-4080-a93e-c732efbcb78a,2021-11-26,2,2,b20c484a-00b8-410e-909f-a0233a001ba9|16233c0c-563b-4baf-a119-96982c281b36,series_a|seed
2bf45954-67aa-46d7-a454-540cd5906f14,6d30e022-42a9-4443-84c2-2d6a9c9ec954,2025-10-16,2,2,49790c13-55b4-4178-8afd-f9cf9f1414b9|88177413-2a4c-444c-bddc-2fe16fe48fd0,series_c|secondary_market
f57c0a98-995f-4556-a1cb-2eaca293a638,0071d53d-3ed4-49ed-a96a-7f0daa026c99,2025-11-17,2,2,4c230c75-c24b-4905-8983-e5f0baa1e0e0|61f8fb8c-8ea3-428a-a28a-f1a8fba8dd35,post_ipo_debt|grant
9a2af95f-6fee-ccaf-b38e-12f7234de784,b5542d8a-864d-4bd1-82a9-78f0062242d9,2021-06-03,2,2,df35981f-9929-4a5a-a7c1-3ff43f7af06c|14a2ba5f-7350-4170-a01a-3a51a0ecce8f,seed|debt_financing
39041e62-6b24-ae8d-1347-4cea947e832c,66ff5f1c-fe19-4444-bc9a-499a9940a0dd,2020-05-25,2,2,21067d98-65bf-46ac-ad59-063fbaadce99|0ed6afc8-fddc-41f9-ae9a-fcbd68d1bb54,convertible_note|pre_seed
afd348a3-827a-c84b-a084-5b0350552559,155468e2-2f09-34f6-6a5d-dbc40d409cdd,2021-01-02,2,2,41955cf2-2cce-4274-9256-c13a8971b747|5cd071a8-b644-4b21-a18d-e4674c5d8240,series_unknown|debt_financing
5125c2d1-8a1c-29ec-9be7-2185d1370d07,88ac058d-4561-1c9c-d490-e6c989eefb6b,2026-01-13,2,2,5f3eccca-bf60-4042-bb12-b9d6af261379|600cbf59-1b5b-4758-a583-bcfb241f6d9a,post_ipo_equity|post_ipo_debt
7079eded-aaaa-9b03-a30a-1b9425f96249,4a778ebf-7854-4db1-b0ee-d926ca49f700,2023-12-18,2,2,f3a3fac1-270d-447e-856b-898eac20e5b2|ee701bd9-8f63-479b-9c8e-adb8bd6b9699,private_equity|debt_financing
34079d8d-e15b-3a6e-00cf-26db1b890ea8,9332ef15-5d14-4165-8016-006e65b3d11e,2023-03-07,2,2,90d04df6-f0af-4f6a-92c8-7e4fce1f978c|31f3a9de-5783-4781-be40-079cd04a1b97,debt_financing|series_b
76c64c78-7066-f7ab-72e8-3ba282be0a06,96e6935d-9001-4112-beae-773d1d5ef0e7,2025-07-15,2,2,1e3111e2-74ff-4d0a-b6fd-9fb7ac4055a3|4845ecb9-654d-49ca-9266-4102bb1ea16c,series_c|secondary_market
71f1c900-d091-617f-5d93-7f8c3a6a3bca,9fa9e41c-191d-88e1-ea29-3660064701ca,2021-01-07,2,2,c222084c-4801-4b78-9116-42a0e9114094|d06e8ff3-67a7-43de-b6d6-04cf70ffd32c,series_d|debt_financing
f3a550ca-dc96-b210-0f85-88fca746cbcb,e177f0f3-54cb-a0bd-638e-72c7317ab2df,2021-12-14,2,2,3e206080-b972-418e-9a97-845b005f441e|b8fed65d-4ef6-46ed-9aca-75645fe84d76,grant|series_unknown
ae6eb8da-ebb3-42be-9ee6-644a57af8755,f945e493-5cb0-4ff8-b4ac-f4bbb307175c,2019-10-09,2,2,49958133-5e7d-480c-a59b-d96f1c34a8ce|d25d4242-8119-48b1-9d25-acdb54573714,grant|series_unknown
39041e62-6b24-ae8d-1347-4cea947e832c,518d0cf4-25e1-47d0-88de-5a9301469260,2021-09-10,2,2,af1fd98a-66a2-4af8-9fbf-979ae4f491c9|203faf50-a5ce-446d-8240-ce3b895fbf31,seed|convertible_note
efd513e9-c18c-4e04-b0fd-f9f1227c999c,1a356191-f955-4464-93ba-95fdded83261,2025-06-11,2,2,ebd37315-39f2-471b-81db-7208415c0300|a2db6b2f-08f7-4a72-b6d4-53f55f190635,post_ipo_debt|post_ipo_equity
ae6eb8da-ebb3-42be-9ee6-644a57af8755,58768cf2-1d29-f4c1-cfa0-dad69de2563f,2021-10-21,2,2,4ae86259-6bb1-4381-b825-f2c9723ee323|d944122f-220b-443e-87e2-4bb038c8c293,series_unknown|grant
bde5be40-84d3-6e44-b993-d22910c37589,31afdccc-abe5-6037-c940-83f26b5d05aa,2013-09-27,2,2,fec2a20c-5b57-4bdd-ad15-6b4e10edb12b|aef89405-cca3-a80c-ace3-1171018f03b9,series_unknown|debt_financing
47c3ac5d-7134-4225-be7c-2fedd0538aa0,9f8b57d0-6f14-483e-8114-ed8227b29100,2026-01-23,2,2,34d18bb9-04ac-41a4-9046-72bcd247c5ca|c9377f51-f5ae-4cb4-bbd1-5adf68dc6e23,grant|debt_financing
3c62db15-4db8-016a-145e-dd1a06d168e2,61cfe46e-16bf-45b7-afac-04eafc91eb9a,2023-02-16,2,2,930b5769-f39a-4de6-96e5-b64933b8e756|7576634f-d8b8-45d3-8845-b5bc3898f4d4,series_a|series_b
33bbbc11-14c2-42e0-bf74-86958aae4fc0,697594e7-e0d6-1722-f909-76e1d5bbaeec,2023-12-20,2,2,e7fa63af-c1e2-4106-a7cc-a58270040ea3|b401d877-c85d-44b1-866a-304255ab50af,private_equity|debt_financing
ae6eb8da-ebb3-42be-9ee6-644a57af8755,a563c1f5-7dd3-8e2a-89d7-13ac2a251543,2022-10-19,2,2,b92ca9ac-f78f-4d83-b994-f52ef74765cc|462a280f-6ba0-4931-9863-f3c7d310575e,grant|series_c
a5f38d6f-1166-44df-aaf6-45aaa7a68972,3ed8e8fd-0642-43ad-ac14-26d7521288fb,2026-05-05,2,2,6d1930a9-f0c2-40d5-a59d-702813311cc9|35c83855-4b25-4bf2-87b4-474c4709ce98,series_b|series_a
c4bdc9f3-5a75-3393-8d54-fec662761ec8,3053497e-8f3a-8e23-d07e-666bfa088d50,2022-06-27,2,2,7db72e6c-37a6-4a81-b8b5-8ca8045acbcb|ba08daaf-4864-40ab-85d9-b143eb22ca2e,series_unknown|debt_financing
5fbee553-f659-45c6-aa3b-2a7965371b29,83fcbd14-5300-4ffb-b3a8-12699e8d384a,2023-07-07,2,2,c8a353cf-15ed-4946-886e-dd9cd414fbe3|b9359192-9eae-43ff-9476-bf8e77d719e8,seed|pre_seed
3afb8ef5-2b6c-7788-7b38-53ecbb89d72e,b0a1d000-4a7a-e468-7303-502939971185,2024-04-22,2,2,6f6743e1-99a1-4b67-be05-fe574210d6e5|b7f52b09-5dd4-41c6-a2ad-e5664724408d,series_unknown|debt_financing
4eee5e60-3b06-6fe8-cc2c-29119a96051d,6abda9a9-d02c-57ab-fa9f-a7f36cae2554,2019-10-16,2,2,4d4ef6f8-3021-4dbe-9dfe-7eb232522c3f|34dbb905-2f46-4a8a-9213-cde1049c1b33,series_unknown|debt_financing
1ab3d6b4-e014-5a11-bdf6-fd66b818e644,076473b6-cad4-7fea-932d-df38696441da,2018-11-19,2,2,1f16027d-6e29-4c85-960f-b51a33d10b83|888d7f70-30a6-4a0d-9398-7a64718b7a17,series_e|debt_financing
473d941f-4ce5-48a2-3ead-d26de5c6d1e3,bb18c428-5b0c-9d4d-e175-02382de8f32a,2020-12-04,2,2,2960b59c-dc65-4772-846f-81db0b4086f4|6532fb2e-cc39-4d4d-ae2c-329793f7ac6b,series_unknown|debt_financing
a9cea439-29fc-4f5d-9064-69128c475a22,f74bb59f-7571-4e9f-bfd2-2daaa852742c,2023-09-01,2,2,9ada89ff-1a75-478a-a30c-ee633fb3a6f9|d6a5abe8-730b-401a-a4c3-3b3f48bde2ac,post_ipo_equity|post_ipo_debt
a4f183fa-62a3-b8aa-f0f7-8d211e7ca47d,d096a42e-12fa-4a83-8662-80ab68267465,2021-09-28,2,2,016b5c5b-e035-4602-8b3d-f75489ece492|6f71440b-38cf-4150-8ec9-abdb958fbc7d,debt_financing|series_a
577f8b63-91de-465d-ac2a-e111d3eb1b2b,5a940f78-fd5e-4b70-b936-f11fa6248783,2025-09-29,2,2,c32c3ecf-1510-4e27-8392-8c149d806928|9d05f524-8cef-4a74-858b-67feba48befb,series_d|secondary_market
0e02299e-a06f-42ed-84ea-0256a02701d6,54f01d6d-a92e-4ba1-9307-eb81d3765174,2025-11-28,2,2,9dbc6496-c500-41b0-b1af-1d93bd0bbc62|b19e04be-74c7-47b3-82db-90089f5a1c6e,post_ipo_debt|post_ipo_equity
d0861cd7-47bc-6a30-7d6c-082f021c0b56,37783db4-09d5-6681-24cf-ef99acce2279,2019-02-08,2,2,f828a9f8-8ab2-42f9-97a8-4cd0176372b8|aca8e8e8-1601-433f-ad89-9fef7e893fdd,series_f|debt_financing
0e526725-4701-4b65-94a3-d737c241dede,7acfecb2-423f-46ae-a3e5-817895db4b97,2025-10-16,2,2,b24a94f2-b459-4c9f-9833-fe22f55fefd4|11a552d5-8cf3-4736-a5c7-ba615223af02,debt_financing|private_equity
a2241b17-4bca-46f9-b5ab-dd319a067bb2,c2a87101-22a2-4980-b0c7-53596199e088,2024-07-22,2,2,0b65c91a-8256-47d1-a606-6757885d87c6|d44e1ab3-4686-41be-8145-25630ba9bcaf,private_equity|debt_financing
809d0f70-9c3a-48ba-9c04-fc6e75edc6e5,a750b87d-bd58-4b0f-b4e9-678cc7309ef8,2025-06-24,2,2,ed75e33c-d2d2-42a8-9d1e-f036a0b63ad6|145c0537-0458-46bc-bc66-0481ae3d648c,series_unknown|grant
e19774d3-1184-4171-894e-eccfee473e7d,7ee8a9db-0eca-4331-aab4-51f0d97a4255,2025-10-29,2,2,fcdca41d-7892-438d-9340-444af4afd5b0|ee38baa3-0130-499f-ab84-53560f7bca50,seed|pre_seed
4c04b49d-9ed6-4ec4-9bdc-8b8bd230a35e,c743764d-9cbb-4056-a0b0-fa9b932b9908,2026-05-12,2,2,19b54a79-8f2e-4544-a030-b35f1bcbccaa|2bef7a4d-1485-4655-92b3-7ec0e5bed9ec,seed|pre_seed
63eb8719-2957-f55c-7504-e823fcfa503b,906b238e-0a67-c9db-f184-95050baf8c3c,2007-11-09,2,2,1b5a9a72-bc93-e97a-e37c-19d2a8ce5583|3ebb8f41-c843-0958-1964-28913bf00517,debt_financing|series_unknown
8c5ff693-d08b-fce9-7829-236ebf2fe254,df95b543-a31f-126e-9338-5ce789e574fa,2015-06-09,2,2,56cd8758-aea3-4d59-8d79-c22e2c9904bd|249d0935-ba77-2266-bdc3-00c6f5c3f7fd,series_unknown|debt_financing
aee47d3b-e06a-d516-6684-1d755ecbe99a,628d1141-4f4a-91f3-0fc4-7dd5167ab936,2017-09-12,2,2,d155413f-ce2b-4d98-b108-9c0e37940886|62200c05-0a2e-4f17-8416-70710d96c304,debt_financing|grant
d420cb3c-c5c2-df2a-63db-4850847570c8,9b2d0a31-e510-4ac5-a345-3d32463670d5,2023-10-15,2,2,e736d34b-44fb-4676-a909-156f2e57f9d9|428fa41c-f1af-42e1-b222-05014f4652bf,debt_financing|grant
7b80cd7d-ce42-2516-d816-23db6d9d2e93,46f494dc-6df1-46e4-952d-1d2eceb87cd3,2022-04-27,2,2,d7e13292-9ae3-40d6-9345-13a9e379eeee|e494b620-f2c8-4716-aa6d-4dc1d1519ec3,series_a|debt_financing
ae6eb8da-ebb3-42be-9ee6-644a57af8755,02049fd3-b777-4a14-9237-46f655104edc,2022-03-23,2,2,2e859cb1-0d96-4c71-a955-6ac8184ab978|ebaf7b26-1d10-4402-8d38-8e85949daf2a,series_unknown|grant
3c2869c9-ed5d-c878-2f3b-6b6b62181276,961d3f5b-e322-2060-ee17-e9349f8ebf40,2023-04-24,2,2,a64550d7-0b03-46a4-bcf6-8909079c8593|518c73bf-36de-44e3-b3cd-d2bbb26418bd,series_c|debt_financing
0c867fde-2b9a-df10-fdb9-66b74f355f91,384cd482-54a9-46c9-b06e-720c528f5af2,2025-04-23,2,2,39080515-87cf-430c-9c1c-2214a8a16767|3a0f54a9-1b10-40a7-8d43-65bd1cb31bcf,series_a|seed
7ec1e048-c17f-47f1-b7ae-714f74601624,3fb9d495-70a1-b558-d282-6237bd912819,2019-01-20,2,2,0dd7b2dd-da7c-4d97-8494-8727880f48ee|4f70e9e1-fc5f-485d-a028-3f38abe1742d,debt_financing|series_a
7397c674-b7b7-4b34-a27d-d83e1b1a7d1a,4452fcc4-3086-4824-b9eb-ee6879af406f,2025-08-26,2,2,9ed075aa-d5f3-4b4a-8839-176d231602a2|633beafa-e4d1-44ee-b10d-3d1c0b4040ce,private_equity|secondary_market
d420cb3c-c5c2-df2a-63db-4850847570c8,1c7c3770-cb60-c11f-ee7c-a95b27ead431,2023-10-04,2,2,2159bfa6-0d21-4dca-a89b-201b07efd6ba|13acac65-5e50-4c1a-bd15-98c1f0d37fd4,post_ipo_debt|grant
1a89a0df-a150-658a-02a6-249d3911bf7f,ffe74ad7-43eb-bd06-32ad-19de354a67bd,2018-08-22,2,2,a42e9afe-e06a-416c-8a99-480d45b58305|1f1a1d54-5b87-4eb6-a60c-d6831778beb7,private_equity|secondary_market
809d0f70-9c3a-48ba-9c04-fc6e75edc6e5,4ac27258-c110-4e9f-946d-ca74b4f2ea47,2025-06-24,2,2,18fe37b1-6eae-4d29-b9c7-267370e121a0|cdec4883-40f9-40f7-b0af-8fb5392ff3dc,seed|grant
b2d0a0cb-3de9-bd0a-32ed-eb8b5d3543ba,e41702fa-2ab4-4979-adba-28126d97cea6,2015-06-04,2,2,e4fc4e41-7b2e-fe16-3a8a-e3be5941f4ca|74f4995d-13a3-db2f-da61-2354ae2779d0,series_unknown|debt_financing
d9b54477-e39a-4a61-8cda-fdef5b297b0f,98f42834-a074-47e1-bf55-e10591db6785,2023-08-08,2,2,a94d030c-d10f-4fd1-98f5-700879bfb23e|876c09d6-2672-4ea5-aaa7-98382ba3842b,seed|pre_seed
2fb750ce-1053-410b-bee7-9cc1b19be04f,8a2dc26e-7458-416e-8c5d-9d4b2366ef5d,2025-08-06,2,2,a2a5362a-46b0-41c4-a371-2f8bb2504ea4|6649e326-b7b0-4611-83ae-32f74b6c9f68,debt_financing|undisclosed
29715599-a745-4199-abb6-bbd2e8387894,da0e6fc2-6bb6-ac7e-0e24-48b098464afe,2026-05-29,2,2,714befdd-66bb-49a4-9a32-ce530b342f9c|92c4f7c5-d2da-48a1-a233-0e8553ac1b38,secondary_market|private_equity
809d0f70-9c3a-48ba-9c04-fc6e75edc6e5,308545c6-5862-49a7-bf5e-77010f450a89,2025-06-24,2,2,9a41a5a3-64aa-451c-90a7-8bf8c2631a38|62e2736a-fdef-44a5-9691-d84e568e40f0,seed|grant
def0889d-48cd-44a4-8975-8de9d6c63e1d,40522689-db33-4b71-888a-ff537ac52d05,2026-04-30,2,2,7fe19d47-7af5-4c4d-90de-9999f96129e5|22d43e59-3ef2-4482-95e0-eb9c0a6d9a7b,debt_financing|private_equity
116045ad-9af7-4b2f-9b5c-b51a84a31604,a5127bb0-2f68-4a9c-87d7-2a85ba8f9eef,2026-04-21,2,2,72f01b1c-2ed9-4cda-a5a2-bf16fd212bb2|85127a50-75e8-49c9-9682-5c545c6e9e3b,series_a|seed
beadb218-e5fa-2686-bc95-4dfaa9acc2e8,ce334730-45db-47dd-b242-a2d74b9304b6,2014-02-18,2,2,aa56274b-f31e-a978-9ab8-2595e655dad3|2fbf7282-3fb3-e43c-618f-8e7c9d08daae,series_g|debt_financing
10b70cb4-fcd7-7b66-b0d9-49222f44ef40,72eec248-3152-99de-e4cd-20caf2040d01,2016-05-11,2,2,e306b320-e1e4-a177-2651-8eab72bd69c1|4d5f515e-4578-58e9-da7d-cf02c0c4021a,grant|series_c
16914aa2-1303-ad20-60b8-84871adb50e1,34e07118-7376-498b-8b46-9011a33e5b33,2021-03-03,2,2,e1685f75-e58f-4a7e-9cad-d11c6d3e49d9|862f62e9-13a7-43ef-9e19-44a7a11cd17c,convertible_note|series_d
f3b067c5-501e-6b48-e834-0fa966f4e295,562700c8-1bf4-1d42-1720-a81cb8edbd78,2015-09-21,2,2,7099f342-2d7e-4724-885d-0c6e9bbad4eb|d6d79bdd-d37e-2a86-a3cf-b896f8709cdc,series_a
1b98bc37-ae9f-435a-a3ee-26589297290f,76fa340a-6dbb-4148-a270-d9e73c6a66b3,2023-11-20,2,2,0547f3b2-a384-4457-ab96-dfd10a108bb4|01316f75-aaab-4f48-8e17-5268d290a0f5,debt_financing|angel
73289079-c5d3-48c6-9549-26bafe58b2bf,04ff612f-6bee-42d8-ad7b-3802d5fa9ad6,2023-09-26,2,2,5ae67bf1-23d9-4889-bb60-0964e1d5353d|83381c4e-5b2f-490a-a113-77a0589897e6,seed|series_a
87dbe0db-3015-7e9e-8665-af1cd6bdbff4,18aa0474-0640-447d-ae62-944f96ebd0f6,2024-01-03,2,2,e2fa9e58-9f45-4400-8edd-cb90964cfe2c|039131d1-429d-4b8d-8865-d1f24da81a1e,series_b|debt_financing
ae6eb8da-ebb3-42be-9ee6-644a57af8755,23d6246f-1824-aa16-8b5d-303b8de2baa9,2020-03-20,2,2,25c6826c-5169-4109-9cfb-d75c0734b177|03e17ad0-b866-4e36-84a3-806309fdeeff,grant|series_unknown
14396192-4718-4084-4017-378d4b41cf6f,636e83de-3d58-41d6-99c7-68a2ada10412,2021-03-09,2,2,1f5c66a8-9a71-435c-80c5-cec05c620e2f|8663403e-d771-48be-bf45-8feff3e065e4,series_c
f07266d5-f4ae-3e2e-2350-d6c1c0d49e7c,762dda90-2bfd-4685-8678-c04515534725,2020-10-01,2,2,e7744ab4-081c-4b9a-9154-eacab9a3219e|c909dd40-a7d8-409d-8e1b-037de5ba9eb0,debt_financing|private_equity
772b1ec7-8ddc-6b37-8511-d32de4310e62,ac27592a-7dd2-449c-962d-8c4c602e8284,2025-06-26,2,2,b170e174-85ca-48a1-a006-1cae83641b84|dc90c0b0-4456-4316-a267-8bfee438e53d,private_equity|debt_financing
809d0f70-9c3a-48ba-9c04-fc6e75edc6e5,9aa56682-5d95-4bc8-bff9-b51fdcb48028,2025-02-17,2,2,cb99dc6e-25b5-4980-aa99-605ded5faad1|23af4622-444d-40eb-98f2-be3e5bc8ae88,grant|series_unknown
fdbc48dd-0be3-8cd7-1df3-87720b23533f,529514db-2bcb-49d5-98ba-db2dbd88bf19,2025-12-05,2,2,d8370bfa-8c79-48d7-afa8-20e7e058a42b|066890c4-d6cb-486d-b383-cfd98b59835c,post_ipo_equity|post_ipo_debt
9fa92f1c-86f9-711c-e1c2-84850ea475e1,f9aa1ce7-27af-4d54-9b4b-56ecfd709a3c,2025-04-15,2,2,fe5cfcca-cab9-4a1e-9cd7-254df3049d85|8d04503d-bfac-465b-8ecd-898073637fe5,series_a|seed
ae6eb8da-ebb3-42be-9ee6-644a57af8755,0135ea6f-692f-452f-97d8-519ec5417adc,2022-06-15,2,2,2a4d6533-8c78-4292-ac99-940a448b23e8|27f4e0e3-d3a0-4289-bb4e-e4755f1c55a6,grant|series_unknown
da7dace0-ea77-d4ee-4af6-7cedb69539e9,326b62a3-3c17-4e26-92b6-1b1eaf9b8d72,2014-06-18,2,2,31c6042e-3bef-4671-a727-f16bf4075bc0|a8629ea4-b1a0-408e-a896-7fca3182f5b1,private_equity|debt_financing
dc9420cf-909f-8824-250a-be887efacc6b,7c9e6d25-8cf0-80a5-dfd6-d1a21337534d,2023-09-19,2,2,5b33e37f-56a2-4b98-b35e-0faa0355b6ae|2cf99ac3-df86-4422-abf5-b4a50b37a5da,debt_financing|seed
1331bfdf-28f4-43b1-854f-e57d9a6510fe,83fcbd14-5300-4ffb-b3a8-12699e8d384a,2023-07-07,2,2,c8a353cf-15ed-4946-886e-dd9cd414fbe3|b9359192-9eae-43ff-9476-bf8e77d719e8,seed|pre_seed
4a97f042-2d36-c628-178a-afbb0945a362,241d31e6-e16c-46c7-8e56-466196cc1d3d,2018-04-26,2,2,36ee0c26-c2f0-870c-5e6c-02febdafb6fa|6a6e3e4c-7acb-4ded-9c89-a59b9dea1eca,seed|series_a
ae6eb8da-ebb3-42be-9ee6-644a57af8755,6f890423-f43d-4b15-a9cd-8c2f95f3497c,2022-06-15,2,2,f26bdc48-b102-4cdf-8a50-43d5a0cdc38f|043ab792-2890-44e8-9784-4427aab87a04,series_unknown|grant
29314972-e4e8-7545-a8a7-dca11d4519d2,3e0d0e61-ea03-406e-8a16-3daedd040f50,2021-05-12,2,2,51a97bba-dcbb-49fe-8645-70cb271a6b65|82d6c351-7bc4-490a-a759-35eabe042963,seed|pre_seed
0caa4574-5de5-6761-0902-c6e27371ec67,a79c2360-74e2-47eb-8a35-8da9bcd46d19,2023-02-23,2,2,39c5ccb9-24bb-4576-a74c-6785af9e347b|8282fe44-daf7-466c-aeb5-4f068c3ef9c6,post_ipo_equity|post_ipo_debt
51b7619a-ed18-4a63-ae68-842fb9949bc7,fb3c76bf-70c1-404a-a4fb-3ea83419bce0,2024-10-04,2,2,77ff2af4-5d5e-4611-af37-356b13d1938f|0933097a-ff92-42f4-9a80-61a08f85aaee,grant|debt_financing
af6da4a5-6a3d-4e82-b95d-1c6998ba632c,04ff612f-6bee-42d8-ad7b-3802d5fa9ad6,2023-09-26,2,2,5ae67bf1-23d9-4889-bb60-0964e1d5353d|83381c4e-5b2f-490a-a113-77a0589897e6,seed|series_a
8bde1407-5334-4026-9825-c3c1a9642c77,95f3af30-5ab5-bec4-26ae-1e2ee8ba6fd8,2024-05-30,2,2,f3025f31-639b-486a-bb31-9567a8d4bbcc|2adc579c-b2c0-4dd3-8d74-e29c78fd6c39,series_unknown|secondary_market
9aa041b9-d9f2-39e7-f056-a0f4d6294220,58331e5a-dd02-461d-bf17-7e6fb23da2c3,2006-05-31,2,2,fdfbd23b-ab8f-45d0-b4f9-a17c01a4a9b3|4b93b578-f2c1-49d7-9132-98401913a0ae,debt_financing|series_unknown
ee8d7fde-3d00-488f-bcb5-6bb8e7b875e2,b26676d7-1639-40c5-a6fd-4f5f9197f556,2023-06-21,2,2,aa2a6638-05fb-4515-ac50-ae79d3fd5ace|a91274db-5287-4c86-b623-5e8ebad76768,debt_financing|corporate_round
0ffe91a4-1ea9-4614-8d3a-0a9ffbffbc66,46f494dc-6df1-46e4-952d-1d2eceb87cd3,2022-04-27,2,2,d7e13292-9ae3-40d6-9345-13a9e379eeee|e494b620-f2c8-4716-aa6d-4dc1d1519ec3,series_a|debt_financing
2a2d1a51-f66d-46a8-8aae-b321fe2bf3c6,2d02a8ab-7c5e-6e17-c28f-102d83988dc4,2022-06-07,2,2,95bd0a65-0e67-4a58-81a7-b9bbef858842|32ade7af-39ec-4570-870d-e633d90f8aa8,series_b|debt_financing
2558ea2b-4f14-4643-a168-c556033db774,cb63d72a-d21f-499b-a23a-df96b4e6660b,2025-07-07,2,2,038dae85-2cf2-40a1-88cb-02e58e4c7782|6c02adf5-90ab-47e8-a33f-0dbc2835ce3d,series_b|secondary_market
4bf8459e-3f54-00f8-de29-0de0bde9fb56,6bed94f1-2501-403c-aedf-22b219f4d700,2026-03-10,2,2,d7b68591-8d13-4a6f-b708-757c4a5a204a|dfb2c4bb-9caa-42e5-bb4d-56a58d0836d2,series_a|debt_financing
260cf8d8-1b0a-4288-8824-ffe2888b1119,04ff612f-6bee-42d8-ad7b-3802d5fa9ad6,2023-09-26,2,2,5ae67bf1-23d9-4889-bb60-0964e1d5353d|83381c4e-5b2f-490a-a113-77a0589897e6,seed|series_a
65bbca2e-bf1c-4e94-ab4a-5cb8ce07dad2,9aaae923-1930-e309-239e-a91f0114fa74,2016-07-04,2,2,9d4e72d3-a346-4bc9-bb56-2e147ffd5f82|0f148025-80b2-4b93-a86a-5cac284194ac,debt_financing|series_a
9aa041b9-d9f2-39e7-f056-a0f4d6294220,6b8ad12d-4c96-45b0-a8c8-a3c97f7d3e7b,2018-02-08,2,2,724fbad0-4136-4e1b-839e-cd0c364d463c|f4ee2f74-5294-401a-b384-8379cea88ed0,debt_financing|series_a
ae4f83a8-4c9f-4ce4-a21c-10d1571d541b,e715f238-e87b-4b91-9a64-6c8906f5f56b,2022-05-11,2,2,6553256e-6b64-4733-aee6-d363166a394e|f84e4753-38d5-4cc1-849e-4a738a62f4de,debt_financing|seed
c463d4e3-e57f-4584-8af2-4aa4673e89cf,d727e344-e6ee-464e-aa02-0da419579345,2023-03-09,2,2,e9969ac6-60e7-4587-bc36-84bec962e451|98f7e420-f5bb-450f-a562-d877d2ba669a,series_unknown|debt_financing
1baf9018-d68a-4adc-b18c-8027c8d0ca3e,5cdc52c3-9f6f-45b3-9036-0aabbb1de332,2022-03-14,2,2,29a61949-95a4-4d45-a822-9501d0d76ebc|2b3e0bf5-5661-4923-9011-9f35a2fb837b,series_a|debt_financing
69f556c8-8a3e-f9c1-adf3-239c08440c1a,5616d53e-d67a-4c84-9dfd-3f700f9769f7,2025-04-02,2,2,c453e487-639a-46a5-aa6c-7ab012b1d77c|b477cfe6-f119-460a-98dd-5f209e3fc7e8,private_equity|debt_financing
569fa35b-e92c-4c8b-a6e4-1031977c8694,a010850c-06b5-0f19-f9bd-16708915ac58,2025-10-27,2,2,2b902bb6-e3e5-47b8-a27e-28e3ccb8b755|5356e1c4-7c84-4e18-aa4a-dbee41cc2bb9,series_e|secondary_market
a8478414-38c1-4084-a2a3-4074f6feae95,3d4501ca-390e-a618-52d7-27f7b60dfbd5,2021-02-25,2,2,99dfebff-09ce-4dec-ad82-f8d93ad71e2d|9e039f3a-2b6d-44b2-a82e-ae3e7ce0acca,series_unknown|debt_financing
d5002f1e-ed0d-2ac7-6831-69731c8ad8e1,080cc07c-20b5-4df7-8f53-df929b994f63,2024-10-28,2,2,d6edfe5d-3002-4558-92bd-b84f4ea1ed4e|5c0b0d96-0c75-4790-a8cc-93d4eed78d67,seed|pre_seed
4de58ca3-4fcc-eac4-93b8-f097d6e47ff1,b9df85bf-d243-4336-abe7-90e4bbbf8eb7,2023-03-14,2,2,29d6b53f-3815-46df-bbea-231cfa3fc4aa|4d60de49-d2d4-4079-be86-dd2471c22867,series_c|debt_financing
a2fc8fbe-32e1-3219-a3a8-665ae83f7243,e1579c8b-41c8-4b1f-88fb-b9135b1a9ccb,2025-09-23,2,2,dd095388-096d-4b44-9427-0071b2938bf8|82c5b115-6a4e-4f93-a106-5f8e332add35,debt_financing|private_equity
edb9e66b-26b2-d71f-d82b-9effa3c19af6,68cd5f19-fdf6-4b53-95c0-58c12a08fbff,2024-06-18,2,2,e5cdc923-71f2-42dd-8ff3-de68c46e6189|dd780bde-0304-4d2a-8919-82e320abd159,pre_seed|grant
d420cb3c-c5c2-df2a-63db-4850847570c8,ff67c8a2-fb18-4cf8-803d-64739fa838aa,2021-06-08,2,2,4f7a874c-f92d-4380-a09f-b5cf7d429bb3|375e921f-9c7c-4c4e-9496-2b6a1248cbcb,seed|grant
7baef882-c097-4ce7-87ed-393b6c6da6e2,a8fcf55a-a8fd-58f9-741a-49edda111980,2023-01-27,2,2,4869987b-9642-405e-a46f-d83bf6d2c5c4|7655c848-e223-43f5-9dcc-b6f78c123239,post_ipo_debt|post_ipo_equity
da7dace0-ea77-d4ee-4af6-7cedb69539e9,be1abda4-5146-4034-8fb9-f9980c8e0711,2021-01-25,2,2,df1433d0-bf8e-4d66-933d-0fa9f4701689|e0e060e1-faa2-4a45-aa48-6c7b2673785a,debt_financing|private_equity
5b807532-1213-41fe-8bfc-7ddfaf286bf3,46ff643f-f78b-4cfc-a15a-ec9c9b149b2b,2025-10-21,2,2,f91f447b-ee6d-46e8-a694-1cd4130358d9|cc1671f1-a9b6-46ae-b516-a392ac2b141a,series_a|seed
91a911e7-5379-296b-db12-ef9996af1010,e41702fa-2ab4-4979-adba-28126d97cea6,2015-06-04,2,2,e4fc4e41-7b2e-fe16-3a8a-e3be5941f4ca|74f4995d-13a3-db2f-da61-2354ae2779d0,series_unknown|debt_financing
5ae1a9d8-adbf-8880-6d18-5527ea313aba,f9aa1ce7-27af-4d54-9b4b-56ecfd709a3c,2025-04-15,2,2,fe5cfcca-cab9-4a1e-9cd7-254df3049d85|8d04503d-bfac-465b-8ecd-898073637fe5,series_a|seed
da7dace0-ea77-d4ee-4af6-7cedb69539e9,2334b328-6b75-450c-9999-c08c5dcc2143,2013-10-14,2,2,0b46a0f8-7afb-4898-88a7-c326b4054c32|8f64dc71-d9f6-41ac-93ce-3141880709f4,debt_financing|private_equity
84e45eb1-4a2a-19e5-8868-6def7d0fc049,3892260a-f001-a21b-eaa7-6d1d0baad803,2025-11-05,2,2,2cf8c1e4-f156-4dd3-9740-1ea08b7780b1|d45c6f07-b876-4448-9154-a6069bc1abe2,series_f|secondary_market
bcc5adaa-4cd6-bb68-8b91-838f2eee1aa4,ec0148d5-e750-400f-82bc-1ac4fc84ae2d,2021-06-30,2,2,d2015401-d0b6-414b-a571-7032cc39bcea|f494cff3-309b-4144-b782-07e604a8802d,private_equity|debt_financing
ae6eb8da-ebb3-42be-9ee6-644a57af8755,2f0978a9-224c-4f90-8100-072fb02193ff,2020-03-20,2,2,6d89733b-5038-4190-8dd9-d5930825e925|68d3c5cf-85b4-4870-8967-838cb973d6ae,series_unknown|grant
edb9e66b-26b2-d71f-d82b-9effa3c19af6,3a121be7-7e40-48eb-8320-8da7667be151,2024-06-18,2,2,a391a8d3-c902-468a-abde-4976276b89f9|95707cc3-dee7-467e-a1bf-ba1f8a31da2d,pre_seed|grant
1601ab0b-87bb-5ee5-9545-c289d4f706cf,49705a7a-44f2-4e53-8bbd-0584cb2ea196,2023-05-04,2,2,82a95c9f-e0a8-4607-8e6b-171f0c2dbaaa|2a3e9826-8e5d-476a-bf10-b9fb6154f3a4,series_a|seed
34a9bb66-0984-8de0-e7fb-13e976b4a135,787fce6d-4b72-4ecb-9928-526f3e02d363,2025-09-11,2,2,f283202b-4dd6-4f38-baed-c7848787cec0|c0a1eebb-1124-46fd-9a5a-f37d2c71948b,series_a|seed
335f6d16-d440-ce2e-1ad5-9ae15e2f8ecf,a6e75f1d-3e0a-4a45-92c4-d38f8ba5387f,2024-10-16,2,2,fac86c50-480b-495b-9f57-6ca384f77c9a|e25c8889-0e40-4f9b-8b8a-b954c4b6989a,private_equity|debt_financing
c3609d80-fb88-4d80-bf52-79d9d3cacf96,e635038a-df67-4962-94fd-1166ab40a54f,2025-07-16,2,2,c66535ec-5c1e-4053-9cda-adc3738acd59|eb784c90-9cac-445e-904c-a3e4bfe04def,debt_financing|grant
0003f244-79d0-6178-353e-33dabaf3b2c6,50b58209-5d86-4e4f-a27c-40ce1b6f670b,2022-10-19,2,2,b03f4e13-b9bc-405d-8808-5527ba4583d8|db637670-9352-4542-9735-ff2dbf6e2ffe,series_b|series_a
ae00c6dd-ecfd-8a61-3515-0fa1a417392a,3ed1287a-2393-4b3e-97ac-277661367647,2026-04-08,2,2,9c138270-231b-4d21-b5c4-0f34f66448a4|ef4f6c2d-e620-4efb-9764-3b562387d90f,post_ipo_debt|post_ipo_equity
1b65c6b5-9855-32ff-d12b-2bffcf38f979,89fa82e7-d456-4d0c-b089-1bb0383428c8,2019-06-05,2,2,b4807a44-e060-4a02-a9ce-d3f72fca356d|558a842e-f77a-4848-bc58-256ff0f248eb,series_unknown|debt_financing
51f47ee3-159e-8ffd-a9e4-c4e9da462079,f7c25dbb-677b-4af7-a276-996d0d755003,2020-11-13,2,2,cec73641-26fb-4319-80b4-63919678d46e|026ce081-af8a-438e-b8f4-2ada2198117f,debt_financing|series_unknown
ae6eb8da-ebb3-42be-9ee6-644a57af8755,4bc0689c-c00e-2930-d6ee-6bfb08c719f5,2021-12-21,2,2,54d34f70-ba9c-4379-8a3d-828b5963a5a1|731fbc01-8971-42a1-8419-cb407ee49dd3,series_unknown|grant
e9e7b997-5bf6-b4a4-9714-159782b8a8c3,3892260a-f001-a21b-eaa7-6d1d0baad803,2025-11-05,2,2,2cf8c1e4-f156-4dd3-9740-1ea08b7780b1|d45c6f07-b876-4448-9154-a6069bc1abe2,series_f|secondary_market
2c4efe47-1215-e4ac-777c-a8af79afc9b8,5bb605f2-b5ee-41dc-98f4-aba67173cd51,2025-06-18,2,2,5e5960df-4685-49fc-abbc-0f0b97110006|796900c5-0b52-4d81-a26f-df9969a6992e,series_b|debt_financing
68b8b616-5e4c-0b9e-7e38-55f1cfc4170c,8467bf8c-7163-4da5-a612-0c073f7eb5bd,2022-10-20,2,2,cc12971e-75c2-4eb2-981b-0b9790cc3354|32a2005c-80e6-4265-93e7-f29fe67d0018,debt_financing|series_a
cada3582-d3e2-69d5-93bd-3a7229dd098d,eedfb981-8554-4551-93b2-86bc93e84900,2025-08-20,2,2,0ea05ecf-3797-4a4f-ae82-7303d06d1461|c050020d-e83f-459b-b80e-21fc0802550c,series_a|series_unknown
ae6eb8da-ebb3-42be-9ee6-644a57af8755,b4809800-f403-6781-ef35-e404c2629ca4,2020-03-20,2,2,e842a2fc-4684-4550-b8a8-697542ed2b12|54fe00ef-b4ec-48ec-bfd6-9a62161efd9f,grant|series_unknown
73633ee4-ea65-2967-6c5d-9b5fec7d2d5e,23d85c4f-bf92-42e6-9b04-3e1fede22a16,2025-11-10,2,2,24536e3e-fe7f-4db7-8e77-2a41dab113af|390b8ea4-80cc-4483-a393-edbd12edcc15,series_c|secondary_market
e466c2a5-cd27-8385-6ece-a0483a34fc95,de20e4f7-e91e-c024-7604-7bbca81f2228,2020-09-02,2,2,98ccf88a-f49f-47c1-aed9-072a60b6221a|ef69528b-0228-4150-940d-fff245a9f736,series_d|debt_financing
3b6f694f-7e19-0865-656b-475bfcbb7ee5,5d8c8426-32e8-6ef3-d264-a542c4a6f91a,2014-04-09,2,2,5a9bb16b-3f87-4e87-8521-0ae4fc940966|2407ac2b-03a7-4f43-a022-fb6c0cb05003,post_ipo_equity|post_ipo_debt
8c420544-aa7c-46ba-8e75-1a44ad05e3ad,de20e4f7-e91e-c024-7604-7bbca81f2228,2020-09-02,2,2,98ccf88a-f49f-47c1-aed9-072a60b6221a|ef69528b-0228-4150-940d-fff245a9f736,series_d|debt_financing
1f37dbe5-a790-6e5e-4082-d9116ce3f5a7,25f6397b-1252-68ae-9764-b56e7ccfeceb,2017-06-01,2,2,e2da8044-1108-a48a-431e-1a08d1d8034b|ff22dea7-51b3-942c-cbb1-d0e4f0128cc7,grant|seed
828aa6d7-2db4-4620-ab38-a27d02ee7d28,7745b212-927b-4d9b-80af-2e97445bf9c1,2022-11-14,2,2,6e70ff9d-406e-403a-b4ab-aa6fc23c61f9|541d1411-2425-483f-8a40-226839578bc4,post_ipo_equity|post_ipo_debt
281dc497-6a33-bad1-29f4-800b4e30ff9c,f1f47d80-dcee-1dbc-1844-d335f0fd5568,2009-03-27,2,2,a551450e-db00-5875-98bc-dca7241eb866|ba5b9ca4-056b-441f-9ec2-4724900df1a5,debt_financing|seed
ac41030f-c20d-0060-3f0a-37f0eee13779,e92ebda6-5c8b-8e11-c995-5f049c1a6d00,2011-11-01,2,2,88e29e0c-3559-9e67-ed91-ec622f4f0fe7|f450cea3-5f92-792c-2ea7-d958ca8e0e48,seed|grant
a6bc2256-2e31-4260-8f32-4d1adeee723a,de20e4f7-e91e-c024-7604-7bbca81f2228,2020-09-02,2,2,98ccf88a-f49f-47c1-aed9-072a60b6221a|ef69528b-0228-4150-940d-fff245a9f736,series_d|debt_financing
043d9e52-dcc0-0dd8-6074-206e42e20e13,b2167c4c-e759-085e-155d-7c74a76522d0,2018-08-21,2,2,55284e8d-902f-46cd-a84d-0b5daf3e9822|fe688c99-bbc3-4e00-b6b9-44b41a0c3828,debt_financing|series_unknown
c3609d80-fb88-4d80-bf52-79d9d3cacf96,e635038a-df67-4962-94fd-1166ab40a54f,2025-04-23,2,2,77c0530e-ac3b-4c53-a846-eaa26c1190ca|c7ac2e37-a08d-4464-826d-c0d612a84de8,grant|debt_financing
8db2e6c7-9f69-4f38-b169-4f6c21906c87,5cdc52c3-9f6f-45b3-9036-0aabbb1de332,2022-03-14,2,2,29a61949-95a4-4d45-a822-9501d0d76ebc|2b3e0bf5-5661-4923-9011-9f35a2fb837b,series_a|debt_financing
bfad96cd-0f22-856c-101b-16a23216f90b,2f2af45d-712a-4641-b7c8-8c79126d80be,2026-02-04,2,2,73ea221e-c28d-4eb3-9c1b-00f1e1823a9d|2a2b6962-44a6-47c8-9289-15c7d2315694,series_d|secondary_market
9da42114-b627-6926-f3b7-fd07e23fc337,50a04cf8-76b2-3aa0-17b9-277c4210b2e4,2021-03-03,2,2,debde1c2-0c7d-4af7-80a5-5257cdd8c54e|270fc4f2-d71d-421d-b1e4-06d46028b5cd,series_a|seed
c6ea1817-1734-4e37-854b-dcff482ece62,06ba4f22-ba47-44da-8115-25b97cd283d4,2025-09-08,2,2,d3be79a1-d8ed-4241-9bd4-ab813ff78d53|4e36ad70-4145-4f65-9737-b8363b6c6d09,series_unknown|debt_financing
ae6eb8da-ebb3-42be-9ee6-644a57af8755,989597ef-d1ae-cfb2-88b7-70c9af0dc076,2020-03-20,2,2,705ce8e1-dbd3-4a70-b163-93f2ce2a82a5|538f66bf-42c9-43ca-900b-ae308c16afbb,grant|series_unknown
bcc5adaa-4cd6-bb68-8b91-838f2eee1aa4,bc970a2a-dea5-1997-2b76-8de8269df817,2016-01-15,2,2,034a372d-ee72-4304-acde-ba5f8836b0f6|134a9690-d4db-444c-90ce-56bdfba03cf6,private_equity|debt_financing
ae6eb8da-ebb3-42be-9ee6-644a57af8755,dbc29a80-e018-0a12-5f80-d56f5b49f54f,2022-03-23,2,2,48c17f38-1496-46b3-8b7d-1c009b0256c9|4a1e2288-59b1-44cb-9076-c63b72c68f42,grant|series_unknown
6df7730c-981c-41df-5821-c81dbc4ae1fe,ffe32b46-5164-4d2a-8097-d4cf320a2649,2023-01-27,2,2,480fd9d5-f4a2-4426-8e79-946dd011efb7|03a5aac5-a968-4ee6-b663-39103ac12362,debt_financing|angel
ae6eb8da-ebb3-42be-9ee6-644a57af8755,4f5091cf-4fb7-4efe-89e1-602d16e7c869,2021-06-16,2,2,3ae5a041-847d-41f9-bcea-ec0b68cae212|f60fb8cc-44e6-4f8e-a1f6-6bdaa401378d,grant|series_unknown
aec3ddc2-68ff-4cbc-abec-8e650612a441,aac9d3be-336b-228f-efea-980813516319,2024-07-22,2,2,e70380b9-ca49-4248-aab1-699d8c0720f0|76efd0b9-aad7-45ad-95eb-e4497d3eb6f5,debt_financing|grant
dcad8d78-5b66-77f7-db03-f37016aadd49,4586404c-040b-4cb9-b640-694aea2c5641,2024-04-18,2,2,8483eb6b-5c40-4672-acd2-faf14feaffa4|2682961c-4110-418e-9415-93b9ecf059af,series_c|secondary_market
39041e62-6b24-ae8d-1347-4cea947e832c,03bfd10d-b761-4171-9f83-0c4f55fc1e5b,2020-05-14,2,2,5adf8902-8c63-4112-b9f4-5a454496629b|157a7313-1160-4ec8-a6c3-ec887a58ed1f,seed|convertible_note
88e5aa7b-0334-2a9d-9811-9b976a082889,03ef8031-2efb-4fa6-0648-1b09ca50c1ab,2021-04-21,2,2,cb2220f4-1224-4f71-89d6-4fa74772a4c7|2f62d5af-95bf-4cba-b27f-9503a02e70db,series_a|debt_financing
0b15883f-c21d-b257-816f-8ca7ebc37cba,4ba18856-ff56-49b4-8eb8-54bfb2fd2e0f,2021-08-19,2,2,631bcc4b-1202-4314-9edb-9e29cade4642|21656c9d-644d-438c-bcda-454b9eef3d2c,series_a|debt_financing
e2006571-6b7a-e477-002a-f7014f48a7e3,874ccba8-d3cc-4052-87fc-e908c595abac,2022-04-26,2,2,faf6b521-4933-43ab-b4f8-f31a38010338|e65900af-97d7-4343-a2cd-d2368ec560c1,seed|series_a
2d635bad-e7ad-aa9c-733b-ea9553c7874d,9a9580db-4799-49e5-89bf-bf86f0c2da34,2023-11-09,2,2,f4c83fea-8fc0-450a-bd92-3b3e43b5ad3a|51676c48-e480-480b-a561-bd56ec9ccb21,series_a|debt_financing
803f03b4-14e5-4229-980e-1a4dcfbdfc41,04ff612f-6bee-42d8-ad7b-3802d5fa9ad6,2023-09-26,2,2,5ae67bf1-23d9-4889-bb60-0964e1d5353d|83381c4e-5b2f-490a-a113-77a0589897e6,seed|series_a
664ee1d7-94a3-40df-8d2a-32036cc00f04,9ec66d27-8898-8c9e-9a98-4ec044a01131,2016-07-01,2,2,3f60364d-30c9-472c-99a8-51311ae3eee4|deef5796-374d-454f-9bcf-5e6991809dd4,series_a|debt_financing
0aa97c3c-9113-2726-2a8a-f43f52b11654,e2959c00-6787-4652-8db3-21f0c38f432d,2024-06-25,2,2,d33bcdec-c528-4940-8cf4-753f356602c4|4dcde176-ee39-40bf-8dff-eab92eddea40,convertible_note|secondary_market
ae6eb8da-ebb3-42be-9ee6-644a57af8755,8316e45c-208e-44e2-8129-650e95861a47,2020-05-19,2,2,b46a8342-d2d4-49cf-951c-4a326f71b197|1aae8350-9713-4c15-826f-c5bbbd32d65a,grant|series_unknown
3e352423-06e5-8386-e0cd-a1ad452626a9,7f5fee94-6336-dcde-e6df-2fc7ed1951ab,2018-06-27,2,2,1ebbd6d3-3c88-4a7b-9720-d122ad05ca72|930919db-dd44-4189-9fbb-22c4ee3df09b,series_e|debt_financing
c62cd788-46cb-12e9-ecd4-bdf797140dea,698094db-a9f9-4700-8d66-bb57c982365b,2019-03-04,2,2,364204b0-20f7-4d96-8fcb-632ce21cb2cb|417b7393-6eb8-41a8-a99e-9d4495424cc7,series_unknown|debt_financing
ee84dc3c-d045-468c-b6b5-5039a38d4ae7,839b6d7a-6b0c-4a4b-bbd8-a64cd18ea6e5,2021-08-31,2,2,4a98c409-ad39-495e-9a2b-45a3b714937f|522a4747-b32d-45c1-8233-af6701161c20,seed|secondary_market
d85c9cd9-fa00-31bb-cfaa-3b5f9dd118ad,bbb8e389-7e41-64e7-b0d9-5b048055cec8,2017-02-01,2,2,2355da15-cef0-43fb-b0c5-749883695824|f420f271-4b90-c668-0269-74ac1ed6a6f4,grant|seed
3cae090b-ed2d-95f8-79a9-e32ca480258f,4bd538d8-2d4f-40bc-bba7-f97b5f913e13,2021-07-12,2,2,f7b92bfe-42ee-4afb-8077-86feee8c7434|2d729e1e-bee6-46a9-a98a-be33bf09eff3,series_c|secondary_market
b137564e-ba18-ce1d-83c9-cfa72e57996b,5a940f78-fd5e-4b70-b936-f11fa6248783,2025-09-29,2,2,c32c3ecf-1510-4e27-8392-8c149d806928|9d05f524-8cef-4a74-858b-67feba48befb,series_d|secondary_market
dd1c8579-571a-9a9a-8a9f-c210b2b4c16c,af37a97d-74f3-693f-11c4-3d526e7d175e,2017-02-27,2,2,82c3e96f-90f5-4a1c-b8c6-a201c92283c4|9265fb84-d099-4a23-84ef-ead858727ec3,post_ipo_equity|post_ipo_debt
c2d9254f-d100-6229-380c-2490a34a52d3,6077eaed-a9de-cbf0-13bf-eb81a85db8e6,2019-12-11,2,2,3213c780-e4f4-4119-8c8c-969c33e15eae|e905c543-15e5-4399-857f-7abb36c3c390,series_b|debt_financing
a2fc8fbe-32e1-3219-a3a8-665ae83f7243,c0e4e79b-328e-40be-a60a-e77625ba24e5,2023-11-28,2,2,325ccb3d-fc1e-4c7a-9fec-45614d2916a6|1e4101f6-edea-4780-82ba-29b05ef04375,private_equity|debt_financing
8e57f238-f156-c4e8-f1da-6e40e5ec5bf2,3d4501ca-390e-a618-52d7-27f7b60dfbd5,2021-02-25,2,2,99dfebff-09ce-4dec-ad82-f8d93ad71e2d|9e039f3a-2b6d-44b2-a82e-ae3e7ce0acca,series_unknown|debt_financing
aa1891fa-646a-1c56-cdcd-507e4a4d6b5c,af37a97d-74f3-693f-11c4-3d526e7d175e,2017-02-27,2,2,82c3e96f-90f5-4a1c-b8c6-a201c92283c4|9265fb84-d099-4a23-84ef-ead858727ec3,post_ipo_equity|post_ipo_debt
462b804f-1954-4be4-9d20-a301c78ff38b,b5542d8a-864d-4bd1-82a9-78f0062242d9,2021-06-03,2,2,df35981f-9929-4a5a-a7c1-3ff43f7af06c|14a2ba5f-7350-4170-a01a-3a51a0ecce8f,seed|debt_financing
29377ae9-82fd-4126-ae5c-ddb73b455f08,cc910a43-d477-425e-aca0-d938be177eb6,2020-09-03,2,2,ca18c334-66d9-40a9-9f83-b0dd203c283f|a5cdc0bd-666a-4354-8d30-3361c182dba0,debt_financing|series_unknown
f2eb29e4-11e1-4269-bc76-88982ef3338c,0bc60dc3-b283-46d3-8873-18acb3a3e487,2025-02-27,2,2,0bd34eaf-846c-4fdc-9f78-f7383a388db0|10dfa334-1a43-4af1-bf5a-538d68733ecb,debt_financing|seed
6da41174-121b-59c1-1393-1e67b686b9bf,5351ac5e-be6d-4530-8e88-aea5291c4001,2022-10-20,2,2,b61ff8d7-6d4b-4532-9409-183705ffbd68|3dfc21b8-7056-4a53-b5e1-b00452aa64a0,debt_financing|series_a
877a70c6-b6a3-4687-b191-cf3fa43fd868,63715858-5b90-4803-b8d7-7d84401fce3d,2024-01-04,2,2,cc9b691c-0e2d-4294-992b-486be9f8cbb0|088e63cf-720b-4841-8f7f-0fd000603d19,secondary_market|undisclosed
0db25fb5-7143-46f6-885d-dd4deb451d7f,16cf0a12-a730-4735-954a-959fb2dcef73,2015-01-01,2,2,43ecc139-d188-4086-979f-4b0bc3245783|e62a32f2-2c13-481a-9db9-fcaa890a2cb4,series_unknown|debt_financing
687d073d-cf32-47e7-86c3-21aaf5410ae8,1669c1e8-b831-4c3b-a493-e2ccf76056b8,2021-04-07,2,2,f1cd91a2-e91d-442a-ad19-11704142cc3a|e3ef7e2c-0065-49ea-b9a0-521680637e16,series_a|seed
8bf5e4a8-accc-4a3a-ae15-3776fa380de2,aade36aa-ad23-466b-ba28-cda3e1db1446,2024-01-25,2,2,bf53d9ee-fa4b-462e-b119-487a56945870|01bc12e5-1111-485b-973c-d215e4e5e800,debt_financing|grant
5a4bbbc7-c7f3-4dc8-a0da-56ebd4e9122f,15c4ddec-4fd9-4725-8695-e28f471886db,2025-01-14,2,2,e780a096-7798-4f1e-811c-5e0d335ee290|f2b5275f-8187-4107-8579-7ed3f656665d,debt_financing|series_unknown
809d0f70-9c3a-48ba-9c04-fc6e75edc6e5,79a298d2-01d2-4a21-a556-ca97e8ea65ef,2024-07-15,2,2,5d5a7a9d-233b-433d-8c7e-e10b0f8e785e|a35595b4-0f87-430c-9be8-f5b418d4399b,seed|grant
3afb8ef5-2b6c-7788-7b38-53ecbb89d72e,3b669510-e877-495a-b556-df32441133da,2025-08-14,2,2,48328e06-36ec-4463-bace-c2c403728b63|5b52b32b-8be8-4d7e-96aa-ea58deae57d9,debt_financing|corporate_round
099a7a8c-1a87-5884-d6c8-89a2fd482797,c258113f-6800-e99f-2b36-bce3884f952f,2020-06-30,2,2,bf451795-bfb3-4bc5-92bf-1f2b8e3e6232|1f0a4899-3440-4a2b-8a54-d0c31875882d,undisclosed|debt_financing
6db631ac-a589-435c-9143-d24e65b61f0b,d797a1a8-d205-412d-81c3-134b58f9b016,2023-05-04,2,2,bb32b226-af04-44cd-ac42-32e3b5fc514e|fa17a443-bc84-4ca6-9021-622196d20d4e,series_a|debt_financing
ba8aa7be-8d09-4387-99a5-9d4234ad05cf,04ff612f-6bee-42d8-ad7b-3802d5fa9ad6,2023-09-26,2,2,5ae67bf1-23d9-4889-bb60-0964e1d5353d|83381c4e-5b2f-490a-a113-77a0589897e6,seed|series_a
cf18d9b9-f9f0-4ffe-b22c-5f923c34dd0c,b8a68928-acc8-02e3-21f1-23c7e0451c82,2021-02-22,2,2,d831d86f-20dd-4d88-bb61-27cfbee7c6ed|5b95de80-bfe7-4a12-853f-81cf63e22073,series_a|debt_financing
7ca09f5b-2e43-487b-8088-612814536df6,bebe6b12-d4d3-232d-9d4b-a70be15d61f7,2019-08-08,2,2,fe564feb-fdb6-42d7-855a-8ba6a27794db|46569081-0470-4e99-b43f-d865ce755275,secondary_market|series_unknown
6a43fd6d-dc70-f07b-077c-942b3bde9203,904f5a58-2785-41d6-b54e-292697928c34,2026-03-18,2,2,2715d986-6a55-4a50-a55e-dd681e6e8872|1ab83e1e-2c9b-4100-be60-ef49ef1ba6a6,private_equity|debt_financing
52652f4d-581e-4ad5-9d06-b1b250a333cd,44d65c42-dcb0-450a-b309-f316dc84038d,2020-04-09,2,2,4a7b156a-6007-4161-8dbc-b489eb43b5ae|940e3ec2-2168-4aa6-a882-0775277cdb9b,debt_financing|series_b
dd5e0144-b22c-41e0-bb6f-6a55156ea599,620a727d-28f2-4786-9c9e-066aa5d77658,2020-10-28,2,2,c5ada507-166b-4db3-95b0-2797dad4a3ec|248092dd-1f4b-4109-bee9-d3c6a71bc68d,seed|series_a
97632f2d-f6e6-468d-9123-f5580dddb877,9555c850-e4b4-49e8-b33c-d76dfd7a7718,2026-01-12,2,2,bb3e1ea1-3eab-4391-a53b-16f029e7ebc2|b8e15405-4fd0-441b-a701-c4976ae14b2c,debt_financing|private_equity
765aca5d-30f9-4c19-39bf-c4f4bdd7c71f,03ef8031-2efb-4fa6-0648-1b09ca50c1ab,2021-04-21,2,2,cb2220f4-1224-4f71-89d6-4fa74772a4c7|2f62d5af-95bf-4cba-b27f-9503a02e70db,series_a|debt_financing
aaa1c927-048d-67e9-6df9-4ce609e67a68,dfc765b5-f1d6-46d1-af3e-a3203ec14b24,2018-05-11,2,2,2b968c3f-9fff-4f8b-8ad5-636d0372aabc|c9cd4f26-c722-4c24-b6fa-51e2635f33f7,series_unknown|corporate_round
59e41cb0-550d-49bb-a792-fae8b5873e3b,d797a1a8-d205-412d-81c3-134b58f9b016,2023-05-04,2,2,bb32b226-af04-44cd-ac42-32e3b5fc514e|fa17a443-bc84-4ca6-9021-622196d20d4e,series_a|debt_financing
b4bbe64e-c694-c762-66cb-1d4141c68093,24039c5a-16b3-4cec-bf68-b416aa51630f,2025-11-10,2,2,6c030faf-5652-45da-91d3-0c067688601b|b6862be0-7c5a-4b31-adb2-0cbc9478fb3e,series_b|secondary_market
03100a6b-7933-4f5f-aa50-3f13c744e56d,f04e818d-01e2-4d9d-bf86-1d04c6a1dae7,2021-12-13,2,2,4f2481f9-4924-4c48-ae1d-fa25b9358f5a|50cea06f-f48e-46f7-8c50-440b847066d6,debt_financing|series_unknown
c2099752-3a0c-a8fd-27b1-98ad23f60be8,24439d01-555b-4ff2-b190-aee4b2006b71,2020-03-20,2,2,f2e62d01-79f9-40b4-8df5-8bc1b45a848c|94ee6541-a104-4383-97e3-958a374e2511,angel|debt_financing
8dd1a597-4fa2-0fc9-416c-596adca7e606,21e637c7-e4fd-4baf-9fca-c1025fdfa314,2021-11-08,2,2,0f60d6db-96a4-4c7b-9f4d-ccc294475495|1d0ae2a5-617b-41bd-9d9d-816de34ca5e8,corporate_round|debt_financing
b7264da3-0417-c9fc-6827-59e78be8ec2d,93913e92-e331-3e52-c7f5-68848e6974ef,2024-08-06,2,2,bd21b919-69c4-4e50-a4b2-69cde1237379|7edf978d-b41b-4def-a23f-a34afba65af5,grant|post_ipo_debt
b6dbdf09-3558-d982-377d-1a953137b89b,2f384305-e299-4aa2-bfa4-694dc738ced7,2022-06-13,2,2,b5477f7f-16ca-4af5-876c-a6b4bf818542|70a0b7cb-b1f2-4424-a17e-e4e740afa824,private_equity|debt_financing
a2fc8fbe-32e1-3219-a3a8-665ae83f7243,a64f208e-f513-b5d5-e34a-9141275f6ded,2023-05-17,2,2,4498f5bf-1239-49d4-897a-b30f108f4613|0c5ca08a-7edb-4c3d-960a-ba7d71b0eb33,debt_financing|private_equity
3e8bfe1e-9145-85cd-649c-4ef3c0fd1b56,868b3aa8-9274-d43a-60e6-1d9e014c447e,2017-10-03,2,2,713b841a-9236-5f72-3573-aef8a612a2a6|49c82fa1-7c1b-48b1-b895-20b28e612932,series_unknown|debt_financing
ae6eb8da-ebb3-42be-9ee6-644a57af8755,5963f34f-1454-4a93-91ae-06ee0b1edf9a,2022-03-23,2,2,76fb20e8-e637-41bc-940d-1d3fdaf67639|e22d700e-6752-45f0-b10b-8cf77035b7db,series_unknown|grant
069bf7ff-c97f-b515-884e-e774b384776a,9082ec38-ca7d-4cd1-a405-2f19c8aaf303,2026-02-19,2,2,b92c80a9-eb1c-4226-a7a8-8d2f116b3510|91e56237-ed30-4359-8247-0ee4b3415849,series_unknown|grant
809d0f70-9c3a-48ba-9c04-fc6e75edc6e5,e44d509f-9a9b-4fbb-8cbd-a582864aae11,2026-02-17,2,2,813afb13-0ea1-4efa-874c-5faeb33bf1f0|468189a3-1ff7-4e63-87c1-de63dace1614,grant|seed
9aa041b9-d9f2-39e7-f056-a0f4d6294220,822a6317-7d79-1ad0-77b8-bbb35c307430,2019-03-18,2,2,8dcc6c5d-8364-497d-8972-bdfac6f90d0e|1d2275a7-546f-4edc-ad2c-c2d1d67f7186,series_unknown|debt_financing
c1afb43b-7fda-1e9c-6781-83c3619caa05,d66280cb-96df-4005-b6d7-c4a9d93b1c39,2021-06-03,2,2,8738b9cc-cb52-4179-a636-cac83015bb3c|77fc997d-3cee-464b-8340-72ee0f15d9c3,debt_financing|seed
fb8d57c4-eb30-d2e3-ac69-b62cc0f27bbf,77575225-3213-4164-9f9b-c22a973ce7f2,2024-04-18,2,2,fe9da164-5172-4828-a4e8-ef6a2c93e92c|af7f1642-26d6-402d-8dd1-5373cc0b9a4f,series_a|seed
1930709b-9c11-48fa-8091-686f06b2edeb,23d85c4f-bf92-42e6-9b04-3e1fede22a16,2025-11-10,2,2,24536e3e-fe7f-4db7-8e77-2a41dab113af|390b8ea4-80cc-4483-a393-edbd12edcc15,series_c|secondary_market
ae6eb8da-ebb3-42be-9ee6-644a57af8755,b9a198ba-bf97-496b-905a-b29a9662aa7e,2022-10-05,2,2,d2dd047f-3f1a-42dd-90f3-3d384ac209e2|0c25e993-6edd-4bb3-a88b-da92b187cbbe,grant|series_unknown
4eee5e60-3b06-6fe8-cc2c-29119a96051d,4dce1545-2bb5-bd62-5175-b2b103661d24,2016-09-30,2,2,2d2ea27c-b5bb-4ad0-8c95-4631db5d72e6|4e0f69bb-0945-cf8b-1118-b7f431e9b85e,debt_financing|series_c
365843a2-33e2-a65f-6438-068cb7469700,64fa8e0a-2301-45eb-8859-7cb8ce416e7a,2024-12-13,2,2,247cc7cf-78a5-463f-a1b6-d43af3319cf8|0feb3f6f-b4bc-41c3-82d9-6e7318114627,grant|series_a
809d0f70-9c3a-48ba-9c04-fc6e75edc6e5,35d64727-7351-4db7-b62c-dcfa827298bc,2024-07-15,2,2,4caf3a69-fd2e-42c2-93eb-6efb2baddf94|84c5d57b-b387-4234-af73-53bbffa2e18f,series_unknown|grant
649da6aa-5181-01ad-7e0e-f1ff54321886,fb74d5ca-b8ef-4b5f-a372-dadba388d49d,2021-11-17,2,2,5c0d6af5-048a-4059-b82f-daf7199b3dfe|5919f8a8-b09c-4980-a2fc-a75d68c9793f,seed|series_a
39041e62-6b24-ae8d-1347-4cea947e832c,e97cd29d-2a12-4bd5-904b-e411088ce107,2021-12-15,2,2,bd476835-c70d-402e-84a3-29f42f2b6315|3a8cbddd-fc6d-4758-bcba-b10201f54867,seed|convertible_note
4353263b-4005-e257-3735-7da28f33aeb9,f7c67ed4-f4de-4c02-82a6-c18ed4f5d45d,2023-03-20,2,2,cc06cca3-01af-4db7-bed1-d6d38e2d34e3|bd407ed3-5ee7-4a0d-a29e-f6e27fd5aef5,series_a|debt_financing
7c1d2aa4-37fa-3fa7-6dae-221e38f5eb89,b0b626fd-c85c-4aec-9c1d-dcb7ca862bdb,2020-10-15,2,2,cdac6a84-61d0-4112-b5a6-22ee327a50ba|f8c4c86d-a295-4093-9ce4-3be62966b410,seed|series_a
7e95474f-1b0c-4143-884a-1a7c43c4f6e4,ff4b7db2-1c2a-4b00-1737-74ed09dabe06,2018-08-14,2,2,1e697021-7c12-4512-a7db-9b8b2281d5b9|92779c40-c075-4950-ba79-fe07ad68e706,debt_financing|series_b
a2fc8fbe-32e1-3219-a3a8-665ae83f7243,72d4d95f-34d5-4677-8c57-ee29c91de94d,2022-12-20,2,2,7e9dfee4-4ac3-4ef8-a1e2-0ac0eaf7e8bc|27bd5b25-4411-4b10-92a0-4d89629b61f8,debt_financing|private_equity
ae6eb8da-ebb3-42be-9ee6-644a57af8755,21b2cf07-8310-48c7-a490-9fbd5eaf3f2d,2023-10-30,2,2,3c2d3f14-4c1c-4f72-9757-4c06b574c8d7|9c013ec1-953e-444c-adfb-6c14d3514c5f,grant|seed
8addcd7a-7627-8564-7842-99b2bd7ceabf,d69b3174-1eec-4a9b-8793-539847500bc2,2025-02-27,2,2,fa27631a-2175-40f4-94c4-f7601d6bed94|f8a6001c-b8ee-47e8-a450-9ed04524d0c6,debt_financing|private_equity
e8db05ed-6b48-9b54-e746-2f140dcc94be,1663e62f-2574-4c21-82d3-be708c345160,2022-01-18,2,2,6a1cf266-1e8e-4b81-bb0d-b869f42ef9c3|fdac6a6f-c245-4338-b7bf-d711e486166b,series_a|debt_financing
dbbeae89-a897-3a87-9d1b-93b8791d666e,6c117d8a-d98e-4f06-872e-d254c7069427,2023-06-09,2,2,ed82d937-6d97-4d17-b5da-b86ec6fd39d1|bcb8ca16-c6b4-4a8a-9bc9-33d06251a603,private_equity|secondary_market
e970396c-1a0e-aa64-3cf3-6de014b615ed,608d3fd6-b50b-ddc6-dbb3-be534cd23198,2015-10-13,2,2,e24013de-bee0-a99e-fabd-1a084ca13b9c|d0c92210-7123-d4c0-e480-61d226088ff7,debt_financing|private_equity
c28c0d85-77cf-4ab8-b23b-aa05db600bdc,b5858620-7498-a5c7-2792-5ef25b0a4311,2010-06-01,2,2,19d74dba-1428-4ee9-bf19-2becfca1e4d1|7477a098-9d63-484d-812a-7f29ea158118,seed|grant
89b1b850-9b8e-cd52-1430-551dc97e5f56,27a6234f-224e-4f0d-b186-d65be3f160ed,2019-04-17,2,2,c354bf84-cdba-4bca-9938-da7a895b51b4|b4171993-06fa-40a6-8a8d-b9052d43392f,series_b|debt_financing
8991f13f-deba-4305-a770-e1e17c92e245,961d3f5b-e322-2060-ee17-e9349f8ebf40,2023-04-24,2,2,a64550d7-0b03-46a4-bcf6-8909079c8593|518c73bf-36de-44e3-b3cd-d2bbb26418bd,series_c|debt_financing
62185e2b-ff50-4f7f-a899-b97a774305a5,e7502697-9782-42d8-9da2-851503726b33,2025-05-16,2,2,86bf4719-dfd3-4b82-861f-ef5a06953f9b|ee335d91-3db1-4560-9d5a-29a484671aec,seed|debt_financing
82dee868-1064-f9b6-1c95-f6c68f901ea6,303e64c0-a645-0234-c57d-00e9cd76efa3,2009-02-09,2,2,0b0f5f3c-7fbf-54b0-d29e-731d47ba5324|e5e4a869-cf2e-0b4b-c5e4-8d5f956b48e2,series_d|debt_financing
809d0f70-9c3a-48ba-9c04-fc6e75edc6e5,ae0ca248-e972-4058-ad65-60a89b073005,2025-06-30,2,2,6c4660b6-d47c-401d-a0cb-12314d809b08|1750fbec-bfc5-4e8e-8753-216e2a1677dd,grant|series_unknown
46de5ad9-edfe-a1ed-95a1-d92f45bf7da0,d48b608d-1445-4503-a626-d3ccce5bb5e3,2025-10-23,2,2,bd9345f1-6eee-4689-b8b3-dc5a48cee62e|e0cc643e-944d-4da0-8a97-8ef65f69ceb9,series_c|secondary_market
e71a19b9-0195-a6e2-c185-e5f55c6958ff,cff73cc3-6fde-e4e6-9898-9130eb99a901,2016-06-28,2,2,22be878a-5865-686b-42b4-a5170b12d10f|5738f509-12ec-2ede-79fc-b991cc6c0a72,seed|grant
937cd275-4965-f3d1-657d-8ada85219912,c2a58539-e25c-8f83-ffe3-a2d9808a8e88,2018-12-11,2,2,e9c3edd8-e0b9-4f93-add0-8bf1158f693e|3ac61263-c4b8-4ed3-b7eb-0edf6a5526d2,series_e|debt_financing
c899c4c2-6d14-40e2-8643-b41d873d6a79,8f7f1843-064f-43d5-b7fd-d8c7e54ea549,2025-06-24,2,2,f9e2e8ed-7049-4ee2-a476-d890ea43a6cb|e302e29e-5175-457a-9c66-392581ea5984,grant|debt_financing
9aa041b9-d9f2-39e7-f056-a0f4d6294220,292a2f35-b3ea-f8c9-f5ed-ae4f0aab0dc9,2012-08-06,2,2,0c18082b-1ed8-4f4d-b6ea-ead2ab523932|91fe9423-40d2-4697-8ac4-8a717a5ee19b,series_b|debt_financing
ae6eb8da-ebb3-42be-9ee6-644a57af8755,2c7672ba-4e2b-3499-ff52-d189764ddf13,2021-06-03,2,2,8662a09c-2d01-4d21-a51e-fc64088d8447|d0f37d9b-a22a-4dd2-a1cb-b82bbc5eebb8,grant|series_unknown
809d0f70-9c3a-48ba-9c04-fc6e75edc6e5,ece49bee-461e-4b4a-929e-b55ade867c24,2025-02-17,2,2,46883779-f3de-44a7-a796-1cece33a9fb0|5729e6eb-af56-4c54-a53f-346dde480249,seed|grant
3ca5eb2f-0eed-a808-2354-12c35d397743,e6ec486b-ed1a-4817-ad2a-ec873d7dce94,2022-07-27,2,2,fcbd9a1c-ae2d-40f1-8dd9-9993537a5f20|273dc36f-0d83-4b30-88cc-dadefcd7726c,series_a|initial_coin_offering
ae6eb8da-ebb3-42be-9ee6-644a57af8755,65520ebf-3bc2-400f-9088-fc6f5284e5bb,2022-03-23,2,2,a304c56f-261a-4548-8dad-f1d0d1a79ce7|7f7eed7b-fd4f-416c-a916-418d35a5373f,grant|series_unknown
5564e1ee-7112-40c6-8af3-599206902f56,38486240-8b69-474e-9538-d1daede1c876,2024-09-19,2,2,254ecf96-dbde-4018-ad10-18f944d206a2|9556b563-373e-4e0a-bd6b-60ce40965d77,corporate_round|secondary_market
809d0f70-9c3a-48ba-9c04-fc6e75edc6e5,57b39e02-bb5c-4a1b-bbae-a12f80fb3d70,2025-02-17,2,2,faca12e3-4541-49d8-ac3a-97742269701a|ec358644-42b1-46c9-97db-dc760e37e2da,grant|seed
d37c75fb-83ab-9fc0-0e13-966efea9736d,c59b5526-0e39-bef2-4542-a2b2736a0cf6,2021-09-15,2,2,19cd6521-ae3d-4332-872c-2450aebe1f02|ca9d653f-3473-4100-b4bd-bf3cf7b64267,seed|grant
f011027b-377f-cb5f-d2cc-e511982e58de,b0662a5a-4e13-4231-9bd8-1bad3282ccf6,2021-08-09,2,2,98acd996-d678-4741-ba0c-6527a65b08cc|732415cb-aa52-4700-94b8-906122c11ea6,private_equity|secondary_market
04c3158d-8a09-4b43-9db5-f5c373a5e45d,b5abf8ee-1e13-4aab-978b-532fc759ce00,2025-11-12,2,2,e1fdb41e-736c-4af7-8324-432eda09ff82|136b4a9a-4527-4851-a4b2-b5d5cd6f2d5c,seed|angel
3e352423-06e5-8386-e0cd-a1ad452626a9,7f5fee94-6336-dcde-e6df-2fc7ed1951ab,2021-12-09,2,2,4dc39b79-b67e-44b3-b56f-e6af03647226|714fbc54-6df0-4e02-9849-e76ef79cfb68,series_f|debt_financing
e5b16197-67a6-8fc3-f005-670a20021c33,e4564255-dc74-49fb-b40b-a01dc0bdcb3d,2022-03-31,2,2,061b0623-89f4-4303-84ec-207f14261cc5|7d004d9c-bc27-4529-a95e-ec97a324a6b7,post_ipo_equity|post_ipo_debt
8a31543d-66e2-6e29-811e-1b33a2da6d64,6c4ce6d4-b279-579a-ad8c-3e8e5fde3d25,2004-07-02,2,2,4297ac19-4801-e462-bb45-ecdcaa4663c5|5155c3af-bbd8-19c0-5b19-acee1d6ac528,series_d|series_c
bcc5adaa-4cd6-bb68-8b91-838f2eee1aa4,0eefb26b-7596-41c0-9046-2039c6d04465,2022-05-02,2,2,1ef13550-f9a1-4263-bc15-aa0f05338c9a|b6aa9ea1-90d0-4f9a-8a2b-3c38dfecce1a,private_equity|debt_financing
b5d0d7dd-cfc2-4c56-9ed4-847db73f8cee,6abda9a9-d02c-57ab-fa9f-a7f36cae2554,2019-10-16,2,2,4d4ef6f8-3021-4dbe-9dfe-7eb232522c3f|34dbb905-2f46-4a8a-9213-cde1049c1b33,series_unknown|debt_financing
e5e0a58d-5967-4de6-b47a-52c1f2302a26,472293d8-b52c-439d-9b91-0c3f5911ee31,2022-08-18,2,2,283cab5d-17fb-41ce-84df-2516bca78b8e|3adb3e1d-3358-4984-af03-ba9c81368f99,series_b|secondary_market
c2f6c5c7-c016-4182-b409-f2176c7fdbab,d66280cb-96df-4005-b6d7-c4a9d93b1c39,2021-06-03,2,2,8738b9cc-cb52-4179-a636-cac83015bb3c|77fc997d-3cee-464b-8340-72ee0f15d9c3,debt_financing|seed
835e0160-fede-0808-e9dc-6a7fa01fbc9a,a40f1dce-cddc-4db0-905b-0e3625e15f92,2022-05-25,2,2,88ece2b2-0fb6-4806-978a-fdf553ec0e81|fec5275a-63f8-4794-8524-ce3cd58dd2a2,private_equity|debt_financing
da41c0ab-fac8-3cb1-7b94-6fa167b9c5ff,5247185f-aae2-4330-9b06-393d85ffe52c,2023-09-27,2,2,615729b6-1831-47e3-b4be-bb46f52657f9|1f5a32c3-692e-4902-97b3-925511153377,debt_financing|series_unknown
d1e6dbfe-cbee-cf3d-cf13-0059baca75a2,37783db4-09d5-6681-24cf-ef99acce2279,2019-02-08,2,2,f828a9f8-8ab2-42f9-97a8-4cd0176372b8|aca8e8e8-1601-433f-ad89-9fef7e893fdd,series_f|debt_financing
6d4356b9-883e-6ff0-d170-b96759ecf5bf,45de56d3-d66b-17f6-86b5-1bb27833090b,2018-07-01,2,2,251af2ac-96e7-4e96-a9c0-a0cb290b783b|6992e7bb-4ead-4ec8-b2b2-0a3380c80d8d,series_unknown|debt_financing
10ff4a7e-b9c9-fcde-ffb9-822c0b679b52,f7cb865e-0133-42e3-85d2-2b88ba2b9d6f,2023-04-03,2,2,67f7d879-630e-4acd-9e59-027ebe10411a|0188cedf-97b2-49db-8688-f03923e0d67d,private_equity|debt_financing
8d5c7e48-82da-3025-dd46-346a31bab86f,a010850c-06b5-0f19-f9bd-16708915ac58,2025-10-27,2,2,2b902bb6-e3e5-47b8-a27e-28e3ccb8b755|5356e1c4-7c84-4e18-aa4a-dbee41cc2bb9,series_e|secondary_market
96a0bf0e-a083-40fc-bbdc-6b109dda5fe3,c68ddb4f-844a-448c-bd85-af8e77b04f68,2025-10-08,2,2,a93c1d75-98ce-4fed-80e2-625a7bce9f96|bea1e86f-cf3d-4733-a57a-603c3a98cb56,series_b|secondary_market
9aa041b9-d9f2-39e7-f056-a0f4d6294220,3764d534-8326-4bdf-b690-3be83b5190c5,2016-12-27,2,2,755a3d5b-8e22-442a-b1a5-61998094d5e6|145a0128-e40e-49d3-bda0-7197e0a9c31a,series_b|debt_financing
51f47ee3-159e-8ffd-a9e4-c4e9da462079,b823f32d-71cf-4d21-878f-709f9335599e,2023-01-11,2,2,604164af-6c58-48d3-9963-541d90d73d46|2baf70bc-24e4-4e24-bd06-271fc1793021,convertible_note|series_unknown
c8bc0c21-a065-4a70-076f-0fa5f6d426c5,0a99c6a8-97ab-46b1-8913-326ee0d1eafb,2026-01-04,2,2,b4cf9844-29ab-468d-a79b-af93eeed2c24|1cb64bc9-448e-4c1b-90bd-151f779d0ef3,secondary_market|private_equity
809d0f70-9c3a-48ba-9c04-fc6e75edc6e5,26e67999-f74c-4e49-8685-13102ff13ae0,2024-07-15,2,2,aafa4722-f5e6-452d-99f4-34e7f160bae4|ef069a66-4c54-435c-9e6d-b841ab77b202,seed|grant
e9343798-ab9e-ab52-bd69-e91a021be3e7,48db0263-cb1a-4d89-a439-87b38a70f68f,2024-02-20,2,2,15ebad6b-bb8d-4e4f-9fbd-8907756e814a|33549060-603a-42bd-9e65-5a72475c3415,grant
ae6eb8da-ebb3-42be-9ee6-644a57af8755,bcee8a8c-0a6e-40bc-8fec-f0545a3857f4,2019-10-09,2,2,00021a98-5541-4901-94aa-051b421a8ccc|39ae608c-4374-4165-a65b-1e1431dbf058,grant|series_unknown
17d0fd03-ea64-1018-97ba-2dbcd1f64d73,04ff612f-6bee-42d8-ad7b-3802d5fa9ad6,2023-09-26,2,2,5ae67bf1-23d9-4889-bb60-0964e1d5353d|83381c4e-5b2f-490a-a113-77a0589897e6,seed|series_a
185e18e9-5824-ef0f-cba0-664a00926ccd,13469a29-7c62-41e8-8cd2-6830b71550b3,2025-09-10,2,2,cf2bb5e1-f26f-492e-9161-25ffeb4f479c|09e8b38c-32e4-4f1b-b90d-7d359e84f44c,series_a|seed
ae6eb8da-ebb3-42be-9ee6-644a57af8755,176cfb0f-4faf-6ade-e76b-269656612fbc,2021-06-16,2,2,f71a2528-5123-4972-995f-3183e5aebdd5|9702d5c4-d4e6-404a-90d0-67dbcf26f2b5,series_unknown|grant
1ab3d6b4-e014-5a11-bdf6-fd66b818e644,076f4f55-5ddf-4f01-b712-5ce538a530a1,2023-08-21,2,2,e9c02b81-824f-4e7a-aafe-d37a9505a058|cf61992b-3e1a-496c-ae30-d6044f6a2057,private_equity|debt_financing
7079eded-aaaa-9b03-a30a-1b9425f96249,b6aab11a-5f57-daf5-589e-23eb79fa5953,2022-01-18,2,2,af701bb2-bf67-4171-93be-4866df3a097a|6c218317-6710-41fc-b2b6-55c6890d1362,private_equity|debt_financing
5fbf183e-1549-c5a4-e93d-3976a7a82cb0,5a940f78-fd5e-4b70-b936-f11fa6248783,2025-09-29,2,2,c32c3ecf-1510-4e27-8392-8c149d806928|9d05f524-8cef-4a74-858b-67feba48befb,series_d|secondary_market
3b98c9f3-7939-4deb-a42a-175dcf13b21a,c258113f-6800-e99f-2b36-bce3884f952f,2020-06-30,2,2,bf451795-bfb3-4bc5-92bf-1f2b8e3e6232|1f0a4899-3440-4a2b-8a54-d0c31875882d,undisclosed|debt_financing
9aa041b9-d9f2-39e7-f056-a0f4d6294220,5e320ca0-bd08-4553-974b-3b338415c2d7,2009-07-31,2,2,26194d6c-485d-4ad8-a395-c7be75913a2a|dfc5e3a0-2a4b-4436-b4b9-43d7f8c3d7b8,series_unknown|debt_financing
728c8f95-e9eb-bcd2-d4bb-5f7e314b1ef8,08d04215-4575-4ccb-a697-67cc577166ab,2026-05-05,2,2,3ec1e954-5dbd-4e5e-8e5c-7ac09685b210|c0e77225-2f51-47c0-b9ce-a5bdd596fea3,post_ipo_debt|post_ipo_equity
a4f8328e-a8c9-4014-8318-1b9cfc16b699,77cc5f3f-4041-5237-cf0f-b821b932e828,2019-08-27,2,2,b1874737-4eed-46ed-a744-2d12a54ecb62|ad8b5001-a90d-494f-979e-e32e94684863,convertible_note|debt_financing
4155864e-cd06-01d1-7778-5bf77c502d16,6e4643cb-5ce1-45a3-9a8d-b777c2d25c29,2003-01-01,2,2,c9be9a86-5faa-4958-b6c8-6715fe81c701|e395f6a6-118c-4a2f-aa28-69acef6fafe9,debt_financing|seed
809d0f70-9c3a-48ba-9c04-fc6e75edc6e5,f638413e-4105-4113-833a-36f6fad4cbb2,2024-07-15,2,2,78670a1e-e47b-4fe6-8082-372a31ad5342|6a300826-7cc0-48e3-a0fc-79c38269f509,grant|series_unknown
bcc5adaa-4cd6-bb68-8b91-838f2eee1aa4,95318948-a925-63fb-0981-112d9aceffe6,2012-08-10,2,2,08e7c2c8-dde0-450b-ac90-4575c4125063|13c0bd9d-ceb6-4fba-98d3-cf42f81f46d9,private_equity|debt_financing
8e576c5e-c2e7-4a61-9073-b760aa318dd7,117089c0-d89c-4441-b6d4-4d476cfe2b21,2025-11-13,2,2,bbbc192b-ff50-4067-869c-396e6d0cc9c3|740137fc-7087-4c2a-9e03-7aee3ca3e108,post_ipo_equity|post_ipo_debt
318c4449-fe17-2a4f-7822-d3731b470fa9,a4feb9f0-673b-4a18-a99e-c71ae69b6830,2021-10-14,2,2,11c1d27b-4ad8-4050-a907-9c92af5cddb1|eb62ad20-4c77-4079-baad-4ad76ffe703d,private_equity|debt_financing
cadc99ca-4985-ff81-9b44-fc93a9c02da8,961d3f5b-e322-2060-ee17-e9349f8ebf40,2023-04-24,2,2,a64550d7-0b03-46a4-bcf6-8909079c8593|518c73bf-36de-44e3-b3cd-d2bbb26418bd,series_c|debt_financing
809d0f70-9c3a-48ba-9c04-fc6e75edc6e5,708a7db3-6355-4e1f-b9d1-1145ce0f1e2a,2022-10-19,2,2,071b907c-1825-4281-9e80-c8df408d2bcf|922f005a-990e-4e60-9c4d-3cbcb6ea10b3,series_unknown|grant
0caaa18f-916d-f2b2-35c1-d130e7b05e30,216bf48d-669f-4216-d7d2-19fd0d62a994,2020-04-15,2,2,b96d9c75-be80-48f9-bd21-fff289398d22|38adedfe-f0a0-4fcc-869d-06f55fca1441,convertible_note|seed
e7c56d40-a8ce-76d3-ee2d-41226c66af70,16e1dfb3-0bd6-6aa9-d9cb-790e3f8de745,2013-09-04,2,2,181ce47d-063e-ef77-3590-2e2423c02aaa|eb14ee31-45d9-985b-008f-5e94ff4eb5ff,series_a|debt_financing
c55ab36e-e238-80aa-3a70-4a423fb77213,14fbf6d2-9dd5-d5de-185d-c1fd02e2a83e,2024-06-05,2,2,0066c11c-4218-4824-ada9-3b5a3711d031|3099f430-1405-4848-98e4-b9d1b2ee4b89,secondary_market|series_e
ae6eb8da-ebb3-42be-9ee6-644a57af8755,94655b0c-15e5-1413-20c9-d67c93d59f0b,2023-01-11,2,2,19461fc9-9e79-4d35-9c11-7a0020a6aa39|53c37a82-2a0f-4031-9089-f51b581afc8c,series_unknown|grant
ac41030f-c20d-0060-3f0a-37f0eee13779,2c87633f-4bf3-6e1d-c82e-0227f235fc3e,2015-06-01,2,2,412a1af8-4828-8aec-02b2-a0bd183c4d50|133548c7-4771-941f-1234-73504aeb7386,seed|grant
9aa041b9-d9f2-39e7-f056-a0f4d6294220,6b3f500d-f927-40c0-a763-6b29033d6eea,2017-09-29,2,2,293f5e75-a908-4482-9e6e-c6f37b812f9c|a1ba0170-5902-4588-b650-2c88b886cd6e,series_a|debt_financing
70db5de1-7334-d744-5e6d-31c9e3b8d764,e41702fa-2ab4-4979-adba-28126d97cea6,2015-06-04,2,2,e4fc4e41-7b2e-fe16-3a8a-e3be5941f4ca|74f4995d-13a3-db2f-da61-2354ae2779d0,series_unknown|debt_financing
44e83e09-e15f-097a-7035-57dad4c5e02a,37cd5020-1cf6-e308-73be-cd12ceccac6a,2022-02-10,2,2,9d0cc353-5f68-4523-95d5-671638615c73|3f45d2c3-65d5-4874-a87c-f49402ae9745,debt_financing|series_a
36409f11-4a22-2564-2708-5834206cf98c,874ccba8-d3cc-4052-87fc-e908c595abac,2022-04-26,2,2,faf6b521-4933-43ab-b4f8-f31a38010338|e65900af-97d7-4343-a2cd-d2368ec560c1,seed|series_a
c6efcc79-3687-6ca9-0902-15c47c93273d,8cca0f2e-d495-43ef-a790-a015e754e2d6,2023-03-16,2,2,c63c6191-aedc-4d7b-8289-15ee2b31ba1c|3b88ecd5-5dc3-4684-8e3e-fafb41df83a9,seed|debt_financing
9445146b-42b2-625e-4a2e-e1293328f4ee,32b28bd5-2570-4676-845a-096944437f25,2023-06-19,2,2,e7a74cf8-6339-488b-99e6-2e282a6a60c0|5e6c313a-59ae-4b3e-b92f-698eacbad84b,seed|angel
aefe6d7a-9e25-0734-1313-ccebe488b901,241d31e6-e16c-46c7-8e56-466196cc1d3d,2018-04-26,2,2,36ee0c26-c2f0-870c-5e6c-02febdafb6fa|6a6e3e4c-7acb-4ded-9c89-a59b9dea1eca,seed|series_a
cbd0c66d-978f-4954-8800-d06d13140b00,fc58f3cc-cc3c-493a-862b-508782b2abbf,2025-04-15,2,2,f3ff3026-41b9-4876-95e3-59b96d33dfc0|02f6f994-b04a-4f64-a42a-face65183638,post_ipo_equity|post_ipo_debt
467c04e8-580c-cefa-8d51-f2eb42ab0844,50b58209-5d86-4e4f-a27c-40ce1b6f670b,2022-10-19,2,2,b03f4e13-b9bc-405d-8808-5527ba4583d8|db637670-9352-4542-9735-ff2dbf6e2ffe,series_b|series_a
5b28f67a-8fd1-4f61-6fde-c5d92af09440,bbda72fa-9d75-491b-9e9e-bfd2fe83d93c,2012-10-30,2,2,57b909fd-a5a6-4aa2-a12b-85944bc55c4a|92f5f1ae-7d3d-4690-9dd4-53d3eae0314f,grant|seed
08ebf8ae-4acb-955c-02c5-305c0f470477,a24c6aec-a363-9e95-ad12-34ecf092d1dc,2021-10-11,2,2,a0eed105-b52c-4610-8d50-df201f7ee0af|e43f3b0a-f75b-4a60-89a2-f5256d601172,series_a
e05b5915-3646-13cf-12c5-f84c01358990,c73aaef7-b48b-1a97-e744-0091cb453df3,2025-08-19,2,2,9dead88e-6644-4ba1-b749-ae25eb984107|ac4a4a94-eed9-4ba4-b80f-a5e71442ba1f,series_unknown|debt_financing
2676f279-69c9-d880-ebb5-df51e476005e,b7ca8497-6308-7ab2-24bc-75150fab87cc,2021-08-31,2,2,e0fd1e92-014a-4171-8a1b-537b1d252ad2|413e7721-0df1-41b9-be79-f1022cd3b60d,series_unknown|debt_financing
c75400d4-d5ae-2f92-4e99-aee6b9a39a4d,b0e99615-82f6-d22e-e29b-70ea22613fb5,2020-10-27,2,2,452157ff-7073-4a5e-9587-5b26a19ddbee|d4e2fb51-244d-4e8a-b8eb-39055cee6c6e,series_g|debt_financing
9fe1f9e3-3045-cdfb-9d4d-cd85177b92f2,ebf84e07-5639-4f89-9385-91f02b952ab0,2025-10-03,2,2,a942ac2d-f17c-4250-9dd5-7408fa0c55e4|7ffa90fd-1e7d-48e1-a758-be2c0fd2296e,secondary_market|series_b
ae6eb8da-ebb3-42be-9ee6-644a57af8755,ed765719-0de5-4b1e-9a54-e239e12845af,2022-10-06,2,2,3364180d-7f9e-43c2-ad1e-b148b9373146|43c89068-c7c5-4ca5-9221-56b785d36287,convertible_note|seed
a7952437-2398-a644-0104-e264785354dc,973dbbc6-7b85-4fc3-bbea-887c6f622ca7,2022-02-08,2,2,17a53163-b8df-4291-ad3b-71cd8786ed55|f93099b7-073b-4a6b-9837-a7518807e802,series_c|debt_financing
75bd8c65-b624-9689-b92d-da8a667632e8,45d2783b-8032-1e50-aa3c-9c11136b2b93,2008-01-16,2,2,c3d10848-9dc4-d75f-e596-4e406f03ba1d|dd013f31-93bf-45ee-978e-36552bfb56ae,debt_financing|series_unknown
64727da5-59d8-2d8a-eda8-06e1a9d71916,757a7122-e60c-cd90-562a-8e54633eb001,2019-09-12,2,2,66d0f879-c6b3-48f7-a18d-8fed6345590b|bbb3645f-358b-4a39-b3f4-d8dbf87d16a3,debt_financing|series_unknown
493ae1c4-0eb8-46e2-a3f9-2c60c21a8e70,59092dfc-17d4-4dfc-8961-0693ca7f96e0,2025-10-05,2,2,38dabc5f-e0f9-4d86-a82c-ab21b8adcfc9|cac138a9-11f8-4d61-b964-88bec08cbe66,series_b|secondary_market
ae6eb8da-ebb3-42be-9ee6-644a57af8755,5bdaa725-a849-4e32-91ef-469703508699,2022-10-18,2,2,1f19dd53-5585-4561-b1b6-85d70ba2416c|4d0bc68f-6b32-4451-8566-746e30b70051,series_unknown|grant
9da42114-b627-6926-f3b7-fd07e23fc337,83fcbd14-5300-4ffb-b3a8-12699e8d384a,2023-07-07,2,2,c8a353cf-15ed-4946-886e-dd9cd414fbe3|b9359192-9eae-43ff-9476-bf8e77d719e8,seed|pre_seed
ac9b6c92-70e6-e538-5733-6974fcc91ad4,32189e56-2ef3-491a-a63c-76da8f23cd10,2023-05-09,2,2,180dc55e-be1b-45c3-aa32-9b87685bb852|0dfe1406-2d13-4d3e-847f-0046044620a2,grant
ae6eb8da-ebb3-42be-9ee6-644a57af8755,03547204-7c2f-43f7-ad6a-8805767427a3,2025-02-18,2,2,edbbfa42-c88a-43a8-aab7-29cb1e6b1c22|40b53561-1c57-4297-887f-e4ee82a966d6,series_unknown|grant
e036a7a3-9d5b-44a0-a98b-0adf564778ad,4f6b09ad-e954-4826-914c-c1aa1e66eb76,2024-02-01,2,2,3c73da1f-3467-4282-9451-fb44cfdcd8b2|8007125a-1781-4541-abfc-a51d469115db,grant|debt_financing
6c93ebd7-3558-5603-daaf-074652d0e1bb,1bf185f9-573e-42b3-9ffd-49361a8329d5,2024-05-21,2,2,23110ec9-c83b-484b-915d-e0310b87689d|85c9a3d9-7173-4e03-bb4d-7eed12a3ecf7,private_equity|secondary_market
cb667858-e5b4-4744-81ca-23514ae6afc3,1efbb17d-e029-4e93-aacc-208fa9833927,2025-11-19,2,2,376f0060-9887-455b-b9e0-9bf0cb7e0367|1a5f3fd9-881b-4760-ab01-47638d8ee531,series_unknown|secondary_market
1f18a6c1-ad5a-b0dc-ae50-6e84f63b94f2,8686b8b6-10ec-4c28-a250-ae1ce761a810,2021-07-01,2,2,ed03fc98-b9dc-450c-a887-ad6524484485|9d746715-6f2b-4f28-bb9a-92bc3c86a43f,private_equity|debt_financing
515d11b5-353b-b08a-c3c7-fc152cd8ab7c,5bfd3659-642b-f83a-eff0-fd6779c45fe0,2022-02-01,2,2,61f68434-c5c5-4120-9ca6-11489e978cb8|ecf33f6e-c3e6-4f51-8ed4-3ede1ba0e4a7,series_c|debt_financing
ce91bad7-b6d8-e56e-0f45-4763c6c5ca29,24039c5a-16b3-4cec-bf68-b416aa51630f,2025-11-10,2,2,6c030faf-5652-45da-91d3-0c067688601b|b6862be0-7c5a-4b31-adb2-0cbc9478fb3e,series_b|secondary_market
8f17ffe9-105a-8249-2660-6b7c7c029e2c,4e1c9740-1f68-4bad-a726-883ef9c63a9b,2021-07-29,2,2,407e3494-cc7d-49d2-b10f-a205d3edea95|8154f51a-2872-4076-9fcf-41cde38e739b,series_a|seed
aefa3a84-5193-00c3-5cbf-ec5ec2645672,54814919-9a8d-497b-bf71-90a23f744c98,2021-05-06,2,2,189cad6b-d2ad-404e-a868-8de6ed7e7550|f9299b1d-ba1e-43a7-b1f8-392e56a12842,seed|debt_financing
da7dace0-ea77-d4ee-4af6-7cedb69539e9,6ee2f21a-443e-406b-8e57-5753eeb70ded,2017-12-15,2,2,5c019cf9-d897-432c-9380-3833e9752949|c6db441f-1555-4cc5-84ac-c7410ea4d9ff,private_equity|debt_financing
da7dace0-ea77-d4ee-4af6-7cedb69539e9,8f518585-406c-4b37-affb-50eef99195fd,2014-10-24,2,2,1d80698e-eacd-4535-9dd6-a4217cf43669|407cad5d-64c8-4115-96e1-76b1bb498e62,debt_financing|private_equity
d2a0d7d2-bb9a-413f-87d6-224749e3bf97,fa2ed0d8-3542-4445-95fb-b60c27aa74c5,2023-06-02,2,2,c5c873d5-609b-40a3-8633-d6812556d493|90567730-4d05-4e32-83ac-aa71def2f089,debt_financing|corporate_round
52073b75-9f85-41b7-a1d9-e165919f4440,d727e344-e6ee-464e-aa02-0da419579345,2023-03-09,2,2,e9969ac6-60e7-4587-bc36-84bec962e451|98f7e420-f5bb-450f-a562-d877d2ba669a,series_unknown|debt_financing
3da54cb4-9432-3d96-7b76-f9a34eca502e,c2a58539-e25c-8f83-ffe3-a2d9808a8e88,2018-12-11,2,2,e9c3edd8-e0b9-4f93-add0-8bf1158f693e|3ac61263-c4b8-4ed3-b7eb-0edf6a5526d2,series_e|debt_financing
b77dec60-40b6-6ae7-68d6-8286a75e8dfd,8c0c466e-1656-43ce-a3ce-e1bfb2434c9d,2022-01-01,2,2,cf713e4c-55b6-475e-87eb-3ac38aed6f04|5cb8e6a4-7a56-4355-ab9a-b5724268c773,seed|series_a
343a0c91-d3b9-80fa-2330-cfde495decf1,e660b91e-8bed-4eb1-87a1-6f5ac69fd897,2018-08-13,2,2,7955365d-aaf2-473c-8984-22ed0f79d7f1|ae452ad9-496b-41fa-abaf-8644f4d57a55,series_b
eb47c77c-d53c-73bb-724c-e6b80c3b13c1,14fbf6d2-9dd5-d5de-185d-c1fd02e2a83e,2024-06-05,2,2,0066c11c-4218-4824-ada9-3b5a3711d031|3099f430-1405-4848-98e4-b9d1b2ee4b89,secondary_market|series_e
a28e6062-3e05-4113-9f60-9c74b8981a99,46f7f961-9523-94d0-bb48-c1c7a90ae108,2025-01-12,2,2,43b8e302-4038-415e-9e9a-653b61415b6d|6c454fe2-222e-460e-afdb-40797b286231,series_unknown|debt_financing
3afb8ef5-2b6c-7788-7b38-53ecbb89d72e,da4e9b42-39df-4fe8-a871-6019f4ce40ab,2023-06-08,2,2,b75b48f6-70fc-4528-b474-a06209bfa5b2|a1a96ff6-34ee-47c8-8085-518766bc7b9b,debt_financing|secondary_market
ae6eb8da-ebb3-42be-9ee6-644a57af8755,7ca926b0-e8c2-45f1-95ca-e637f8106072,2020-03-20,2,2,618dfe7c-bc01-47d3-a8d5-e8202f98856f|f083d60d-41c5-4198-afb6-13b69c42a9d8,grant|series_unknown
728c8f95-e9eb-bcd2-d4bb-5f7e314b1ef8,105359bd-4b3e-46f7-ad61-e65400c0998d,2024-11-22,2,2,da331926-e5e0-4690-bddd-85f5bee7164d|03ddd2ff-81db-44c6-aa14-f71cbf570812,post_ipo_equity|post_ipo_debt
ae6eb8da-ebb3-42be-9ee6-644a57af8755,3dcdd415-2779-40fc-9f23-f92b2c9c04fb,2020-01-08,2,2,537fa863-f002-41c6-bab0-2bb1b432bd3c|b9250e4b-0899-490a-bd9d-81f2ce595d29,series_unknown|grant
45eb721d-646c-4f01-b003-3e6b8f2748ec,5b82449e-ff1b-e1fd-da74-2730fc99292b,2025-10-30,2,2,8dd10c26-94c3-4596-ac71-eb1e73958f2c|6ab2e073-84fd-4b2a-936a-938ae1e37fb7,secondary_market|series_unknown
ae6eb8da-ebb3-42be-9ee6-644a57af8755,9832a9ce-d1cf-42ae-a394-0d0407744b4b,2021-10-06,2,2,1a15409a-af10-49bb-8920-39fc355a9344|74a727a5-6797-49a3-8954-7428c34d961b,grant|seed
809d0f70-9c3a-48ba-9c04-fc6e75edc6e5,74c25217-cd25-4e66-b75c-88451cbd93ba,2024-07-15,2,2,36ca83f1-4945-4bf6-ad73-d5c46b6b8a83|4e230bd7-d85a-4d10-bf08-7fccfc2238d5,series_unknown|grant
73b0bbc6-0109-8e4b-27ee-18d4fd23cd3a,bb717b5b-a80d-84f6-b384-c9a9e002885f,2013-10-07,2,2,e5da38e1-db88-7dd1-2c6d-b816c8f5dbe9|bfbc8e4a-f5f7-45b2-bc9b-c1fd0cea8d60,seed|debt_financing
ae6eb8da-ebb3-42be-9ee6-644a57af8755,38515eed-9daa-4e6a-a000-149adc776cac,2019-10-09,2,2,74f7b33b-b974-46e6-86d8-535feff4d2bb|490890fc-266e-4ca3-a842-ff0660f97ace,grant|series_unknown
d5df3873-7871-c608-0284-c74d0b555ccd,f9aa1ce7-27af-4d54-9b4b-56ecfd709a3c,2025-04-15,2,2,fe5cfcca-cab9-4a1e-9cd7-254df3049d85|8d04503d-bfac-465b-8ecd-898073637fe5,series_a|seed
809d0f70-9c3a-48ba-9c04-fc6e75edc6e5,50a0db6f-b3df-4ee0-95db-5d38cd8d77a6,2025-02-17,2,2,5fb5f0e4-a243-4118-9644-e909fb21d378|d4da8872-6abd-4999-a482-3cd7c2be3b3b,series_unknown|grant
da04c69f-b826-4c9f-83c2-46fe376acb0a,4d817e61-3380-4a3c-80d5-ea49f6eb7620,2026-03-18,2,2,5d83e117-7d24-46f1-8d4e-80028ebed859|291919b3-b894-4577-abd0-399c3156c3a1,debt_financing|series_a
ae6eb8da-ebb3-42be-9ee6-644a57af8755,f2dbec85-9693-4d88-b352-8e01e8b8ec5b,2022-12-19,2,2,2599fbea-f442-4c3c-a1e2-1d5dd128ea2c|86b15aec-f3d8-49c6-82c6-ab596559197e,grant|series_unknown
0812e67e-d94d-27e0-8112-8f63c7337271,ecbfce9e-6e4e-4433-b659-04d0b5b322c7,2022-06-16,2,2,e09c710a-b72c-4d77-b6d8-fcc9376140b0|b8187dee-aa6f-4749-9c2b-2fc848010767,convertible_note|seed
60ca4a6d-4a51-4a10-8d48-e6a807fa84a4,251b949b-1e36-4e89-9c0e-776441d2ac62,2018-10-12,2,2,03341696-3694-4b73-9305-b749e668d824|a5c50436-bc4d-4fc7-9845-4fa23fd96807,debt_financing|grant
ae6eb8da-ebb3-42be-9ee6-644a57af8755,b526c9fb-e94a-48fa-a165-f1088e11e572,2019-10-09,2,2,7d6513ab-11da-453a-abed-a7332735c5c4|fe949a3a-399e-427c-a4cb-0f4759cb940b,grant|series_unknown
809d0f70-9c3a-48ba-9c04-fc6e75edc6e5,3b399f9e-adf7-851b-b9b1-f4121ba2d586,2025-02-17,2,2,0cf01355-b82a-4edd-b566-2bbf28ad37ec|6c9a890a-5f32-42bc-b182-3b64a951a4fa,series_unknown|grant
809d0f70-9c3a-48ba-9c04-fc6e75edc6e5,dff01769-7b08-44ef-9058-632bca5a1135,2024-07-15,2,2,818d51b7-b8a6-4fc5-a0d4-80fc08cee288|da68608e-9d26-4044-8dba-0782f11b6531,seed|grant
960bac43-fd16-65a6-e03e-a1fd310d734a,8d4c55d5-dd3f-4e0f-a76f-dc3bcdd66c71,2022-07-05,2,2,12348be7-9cf6-4f02-a53f-04c2f292e501|ed43a7e7-9c99-400c-bf5d-2b42154c4449,grant|debt_financing
b8cc84ee-07d2-71cf-dc80-8995baeb6b8a,319dc12d-137e-4da0-be13-0b153461615d,2021-11-01,2,2,a8666962-7594-41b5-bd69-5abfe3dada34|4600d107-d171-462f-83c7-055d139c6f5a,debt_financing|series_unknown
8bde54c8-cef4-b0a9-d6e8-30a38f05af4a,5aff14f5-2d3c-bb94-8987-e0d9d45c2cad,2017-10-18,2,2,e9c1cf9e-5f48-4d45-a52f-53e77ce5e4db|d18bd8f3-4881-4ae2-b349-fcc7dfad315c,series_unknown|debt_financing
823b46e0-87b3-545d-4df8-e8aebc07e3f1,811b4b79-eb2b-80ec-1619-09b9906f5301,2017-09-28,2,2,5496cc79-48b0-4df5-af88-58a3281da310|ef316ed1-e0ed-46f5-9e5a-1f050627f189,seed|secondary_market
a2fc8fbe-32e1-3219-a3a8-665ae83f7243,2c5adc6f-f7d6-48d4-aac6-436088a9defa,2021-01-06,2,2,6bc3569d-a160-4e1a-ac17-6b718727135c|16b1d7c9-2696-47d4-93ae-f88981b967cc,debt_financing|private_equity
ba457eae-2f94-4604-896e-066a4f9088d8,e5e38d4e-b2df-4e6b-85a6-de3c64b067d5,2025-07-09,2,2,2d1fb105-2cc4-4cfc-b1da-6360fe7eb5d8|c53fcf51-d7dc-4d04-a445-b7431993fc06,post_ipo_debt|post_ipo_equity
3b130aed-5259-8dd1-d767-b6c05171a8ea,3c8f3fab-79c6-4b99-9205-90da29e44e25,2020-06-17,2,2,ca9b3f05-b870-4a64-a352-95d31103f7c8|58faa022-6ec2-4589-90cb-b48eace0826e,series_a|angel
60b901a2-0de4-4b27-ae3d-1b64fd1972a6,c743764d-9cbb-4056-a0b0-fa9b932b9908,2026-05-12,2,2,19b54a79-8f2e-4544-a030-b35f1bcbccaa|2bef7a4d-1485-4655-92b3-7ec0e5bed9ec,seed|pre_seed
b6601cd2-d31a-a45c-043b-cdb933f01987,f09a51b6-388e-5724-f32c-b19192f5eba7,2022-07-07,2,2,9cd72220-fc4a-405b-acb2-0b184c0c346b|92163d13-1d24-4ec7-b0d4-3872ddef6ef4,series_unknown|debt_financing
bef8482a-9f2c-8a99-c725-1ffc36a92fc8,a557cbd8-fdb9-4fca-9df3-c4a6c7e72aad,2022-10-06,2,2,b8ae986a-7c2a-4a9d-bf0b-551f41611c8a|46800722-8de8-4924-bd39-4d7bedb81b11,seed|series_a
d85134a5-cb5b-4de7-84b1-d0ea1310849a,3c5dd546-a7ae-40c8-8109-dfb8a6d74f66,2025-10-22,2,2,13fc4d75-34b4-453d-b658-1ef1786ced58|3d05e92d-9ebf-4c00-9fd8-70a41caa7fa5,series_unknown|secondary_market
efe1af48-8e22-a819-da78-afcdb79b9442,a7183e40-bac4-4c6a-9f5c-d35d6f5801d6,2016-05-04,2,2,d3c94c53-c1d4-4875-8693-72fbeb98be93|1bb3bc0d-1233-4a73-8db3-cb6d62d44d88,private_equity|convertible_note
5b28f67a-8fd1-4f61-6fde-c5d92af09440,ac65f06f-025b-3542-3109-16b3deaf6ff4,2012-11-17,2,2,14164114-2be3-4776-a49d-38cc1a0d4c98|d8334372-29e6-4a9e-bf50-28b0e622daae,debt_financing|grant
7bff6ea7-6f6b-4d76-9f76-7556ce7327ec,41a82c03-5a6d-490a-9540-b4caf3dd3dcf,2024-03-05,2,2,4e7d2312-bfb7-48a7-8771-dc5b16756b57|2cc37405-074c-4a5c-b6c8-2e963e599929,post_ipo_equity|post_ipo_debt
cfcf9756-792e-8575-4135-85b7e1358731,0cdcc8c6-2b6e-4dd7-96a7-6597bbc3f710,2021-03-10,2,2,cce8d4ba-1732-47fb-85b2-f725c7e3725d|a915d98d-de02-4207-aa0c-c5d49dbff345,pre_seed|debt_financing
02190372-1be0-4d2d-a359-8e40ef3e07c5,cb63d72a-d21f-499b-a23a-df96b4e6660b,2025-07-07,2,2,038dae85-2cf2-40a1-88cb-02e58e4c7782|6c02adf5-90ab-47e8-a33f-0dbc2835ce3d,series_b|secondary_market
aea9eb43-4856-038f-45f9-58cd3630bb5a,4c8af45a-403b-409e-ab4a-9bfc301edb86,2023-10-05,2,2,1e3a2a91-7ac3-430c-83f5-4cbca055b182|b7ca41fb-37b2-4d5d-a3bc-6936b2620893,series_c|debt_financing
b4bda9bf-62cd-9569-43f5-6f179850b735,241d31e6-e16c-46c7-8e56-466196cc1d3d,2018-04-26,2,2,36ee0c26-c2f0-870c-5e6c-02febdafb6fa|6a6e3e4c-7acb-4ded-9c89-a59b9dea1eca,seed|series_a
4f34520e-9f75-9e83-79c2-320c4c654719,ed7b9e37-69c2-9f42-5602-6e0de806e96f,2019-03-04,2,2,5b445358-4a3f-4440-ba14-70280643fb8e|d45f84ca-9216-4fab-bf48-76257fbcda98,series_unknown
069bf7ff-c97f-b515-884e-e774b384776a,0b14328b-0509-a603-3ba3-35d8b60dee56,2024-04-25,2,2,7fe45016-faaf-449e-a4db-8900d8f47288|b16f3bbe-ab1a-4216-861b-b4534ce375a5,series_unknown|grant
1971c507-80b6-4708-8e50-8e36bb65c5a2,3f38b90a-f27d-405b-bfc5-b2ec61611412,2026-02-17,2,2,fc4dc9fc-43c7-467e-a5b0-d40ec8862691|a0b19217-46c4-4fba-85fc-32e6200751e5,series_a|seed
430ec782-ebb9-4241-59b4-4c5357f44d43,03ef8031-2efb-4fa6-0648-1b09ca50c1ab,2021-04-21,2,2,cb2220f4-1224-4f71-89d6-4fa74772a4c7|2f62d5af-95bf-4cba-b27f-9503a02e70db,series_a|debt_financing
452e64cc-1395-a3e6-fcb1-2591a71fbd7c,b7488e56-799f-4f25-80c8-af452693c25a,2022-01-19,2,2,50c5f31b-acbb-4a79-8612-feacd22c3a94|92fb662d-c5f5-40cf-af01-e66f1de6b6e5,private_equity|debt_financing
809d0f70-9c3a-48ba-9c04-fc6e75edc6e5,5081d7cf-84e0-9a6a-cf0f-12b0a300863c,2024-07-16,2,2,8ceba927-7ec4-4a40-8ca8-b6019df4b979|455543c0-a796-4364-8b61-4dda7b906f3a,post_ipo_equity|grant
dbbeae89-a897-3a87-9d1b-93b8791d666e,e78eb69d-db7e-4876-a2f4-641f4f60e23b,2021-08-12,2,2,57d785d6-1ff0-413f-bbc3-a24d4d7b0444|0ffa752a-3b7b-4a97-96b1-7bc3a201dc8c,secondary_market|series_unknown
ada6a485-ac13-c49d-c486-4a1d886c882a,c258113f-6800-e99f-2b36-bce3884f952f,2020-06-30,2,2,bf451795-bfb3-4bc5-92bf-1f2b8e3e6232|1f0a4899-3440-4a2b-8a54-d0c31875882d,undisclosed|debt_financing
87a41c65-4541-40e0-a332-b89b87add219,49e52ac5-0fc4-49ac-9e26-3394a80cdf90,2022-01-13,2,2,8fe2e3d3-3d0c-482c-ae8f-5becb096c99e|2d0bca23-cc5e-4505-bfd0-e2cc0f55b06c,seed|debt_financing
ae6eb8da-ebb3-42be-9ee6-644a57af8755,ddee3c2d-68c3-4d89-8cc7-170222a3f92b,2020-10-07,2,2,41105dd0-3dea-48a0-8e78-5ba0714a3d70|67974f13-8c24-44ed-88d9-bd5e10120f48,grant|series_unknown
809d0f70-9c3a-48ba-9c04-fc6e75edc6e5,38494d9a-475d-4e2f-b1f4-f9eb5edbf131,2025-06-24,2,2,cf77d877-e078-4097-9af8-fbca59b71dd7|07ac97c1-3c98-4767-8390-4f2996ad2275,series_unknown|grant
3e701c58-6362-4643-90db-dbdcc7de5fc8,03ef8031-2efb-4fa6-0648-1b09ca50c1ab,2021-04-21,2,2,cb2220f4-1224-4f71-89d6-4fa74772a4c7|2f62d5af-95bf-4cba-b27f-9503a02e70db,series_a|debt_financing
ae6eb8da-ebb3-42be-9ee6-644a57af8755,9b7f422a-0f99-4f6c-bcb0-22e35dd58a0c,2020-05-19,2,2,e1e213c7-f06f-4f23-a084-9cbc52efa834|1027d1fe-7fee-4545-a6ed-8f6360a7eed3,grant|series_unknown
b8cc84ee-07d2-71cf-dc80-8995baeb6b8a,f43699e8-3d2f-4441-b027-c6d46335c45b,2021-05-01,2,2,f50ba4eb-9605-4584-8260-787f9fd4d4b9|6a4b183f-25ef-4cf9-a96e-e48fd8045352,debt_financing|private_equity
94cdd78e-e731-833a-0c85-6893fc695c51,4c371ee4-f3a4-40e2-bbda-59aa1fa083cd,2024-07-10,2,2,2d0c2dcb-c9da-4e82-83d3-8064e9e584a5|10315dcf-d20b-4c92-a41c-e5c0f4f378f0,post_ipo_equity|post_ipo_secondary
430ec782-ebb9-4241-59b4-4c5357f44d43,4f97e088-cfa2-4737-8322-284e813b5949,2024-09-11,2,2,4012f0de-aa0d-4920-b198-5d39385f114f|d67bd4ff-df7a-42e8-8859-161d71ccabc6,series_unknown|initial_coin_offering
afd154b4-dcb0-1eca-e3b6-1285f09606c1,6abda9a9-d02c-57ab-fa9f-a7f36cae2554,2019-10-16,2,2,4d4ef6f8-3021-4dbe-9dfe-7eb232522c3f|34dbb905-2f46-4a8a-9213-cde1049c1b33,series_unknown|debt_financing
e9eeabaa-b4ba-e58d-fbfb-3b2939cf7f74,faa04487-c9b6-5db6-c856-6a7a3f8d7582,2026-01-22,2,2,24bb59cb-5ffb-4e1f-93c7-b5bb48da392c|ece6565d-b23d-415d-a42f-0d7f15d92140,series_d|secondary_market
add1bcfe-41e3-7828-253b-d7c8694ed4ca,3efe5d37-5198-628f-f376-fb453f84a862,2014-01-09,2,2,3fac0d19-682b-b897-24d5-93800af002ff|62bc2279-dde5-ed05-e08e-2b1719019daa,series_b|debt_financing
f07266d5-f4ae-3e2e-2350-d6c1c0d49e7c,4f3cdc6a-de90-44d4-b872-25798e1ad90f,2016-11-03,2,2,5e106cf1-a61c-414d-8358-e974afb80603|890aa658-fe48-48ff-88c2-6199f8f9f7d2,debt_financing|private_equity
a02d3969-2526-77b4-538f-f753ce9af3c0,c1bec3fd-9ec1-a4eb-7715-5021845a71e1,2014-12-11,2,2,efff9efc-1b4e-4f75-bc66-8c444a8f4360|1cbcf564-205c-4d9c-832b-dac183ad0ac2,series_unknown|secondary_market
58004871-8c31-7b6b-b7de-d31443879c5f,2f2af45d-712a-4641-b7c8-8c79126d80be,2026-02-04,2,2,73ea221e-c28d-4eb3-9c1b-00f1e1823a9d|2a2b6962-44a6-47c8-9289-15c7d2315694,series_d|secondary_market
66a625e2-217d-cb02-edf4-deb1ba546d17,34f0b036-9271-401e-9d76-dd9692765207,2021-05-03,2,2,85e82fbe-3d58-402b-92ab-ae63cbb4eca5|35c577e9-edd4-4e13-b80c-ef78880a0d30,post_ipo_equity|post_ipo_debt
1bde46d2-4e91-c93e-ed6c-807f82eae9e6,34e07118-7376-498b-8b46-9011a33e5b33,2021-03-03,2,2,e1685f75-e58f-4a7e-9cad-d11c6d3e49d9|862f62e9-13a7-43ef-9e19-44a7a11cd17c,convertible_note|series_d
a984978f-a0a7-2a1d-32af-90a7092266a9,a892988d-b843-4fc9-84cd-ee67a2b54186,2024-01-15,2,2,3f2eeed5-2a40-4864-b976-8bf880e045eb|3918b402-36d8-4de1-88b0-831c099f20c0,debt_financing|private_equity
7efc1272-1f02-90fe-c4e4-6646d0b7c920,1ef88f8f-17d5-48b6-afb7-f6fb93a64a53,2023-02-16,2,2,4c3d99c5-b3d1-4178-a17c-e1cc0b072412|be4adbe3-9ce2-4f84-b291-c10fb9f00809,seed|debt_financing
67038f2d-b238-417b-898a-53a45f331228,373c865a-068e-45ff-bd8f-15c320281baf,2026-04-14,2,2,02688295-f76b-461b-a2f1-99322aaf3c63|8bcb9e00-fbeb-4c4f-82ef-21c5ddd4e459,debt_financing|undisclosed
c05d18e2-6203-0d82-f0e9-3b59317f1c21,48f66271-2279-6d2d-210b-adb864370001,2016-09-15,2,2,fc509073-2d4b-4fe4-93a0-571bbf686a49|95dbd4f5-2d20-4c29-8bcf-79bae955e45f,seed|series_a
15f45e20-6485-4ba3-92fa-01ac0fec85f0,54068a42-55e7-2ee2-c56b-05e45b230382,2019-09-30,2,2,23afc7a5-af8d-4ce9-aa14-705e7eb5f0cf|d0786946-5f97-40c9-9906-39b854476ec6,post_ipo_debt|post_ipo_equity
69bf130e-1575-4651-9c41-a29f09107aa4,8cd8b10d-d424-49f3-b835-c42d3c99e918,2022-06-14,2,2,b27b8c20-fc63-442c-acc0-44a235f41feb|5402832a-8d03-4b60-b0a0-11380e91cac4,series_b
edb9e66b-26b2-d71f-d82b-9effa3c19af6,c83e8e14-ece6-44d4-8284-c8368f421ab7,2024-06-18,2,2,f178c2b2-ec8e-494f-9a97-176d6a7bceeb|7d872cb4-a9a9-4d61-bead-e44837214d5d,seed|grant
cc21aed5-bafa-9a66-f521-835df11386a3,af37a97d-74f3-693f-11c4-3d526e7d175e,2017-02-27,2,2,82c3e96f-90f5-4a1c-b8c6-a201c92283c4|9265fb84-d099-4a23-84ef-ead858727ec3,post_ipo_equity|post_ipo_debt
91b443d2-561b-4541-aaa4-57c12185dc0e,8b2727f5-85b9-e2cf-5459-1d8219b6729b,2023-11-22,2,2,aa9629c1-be04-497e-a1c6-2c4a72fadfb8|571575b9-25b0-49e2-9108-ea96fe99cda3,debt_financing|series_unknown
9aa041b9-d9f2-39e7-f056-a0f4d6294220,92ca0252-4eda-4459-b5a8-2f86da5e2174,2008-11-30,2,2,989780cd-2e71-427e-8579-0389f63d803b|7efd801f-4bde-4221-8294-19f3c2cebcc9,series_unknown|debt_financing
943a1930-6927-20f5-0e34-20ae6d756f36,23d85c4f-bf92-42e6-9b04-3e1fede22a16,2025-11-10,2,2,24536e3e-fe7f-4db7-8e77-2a41dab113af|390b8ea4-80cc-4483-a393-edbd12edcc15,series_c|secondary_market
047ba9fd-6e73-4e21-a815-612637131ea5,d4997001-7e16-4701-a6de-eed0616843b8,2025-12-11,2,2,74170c7c-feda-498f-87c8-d022862f6315|a0dbd28e-74dc-4fd2-a33f-f02c0de18b86,series_unknown|debt_financing
6d4a585b-6802-dc2c-c1e5-8b7cac2c5f89,808d09f9-416e-076a-b2d4-fe0f5718cb94,2021-04-08,2,2,bc5d195e-fca8-4bb3-adcf-1877375e6e7d|a3562de0-38cc-4758-8784-ce3c9a3f8660,secondary_market|series_e
5d56d23f-24e2-d25d-8e9f-d42950d0fc61,89a9b4a2-b82a-3644-8ba7-5adfb24840ea,2025-12-03,2,2,d11b04b0-c7b3-4979-8fef-0c687a244830|62be45f2-bffc-4621-a5c2-7bfc6149d8b6,private_equity|secondary_market
d0300e46-047e-4d47-9f3d-69137794d58c,008de5bd-9d73-0b0b-3733-b3cae04a803f,2025-05-14,2,2,5e7b3c14-d613-42b2-bc2e-73c3145946e9|f92fe404-4213-432e-8701-fbec48324b35,corporate_round|secondary_market
069993e9-18b1-4eba-9e19-31bc2ac9e396,ba46fc32-00f4-465f-db72-15fd2dfd0193,2021-06-11,2,2,931e35d5-31fd-4957-ab81-dd0a288b0735|3f2d5372-074d-4ea6-8ac1-2e72de2ae84d,post_ipo_debt|post_ipo_equity
396f6843-085c-8c9f-6eee-432f5bdbc5ef,c2ed697f-6ae2-a83e-daa6-543915b12678,2021-10-07,2,2,d237ed49-0b08-46eb-bb42-220933a4807c|e4d590f0-0ea0-4c50-ae20-ab764eddd417,secondary_market|series_f
2663b77f-1047-b0ed-71b8-5a3d2f3ac719,d2bdb340-58d6-47bc-b2db-2344ee3f8170,2026-01-20,2,2,4664677a-93c2-4214-adb7-7a4b2aa9eeed|c0bf5fee-1056-4744-bb84-4724a208a675,series_a|secondary_market
9aa041b9-d9f2-39e7-f056-a0f4d6294220,368d9350-e811-45bb-b072-2c4c09e15075,2020-05-18,2,2,b18134ac-fd59-424c-8e17-15bdf80b3c4e|12139cc9-1daf-4a8d-93e4-8acea6aa3d79,debt_financing|series_unknown
a74f341c-c07a-540c-5e99-bc48678011d2,b8efb560-0763-36d9-b3cb-01afd13c958e,2018-01-05,2,2,2fbccd5c-29fd-4dc3-8186-693d0d57243b|a209cd26-b780-447b-8f96-b6ea553d9400,corporate_round|debt_financing
22ba164e-d998-1337-558a-9d038eff16bf,2155014b-1577-48e6-9eea-c5d085586223,2024-02-28,2,2,a19f6f47-9752-43ea-90cb-a7a3a735c78a|3a5c4d63-94d7-4ee3-877f-8273b4c213b8,series_b|secondary_market
6acfa7da-1dbd-936e-d985-cf07a1b27711,c69eaf90-387c-f248-cfa8-cae35ab6adad,2020-12-10,2,2,c4d2d965-65cd-4067-bca3-0ae58bca3795|f427e372-4727-4bf3-8d56-7d19d2b1f7b2,series_g|debt_financing
ae6eb8da-ebb3-42be-9ee6-644a57af8755,f8ee41ee-11a9-43bd-8a6b-a64f7e2c6787,2022-12-19,2,2,9fbe9fa3-b0e9-472e-b52a-ac1b91fce4f0|e890e6e2-4a61-45f2-9450-6b10227dcb23,seed|grant
d0649c39-d492-6082-6adf-3096c01b9972,a4c87483-21d1-f708-8ae8-70957d1d4c0a,2013-10-22,2,2,437794ae-7857-dacd-f7e0-4d368b146808|d5352f45-c1d1-4310-8f2e-2a5abf76d06e,series_unknown|debt_financing
dfb845ef-b677-1098-cdbf-86c9bece1832,e896d62c-aec7-48f3-ac72-4bd9e8c22b37,2021-09-13,2,2,7c3ecaf7-4a87-4fc4-90ab-cff5e545ba5c|47738fa6-96b5-46ec-9aed-d5cd9803575d,debt_financing|private_equity
4eee5e60-3b06-6fe8-cc2c-29119a96051d,e3dc4021-a27f-4dfe-8dcb-50bd1db1dff6,2022-04-28,2,2,45a8e914-8b8b-4bbd-a2ad-d0a5ac66f0e8|53213d12-c372-4aa3-82f8-e7e4a7ba3293,series_a|debt_financing
c28c0d85-77cf-4ab8-b23b-aa05db600bdc,c243b842-1e18-6711-39ac-cc66bcb825cf,2016-08-01,2,2,5eb5bb20-1cbd-443d-8146-f42a1954a997|79db8892-aca1-426f-a9dd-43aa8b7dae01,pre_seed|grant
ae6eb8da-ebb3-42be-9ee6-644a57af8755,ef382bf4-b76d-4df8-bd15-656c1e9daf6e,2020-05-19,2,2,8c19d1fc-4e79-419f-8eb5-bfb558207256|99b77c51-8f19-4614-b19b-1e01a6b4e872,grant|series_unknown
ec998b7d-5310-44fc-ab31-0c1f577c2087,eb13d9f5-704c-4c1b-b3fb-35be761b7aad,2026-05-04,2,2,5ae5d6ef-f85d-478f-9325-4452a9fd326b|30e6c962-e125-480d-ad23-1b5cdb1ea767,series_b|secondary_market
fb2f8884-ec07-895a-48d7-d9a9d4d7175c,b0b626fd-c85c-4aec-9c1d-dcb7ca862bdb,2020-10-15,2,2,cdac6a84-61d0-4112-b5a6-22ee327a50ba|f8c4c86d-a295-4093-9ce4-3be62966b410,seed|series_a
b32594d7-fe7d-3e78-7676-3f59e9d55374,4ba18856-ff56-49b4-8eb8-54bfb2fd2e0f,2021-08-19,2,2,631bcc4b-1202-4314-9edb-9e29cade4642|21656c9d-644d-438c-bcda-454b9eef3d2c,series_a|debt_financing
b09ab004-df11-4c04-b5b5-2cc547e467a3,9f8fadec-5fbc-ca91-028e-9f2659ccefdb,2022-08-02,2,2,3f89157a-4a8f-4557-bf30-52f27d8996cf|5d22a398-fc9a-4cb7-aab7-091bf4f2b7a8,debt_financing|private_equity
bfb443cb-9f40-e702-6d3f-0465440b8fd1,a665d023-6628-537e-09c7-6790f79a9244,2021-01-18,2,2,06296cfd-ac1f-4ac7-8992-db023d2bc947|d3d45b8e-9ffa-4bd3-af16-1507429a5cde,series_unknown|debt_financing
7e23d865-52cf-9650-99d1-3c59ef034f66,39f80872-9597-4117-9725-fbbfc27292f0,2025-06-17,2,2,7ba8bc1c-9fbf-4a91-bf78-6fce1ad68b6e|c230edae-8957-4611-9311-7264b6a90a23,post_ipo_debt|post_ipo_equity
60a8d903-841f-c27b-a5dd-e44ab18c0808,43e7fca2-bc96-410b-8fa8-90396f975c3b,2020-05-19,2,2,ec27ea98-6a81-47ac-8378-df3a9cb52b3f|e7a2bec9-b36b-4bf8-b9a1-8989da8ffaab,non_equity_assistance|pre_seed
52073b75-9f85-41b7-a1d9-e165919f4440,585ef40c-8a0d-4a39-89bc-eaebb07ff26a,2023-01-24,2,2,59d3a755-4914-48c6-a0d8-15913f7ce57d|81d40029-e4a4-46bc-956a-761c2cc81c45,series_c|debt_financing
b137564e-ba18-ce1d-83c9-cfa72e57996b,be7303e2-bd6d-4747-8199-032ae6a75e1a,2026-01-20,2,2,c1d08672-a234-4646-8952-9d0840b95b73|390da1a7-c922-441b-8224-8d4a8e68db43,series_b|secondary_market
2ca49bc0-5514-0f2a-2bac-b179ad427c59,3e0dec4a-1cce-4a2b-8261-87bffd82af72,2018-09-26,2,2,7613784a-5785-4abc-87e7-c773ac5b1230|dab90c96-007c-4122-ab07-9f0fb015bba3,private_equity|debt_financing
5119c927-6a9f-4535-ad4f-be535ecb465e,a008b54a-f85c-83e0-0e81-1e3cefddb0e8,2019-11-05,2,2,a7b3ea7a-619d-49d3-b6ed-0796c248c2ba|206be6a4-4be0-40dd-bf6a-b7de942e1a0e,series_c|debt_financing
7ea625ca-14f9-4f53-8416-20aaf8395ad9,5bfd3659-642b-f83a-eff0-fd6779c45fe0,2022-02-01,2,2,61f68434-c5c5-4120-9ca6-11489e978cb8|ecf33f6e-c3e6-4f51-8ed4-3ede1ba0e4a7,series_c|debt_financing
a2fc8fbe-32e1-3219-a3a8-665ae83f7243,6d117188-b9f1-4c8f-85d4-d1f29306dcfd,2023-02-14,2,2,fe3dfd4b-e8c8-4c5b-a795-de55a0842470|0c7ea6b2-31d5-46c1-996f-a1dc91409836,private_equity|debt_financing
3000ba7f-dede-4d11-b7c7-a06b1dd0e5af,2e5d55fb-4dfd-4d95-bd40-f02e30b7ec66,2025-12-03,2,2,7d131c36-3058-498f-8e11-0eceb94977dd|623575fd-eb22-43dc-9d6e-e19c519c459f,secondary_market|corporate_round
ae6eb8da-ebb3-42be-9ee6-644a57af8755,2c8b12d6-5b7d-ed49-4972-ef5280ac6ca7,2023-06-26,2,2,079bc536-ed5f-4a66-a2a2-2516e6ac98cc|37b0bbf3-898e-4d0c-a789-97f1609d140e,series_unknown|grant
b66114e0-49ca-ca9a-a337-f1d637e81a00,fcfaccdc-e4e0-2428-9614-e1eb78d72390,2025-11-17,2,2,ad07431e-1943-4ffb-a0ac-34e0aae206aa|b58cc929-e050-4757-9c35-9ffb12737a03,post_ipo_equity|post_ipo_debt
ad933125-9b18-016c-53de-ef099b71d1f3,14fbf6d2-9dd5-d5de-185d-c1fd02e2a83e,2024-06-05,2,2,0066c11c-4218-4824-ada9-3b5a3711d031|3099f430-1405-4848-98e4-b9d1b2ee4b89,secondary_market|series_e
da03e068-e1d0-598a-dbc3-6f88a9eafea9,8084e7ab-2af0-43cd-98f5-12bcd70cb038,2022-04-05,2,2,1f3c8712-fb02-4017-a21c-addedd5c8a05|823a571c-b3e0-49ce-8020-3930771e08eb,series_a|debt_financing
ae6eb8da-ebb3-42be-9ee6-644a57af8755,b37a26cd-92c5-4f1d-bb11-e94d0a354abd,2022-03-23,2,2,73d1ac84-48dc-4848-ab5f-247925a6217f|f48b41f0-b014-4bb6-9f7d-e91740212445,grant|series_unknown
fb8d57c4-eb30-d2e3-ac69-b62cc0f27bbf,61cfe46e-16bf-45b7-afac-04eafc91eb9a,2023-02-16,2,2,930b5769-f39a-4de6-96e5-b64933b8e756|7576634f-d8b8-45d3-8845-b5bc3898f4d4,series_a|series_b
7ca09f5b-2e43-487b-8088-612814536df6,fa6c38f7-4178-7920-911a-84359136a93b,2019-01-11,2,2,87a9f8c2-431b-49e6-bdd5-e514164415f7|136456e0-1f08-4351-8a9f-12f51ba1b918,secondary_market|series_a
0659f28f-2612-a01f-1b5a-9bc488036d1b,13e159d1-7a2b-469f-9890-4f8f84c412ed,2023-11-07,2,2,7e24fa27-3c51-4d4b-a302-4d2841ac48e6|4120c1bc-b56c-4d1c-88cc-00894e9cd13c,debt_financing|private_equity
b09ab004-df11-4c04-b5b5-2cc547e467a3,eff1d6d9-e657-127f-2860-84a1703d6bbe,2025-10-07,2,2,a094aa9b-e2b0-4d9b-84d3-8942971495f1|5e6970ee-667e-4b47-b516-f6cda1b10544,private_equity|debt_financing
7316f156-6032-ec6e-b0cc-ac09dc8746af,9dfebe3c-47b2-47fd-ab21-20edb33cfac7,2022-09-08,2,2,80779394-f065-4da5-93dc-2bcac6967a9b|647c588c-cb69-44ad-8961-b2b936eeca7d,series_b|debt_financing
ddda3d22-c629-4f96-b6e8-883901852fb4,68acde90-cfcf-4d45-91df-571b1bd8a32a,2022-02-11,2,2,9a923ba5-2e8b-4ee8-8a9c-7932447e3374|f78096ac-ce51-42ea-a0db-aa583ca1972b,post_ipo_equity|post_ipo_debt
0b3c5740-abac-4737-8c6a-6cf2c93edcc4,eba67aa3-8e1e-4068-9d5d-fc03923b8ac4,2020-03-10,2,2,9ff5e121-ecd0-43eb-b07a-e6aa3ca727b7|621063d3-fe48-4a48-b820-5028c7f241bc,seed
4eee5e60-3b06-6fe8-cc2c-29119a96051d,d46a832f-fa21-6f5e-2fd4-b693aace65e7,2021-11-08,2,2,993ad161-212f-4f35-8361-d782dfd13726|b35f2bb3-cad1-4184-a140-5a04d5064e1f,series_b|debt_financing
1f455842-a528-5418-4737-3e3a0fabc3dc,d732174e-f352-1567-3f96-6a5b0ad322db,2020-01-31,2,2,bed24134-510e-40c8-96ca-0e23bb215545|0fcd1af8-6cf7-45ff-848a-224a4efc8575,debt_financing|private_equity
d85c9cd9-fa00-31bb-cfaa-3b5f9dd118ad,7ec75e8e-88d3-d27e-d9f4-65d483537d4b,2016-04-01,2,2,297d7aff-7e87-8372-14e2-af11289c3c49|64c612d8-8f44-48fb-98f8-2a90580713a7,seed|grant
809d0f70-9c3a-48ba-9c04-fc6e75edc6e5,bfdd7c65-2595-4c59-beae-399000a84ae4,2024-07-15,2,2,3ccf9ffd-e7ee-4ac7-a2e2-c9e3ed48b744|3d153ded-9eff-46dd-9762-342dbf86661f,seed|grant
ef0820e6-582f-901d-b94d-a87e5ca4660a,6f165a0f-01c7-4574-bc6c-04aa8c84c720,2022-12-06,2,2,df823f17-7679-4a2a-a5ca-29e5202f2031|691a824c-4b89-4614-a341-09b38c597143,seed|pre_seed
bfad96cd-0f22-856c-101b-16a23216f90b,faa04487-c9b6-5db6-c856-6a7a3f8d7582,2026-01-22,2,2,24bb59cb-5ffb-4e1f-93c7-b5bb48da392c|ece6565d-b23d-415d-a42f-0d7f15d92140,series_d|secondary_market
7d947a72-cacb-f9b2-1b7e-757b33fa09d8,a2b352ed-5121-d2a6-a115-0ee271449d01,2021-04-12,2,2,284ff92e-144d-478b-a468-c25b2ae32ed0|b2b252c5-2be3-4c79-953b-86dfab79b494,convertible_note|series_a
ae6eb8da-ebb3-42be-9ee6-644a57af8755,2285100b-b548-46d5-9436-3593788b9f60,2020-10-07,2,2,bdcea641-0ac4-451c-836a-9349878520f5|eea5bb38-853f-4c2f-8042-5222545602be,grant|series_unknown
e970396c-1a0e-aa64-3cf3-6de014b615ed,463f87e4-9184-4321-b7c7-87c355eb2e6a,2022-11-07,2,2,d6ff9aff-87a2-47ac-a04f-c610834c632e|53a46a02-a9cd-4b4c-9ad0-5b58c7eb6792,grant|debt_financing
809d0f70-9c3a-48ba-9c04-fc6e75edc6e5,eec391cf-3e7c-42a0-b370-738b3f9942ff,2024-07-15,2,2,7dc2b3e4-eeda-4664-9d00-74e3679306f7|abbd1615-ce7e-4475-aad9-457c6804770c,grant|series_unknown
0c867fde-2b9a-df10-fdb9-66b74f355f91,d0314350-08a7-40be-93b8-729601859df3,2025-03-07,2,2,f308fd7c-45b0-4ca1-a29f-9f3e236e0304|721f1780-7b22-4f98-a2c5-a14473321883,series_a|seed
6c93ebd7-3558-5603-daaf-074652d0e1bb,e28e8248-9e9b-4b7a-a7c9-df0def817d44,2025-10-14,2,2,6e3c2a1a-02e8-403b-821d-6c3255043f48|de44ea3c-ba0f-4def-9dfa-1f89da42836b,private_equity|debt_financing
60a8d903-841f-c27b-a5dd-e44ab18c0808,8034891a-602b-4f8b-90cc-451c824f7198,2020-05-19,2,2,4f3814a7-6931-4b68-a626-17cc7608989a|a4dc51a2-5473-4e4d-8466-e3dba6170b36,seed|non_equity_assistance
d14178d0-6ef7-4d8a-b14c-eabe665b1d40,cb63d72a-d21f-499b-a23a-df96b4e6660b,2025-07-07,2,2,038dae85-2cf2-40a1-88cb-02e58e4c7782|6c02adf5-90ab-47e8-a33f-0dbc2835ce3d,series_b|secondary_market
b09ab004-df11-4c04-b5b5-2cc547e467a3,a46e6750-2279-4d1c-af49-623d6becdf1c,2026-05-05,2,2,5779ade5-7282-4f96-a7e9-19afea7b826e|89fee5a5-5712-459e-9d6c-87f862e29289,debt_financing|private_equity
bcc5adaa-4cd6-bb68-8b91-838f2eee1aa4,1f8b278d-cc71-a679-c3ad-db5ff6343721,2021-06-30,2,2,c7f9b64c-b4da-4118-aea1-394ec4f9b15a|ead93b64-43aa-4b33-bb75-5ac053d1b33e,debt_financing|private_equity
a5c65633-7b2d-c597-31e4-f5af5e5c1c45,0fecd291-e197-4746-910c-134622b5a929,2023-01-25,2,2,8f57b5e0-bc7b-4dcf-b311-4c1887c22566|1bbd22fe-4d8b-4259-ae22-2739627c41af,debt_financing|private_equity
799ea0ba-92b9-ceda-d294-efbbc80db162,47f3ceab-e707-4426-b825-d9ed3cc4a97a,2024-03-05,2,2,9d526d86-531f-495d-a84b-226217ac02d7|f7ebf3b8-f77a-4941-a92c-7061bd5c1363,debt_financing|seed
ae6eb8da-ebb3-42be-9ee6-644a57af8755,708a7db3-6355-4e1f-b9d1-1145ce0f1e2a,2022-10-19,2,2,071b907c-1825-4281-9e80-c8df408d2bcf|922f005a-990e-4e60-9c4d-3cbcb6ea10b3,series_unknown|grant
899c84a9-0a65-49a8-9d55-0c7d3d2f7d79,345ae4ea-ee6e-472b-aa12-3bd119352213,2024-08-02,2,2,ac8253f6-055c-4aca-a687-7da1cb5c951d|fc01f034-a2d5-4e1c-905a-62a62cccf3b9,corporate_round|secondary_market
ae6eb8da-ebb3-42be-9ee6-644a57af8755,b2372ca7-3269-4d70-8770-d5b1dbede36c,2022-06-15,2,2,f3ea80f5-bc2b-4d5d-bd68-452f802d9d51|490fadce-f747-464d-a10d-0b34a6b8bbbd,grant|series_unknown
14396192-4718-4084-4017-378d4b41cf6f,cb2f3bda-cdcb-4479-a465-b98d8b76f1e1,2022-09-28,2,2,03f6817f-d2d2-4865-81fd-9816055b48d1|d69172f9-5ac9-4bc1-be97-1facddda41c4,series_a|seed
976e6084-79b4-44ff-a0a5-86efda42f0eb,f0759f55-cef2-4c17-a2f1-42a90d8e413e,2025-01-30,2,2,fdc9869f-a697-471b-8287-dfcbf66eda09|7793154c-7aed-4b5f-a1ae-36d45109c921,seed|series_a
30d9504a-8f1c-4e04-86cf-f12b2ad611c2,eba67aa3-8e1e-4068-9d5d-fc03923b8ac4,2021-10-11,2,2,08393544-6217-4c27-8210-2734a211b82b|c461e7a9-0a24-4808-91ca-0d1dc39baa81,series_a
ea702215-d506-4cd5-be2b-339460e96380,90fe860c-0906-4c9e-84bd-f1db6142718c,2017-01-26,2,2,0eeb5d2a-2995-4e4c-bb28-9cb5c05b553c|c1da810f-88b2-4584-a987-be7063ecb3c4,series_e|debt_financing
5fbf183e-1549-c5a4-e93d-3976a7a82cb0,95f3af30-5ab5-bec4-26ae-1e2ee8ba6fd8,2024-05-30,2,2,f3025f31-639b-486a-bb31-9567a8d4bbcc|2adc579c-b2c0-4dd3-8d74-e29c78fd6c39,series_unknown|secondary_market
14330040-598c-f69f-1f97-de02982e60d0,1ac1d33d-1139-48b2-8f8e-3ed395b762d1,2023-09-13,2,2,409999e8-22e4-4e43-8743-989ca8cb62f9|c7b725d7-3387-4d83-95f8-3d8fa6fbc289,post_ipo_debt
a2446b5e-2c49-8d15-6304-cbbcbb25fc52,e37dfd77-9077-40bb-b421-d1f91e70a653,2025-06-09,2,2,47cf37a7-d925-4666-b0d6-14148426eb3d|150222c0-e9eb-470b-a67e-d9b416ddcfbc,secondary_market|private_equity
877a70c6-b6a3-4687-b191-cf3fa43fd868,fad77275-a96c-72b7-7fb1-e48ea29c8233,2021-03-15,2,2,483f7f6b-f2c7-4b75-8c24-43a9de650e8d|885cc15c-a2f3-4fd2-aa5c-466adf09a259,post_ipo_debt|post_ipo_equity
34a9bb66-0984-8de0-e7fb-13e976b4a135,f0af9954-566d-4d18-bbe5-d2dd3fc23d09,2022-11-30,2,2,43d5a01f-b47a-42ff-9c99-dcf0c9def296|b8775c9e-a373-4502-bf1a-2e8f003cbbfa,series_b|series_a
d515fa65-6703-4c1f-9bd4-6a86502df4d2,8b8a1181-11a4-4973-a3e8-23c9ff182235,2021-09-06,2,2,65ebe0df-cc2c-4910-8ff0-409858548014|e5d9abf5-15c5-4295-8fa5-c900aaafa23f,series_unknown|debt_financing
f30caf86-15aa-46bc-870d-0c3ac6b7e80f,8c91e9a6-1b19-4a84-8f13-8b5b83f0fdba,2026-03-30,2,2,f713f42f-989c-4e2c-b94c-33b4b31a8c38|839fab84-3343-4438-af3a-59eab09ef577,post_ipo_debt|post_ipo_equity
106e0558-fca3-4a99-bb82-b95045551a8a,a596de66-c366-4c07-90bf-df1cc16406e1,2023-10-06,2,2,fe2ab185-ccd1-4f08-823f-7b29df491d78|27f41c77-cab6-4d0f-95f6-0fe8fbdfde26,pre_seed|debt_financing
06893ce0-22dd-4f5a-97ae-ece1baad03b5,fb97d622-db77-42af-a00e-2085407dab96,2025-10-23,2,2,9c5029b7-f15d-44b7-a5dd-b118d3dc2914|be748608-b03b-4764-b009-19d2c2bd695b,post_ipo_secondary|post_ipo_equity
05acf77b-14a9-463e-937c-f0e7152eb6b8,ef8f2d16-10b5-421c-b3e1-f5aeb84784c8,2026-04-07,2,2,60f56d50-77d8-4140-b853-31c45f80e534|ffa47883-3b8a-46b0-bfda-01caa950d976,corporate_round|debt_financing
fb42dca9-709f-3234-e0ee-7039369de57c,4c8af45a-403b-409e-ab4a-9bfc301edb86,2023-10-05,2,2,1e3a2a91-7ac3-430c-83f5-4cbca055b182|b7ca41fb-37b2-4d5d-a3bc-6936b2620893,series_c|debt_financing
809d0f70-9c3a-48ba-9c04-fc6e75edc6e5,0599a07c-65e5-45c2-abde-ed3b9a63710a,2024-07-15,2,2,53bd61b4-4a6b-4daa-965f-3905fea63dee|8d4bca50-8688-4576-a8f5-ee801b78df60,series_unknown|grant
1b65c6b5-9855-32ff-d12b-2bffcf38f979,837b3722-2591-4e65-95c6-96bda0effe70,2024-05-29,2,2,09e2164a-f873-46d9-9dc1-a12f08ac657e|4078221d-2449-4207-8701-613dab0bc401,debt_financing|series_unknown
f97209d2-2fa1-48ed-85c7-dc142bea4715,66b37d8b-0392-1900-2867-23c4eafc7d28,2016-07-19,2,2,4e77928e-a0d6-43bf-be2f-04b7ddf0078c|c0f07488-870c-8776-f6a0-372f8f516520,seed|series_a
9aa041b9-d9f2-39e7-f056-a0f4d6294220,e8eee128-459d-42cb-d7c8-963d86a1e55c,2013-08-13,2,2,0792f92b-12c1-4d65-b66e-549bb2839bf3|f4eac920-b1db-403b-be9f-9944cf09105d,debt_financing|series_a
cf814ef9-7a8d-451f-b1a9-24cde7a0e125,529514db-2bcb-49d5-98ba-db2dbd88bf19,2025-12-05,2,2,d8370bfa-8c79-48d7-afa8-20e7e058a42b|066890c4-d6cb-486d-b383-cfd98b59835c,post_ipo_equity|post_ipo_debt
983675c3-2ee5-471f-6b57-c9e32a0369c1,7c63b3e4-ed86-455d-bfec-c02fd5049b1a,2021-11-29,2,2,e0c921d0-4254-4146-8618-cc638a8d612c|15f3d9f0-433d-4620-bc5e-12a1a1bde948,seed|convertible_note
ad46a11a-fec5-76a9-33f0-0265302190c5,cd442233-f9db-439c-bdb8-30ab6ff8ad2f,2024-11-12,2,2,dc0a044b-51fd-4be2-b6fd-0140f188f497|8b973699-733c-4b27-9c5e-0ff06eee3ba6,series_unknown|debt_financing
5fbf183e-1549-c5a4-e93d-3976a7a82cb0,8116883b-dee5-867d-de15-4d51e72dece0,2025-06-04,2,2,d1353e8d-c833-454a-9841-c3b023d0fab7|71f8197b-9525-4a4a-8df1-63484e115519,private_equity|secondary_market
82c9ea3c-3e24-462c-a875-3d009e349187,9332ef15-5d14-4165-8016-006e65b3d11e,2023-03-07,2,2,90d04df6-f0af-4f6a-92c8-7e4fce1f978c|31f3a9de-5783-4781-be40-079cd04a1b97,debt_financing|series_b
099ca8c3-f690-2f5d-7b68-e244adbe036a,c866b112-6333-9ff7-5954-09cb24c9e87c,2008-03-28,2,2,ff525b4f-c186-4aa3-94a1-928a1869ae01|13716703-d212-5cda-520b-a51d57c1cf52,series_unknown|convertible_note
0ca07c1c-ad4d-4308-a3a2-333c5884acb0,951f5755-5837-497b-9f57-22b4e426a98c,2024-08-07,2,2,f999a4b2-fb64-4084-a928-5304d05ac801|aae3ce3b-bab6-4fd2-afa1-1ea2da4b2b1a,post_ipo_equity|post_ipo_debt
809d0f70-9c3a-48ba-9c04-fc6e75edc6e5,f22bf122-8a4a-433e-9092-5c3d5fc3a4ae,2024-07-15,2,2,73d44de7-9850-4fe9-b819-c31e17460fc7|ddd47a96-ec0c-4a50-a5c5-9d221e0d7693,grant|series_unknown
dfbfcd04-db34-8a5d-ced8-629f4ff8d01e,af1f8c75-21f3-4829-a0a1-acad6004bc12,2008-01-01,2,2,3935583c-fd06-4fc8-9686-714b59a214af|6096a2cd-4f35-43e6-a917-74e3333da621,private_equity|debt_financing
809d0f70-9c3a-48ba-9c04-fc6e75edc6e5,a55482c0-343d-4922-9435-4f11406e2289,2025-02-17,2,2,3eb82df9-58be-45f9-8139-fa108d8ccfb8|4b9fd72e-041e-4ab0-9747-4e7eb09c0a2e,grant|series_unknown
47c3ac5d-7134-4225-be7c-2fedd0538aa0,084baad7-d062-43b3-a7cf-c2a413b3c994,2026-01-23,2,2,be746183-093b-4641-a56a-30f196968572|185670e8-a20a-40aa-8b5c-2a40c18a0eb1,debt_financing|grant
d5895a94-0341-03e5-245d-2dddf0d3d76a,76fa340a-6dbb-4148-a270-d9e73c6a66b3,2023-11-20,2,2,0547f3b2-a384-4457-ab96-dfd10a108bb4|01316f75-aaab-4f48-8e17-5268d290a0f5,debt_financing|angel
59e41cb0-550d-49bb-a792-fae8b5873e3b,2b6a0418-96b0-4846-a080-e27a1ae1fd4a,2024-01-09,2,2,a36bc4c7-133d-4f20-97e4-0b25e36ea65c|44264cfc-db9a-43ab-8189-e0364c1a86fe,convertible_note|series_b
1a192970-af60-4d75-aae0-5781a3e906de,4af926d0-b308-4ee0-91b0-dc8ceefee982,2024-01-18,2,2,90ee703e-78b9-4b16-be76-0d68e7ec278a|bd7eba9d-abf3-4904-8ae3-6bdbf716a299,debt_financing|series_a
3f286d0c-0c99-649c-15cb-85dfd43268cc,143f6565-d2fa-4192-9a07-657bbf8a1c74,2023-06-07,2,2,3b19ecb8-7854-4e52-bafb-52df562a87c1|0571c2bf-17d6-487a-9b08-84da899b6014,debt_financing|series_a
cc23fbb2-86f0-3ee1-494e-050176d24005,40106e88-cd14-e0c1-2775-d9f21d6af43f,2004-03-24,2,2,6a1a811e-dc35-0e49-1116-6b3f352e4429|af860fc4-d30c-1f30-e672-d4db94cf1cf6,private_equity|debt_financing
5941d68d-3ba5-fcc7-57bb-bd4ccacf02a3,24039c5a-16b3-4cec-bf68-b416aa51630f,2025-11-10,2,2,6c030faf-5652-45da-91d3-0c067688601b|b6862be0-7c5a-4b31-adb2-0cbc9478fb3e,series_b|secondary_market
ae6eb8da-ebb3-42be-9ee6-644a57af8755,09b99407-7a3c-42a6-a492-7ffdfee383d2,2019-10-09,2,2,49cf03e0-1196-4f18-b941-4a6df1083bb9|d7a86f3c-1794-4dc3-a47d-573b9ac8c19f,grant|series_unknown
63eb8719-2957-f55c-7504-e823fcfa503b,c2fa7ff0-2d03-c1e4-4c8e-55936aa1dc3e,2008-02-08,2,2,7ac704bd-7cba-194c-532d-a1cd068da093|a98847f6-6970-4b45-5439-29f7500010df,debt_financing|series_unknown
809d0f70-9c3a-48ba-9c04-fc6e75edc6e5,251c73fa-9199-489b-b9d0-cc6785c7a2c0,2025-02-17,2,2,b6b48a7e-e0d3-4bb1-856a-5eccedbf0b2e|b16df012-202b-4ad9-976a-9aea34f4a4c3,grant|series_unknown
ac41030f-c20d-0060-3f0a-37f0eee13779,dd31843b-eb45-77c8-cde9-e1ed41267542,2015-03-01,2,2,ff56d08c-f208-9d36-5423-e0a9f819ff95|b9431a58-7534-8c5d-2258-141d142a038b,convertible_note|grant
dd9b11f1-6631-571e-1c98-c2dbfbb4f926,4af926d0-b308-4ee0-91b0-dc8ceefee982,2024-01-18,2,2,90ee703e-78b9-4b16-be76-0d68e7ec278a|bd7eba9d-abf3-4904-8ae3-6bdbf716a299,debt_financing|series_a
83520b90-d44b-be79-e12e-7b31a537d1bd,b5ba10d6-655f-57f6-4910-07b302ab5b22,2024-01-08,2,2,4b75a452-200a-421c-8c8f-8cece078649f|659ec59c-8053-4bd1-8e47-587615dcba32,series_unknown|grant
06e2e8c4-35b6-42d4-a7c5-951909770214,5a940f78-fd5e-4b70-b936-f11fa6248783,2025-09-29,2,2,c32c3ecf-1510-4e27-8392-8c149d806928|9d05f524-8cef-4a74-858b-67feba48befb,series_d|secondary_market
88e5aa7b-0334-2a9d-9811-9b976a082889,511bcc36-932b-4fc8-b0f3-ffaab7ce4184,2026-04-27,2,2,0c0a6bb4-e0c9-4922-99e3-42328c363e54|0251937c-5701-48be-9bc4-4036189fd074,seed|debt_financing
1b65c6b5-9855-32ff-d12b-2bffcf38f979,1e53f8b7-8645-efc8-c42a-43ee1b3fee2b,2017-05-09,2,2,1e4ad8b2-a3c3-4621-b845-66f8432dcac4|228a1d24-3dda-4768-9369-7181e810eae3,debt_financing|series_unknown
b08efc27-da40-505a-6f9d-c9e14247bf36,32bab06d-f2b6-d36f-ab1b-6856a4d72f63,2025-04-07,2,2,6a2cc1f8-13bb-4793-8e0b-fe62daadd34c|4f451969-24ca-4728-b457-7b4ca9c00269,series_d|secondary_market
25571a2a-a420-48fa-b663-29513a21fd7d,bcb4383d-b4f0-40ab-a931-b0371c48c582,2022-12-12,2,2,efafeb6c-df51-49ee-b0d5-908ad40c637f|530a06d5-0b2c-4fe0-903f-e3a72c298b50,debt_financing|series_unknown
bb48b54a-516d-6b34-6cfe-73beeb288984,005ceae2-d3b3-4d8c-a34d-ea63972dbeec,2022-03-08,2,2,369947f8-e78b-49ff-8dd6-5292dbb3087a|bbffdacc-1c0b-4f05-be2c-d995dcbebb2d,seed|debt_financing
9aa31be4-5ff2-30e8-34b5-612ee6437339,18aa0474-0640-447d-ae62-944f96ebd0f6,2024-01-03,2,2,e2fa9e58-9f45-4400-8edd-cb90964cfe2c|039131d1-429d-4b8d-8865-d1f24da81a1e,series_b|debt_financing
823b46e0-87b3-545d-4df8-e8aebc07e3f1,a38c9480-05c2-9182-b553-fc2f20af1702,2021-09-30,2,2,abd70b51-1910-44b4-a410-9b32aedb4219|fef0fe15-b9ad-44a5-a1fa-adf527526cfa,series_b|secondary_market
a9461070-a0f0-af9a-f43e-60d916671f19,a010850c-06b5-0f19-f9bd-16708915ac58,2025-10-27,2,2,2b902bb6-e3e5-47b8-a27e-28e3ccb8b755|5356e1c4-7c84-4e18-aa4a-dbee41cc2bb9,series_e|secondary_market
7d10db48-4be4-47b9-b59c-8b104285c18b,b7c889e7-b5ce-52fb-2fc3-c82029a6f1b1,2025-07-01,2,2,d7a5c385-25a7-4c0c-94c1-828ae979a787|ad6ab6f8-0e0e-4cb7-80cc-34880bcac9b2,post_ipo_equity|post_ipo_debt
9fef8071-43d5-85c7-17cf-ee202bbc970c,31afdccc-abe5-6037-c940-83f26b5d05aa,2013-09-27,2,2,fec2a20c-5b57-4bdd-ad15-6b4e10edb12b|aef89405-cca3-a80c-ace3-1171018f03b9,series_unknown|debt_financing
e8db05ed-6b48-9b54-e746-2f140dcc94be,03ef8031-2efb-4fa6-0648-1b09ca50c1ab,2021-04-21,2,2,cb2220f4-1224-4f71-89d6-4fa74772a4c7|2f62d5af-95bf-4cba-b27f-9503a02e70db,series_a|debt_financing
8de955a3-8cc0-4792-b8e7-40e840d182f1,727b69af-5bf0-47dc-81dc-f19fa096ef59,2023-12-20,2,2,891f217c-305a-4fd5-bdde-3d06acdf9091|c6e929e0-5862-480f-8fd9-8e47aa75d6c8,seed|pre_seed
4806bc4a-b195-e864-af38-8a9f8cff5b95,b25e2e52-aa42-4423-a1ed-0131110eb2e6,2025-05-21,2,2,8aab4c36-0989-4e1e-94e0-cb3ec32ebcb7|562d33c0-fdbb-4f29-ad68-27ce64d8934c,seed|pre_seed
09539470-c53b-3eb0-d29f-aa5e7626eee8,3686c690-4d2c-46c6-a714-b8090f56b1fe,2011-03-20,2,2,cf6df85c-d44d-4dcc-abd4-e65762ad9c0b|80040716-57e0-4f5a-8fec-bc80d5b9dcae,grant
1c5cdcbf-f57d-e8f2-0e0d-1d19f221c499,2e2c900f-ea69-47ae-973e-dd143220423d,2022-01-19,2,2,c1673b9f-1f6f-4ea4-b6a4-f28ba6d6c027|e4f22065-0e48-464f-b6a1-6e9c43982a89,seed|undisclosed
ff7269dd-dc3f-4ddd-9455-81c530239858,529514db-2bcb-49d5-98ba-db2dbd88bf19,2025-12-05,2,2,d8370bfa-8c79-48d7-afa8-20e7e058a42b|066890c4-d6cb-486d-b383-cfd98b59835c,post_ipo_equity|post_ipo_debt
ffa27f5a-333d-e159-fafb-dde5c1a4e0ce,5b82449e-ff1b-e1fd-da74-2730fc99292b,2025-10-30,2,2,8dd10c26-94c3-4596-ac71-eb1e73958f2c|6ab2e073-84fd-4b2a-936a-938ae1e37fb7,secondary_market|series_unknown
38fc25f2-1ef2-57ea-665d-b0edb5b6a9b6,96648d18-43df-0cf8-2a99-acbad1f7008a,2020-07-01,2,2,6e66671f-99d2-4549-8fe8-f3109dd02d7f|0cc22a7a-f9bf-4f2e-8306-22ed2514bcb3,post_ipo_debt|post_ipo_equity
ae6eb8da-ebb3-42be-9ee6-644a57af8755,e471a8b9-49ce-4993-9150-cbaaa8358c7e,2022-03-23,2,2,d9df9980-b393-45c0-abb2-c33bbcb22e94|bee0504d-daf9-45eb-a06f-bd5463234f95,series_unknown|grant
76c64c78-7066-f7ab-72e8-3ba282be0a06,4600bc67-3933-47a0-a184-3258b69545e2,2015-09-22,2,2,9be89398-e27a-47e6-ac25-e8bd2c4a46fb|058408f6-5bfc-4a10-a101-960a96070412,post_ipo_equity|post_ipo_secondary
cf253887-5eac-21a2-28d3-47db7311f7e9,7cbdd6a0-a379-41e6-8a06-2dc91c59c1f3,2022-11-15,2,2,2740f82b-1067-4a2f-b397-b1acc4f2d708|0888c3d7-3574-4f1a-a631-f872581c61f1,seed|series_a
94e77637-7d6f-4738-8a21-19c5fe3b1f28,c24cfab7-a64f-487d-a098-e8ba6fe19a19,2021-03-15,2,2,6f4c425f-7d76-4e22-9d6a-e2ed4af1e715|c52b5386-827c-4076-b74d-0e7c1f073535,series_a|seed
71595368-3ba8-41f0-ac1e-088653caa9e8,50b58209-5d86-4e4f-a27c-40ce1b6f670b,2022-10-19,2,2,b03f4e13-b9bc-405d-8808-5527ba4583d8|db637670-9352-4542-9735-ff2dbf6e2ffe,series_b|series_a
47dbd749-0c17-4538-b888-43c0f68c0148,aa00952a-8bbd-40ca-ab9f-055f44274d0e,2024-03-26,2,2,d76ce725-c285-4c21-8179-c9e253bd0ebb|6a98a6ff-a839-4952-aa6c-5747f3e43aa6,series_b|secondary_market
71dde8bc-cb08-4965-974e-be76da84fac5,fee778e5-198f-44df-b069-7a38d0393e4e,2025-05-20,2,2,d2671f4d-084c-414f-b4b4-cb66c5065691|a0d82fea-f6aa-4225-a8aa-ef6b142e6ac4,post_ipo_equity|post_ipo_debt
d8e2b711-8751-1af3-662f-82734b7d45c9,8c334b8e-fade-452d-bc0a-8a75a9b4565f,2026-01-14,2,2,56ac4cb7-f340-4240-a96a-488573202f47|ac553ba0-617c-489d-b9a1-32cbc30c4ca0,grant
95d0c170-5fc0-2c61-e32e-9276ee396604,5396da67-cea0-42a8-85ca-7de0cf8cbbb1,2019-02-01,2,2,1aa327dc-f981-486b-8035-de996f0521a0|42598fad-05a7-4b43-97f6-12b42db401e8,debt_financing|private_equity
902deab4-ec41-68ce-d9df-c0c959578176,9296f4b1-7656-4817-b6d4-c229ce088a26,2026-05-12,2,2,d4d09356-4e29-4b41-9dd6-139c372e1f0b|53dbf14c-2815-4004-8e02-705e44e643a3,series_a|seed
319ec20c-4c37-4052-9110-b7649a05d146,3969d805-c5f2-26e3-09b8-403dd535c8a0,2017-03-28,2,2,68b24810-bb5b-4179-9d3a-8d16810a7011|1ff146f9-5c73-4775-a27c-fd838888d056,series_unknown|debt_financing
6d4a585b-6802-dc2c-c1e5-8b7cac2c5f89,a010850c-06b5-0f19-f9bd-16708915ac58,2025-10-27,2,2,2b902bb6-e3e5-47b8-a27e-28e3ccb8b755|5356e1c4-7c84-4e18-aa4a-dbee41cc2bb9,series_e|secondary_market
354ea739-d761-4243-a18c-4e749815e66a,4586404c-040b-4cb9-b640-694aea2c5641,2024-04-18,2,2,8483eb6b-5c40-4672-acd2-faf14feaffa4|2682961c-4110-418e-9415-93b9ecf059af,series_c|secondary_market
1090e5b7-9cdf-2e07-8e84-90864c3ae8e4,50b58209-5d86-4e4f-a27c-40ce1b6f670b,2022-10-19,2,2,b03f4e13-b9bc-405d-8808-5527ba4583d8|db637670-9352-4542-9735-ff2dbf6e2ffe,series_b|series_a
68b8b616-5e4c-0b9e-7e38-55f1cfc4170c,530961a7-4da9-46fa-88cb-306ddd09245d,2022-01-13,2,2,4e8d20e2-3d47-46fe-915a-b9b070bee1b1|1ac114d1-1b48-4c38-bb26-8c7c739f0a47,seed|debt_financing
ae6eb8da-ebb3-42be-9ee6-644a57af8755,063c30bb-cf7e-45bc-a95d-a38ceb6f6b2c,2020-05-19,2,2,a18673e5-9434-40aa-a55b-3f7206e6e202|9c0f8c27-edb0-44b8-b66c-5e769c3a6735,grant|series_unknown
bcc5adaa-4cd6-bb68-8b91-838f2eee1aa4,9bf1064a-0da5-4e8b-8782-f96647541687,2018-05-29,2,2,1a61f90b-f0e1-44d4-906b-37918f51ead0|4cc1d398-d2d4-4fc9-9584-6a269b66a940,private_equity|debt_financing
0c0cb3fb-2819-427b-9a0a-5b19618e620e,fb97d622-db77-42af-a00e-2085407dab96,2025-10-23,2,2,9c5029b7-f15d-44b7-a5dd-b118d3dc2914|be748608-b03b-4764-b009-19d2c2bd695b,post_ipo_secondary|post_ipo_equity
4cb367dd-07a1-4d8d-8008-9b76f04b64c5,30352518-c602-47cc-828a-a395fafdee3b,2022-09-04,2,2,72f5a225-aa6c-4c63-adc6-90564a4d6811|951fd961-3be3-49b3-8206-df393ba385e1,pre_seed|debt_financing
ae6eb8da-ebb3-42be-9ee6-644a57af8755,c250cd7e-1041-48e8-8012-7596436142ca,2025-07-01,2,2,f59b6e51-dda5-4c29-acef-50854bab9aeb|23aea3b1-dacd-4f5c-bc68-98fa9816c6c6,seed|grant
4155864e-cd06-01d1-7778-5bf77c502d16,d64d665b-b13b-b856-f334-d84f204100d4,2007-08-01,2,2,f444e6ea-6a7b-49d0-a612-cc95042d1fce|ec8706da-625e-4142-a67f-74d9e1de32f3,series_unknown|debt_financing
9aa041b9-d9f2-39e7-f056-a0f4d6294220,beeb5c46-86b8-4653-a4ab-cba947bdcc4a,2018-01-26,2,2,0709be5b-7378-4c21-8519-307583429032|7ea35e91-d6a4-4da6-b848-0b9ff3a44f40,convertible_note|debt_financing
ae6eb8da-ebb3-42be-9ee6-644a57af8755,ebb553fb-23c1-4d26-95a9-8e14a3c4e3d8,2022-03-23,2,2,d261b6ad-4f0e-47a1-b893-d0b12c063000|1e3f4ebf-04e6-4e83-8cba-e11ad1727169,series_unknown|grant
75bd8c65-b624-9689-b92d-da8a667632e8,64197b0c-5741-ba79-bb33-869cd42d3fba,2016-11-17,2,2,aa841a54-aa44-4dc8-8526-f88b8c62452f|ae1697d4-c3e9-4321-967b-4aa8c039bc11,debt_financing|series_unknown
85ab95bb-c120-1efd-959b-6ef48c2a8994,856ad2fa-5aa4-7baa-5bbc-d5a1156d769c,2016-09-19,2,2,2b1fa019-2c2e-8b36-95f1-466bf2696c0b|06afb736-d835-4d17-3058-ac1b503c1ea3,debt_financing|seed
efe2a361-0f8f-5b9f-b221-d171d880f857,93821b64-477f-40e7-a04d-ac5afee98ad8,2022-10-04,2,2,20e871ce-e8ac-4f89-a347-2080867ae6fa|b77fe290-397d-4269-9e0e-f14d434308e9,series_a|debt_financing
42198573-aa87-a4fd-93f7-6072cbf4dc4b,1663e62f-2574-4c21-82d3-be708c345160,2022-01-18,2,2,6a1cf266-1e8e-4b81-bb0d-b869f42ef9c3|fdac6a6f-c245-4338-b7bf-d711e486166b,series_a|debt_financing
b0da80a8-e830-2dfb-e87d-9ccb1c09e729,1669c1e8-b831-4c3b-a493-e2ccf76056b8,2021-04-07,2,2,f1cd91a2-e91d-442a-ad19-11704142cc3a|e3ef7e2c-0065-49ea-b9a0-521680637e16,series_a|seed
0812e67e-d94d-27e0-8112-8f63c7337271,84065235-3d24-4e2d-b341-4e4e82dbc1a8,2022-05-02,2,2,216de975-1c63-459f-9629-0ca5bb2df463|deca8822-a19c-48b5-8953-0cd039ed9751,convertible_note|seed
ae6eb8da-ebb3-42be-9ee6-644a57af8755,05f75642-2478-47b1-a16e-ed665b8b6af8,2021-10-06,2,2,5027a277-f812-4ee7-b17d-5688a6e822e8|3a1e4b49-cde3-4fa8-8cb6-c5344a03a40f,grant|series_unknown
ecad6842-6626-ea4c-83d9-5309a2ab68a4,856ad2fa-5aa4-7baa-5bbc-d5a1156d769c,2016-09-19,2,2,2b1fa019-2c2e-8b36-95f1-466bf2696c0b|06afb736-d835-4d17-3058-ac1b503c1ea3,debt_financing|seed
809d0f70-9c3a-48ba-9c04-fc6e75edc6e5,e1814985-4f47-46f3-a9cb-bea94b37a55f,2025-02-19,2,2,36fdae84-717d-4992-9508-d65a5bb02f38|9287527c-a5ca-4e60-b2e1-f4035b168a36,seed|grant
799f911b-a07b-891a-5be2-5b4d74c11e65,6c037c33-91c9-4b0b-acf1-9ec0931884fd,2021-05-20,2,2,ba5b4d5f-daef-4af7-9bd9-93fb859e7c2b|95f4dbbe-af40-43cf-9ea0-3764afa56046,series_unknown|debt_financing
34a9bb66-0984-8de0-e7fb-13e976b4a135,fad8e57f-5300-4e5d-9cbd-ecca4dff29b1,2025-10-16,2,2,a6f2fb96-4585-4a2a-b747-7b7b6d7c2eeb|0a4bec93-387c-4bb7-86cb-4ae0d05a498b,series_h|secondary_market
02ac6de6-4c31-3265-eb61-4d210ce0bd1c,a55ddbef-3cbf-e15a-9e11-1bed9e85a9d3,2023-10-31,2,2,fcb21945-56ee-491d-8550-92803fda1090|f0659578-8cf2-40d5-950c-159b49543fa2,debt_financing|series_c
395ba048-d190-aef9-0e6e-d5cde2b8ed51,51b6c93f-41f2-a21a-43bc-f6c41cd17fa4,2026-01-22,2,2,0e2c89ee-5a3c-48fe-90db-b469f2377ff6|9e350938-0250-499d-8ee7-8e36a38da491,secondary_market|series_d
7475db43-36a9-414d-f7a9-b92b78bae47b,eb13d9f5-704c-4c1b-b3fb-35be761b7aad,2026-05-04,2,2,5ae5d6ef-f85d-478f-9325-4452a9fd326b|30e6c962-e125-480d-ad23-1b5cdb1ea767,series_b|secondary_market
809d0f70-9c3a-48ba-9c04-fc6e75edc6e5,db8399b9-686f-4391-8e7f-8071d5246625,2025-02-17,2,2,cf26d0cc-804d-422e-87a0-0f76cecbac25|7277bd0f-a1d0-42d4-9be5-e11281650017,seed|grant
ae6eb8da-ebb3-42be-9ee6-644a57af8755,96eaf959-bb67-40cc-afdc-0156b676c744,2022-06-15,2,2,852134e5-364c-42f7-9bbe-faf802012ecb|773d411e-2329-4d71-913d-d30b967a49e5,grant|seed
39041e62-6b24-ae8d-1347-4cea947e832c,7c63b3e4-ed86-455d-bfec-c02fd5049b1a,2021-11-29,2,2,e0c921d0-4254-4146-8618-cc638a8d612c|15f3d9f0-433d-4620-bc5e-12a1a1bde948,seed|convertible_note
809d0f70-9c3a-48ba-9c04-fc6e75edc6e5,3db58b44-fb69-40a7-9654-e8cd1ecce7d9,2025-02-17,2,2,672bf7df-9a6c-4909-ba64-3fd15c6ef43f|824b563c-7fdc-49a6-8d82-f7516fb8f5e8,series_unknown|grant
ae6eb8da-ebb3-42be-9ee6-644a57af8755,fa0fdd59-dfc0-4caf-885a-34e4e6c3320f,2021-10-14,2,2,4858376b-5d82-41d7-97cf-27c2f1f374ae|11950148-8749-46d5-8738-e8cd5d37dfed,grant|series_a
edb9e66b-26b2-d71f-d82b-9effa3c19af6,7fc5540a-5659-414a-827e-99e95af213b9,2024-06-18,2,2,f0d160bc-13c0-409d-b32e-545b2436618d|8ddac381-e636-4149-8c7c-0ff3b9701a06,grant|series_unknown
b79987bb-c223-5488-fe95-e00318ebb012,89f58377-4779-c66f-4412-1902090e414d,2022-09-22,2,2,fc1964e0-4513-4139-b130-f816b66f7c1f|67854827-5595-497d-91c0-295a40bcba61,debt_financing|corporate_round
a705497c-f54b-ec5d-9d6a-1951de507031,a4c0862b-35f7-29a2-a082-576a60054d95,2010-09-07,2,2,d49a76d1-2025-0a46-45d4-1e5dcac5c26a|a56323d4-dd67-47b5-ad90-a4745e1c4cb6,debt_financing|series_unknown
c3609d80-fb88-4d80-bf52-79d9d3cacf96,e635038a-df67-4962-94fd-1166ab40a54f,2026-01-22,2,2,96077c80-ec7c-442b-bc11-fa1770f9823d|68e554b7-22c9-4ffd-a343-bb9e1abc8d53,grant|debt_financing
5b992092-2bb0-4073-abbd-d13d5f5e5030,b69afaf6-518e-4d18-ba91-dafbce6efaaf,2022-08-12,2,2,ad08624a-6d24-4ee8-a67f-0bc9747b0c89|6ce937ba-74af-4ae3-9972-5034f17b65c6,seed|series_a
123976a5-0513-37f7-55e3-5dbe229b9ecb,eba67aa3-8e1e-4068-9d5d-fc03923b8ac4,2020-03-10,2,2,9ff5e121-ecd0-43eb-b07a-e6aa3ca727b7|621063d3-fe48-4a48-b820-5028c7f241bc,seed
da18861b-a88d-41f0-9790-e2e3f4e5eca7,e8d42896-d8b0-4991-b515-c34364db6fcb,2024-02-17,2,2,9f54ccf4-6b95-4da0-a741-4cd99db99ba9|22e7bf01-28bd-4d68-aff7-b7f5afc9ae51,debt_financing|seed
9a447f07-9803-4e2b-969d-95f029bcb6e1,a665d023-6628-537e-09c7-6790f79a9244,2021-01-18,2,2,06296cfd-ac1f-4ac7-8992-db023d2bc947|d3d45b8e-9ffa-4bd3-af16-1507429a5cde,series_unknown|debt_financing
ae6eb8da-ebb3-42be-9ee6-644a57af8755,1e6cf81a-a2ae-c5dd-83b9-b4b7ddb8b497,2021-06-29,2,2,3271cd0a-0478-4a14-a9a4-a7991d26010f|95c439ec-66b7-4bec-a19e-a4a855a8997c,series_c|grant
cc51568f-d28f-b908-6f34-bd7e05086672,b5b5664a-6832-4333-a017-2786cc2cc651,2022-06-13,2,2,abd18b12-e96c-422c-b3dd-a511456a08c5|4a61876e-774e-4a44-a387-816984757d19,debt_financing|corporate_round
dd9a5f15-c8d9-46ac-bcbc-e6233c860419,28f68783-a327-197a-3aca-6cbc1e6ae693,2021-06-25,2,2,85117ddb-81fb-4cf3-b39d-6748764bbb9d|4ccccaec-f792-45a5-9cb8-5feedb87ee93,secondary_market|private_equity
3bfb69a8-61b6-ec30-1512-73bd1ca35bc5,66723557-1f68-4ab6-ac0a-d321496a9192,2018-03-01,2,2,a7050ebb-25d5-49e0-b72c-37f1542b83ab|ecca13fe-ebdd-40e6-951e-75164efa8a25,pre_seed|convertible_note
bc4f9c1b-eb9b-f60b-edd3-44d1a141a403,961d3f5b-e322-2060-ee17-e9349f8ebf40,2023-04-24,2,2,a64550d7-0b03-46a4-bcf6-8909079c8593|518c73bf-36de-44e3-b3cd-d2bbb26418bd,series_c|debt_financing
621c8d85-135d-076a-812c-9f35b59b50ce,a7e4d0be-040f-c404-9e63-1f48c543c497,2021-04-06,2,2,f5d5c786-efae-4ad8-a630-f28360ba6269|cf91ab52-3849-4fd8-97c6-3ae57002985f,series_unknown|debt_financing
ddb96339-2d9e-442f-a8c6-30a5313390c9,5cdc52c3-9f6f-45b3-9036-0aabbb1de332,2022-03-14,2,2,29a61949-95a4-4d45-a822-9501d0d76ebc|2b3e0bf5-5661-4923-9011-9f35a2fb837b,series_a|debt_financing
39041e62-6b24-ae8d-1347-4cea947e832c,667771be-cc0c-4321-b517-a8b7c5ea1147,2021-02-16,2,2,9761c4ab-3071-488f-b2f0-a473547fbb03|b5e96f1b-3e35-43ac-99d8-3b7c5b6b12e8,seed|convertible_note
b9156425-676a-4ecd-a4bf-f49272252412,9332ef15-5d14-4165-8016-006e65b3d11e,2023-03-07,2,2,90d04df6-f0af-4f6a-92c8-7e4fce1f978c|31f3a9de-5783-4781-be40-079cd04a1b97,debt_financing|series_b
ae6eb8da-ebb3-42be-9ee6-644a57af8755,9420267a-50cd-4c09-999b-850c890170bb,2021-10-06,2,2,d3c9d997-2ea0-464b-8ef0-c838b8842bbf|444716c8-47a6-4938-9eec-cb9defcbf57e,grant|series_unknown
474d8f04-9487-4651-9bb4-19adfb4c255a,8ae4c735-9dad-49a1-8641-348221e6552a,2024-11-05,2,2,18b6c361-171b-4751-8179-d16cccae86fc|bd985f83-b234-4e59-9ba7-bb0b365a59b1,debt_financing|seed
ae6eb8da-ebb3-42be-9ee6-644a57af8755,07530b43-26f2-4f9b-96f6-dfdf77379b56,2020-10-07,2,2,dc3adf96-2bfe-4cb6-aff7-8c881e3e87bb|92a6a9d9-4400-4432-ab6c-bdab6852d568,grant|series_unknown
7efe1faa-04dd-3774-e084-88727a931ae0,7b5abe7a-b764-482d-9730-eee8830ad1c9,2021-09-08,2,2,385148ae-08da-4533-b033-888ee42beb51|e1473c7c-e07a-4d8f-a5d1-bbfb8fcd2e1e,convertible_note|secondary_market
998c1635-e61a-487d-8637-3e1945b587f9,694d8765-dbcc-4b95-8b99-3f894785854c,2020-10-29,2,2,13e62c26-8ecb-4f1b-88af-70bf1f5612ce|8ac4e4b4-42ea-4cf7-b4a4-c55d808b4291,debt_financing|series_unknown
eb317705-62b1-49b8-8a65-e940c7464a89,15d724c1-856e-4ccc-b994-d16704e3400a,2026-01-08,2,2,98d092aa-3055-4caa-8f28-2b717978cf61|459bdb3f-d0c9-4d72-a42d-de94b2d2b8b3,series_b
dee278b0-4397-2f21-818f-4820f5c2703d,1cf54180-1c37-4920-a7ee-6a8a444910e3,2015-07-29,2,2,d84fe36d-b2c0-44c1-9f44-dfce0611b830|86ec82a3-3def-419e-918e-8d6884fef418,series_b|series_a
f7dc84ae-eaa5-4951-9d8c-ba392741bcdc,43772176-b34f-4c24-9e61-9d53c179c07e,2022-06-30,2,2,bdb15eb9-0666-409d-80a2-5d738fc1b89e|9f3605d0-da17-4674-b370-a7872a464a67,convertible_note|seed
e05b5915-3646-13cf-12c5-f84c01358990,b368bac4-34ef-4c69-a69d-9aaa60137e60,2024-11-19,2,2,bbb9529f-211d-499f-b634-aab0ebab8ce1|b6a9a486-97ce-47bf-8ee0-bb135bbd39fc,private_equity|debt_financing
30b3efdf-6024-804d-ea55-c4d1a8dfc86c,337c2964-d736-4a48-8216-c4bd7d1fd76d,2026-01-20,2,2,31d9bf5c-27d7-431c-9d1b-b8de95a745b4|143b76e4-99e2-4e85-b50f-b6ca7593404c,undisclosed|debt_financing
ae6eb8da-ebb3-42be-9ee6-644a57af8755,0940a49a-4fc7-40c8-a0aa-cd4e74c8d2c6,2020-07-29,2,2,a96bdec8-7b99-4725-bc38-f3d4b3985933|c69ed01f-df56-41f0-8260-a8d18db34e36,grant|series_unknown
10e4a6a5-2521-33d3-5521-08c70a03739d,9aaae923-1930-e309-239e-a91f0114fa74,2016-07-04,2,2,9d4e72d3-a346-4bc9-bb56-2e147ffd5f82|0f148025-80b2-4b93-a86a-5cac284194ac,debt_financing|series_a
ea3e643f-a0c0-d2ce-166f-78a6cd88b94d,ed81a1ee-8849-44d8-9e96-254ae4c49163,2025-04-30,2,2,f6803c38-edd3-468b-ae89-368e727451a5|ebb290ed-92cd-4daf-8913-184983c62552,debt_financing|grant
45247ba1-3514-3b1e-c688-810ad55796db,ef8b40b4-8df1-4680-b67b-70d4cec6b3c3,2023-03-14,2,2,79842e02-539a-4e0f-a8c5-070ed0f57564|1e8e5d57-c726-48ff-8558-bccf858b4db9,debt_financing|angel
9a447f07-9803-4e2b-969d-95f029bcb6e1,1f20287d-2401-4917-8949-db28c07e2c9e,2025-10-17,2,2,c0b33926-5c97-4091-9728-e6bc03dfcb08|bd1706a4-48c3-48cb-bdfe-173fb7fda7d0,series_b|secondary_market
982ecea8-dc5f-4dd7-b588-ad609b2163ea,fc0a0d82-cbc9-494b-bb06-42958aca2fc7,2025-06-27,2,2,f53698f0-e1d0-49c9-b2f5-ac1e950fed6a|bacccf05-d37d-4bed-a065-de36e1b9c37a,secondary_market|corporate_round
d420cb3c-c5c2-df2a-63db-4850847570c8,1ef88f8f-17d5-48b6-afb7-f6fb93a64a53,2023-02-16,2,2,4c3d99c5-b3d1-4178-a17c-e1cc0b072412|be4adbe3-9ce2-4f84-b291-c10fb9f00809,seed|debt_financing
3bffd128-d9cb-5806-9da8-0deb0f7d7900,37783db4-09d5-6681-24cf-ef99acce2279,2019-02-08,2,2,f828a9f8-8ab2-42f9-97a8-4cd0176372b8|aca8e8e8-1601-433f-ad89-9fef7e893fdd,series_f|debt_financing
809d0f70-9c3a-48ba-9c04-fc6e75edc6e5,9d36f303-8800-4551-a677-783162acbe0c,2024-07-15,2,2,48c5d87e-e3e1-48d2-9802-431d8daaa55c|6ef88a96-548e-4ced-8fbc-efa63c39bc1e,grant|seed
f2b3e0cb-8bd4-39a9-6b8c-cef9243d4c6b,4af926d0-b308-4ee0-91b0-dc8ceefee982,2024-01-18,2,2,90ee703e-78b9-4b16-be76-0d68e7ec278a|bd7eba9d-abf3-4904-8ae3-6bdbf716a299,debt_financing|series_a
05f24932-66b9-447a-8947-cedf4f2d7c2c,9fd7b0df-6b71-2dca-3fba-2645b77056d3,2021-09-27,2,2,323fcb5f-0d01-4c43-b1c4-9efab9df020e|21d3ce63-02e7-4206-bdd4-369af5011304,series_b|convertible_note
03100a6b-7933-4f5f-aa50-3f13c744e56d,d361fd73-ab8e-227d-13d5-26864ea4b988,2020-06-30,2,2,15febbca-493f-4ebc-8497-9dafc5f3d0fd|20e8d245-8e0b-4ed4-a7fb-95268d193655,debt_financing|series_unknown
f7fb2f9a-7136-42f1-98f5-2899693bbbf1,0dd47933-9ca7-4dd3-b540-e4d7d2dee00f,2024-02-29,2,2,88384445-25b7-4145-88b7-94b7d91a3eb4|805df05c-c94c-4cca-980c-e2b3b87803c8,debt_financing|grant
43af1819-8a09-4ebb-a21a-dd51c5536253,cd442233-f9db-439c-bdb8-30ab6ff8ad2f,2024-11-12,2,2,dc0a044b-51fd-4be2-b6fd-0140f188f497|8b973699-733c-4b27-9c5e-0ff06eee3ba6,series_unknown|debt_financing
f3124ba3-f45f-4130-8bbd-a6cbd85185d7,de21be40-5539-43df-8a7e-cc020680984a,2025-06-18,2,2,ae7d5348-8c57-4466-bd01-2b79a5ac746d|e5dc462b-791c-44b5-9e90-1d213cd0fe1d,debt_financing|undisclosed
809d0f70-9c3a-48ba-9c04-fc6e75edc6e5,33c1d2af-388c-4c70-94ad-683c7f54ce19,2025-02-17,2,2,c99d5058-0e8d-41dc-be3f-32c00b4d1b89|d1f64a7b-b6b0-4c96-9f5b-aa59358527d9,grant|seed
ae6eb8da-ebb3-42be-9ee6-644a57af8755,cfbb60a3-2522-4523-8d3e-c02a9bf3dcb3,2021-06-16,2,2,1eeeb47d-ef7d-4eff-a95c-004ee766d19b|aa4d120e-5161-49d5-ac07-6145b44fbe02,grant|seed
a0f73967-25fd-eda4-dc76-1e5b293c3a61,dff5cc2e-d459-adce-148b-a6df5f0ac411,2023-05-24,2,2,856bc30e-6e75-46f8-b447-38635e767540|7f378bb3-d5e6-45b9-b7f9-9124a9b20ee5,series_e|secondary_market
edb9e66b-26b2-d71f-d82b-9effa3c19af6,741db4de-a8f7-46a5-a4a8-33144dfaa8b6,2024-06-18,2,2,e7c1692c-048a-486d-aa7b-c8f54a0f54c2|7cb0849b-db8d-4686-b27b-015f1b3f6ac2,pre_seed|grant
1b65c6b5-9855-32ff-d12b-2bffcf38f979,6704e3ca-2028-4d85-8390-08b2268357a2,2024-04-25,2,2,b40790ad-cc7a-4639-8f0d-43288f6db1b4|0b6e8a76-c229-4d12-9e77-9e7981cf7de7,debt_financing|private_equity
a14dd050-0ac5-2256-28b9-af37f6a0536f,388110b2-d1c4-7894-3c83-07d6e2d5b504,2022-11-17,2,2,52329cb0-1690-438d-b0d8-900849af75a1|41e05c13-aee8-407c-9cfc-001b0803c84b,corporate_round|debt_financing
b0b062ad-0c52-bf61-d7a9-c62848d5b5d9,e4564255-dc74-49fb-b40b-a01dc0bdcb3d,2022-03-31,2,2,061b0623-89f4-4303-84ec-207f14261cc5|7d004d9c-bc27-4529-a95e-ec97a324a6b7,post_ipo_equity|post_ipo_debt
36409f11-4a22-2564-2708-5834206cf98c,584871a6-7311-4d96-8aaf-2e709a88ab09,2026-01-27,2,2,8dc8042d-dcff-4b4c-83b7-be8c0609f84d|082ac270-a75b-47f4-acfd-c5bf205d7b19,series_a|seed
ae6eb8da-ebb3-42be-9ee6-644a57af8755,38cabe62-c773-460d-b531-372c4840b8ec,2021-10-28,2,2,e508c653-6e20-41d1-8189-61d14d1b8407|184a05a5-0bbc-47fb-8500-7acf9985b44d,grant|series_unknown
759533e8-e55b-7e2a-56d9-860e71b2d703,235cdf32-5fcd-7afa-7334-8f5a7ae7eeb0,2012-05-09,2,2,bffa6e80-d267-48a9-9162-d7b94906728a|78973e6d-2524-f491-c947-31a0dd0b9e66,debt_financing|series_unknown
8f442cfa-7704-3e3d-cd78-0c4ad171f5e6,4c8af45a-403b-409e-ab4a-9bfc301edb86,2023-10-05,2,2,1e3a2a91-7ac3-430c-83f5-4cbca055b182|b7ca41fb-37b2-4d5d-a3bc-6936b2620893,series_c|debt_financing
36409f11-4a22-2564-2708-5834206cf98c,24039c5a-16b3-4cec-bf68-b416aa51630f,2025-11-10,2,2,6c030faf-5652-45da-91d3-0c067688601b|b6862be0-7c5a-4b31-adb2-0cbc9478fb3e,series_b|secondary_market
d0d0ab0a-b817-fe8e-2c2d-7317e1f70bb1,89db0aac-a423-46c0-8fbb-dfbe8907b772,2023-07-19,2,2,ce65160b-f4f5-48f1-a6b6-9a1258f4d876|83cd4de5-c974-4720-a323-c9d0ef2746d5,series_unknown|debt_financing
6d0363b8-edcf-07d2-dc50-cc15adda3ede,5b82449e-ff1b-e1fd-da74-2730fc99292b,2025-10-30,2,2,8dd10c26-94c3-4596-ac71-eb1e73958f2c|6ab2e073-84fd-4b2a-936a-938ae1e37fb7,secondary_market|series_unknown
016bc7a7-93eb-9f60-a6df-905b0bd2e18f,ad08fa35-a5d3-462e-959a-55f7b5a2e57b,2023-04-06,2,2,822e1229-06b9-4ba5-b4c1-f73febd3fa1d|5ed42804-e1a3-49dd-b4b4-996c5c215b63,debt_financing|series_d
00e49595-f240-41b3-8f4b-a556550254d8,1454bcda-bed1-156b-1c39-996990e519f8,2022-12-28,2,2,7870f5dd-6f06-48df-bb7e-05639ee51d0b|259e16e2-c76b-44b2-943d-d77ccf0f5de3,series_a|debt_financing
9aa041b9-d9f2-39e7-f056-a0f4d6294220,d63c426c-1ca1-4997-8d2b-73f8066168ee,2015-04-20,2,2,7f5b268b-40fe-496e-a22c-e5830e143af0|98658ff0-e2a6-4486-bde9-dfe1dda217cc,series_unknown|debt_financing
c4bdc9f3-5a75-3393-8d54-fec662761ec8,5bb605f2-b5ee-41dc-98f4-aba67173cd51,2025-06-18,2,2,5e5960df-4685-49fc-abbc-0f0b97110006|796900c5-0b52-4d81-a26f-df9969a6992e,series_b|debt_financing
31569fb8-fea5-976d-f046-97600475d130,5c6fd2e8-95ad-da2c-19d1-9881f4fe4bd8,2013-07-09,2,2,d166f641-d56f-d46d-daa2-61a0f7e0e0b1|f03539a5-11ef-0978-55b0-8730ab310457,private_equity|debt_financing
aa978289-a0e0-8e2d-9db1-537203f28e62,7cbdd6a0-a379-41e6-8a06-2dc91c59c1f3,2022-11-15,2,2,2740f82b-1067-4a2f-b397-b1acc4f2d708|0888c3d7-3574-4f1a-a631-f872581c61f1,seed|series_a
3d05140e-9b71-4268-a3a9-ab84f2cd1bd4,faa04487-c9b6-5db6-c856-6a7a3f8d7582,2026-01-22,2,2,24bb59cb-5ffb-4e1f-93c7-b5bb48da392c|ece6565d-b23d-415d-a42f-0d7f15d92140,series_d|secondary_market
c3609d80-fb88-4d80-bf52-79d9d3cacf96,e635038a-df67-4962-94fd-1166ab40a54f,2026-04-16,2,2,e3cae6de-2228-41d3-b281-2573ec0d3e54|9aa8d81f-1704-4dfd-9f3c-2d89e862600d,grant|debt_financing
3197a4e9-38e5-47de-bba4-7b3499b71b5d,f505e767-2f4e-4eca-aad8-50828d08f61d,2024-10-08,2,2,6a5ee8a9-8cf9-4a96-91de-e9ac9fc61f8c|74d35d79-abf1-4c9e-a30d-a5fba208f975,series_d|series_unknown
5affee57-2a04-2493-d4f6-0217375f7b5e,fad8e57f-5300-4e5d-9cbd-ecca4dff29b1,2025-10-16,2,2,a6f2fb96-4585-4a2a-b747-7b7b6d7c2eeb|0a4bec93-387c-4bb7-86cb-4ae0d05a498b,series_h|secondary_market
1cbc516e-b913-4af4-a475-94b70b18ef38,d53ad9c6-78c1-4198-81de-b989f00ce4c5,2020-03-26,2,2,97876afd-b748-4df6-9e0f-89c3a7d043cc|80726fad-9979-4bdd-9fe3-c192ccbd2c7c,corporate_round|convertible_note
ae6eb8da-ebb3-42be-9ee6-644a57af8755,164c5bf4-1f17-4606-b78b-d371ef673481,2020-08-06,2,2,a2286607-8740-4b92-ba7d-5a9196930382|508167f4-6ff6-4f3d-a929-67750ec51a73,grant|series_unknown
6c97e88a-4e7f-6433-d3ed-73e7bd62b473,5bb0a90b-ce82-4f47-9740-b4753ae1fba8,2022-11-17,2,2,bf004bda-ff4b-48fa-a1b0-416d4570e65f|b76766f8-8920-4652-8eff-ac68889e1c5d,debt_financing|series_b
c3c666a6-d073-1ad8-8e8b-5c146e625aff,d48b608d-1445-4503-a626-d3ccce5bb5e3,2025-10-23,2,2,bd9345f1-6eee-4689-b8b3-dc5a48cee62e|e0cc643e-944d-4da0-8a97-8ef65f69ceb9,series_c|secondary_market
809d0f70-9c3a-48ba-9c04-fc6e75edc6e5,313cd2dd-d04c-4345-81f5-067912727c9a,2024-07-15,2,2,c3965fdc-2e2f-4b3c-a507-417100be9e87|ac6d6848-88df-4c43-830e-9473675734ad,seed|grant
9b5a3a46-0059-4550-8013-711371f33bfc,aecf9daf-7a24-9fd4-7599-df4a41dd4a65,2015-10-02,2,2,e3fefffa-4ded-43b5-88d8-3f00e8cea643|7f4129ef-64a2-4d7b-a731-883ac9d71080,seed|debt_financing
4eee5e60-3b06-6fe8-cc2c-29119a96051d,3e3e8816-c3b9-43a7-9ed7-2d3eb35fa254,2021-06-29,2,2,e6c3d45a-0883-400f-aba1-dc9ccef6b770|72bc03ee-4929-4298-a964-1a3490b66730,series_c|debt_financing
785e9f8b-41d4-42e0-9803-8fe8b1f332f1,832b3fbf-eb42-4d72-a111-816ec39ced13,2016-06-06,2,2,d0933864-0f14-4de4-9713-fdf7be04d88f|35c9703b-2c99-4289-abb2-612f1db97abc,debt_financing|undisclosed
d420cb3c-c5c2-df2a-63db-4850847570c8,9ebecfc1-dc63-4cac-8094-4fe063646a6e,2023-03-14,2,2,e9aa0933-740a-4bb6-9542-5fd0808b6aaf|db9379ae-dc57-430e-b176-388d42e34017,series_b|grant
861a644a-2310-872c-cbe6-b283db2615eb,1440c9d6-7fad-0cb8-900e-ae2d4dd8c649,2022-09-09,2,2,7a5858ac-5e08-43cb-b492-60938c198a7f|b0bfb407-eb5f-4aa1-87f8-5f8b574fecc4,series_b|debt_financing
7468e6d9-c035-05d9-0133-f238f5308246,ac6e328c-51e9-fd3f-4f89-b7d8e59e4a6a,2024-12-12,2,2,266ce290-b972-431a-a910-ec4725e6daaf|c4f273c7-3c5a-41ae-b523-8272c14d78b7,series_g|secondary_market
c4f1ec13-5311-4bf4-b2d3-c61e8c844b25,4ddf1ede-7730-4904-8b84-b7563b79bf3f,2021-02-05,2,2,da3ca599-7c5e-469c-80c6-87f0fd02a055|f392b2ff-9754-4ecd-a866-f0c3e36c0194,series_a|series_b
2a847ebd-bca0-4fb7-b500-245cd2f9123e,710dd351-c14a-4322-a6d4-cfb72b0811d2,2022-08-18,2,2,96b4f118-5a47-4e23-846a-9553fa41dd8b|f5923d1d-4a32-4b98-9d35-530b92aff9f8,series_b|convertible_note
c29eb660-49da-de0a-ea59-021c960f9927,f93317b8-b28a-4094-a863-80b653921527,1997-01-01,2,2,7d63c177-d22a-453f-b13e-3eeac1177abb|9278eaf2-9e73-4d1d-a5c5-89edbf4eb98a,debt_financing|private_equity
75bd8c65-b624-9689-b92d-da8a667632e8,8036bf1b-e1a4-3e15-fdc2-04805ec8acbb,2014-09-18,2,2,4feb3c2f-0270-8248-4fa9-7f8a24d3b5fa|15d9ac54-dfe3-b961-08e1-03dbb2a00a70,series_unknown|debt_financing
1ed5d5a8-f69b-aeef-2fcb-d0a88360ba73,b56ea8a6-4dc9-4fa3-88bb-f052ee547492,2021-08-05,2,2,25a6cd56-ac87-46b6-9824-4acce4105fc9|c3539749-ae95-4235-b81c-ecbfcfbe36e1,seed|debt_financing
57a65f51-8561-47fe-884c-09b5d6eb47f4,86a42cf3-1fbb-481b-904c-5ae81a6c06b5,2025-06-12,2,2,d1d55b65-da68-436d-a480-9baa1b801789|92cca48a-47b5-47be-9674-409083c7bef1,debt_financing|seed
3c9bafa8-435e-4c1d-81db-00e8dc75c505,432e6f52-132b-4edc-8d90-0908e95ff554,2025-12-09,2,2,10037deb-66a6-40fc-b8ef-7971b039dbb3|014378d1-edb0-4943-bf91-5b9b62b13853,series_a|secondary_market
51f66f74-70c0-40e9-8115-cb961733644a,6ffe932f-f0cc-483e-ba0b-e0d5d694d869,2025-07-28,2,2,ccba20eb-a3f9-4e6f-a5f5-471f3d1fe44e|f76763a9-fd2f-4984-8caa-2617ab89e770,seed|secondary_market
53377857-8995-2128-8f85-bfc8c4a2178e,34e07118-7376-498b-8b46-9011a33e5b33,2021-03-03,2,2,e1685f75-e58f-4a7e-9cad-d11c6d3e49d9|862f62e9-13a7-43ef-9e19-44a7a11cd17c,convertible_note|series_d
1b65c6b5-9855-32ff-d12b-2bffcf38f979,f9d083f1-39cb-47b7-aae4-6cf9717c7a90,2016-01-14,2,2,b2e65eba-0d68-4c07-91cf-0111f1b0e06e|ddd7d936-3eb4-4997-a568-a21fcf092ecd,debt_financing|series_unknown
e147a350-d7cb-f468-3196-2fc5bb74841e,4fad1461-8e78-4ef4-a33a-ca1729edaedb,2024-03-27,2,2,6cae859b-23d9-44be-950c-ca1ae98a70bc|1ca0e0e7-4e49-49bf-8f6f-df1e146714a1,debt_financing|series_c
122addb9-5538-4f5e-ace2-f2a8e7eef3be,3c5dd546-a7ae-40c8-8109-dfb8a6d74f66,2025-10-22,2,2,13fc4d75-34b4-453d-b658-1ef1786ced58|3d05e92d-9ebf-4c00-9fd8-70a41caa7fa5,series_unknown|secondary_market
1b65c6b5-9855-32ff-d12b-2bffcf38f979,03e379ff-6ad8-3c9f-a0c5-cac11dc347d2,2014-06-24,2,2,5a747a1b-eeb4-4da8-aad9-76efa66eefba|889875ba-09d8-4aad-b412-94c305468d10,debt_financing|series_unknown
9c7dcfac-b8eb-4232-8fe0-b617be7a8634,5852ce5f-d546-4a8a-96da-63e6e75c1cf1,2025-05-23,2,2,55dc254f-f928-42cb-bf97-f73b2b55c0de|617d4b63-a92d-4013-ab28-2936d2c46c88,private_equity|debt_financing
52652f4d-581e-4ad5-9d06-b1b250a333cd,68c4e3b7-39f1-4289-9813-d4ab12f2986f,2019-12-18,2,2,6949dc0b-7044-4fca-a220-c3c6975650d7|f28d9e32-dfa5-49ca-b521-3ee3d97d7be4,series_b|debt_financing
3afb8ef5-2b6c-7788-7b38-53ecbb89d72e,6f5592c6-0459-8edd-6959-1be6f5ac5e15,2022-01-13,2,2,d1310e54-e466-41a7-8b6b-468532fae70a|7d7c7a5a-38ee-43c7-9dda-9dce0143b27a,series_d|debt_financing
809d0f70-9c3a-48ba-9c04-fc6e75edc6e5,851ffaab-60ae-4bbe-a8d8-4c42e039e542,2024-09-24,2,2,463b2462-8113-462f-89b9-0a877342717d|324eeb39-a867-4273-8bf9-d9bab8362c57,series_unknown|grant
809d0f70-9c3a-48ba-9c04-fc6e75edc6e5,7cf4d59d-92dc-467b-b46b-9739531a2e21,2024-07-15,2,2,866d9b0d-58d3-40b4-a3d0-7a9722d4c7c1|7b39c414-a03a-49ee-96fa-be520cffd27d,grant|series_unknown
41ea4b69-ec10-c3cc-5e52-aaf4d64bb453,a4c0862b-35f7-29a2-a082-576a60054d95,2010-09-07,2,2,d49a76d1-2025-0a46-45d4-1e5dcac5c26a|a56323d4-dd67-47b5-ad90-a4745e1c4cb6,debt_financing|series_unknown
cd5ff56f-3bde-44d2-9387-f1d5baf1db9e,44454c5e-e304-05db-8bad-3c28703b32a1,2022-02-16,2,2,34c21854-b4e5-43fd-95bd-9cbd47095857|6afae18e-5789-48c4-8777-30a96e8bee9c,debt_financing|seed
34625d12-5cbc-3dbd-8e7b-e48ede95909b,ea8c95d7-d478-4dfe-bdf6-445aa23725b8,2025-01-07,2,2,3f6126a6-027a-4503-a0bb-20ac2304ed74|80111939-e79f-4fa7-8e99-c4e6515e9c00,grant|debt_financing
192d8523-8b33-4619-9c95-6042fcbbefa8,eaab6078-2fec-945a-11a6-4c327a87bd03,2020-01-22,2,2,dfc495ef-41c0-41b8-a37c-6c3eff434122|b87b5179-7c00-4e5a-ae00-cedcabb86723,series_a|convertible_note
baccd44b-ce44-4c7f-a07c-7189560a71f8,9136c99f-63f2-4d85-a51d-e7317813da0b,2026-01-26,2,2,2b372c8e-e03e-4cdd-ada9-edc8285e8097|e1dc8b5e-933b-4b3d-a667-223ff706f4ed,seed|debt_financing
147479eb-da10-4332-adc4-0282fca6efd9,712506de-90e4-4692-9be9-a0c024f49002,2026-01-01,2,2,b697a7f1-d225-4a20-9438-006bdfd8bf7c|a982543e-ec8a-4336-be1e-24dd8319e4be,series_d|secondary_market
f33ed4c1-23bc-4db6-a886-b0940749ac38,134dd8c1-511d-4511-9bbc-4b1c0acf0cf9,2026-04-09,2,2,47e3bcf9-c96b-4581-9886-5d814854dfa0|780b53a6-7b02-467d-87ee-0325eee2cc5a,debt_financing|undisclosed
2817dddf-c547-a392-2fcb-b98f2c3e0ff1,e6ecbdc8-72b5-4e98-a339-56f43e4daa62,2022-06-30,2,2,014f8219-cee0-4676-b6e4-ae5897d5c7ec|5971cf8e-9ba5-4531-88b9-85fe598b310a,series_unknown|debt_financing
60a8d903-841f-c27b-a5dd-e44ab18c0808,e5a3ba47-4229-49a7-90da-9d60f678c200,2020-05-19,2,2,cbafca4b-7521-411f-af0f-a8891b035f32|442b514a-7b91-42e8-a9c9-b41577f8f93c,seed|non_equity_assistance
043d9e52-dcc0-0dd8-6074-206e42e20e13,1d8a4883-4fb2-e061-3a4c-579307c297df,2020-09-09,2,2,5281af02-3ead-42bc-9357-204518b98b5c|83825580-de66-4e48-b40c-4955eb7eee95,seed|series_a
86742bac-1934-8ad1-2190-3a1cca668505,6e3b9d67-7b78-4818-9b06-f66d3a45294c,2022-01-25,2,2,33da5875-6fb8-4612-a38a-f1b58b097081|05acf346-df60-4df3-b780-31a8217443a5,pre_seed|seed
a4837389-2b54-1e73-5e83-d8ca7f984c2a,764fbea3-679f-2fc7-947b-81a4b1b54db6,2017-08-15,2,2,7165a0e2-00a1-43b0-a030-1d8279c23f18|9c6378fa-bfa6-48ba-93b5-4d0d3c5ea0b2,debt_financing|series_unknown
52652f4d-581e-4ad5-9d06-b1b250a333cd,73001075-b53d-49c5-9f93-4781bd92de95,2024-09-24,2,2,946705a4-0960-4221-a245-96b8693eac94|9180e1da-4f14-4c9e-a6d5-3fcc3f215b4a,debt_financing|series_unknown
63eb8719-2957-f55c-7504-e823fcfa503b,95873a86-eeb2-5c34-b7d2-5d6556d7381b,2001-03-20,2,2,5493d592-12e5-1729-5134-41a4c5ed8383|294ee633-2927-7c17-49a4-42d326216c19,series_unknown|debt_financing
e104f62f-ce4e-c0bb-69d7-69e44448b4b5,72eec248-3152-99de-e4cd-20caf2040d01,2016-05-11,2,2,e306b320-e1e4-a177-2651-8eab72bd69c1|4d5f515e-4578-58e9-da7d-cf02c0c4021a,grant|series_c
edb9e66b-26b2-d71f-d82b-9effa3c19af6,656adba2-f010-4019-99e9-755b4e04bc93,2024-06-18,2,2,f28bd2ce-f136-4b29-82a0-9f19cd33dc32|470af227-b78f-42c2-a64b-7458971fea65,pre_seed|grant
6b165271-9ec3-4769-a5b1-e320631bed6c,54f01d6d-a92e-4ba1-9307-eb81d3765174,2025-11-28,2,2,9dbc6496-c500-41b0-b1af-1d93bd0bbc62|b19e04be-74c7-47b3-82db-90089f5a1c6e,post_ipo_debt|post_ipo_equity
a260b84a-d6c8-2df0-5e00-b92f51b94955,5616d53e-d67a-4c84-9dfd-3f700f9769f7,2025-04-02,2,2,c453e487-639a-46a5-aa6c-7ab012b1d77c|b477cfe6-f119-460a-98dd-5f209e3fc7e8,private_equity|debt_financing
c2f95b9f-3ba5-10cd-6ff0-ff7d58223c45,c402d9c4-9a0a-4ff8-a2a5-aa33c8a51e67,2024-11-20,2,2,68ae2173-5935-4373-ad2b-212968a794e7|175f09b6-70e1-4b31-ae65-d68fd80e9f34,secondary_market|private_equity
c0192b74-35a0-f688-a494-0426eac5b07d,a557cbd8-fdb9-4fca-9df3-c4a6c7e72aad,2022-10-06,2,2,b8ae986a-7c2a-4a9d-bf0b-551f41611c8a|46800722-8de8-4924-bd39-4d7bedb81b11,seed|series_a
809d0f70-9c3a-48ba-9c04-fc6e75edc6e5,013b1f0b-d9f1-4bd6-a734-12d2dc49dd9b,2024-07-15,2,2,cbb7b224-f60c-4242-a549-17bb778c2187|4edc7d8a-78bb-4d9d-bea5-f27236ad12f0,grant|series_unknown
ae6eb8da-ebb3-42be-9ee6-644a57af8755,28a12abf-0e2e-4863-8b2a-ec74e8d58ee0,2019-10-09,2,2,3d92ea75-fa8a-4c47-b256-dfcc23f1455e|293ca7e5-795a-429d-a812-24460450ceb8,grant|series_unknown
8cbccdaf-ed86-a12f-a2e9-82ac639cee00,388e396e-5d3c-4824-ae7e-f3c0ab0d6baa,2024-05-30,2,2,2f88a233-26f2-4ea0-a4d5-9fa69a62d2d3|e3683030-654f-41ef-96df-1956e4cdabb2,seed|debt_financing
45247ba1-3514-3b1e-c688-810ad55796db,286ed58a-0194-4ffb-b829-2fc6b6c2f851,2025-01-17,2,2,33c9bd7a-b464-46a4-b211-289f901db13f|04521d8b-fd1b-415d-860a-1b585266a418,debt_financing|series_unknown
983675c3-2ee5-471f-6b57-c9e32a0369c1,e971cd26-1a8c-4e95-9b98-cc28f54a5d0e,2021-11-29,2,2,46081036-5ec9-4db4-b486-636a42105cb7|9551397f-17f1-460d-9aca-26644420e71a,seed|convertible_note
4fae4543-f47c-f737-3ff4-c6f0e6fb2022,235cdf32-5fcd-7afa-7334-8f5a7ae7eeb0,2012-05-09,2,2,bffa6e80-d267-48a9-9162-d7b94906728a|78973e6d-2524-f491-c947-31a0dd0b9e66,debt_financing|series_unknown
377a6180-d23c-468d-9f81-90ff9b76af5a,7960a3a4-13a1-4eee-92c1-dec1704d0ce8,2021-01-07,2,2,f1924f47-9576-48fb-a66f-3eb8dd1ecb0c|5ca3602a-c750-4b04-aa80-4014c2491f3f,seed|debt_financing
f354accf-d9c0-4ce0-8910-a8a4694cd397,a0a79ba3-ee5b-4017-a64b-28a38262843a,2025-08-01,2,2,3fc93deb-cf0c-45d8-8753-ba4279fde3f5|5ce2eee0-f443-4fe3-987f-8dfee66d2527,debt_financing|undisclosed
283cf1b7-cf71-3a6c-6a59-8d16ea23e02e,a665d023-6628-537e-09c7-6790f79a9244,2021-01-18,2,2,06296cfd-ac1f-4ac7-8992-db023d2bc947|d3d45b8e-9ffa-4bd3-af16-1507429a5cde,series_unknown|debt_financing
8bde54c8-cef4-b0a9-d6e8-30a38f05af4a,e584eb1e-dd8a-e65c-222e-5ff5946da8a6,2017-03-14,2,2,69d254f0-b659-48bb-7950-210e6125e219|e439c327-b5a6-7be0-6d4c-b40a044317f4,series_a|debt_financing
809d0f70-9c3a-48ba-9c04-fc6e75edc6e5,5c77beb4-0edd-41cc-b0b4-6e16ebfcd89d,2024-07-15,2,2,73f6bf10-7a36-4edc-847f-09c4c3d2fbfb|602b2a5d-60df-4cef-b070-d85e530aa087,series_unknown|grant
8f17ffe9-105a-8249-2660-6b7c7c029e2c,59dd748f-413c-1250-ca94-37750578ec5b,2020-02-01,2,2,8140ec4b-b138-409c-9af0-5ac79bea20ef|c0589ef2-f817-45e9-9eaf-991168a97b37,debt_financing|seed
9b627ed7-ed8a-470a-bb1f-a9ee73b1ad77,d727e344-e6ee-464e-aa02-0da419579345,2023-03-09,2,2,e9969ac6-60e7-4587-bc36-84bec962e451|98f7e420-f5bb-450f-a562-d877d2ba669a,series_unknown|debt_financing
931f7202-91fd-ab26-c07d-06518289ef06,9fa9e41c-191d-88e1-ea29-3660064701ca,2021-01-07,2,2,c222084c-4801-4b78-9116-42a0e9114094|d06e8ff3-67a7-43de-b6d6-04cf70ffd32c,series_d|debt_financing
a0614eba-ca8d-464f-9034-363696b8926d,0e62dc44-c169-460c-a3e4-d3f51529d03d,2024-10-15,2,2,38232e0c-7baa-43f1-8b0a-ce643985f30b|c4dcee37-e505-4695-96e6-2ce4aff8c83b,post_ipo_equity|post_ipo_debt
cc38e680-ae70-4ab9-b11a-506147d5f6f5,a26a8731-3918-d346-fd94-a70c98b9b695,2021-07-06,2,2,949ac959-734c-4837-9946-9142b1c1b545|6e7ec220-cfb8-407e-898e-c2ef287f955d,debt_financing|series_unknown
9db0b6bb-4b28-fa20-e2df-e2af6ebd3a3d,01cc120d-c281-48c3-8d02-0e14c1aa10fe,2026-03-26,2,2,d1139ef6-50ff-4f3a-811f-9b475ae172ab|2a23f466-5154-4f14-b527-10163d83a628,series_b|secondary_market
704baa25-5337-ecb0-71f7-f28c18ad3faa,f935c7d5-9623-47d6-b6ff-ba324121f7dd,2021-02-09,2,2,183e9310-c399-41b6-9fc0-00a5600df39b|dcc4e43c-8bd9-4089-92db-23ad9b985755,convertible_note|series_a
3a1f2e3a-9a62-43f9-9261-5b58190532ce,1eb37109-3b93-01a9-177f-fee2cb1bfcdc,2017-12-28,2,2,fc34230a-d1da-1702-9979-83a75b8f1d7f|ca0a4dde-120d-4dec-9520-cf7c48ed17ae,secondary_market|private_equity
ae6eb8da-ebb3-42be-9ee6-644a57af8755,f7e6a800-fbdd-4f6b-b5e4-726848d76558,2022-06-15,2,2,9c066ea0-dfbc-471f-9d3f-eedbc00edb5c|80458c7f-7547-41c9-91dc-a454dba92a5b,grant|series_unknown
a6235172-8d8b-bb42-405e-e206835069b7,cb63d72a-d21f-499b-a23a-df96b4e6660b,2025-07-07,2,2,038dae85-2cf2-40a1-88cb-02e58e4c7782|6c02adf5-90ab-47e8-a33f-0dbc2835ce3d,series_b|secondary_market
564ec4f9-6f6b-fb2e-7f3b-0a1858b2f2d4,784c2b69-9422-a270-3550-5d8c2e7a90e4,2021-10-28,2,2,edd1d92b-c832-4f58-b971-8bf0bc53eb2f|a9ee8ee1-6dea-4271-b4ea-4f66b73772ef,secondary_market|private_equity
01b78c00-b6e2-7cbc-8286-8d14d09d441e,37783db4-09d5-6681-24cf-ef99acce2279,2019-02-08,2,2,f828a9f8-8ab2-42f9-97a8-4cd0176372b8|aca8e8e8-1601-433f-ad89-9fef7e893fdd,series_f|debt_financing
5d98f331-124f-1cc2-e3c9-001a6fe2fbf1,d87bb334-5922-4d64-99cb-f330158759ee,2022-03-22,2,2,6588a2ad-d1b2-40ba-936d-a44aca4c21bc|9aae2e09-eb2a-4d44-aabe-f47a98b1dc22,series_b|series_a
bd101ee3-d11d-4eeb-a85e-326cd5008d66,44454c5e-e304-05db-8bad-3c28703b32a1,2022-02-16,2,2,34c21854-b4e5-43fd-95bd-9cbd47095857|6afae18e-5789-48c4-8777-30a96e8bee9c,debt_financing|seed
23cdc874-bb58-4926-9ef3-f7f96e1b06eb,ba4604e1-fa69-40ee-9ce5-5cd9caf2cf3c,2024-03-13,2,2,e468f3d9-e23e-4063-b9a8-6aeaa3f3649f|075abaef-537a-4bfe-81f1-4d17c9bf963c,series_unknown|debt_financing
ddc159ad-7007-1f51-9878-92dd4f1310c8,7cb75a59-9f80-4777-b181-431145c46cbc,2022-08-09,2,2,8e621752-88b2-46ee-81ae-7580b1ff3e21|8d1d3422-8a0b-4670-8e74-8b95ae7e5675,series_unknown|secondary_market
ba754e9b-f807-2c20-2ade-0d771f7bc3b3,67f68ee2-02e3-4f15-8f60-cfe8368bb403,2024-12-12,2,2,76efe97c-3741-4664-af92-a5d4de348181|348894f2-27c3-4267-8871-69856301248d,debt_financing|grant
ae6eb8da-ebb3-42be-9ee6-644a57af8755,198e64d0-1f8c-464c-8b60-351dc873c1e1,2020-05-19,2,2,d53ba6c2-78ce-4c2b-916f-78080cb32895|9d912643-d5d4-4df3-8d5d-142e73841c0f,grant|series_unknown
e06c1e81-947b-e3aa-891d-11438095e6a1,961d3f5b-e322-2060-ee17-e9349f8ebf40,2023-04-24,2,2,a64550d7-0b03-46a4-bcf6-8909079c8593|518c73bf-36de-44e3-b3cd-d2bbb26418bd,series_c|debt_financing
edb9e66b-26b2-d71f-d82b-9effa3c19af6,a7445633-8693-4bb9-b833-03f18b7e8cf6,2024-06-18,2,2,d3bf67b1-57dd-44f1-92ee-b22d0cdeecfa|0ca6075a-878b-4cab-99ae-e396667a8ec2,grant|series_unknown
64dee987-5c19-5031-5e8b-a3bc0992a372,04ff612f-6bee-42d8-ad7b-3802d5fa9ad6,2023-09-26,2,2,5ae67bf1-23d9-4889-bb60-0964e1d5353d|83381c4e-5b2f-490a-a113-77a0589897e6,seed|series_a
a6bc2256-2e31-4260-8f32-4d1adeee723a,d361fd73-ab8e-227d-13d5-26864ea4b988,2020-06-30,2,2,15febbca-493f-4ebc-8497-9dafc5f3d0fd|20e8d245-8e0b-4ed4-a7fb-95268d193655,debt_financing|series_unknown
db7fc4cc-48d2-5a42-5c02-e5e642b7e82e,645e9a02-1a96-4c07-b942-4caf16a50ba9,2026-02-11,2,2,309a1d8c-ef6b-4ed8-a137-ded3c63e1583|a1e48eb7-cfba-4294-82c3-2ff77d48baf9,undisclosed|debt_financing
c301ed04-45c4-d20f-0f05-6ea8d1f6cd94,eab915a8-f414-64e0-5138-c5f341596a5b,2016-06-15,2,2,f1a0691a-85aa-8bb1-5e4f-da5e1042b94e|3a3f949f-78a8-735b-aef7-550b42184c9f,debt_financing|private_equity
ee65258d-f77b-4003-8103-3f4f910ba503,83fcbd14-5300-4ffb-b3a8-12699e8d384a,2023-07-07,2,2,c8a353cf-15ed-4946-886e-dd9cd414fbe3|b9359192-9eae-43ff-9476-bf8e77d719e8,seed|pre_seed
ae6eb8da-ebb3-42be-9ee6-644a57af8755,8f95dfa8-4caa-bf8b-2866-ae89ec07beac,2021-10-06,2,2,29f74386-0646-4442-91ba-3b965b73a9b4|eb7b10ce-5365-4f7e-ae78-9f4f3185a1e4,grant|series_unknown
b8cc84ee-07d2-71cf-dc80-8995baeb6b8a,d4a5ee28-10a5-496a-aeba-9931ae634d17,2015-03-01,2,2,aa2007c6-1ed5-476f-974e-4efaf66a0762|1b6bc434-7a1e-429d-ac71-2542172c3129,debt_financing|series_unknown
91a66c7a-92ca-f91a-4283-bbfd8a09c842,937dc376-a8f3-9e7c-2d64-024a1949a0f2,2022-04-13,2,2,9d788188-fd4f-4425-a697-1b0c6ee4ea15|6a7c9b3b-20c6-49e4-a0a0-0c14b4f58ec4,debt_financing|corporate_round
4ad04e56-97a8-b81a-f3a5-cb9a84919e9a,52631b44-8bc1-453a-b76c-68509d341e16,2022-03-16,2,2,afbe904d-3c01-48c4-9626-fee1bede5f9c|be324aa4-ec19-4867-9a88-815570d07d6c,pre_seed|non_equity_assistance
50344f14-a637-4cdc-8868-fd2b1a0f039f,8957c749-4d0b-4b91-ba9b-6007248e318a,2022-02-16,2,2,9286e0d9-6901-4168-9bbf-26cb148d976e|7af9f0a5-caad-478a-b3d9-ff5a25a5ef05,seed|series_a
34a9bb66-0984-8de0-e7fb-13e976b4a135,8e9c1b61-5b6a-b416-aafe-6937e75b3dc2,2022-04-26,2,2,320e3a7d-b9de-4129-ae69-f65e15216f96|dd649764-757e-47b5-9131-6134c6f1d5b2,debt_financing|series_d
b0c88c02-dbad-4172-8cab-61bb981d67d8,fbf042df-46cf-4184-baf2-fdae62b4120a,2025-11-11,2,2,8fc23281-dcd4-4083-8757-4f88401ce2bb|334d7b4a-104a-44ea-bc8b-92e5d54a39e5,seed|debt_financing
39041e62-6b24-ae8d-1347-4cea947e832c,c61a40c5-fdca-4f76-abc5-8a85006f686b,2020-06-09,2,2,21ff0a8a-8dbd-4965-9b1d-36dc9fb3a584|ba8505a5-b489-49b6-8b5b-4fd3fe3febaf,convertible_note|seed
478daf2c-25c8-abc4-151f-f4a4c9bb85f8,48f66271-2279-6d2d-210b-adb864370001,2016-09-15,2,2,fc509073-2d4b-4fe4-93a0-571bbf686a49|95dbd4f5-2d20-4c29-8bcf-79bae955e45f,seed|series_a
fc44e369-537b-4d83-8ca9-ed82d881e003,ec69b689-1236-4e46-bfce-7332600ed574,2024-01-03,2,2,c3929209-0783-44e3-83fe-0e5864aa0ed4|bee1bd82-a4b3-4cdf-ae69-16a09f4b2080,seed|debt_financing
bcc5adaa-4cd6-bb68-8b91-838f2eee1aa4,9de928a2-75d8-4817-bc82-17469f61d7aa,2018-07-05,2,2,92de4e79-d229-4b89-9ba9-17e33009aba3|97cc1d33-b967-43e7-93dc-3dfe25dbd057,debt_financing|private_equity
32f76584-ac98-a77f-d6b7-36f0f6072291,deae30c6-3fac-40ad-8e96-b7f788668c26,2019-02-12,2,2,b3366937-4960-4937-a24d-58adf4110ddf|494d34f4-343b-4808-9951-8509070e1d43,grant|debt_financing
bfad96cd-0f22-856c-101b-16a23216f90b,b2167c4c-e759-085e-155d-7c74a76522d0,2018-08-21,2,2,55284e8d-902f-46cd-a84d-0b5daf3e9822|fe688c99-bbc3-4e00-b6b9-44b41a0c3828,debt_financing|series_unknown
39041e62-6b24-ae8d-1347-4cea947e832c,a93a301a-1390-48ff-9f7f-c13672af58ac,2021-04-22,2,2,7839655a-5585-47b3-9458-c1d735ff457b|f81af865-8751-41fa-9cfc-1ba8478948d5,seed|convertible_note
7fbfed1e-5444-45a4-bfb8-bb00dee08b8e,529514db-2bcb-49d5-98ba-db2dbd88bf19,2025-12-05,2,2,d8370bfa-8c79-48d7-afa8-20e7e058a42b|066890c4-d6cb-486d-b383-cfd98b59835c,post_ipo_equity|post_ipo_debt
c0f180c3-d058-4827-b0d1-87b625f66fe0,13469a29-7c62-41e8-8cd2-6830b71550b3,2025-09-10,2,2,cf2bb5e1-f26f-492e-9161-25ffeb4f479c|09e8b38c-32e4-4f1b-b90d-7d359e84f44c,series_a|seed
edb9e66b-26b2-d71f-d82b-9effa3c19af6,e31e67f6-ef3c-425f-a818-03f75ae2bba4,2024-06-18,2,2,094af69d-2077-485f-a281-fd02b5448819|4585453c-c5e4-4282-b0d7-b34bd82eed06,grant|seed
a2fc8fbe-32e1-3219-a3a8-665ae83f7243,61452e70-cc49-0860-e4e9-21c77671ebf7,2019-01-08,2,2,d38e8d20-f7b4-4d81-be9e-b9e97a23652c|757ef98e-b564-4885-91af-3c970c8da7b7,private_equity|debt_financing
9db0b6bb-4b28-fa20-e2df-e2af6ebd3a3d,6b307169-f5e0-9b68-7232-b2f63e136d3b,2017-09-05,2,2,84e85d08-4d47-608e-2d64-f29a0c90bf54|d3fc9d9e-069c-4808-b338-c9ad933332a5,secondary_market|series_unknown
d85bbe29-d925-648e-5057-63e9a32a9f41,158c80f9-1b7c-4618-9b8d-a58f6b025dd3,2024-08-12,2,2,5dbe75f3-9427-406e-94c2-b917c4457d39|be029b67-08f6-468c-a164-7dcefed2f08d,debt_financing|grant
bf5df344-efe2-4b49-be01-5e4f844bb825,5b0257be-5d76-4080-a93e-c732efbcb78a,2021-11-26,2,2,b20c484a-00b8-410e-909f-a0233a001ba9|16233c0c-563b-4baf-a119-96982c281b36,series_a|seed
02bed7d6-08f8-4d63-8302-9462a9c26ed5,e51cf886-8256-4d6f-b297-320ba03cdad9,2025-04-01,2,2,e2c4c770-dd9a-4b02-b7b2-464e8f9393af|6298ec43-d415-46c7-94af-50a568963b63,debt_financing|seed
8a80cddf-d0a9-9b91-ab9f-63582637484f,f27d2a50-0ebd-b17f-f74d-3e9ce35b4da0,2008-01-01,2,2,5c92e804-6c89-cdfe-a2d5-aa3c293c3de8|8c4835dc-afd6-3e0f-de22-3e31a6b0e8c5,seed|debt_financing
2a2d1a51-f66d-46a8-8aae-b321fe2bf3c6,cb08d20c-bf93-4545-813a-db5be7939186,2021-11-24,2,2,5d575c22-c4ee-4387-90e4-b73389003371|12855afd-ad16-472c-878a-6495a60fcf26,debt_financing|seed
3bfb69a8-61b6-ec30-1512-73bd1ca35bc5,94807ab4-561d-40c1-a834-2ad676622e84,2017-07-12,2,2,f9267942-1804-4ea1-ad92-9bf0f7d9ec78|204ce053-ee5d-1edb-d41a-a6076d776014,pre_seed|convertible_note
41c927c8-5354-44ff-8b10-075e7a41706d,9296f4b1-7656-4817-b6d4-c229ce088a26,2026-05-12,2,2,d4d09356-4e29-4b41-9dd6-139c372e1f0b|53dbf14c-2815-4004-8e02-705e44e643a3,series_a|seed
39041e62-6b24-ae8d-1347-4cea947e832c,27b01324-7c54-ff8b-95ca-a1b5981ef04b,2017-03-23,2,2,c6e5d3f9-ff36-854d-1108-291eab26d1da|bb04cd30-6d99-4ada-e78d-77e463585692,convertible_note|seed
d697b467-e5a0-5355-e1a7-c94ba828d2dc,539e598a-11c1-2911-4111-a40f7e899c7b,2022-12-23,2,2,eee5e7b2-1b19-4d05-bf8d-479f0006e633|896d80e3-96b1-42e3-bfa5-70e9cebdd696,grant
6cba771c-1d7d-46ec-850b-9d10076333a6,50b58209-5d86-4e4f-a27c-40ce1b6f670b,2022-10-19,2,2,b03f4e13-b9bc-405d-8808-5527ba4583d8|db637670-9352-4542-9735-ff2dbf6e2ffe,series_b|series_a
ae6eb8da-ebb3-42be-9ee6-644a57af8755,cbdbdfee-af53-7376-dbea-cc0076fc2bcd,2019-12-18,2,2,260ffb03-81d7-4c36-80ca-c2740568174e|9eeebfe0-bf15-4b66-9596-db9746a4f5a4,grant|seed
6ccc0325-040e-4eaa-bcf2-f92fcacf8748,46ff643f-f78b-4cfc-a15a-ec9c9b149b2b,2025-10-21,2,2,f91f447b-ee6d-46e8-a694-1cd4130358d9|cc1671f1-a9b6-46ae-b516-a392ac2b141a,series_a|seed
7be2e8e4-10b7-4b90-a82f-4069f100d430,05cd26bb-3f5b-4841-2614-4d54fa0a88ba,2021-05-12,2,2,4461852e-faa8-44c8-981c-738585112262|2849c5da-4e1c-42b4-97c8-52dfe05b3176,series_b|debt_financing
74b1d125-9b96-3650-b101-5479295b064e,f042f9de-6c03-4674-8d8a-3a445867c484,2022-11-02,2,2,d033c967-7fac-458a-a131-baf079b68a45|f8c40bc6-8277-4a53-a47f-8ff5cf4eaac0,grant|debt_financing
ae6eb8da-ebb3-42be-9ee6-644a57af8755,283cfc28-f180-4604-b005-cab6bf3d52ad,2022-10-14,2,2,222fb384-e635-467a-a01d-fdf50a7dabc7|8b97e947-16e0-4472-b00b-09175966bcfd,grant|series_unknown
aec3ddc2-68ff-4cbc-abec-8e650612a441,d85bbe29-d925-648e-5057-63e9a32a9f41,2018-03-08,2,2,d01ccbfd-add9-459d-a20c-f8d2e2252fed|63063f5c-c18b-4fa7-be3e-6c058ecd6791,debt_financing|grant
ae6eb8da-ebb3-42be-9ee6-644a57af8755,7695bb36-92e4-d80e-f2a0-3fc9f57b588a,2021-06-16,2,2,bf76994f-ad1e-4692-ab99-b1080da15163|a7a80029-b056-4d5c-82ec-1a497f3ecbe6,grant|series_unknown
83e1d324-76e6-4841-b843-3e0e5a7c4f91,ce1606d1-fc19-4f40-b3ed-67079c3b5b10,2022-05-31,2,2,3c665770-8870-4be7-b6d7-0821029a59ac|8b4fefbf-a47a-4621-b4e3-c212a14a75df,seed|series_a
809d0f70-9c3a-48ba-9c04-fc6e75edc6e5,466a6607-48d4-4c71-ad75-c5825e23a273,2025-02-17,2,2,7148936f-b20e-4464-a559-067b1cb9423f|7536337f-e0c5-4ae6-bc68-766145e86812,grant|series_unknown
45247ba1-3514-3b1e-c688-810ad55796db,71b42371-b350-4fc7-8df7-e1bfd81b4a2a,2025-03-07,2,2,75398d5b-e437-4572-8e6f-341e999ec9b3|c61034e9-a6bc-4665-a4d6-85bdc20970ad,debt_financing|angel
d420cb3c-c5c2-df2a-63db-4850847570c8,4527b5c2-d786-9c14-7824-25e0f8290dab,2020-05-20,2,2,8cec4cd9-66b9-4305-a4d5-261315587196|c1882084-5636-4156-ab94-0993600cafa5,series_b|debt_financing
63eb8719-2957-f55c-7504-e823fcfa503b,d64ed83f-6d70-6b20-be66-902215975cfa,2004-02-06,2,2,c81c60cc-a34e-f955-15df-e7afb5244ad8|5c6c3810-3d9a-10b1-22f9-4f1f810e3a74,debt_financing|series_unknown
ae6eb8da-ebb3-42be-9ee6-644a57af8755,ebfcd9a6-74b7-5fba-64fc-48844f21f453,2021-10-06,2,2,725a1a30-3596-4ab8-8f5e-27e8b28c96d0|a5417938-3325-4aa5-b033-70b287f5db66,grant|series_unknown
beadb218-e5fa-2686-bc95-4dfaa9acc2e8,3c5740d3-383c-48ce-8bd7-2e948e570909,2025-05-07,2,2,5f04c142-a2c6-495e-9ac0-e4b6e5ef0593|2cdd3e5a-6a58-45fb-9faf-f6bd8583190e,seed|series_a
b09ab004-df11-4c04-b5b5-2cc547e467a3,65e0211f-1a25-46bb-fcb3-404c3eb1d67d,2025-04-01,2,2,098ad5a8-ff9c-4d10-8de1-a5df8ba33ff8|b149ce04-65db-4c47-ad39-0cda4e55a0a5,private_equity|debt_financing
61eff89e-2114-480b-9b96-3f0ad80a0e9c,214c373b-e12b-4e73-8f63-9be8b0c5b174,2025-08-27,2,2,ccd9aa9c-8362-45b4-ba3f-0f8b899575b8|917c7745-80b8-42e0-aa56-39f36cca1ca4,secondary_market|series_unknown
7b83d4a0-0056-42fd-9b0c-3b76ec3ee2d0,c2643500-2b55-4236-9edf-508edd42f327,2025-01-30,2,2,e5de543b-987f-43f4-98ed-4109544c6589|886587a8-aae2-40f7-9530-056aa29080af,debt_financing|seed
28278ee8-7482-4685-89de-e465e27b1fc6,eba67aa3-8e1e-4068-9d5d-fc03923b8ac4,2021-10-11,2,2,08393544-6217-4c27-8210-2734a211b82b|c461e7a9-0a24-4808-91ca-0d1dc39baa81,series_a
306c50f1-4833-7663-8f62-b2543b22f5f0,f0a0b689-8e1e-4c9b-91e4-579918f9efbf,2022-07-27,2,2,c2552439-4c29-4b86-8b59-09af395e00f7|6234ed00-9238-42dc-8f21-9b127c4fd53d,series_unknown|debt_financing
16ae678d-43bc-564e-1945-a90079d20154,39538e6c-2150-4fd1-b271-ee5eed5a9389,2021-10-18,2,2,91247547-9593-495b-b16d-d862a1878e95|feb8bd7f-26aa-4636-ad05-18be6dd6d33c,series_unknown|debt_financing
ae6eb8da-ebb3-42be-9ee6-644a57af8755,29727e3c-84a1-448c-b2ea-60aa5da416df,2023-10-30,2,2,868533d6-26b3-451f-8c61-fcb460e479b8|8335878f-747e-4400-9e6e-82940f2e35f8,series_unknown|grant
f58715d5-80e0-3eda-b57d-4ba0d797f902,df95b543-a31f-126e-9338-5ce789e574fa,2015-06-09,2,2,56cd8758-aea3-4d59-8d79-c22e2c9904bd|249d0935-ba77-2266-bdc3-00c6f5c3f7fd,series_unknown|debt_financing
91660dc8-978e-137d-1cb1-13b781fb0895,af37a97d-74f3-693f-11c4-3d526e7d175e,2017-02-27,2,2,82c3e96f-90f5-4a1c-b8c6-a201c92283c4|9265fb84-d099-4a23-84ef-ead858727ec3,post_ipo_equity|post_ipo_debt
d7fed452-2140-4810-aee5-cb60a01c7137,e45f7dce-f8a6-734d-916c-d6261e21a272,2023-10-03,2,2,12654019-8772-420d-8988-13885984727a|0dd6b71e-4dd9-4061-b5a1-5c46421a41f1,series_a|debt_financing
5d5be717-5bba-bf93-f066-7eb600fc664e,7f5fee94-6336-dcde-e6df-2fc7ed1951ab,2021-12-09,2,2,4dc39b79-b67e-44b3-b56f-e6af03647226|714fbc54-6df0-4e02-9849-e76ef79cfb68,series_f|debt_financing
621c8d85-135d-076a-812c-9f35b59b50ce,a557cbd8-fdb9-4fca-9df3-c4a6c7e72aad,2022-10-06,2,2,b8ae986a-7c2a-4a9d-bf0b-551f41611c8a|46800722-8de8-4924-bd39-4d7bedb81b11,seed|series_a
5e1d0200-f444-6612-14dd-23369669c0e1,69834246-dd94-8e62-5d15-6401531830c7,2013-06-01,2,2,9ec1f48f-7d89-c9ff-25d3-2670e8678c09|3ceb1a48-93d6-51bd-7e24-937a2059cdd3,series_b|debt_financing
16b628c4-1df7-4041-b30c-c6e06a7737bf,14fbf6d2-9dd5-d5de-185d-c1fd02e2a83e,2024-06-05,2,2,0066c11c-4218-4824-ada9-3b5a3711d031|3099f430-1405-4848-98e4-b9d1b2ee4b89,secondary_market|series_e
4ca6cfbe-0eba-2bb5-88a7-d4c00235bd7d,050a9a2a-4dd7-41c0-af87-9ff25b365b27,2025-11-04,2,2,fc431414-09e7-448a-806c-38639ed83b39|cbd3afcf-ca66-45de-859d-044d28553bd2,series_a|seed
3912723a-31fa-47ad-9006-a18f34ee710c,961d3f5b-e322-2060-ee17-e9349f8ebf40,2023-04-24,2,2,a64550d7-0b03-46a4-bcf6-8909079c8593|518c73bf-36de-44e3-b3cd-d2bbb26418bd,series_c|debt_financing
b2349e73-9f9b-a507-557c-634e0c528505,a4c0862b-35f7-29a2-a082-576a60054d95,2010-09-07,2,2,d49a76d1-2025-0a46-45d4-1e5dcac5c26a|a56323d4-dd67-47b5-ad90-a4745e1c4cb6,debt_financing|series_unknown
2a2d1a51-f66d-46a8-8aae-b321fe2bf3c6,7fe7b6cb-b847-dfe7-1f3c-26f3cd45a31d,2022-02-15,2,2,2821069d-74f8-4842-8726-031c539e0207|fc78968f-408d-4d76-880f-74c012bf2f09,series_unknown|debt_financing
17766aa6-2da1-c1eb-d14d-2277ae1f34c7,a557cbd8-fdb9-4fca-9df3-c4a6c7e72aad,2022-10-06,2,2,b8ae986a-7c2a-4a9d-bf0b-551f41611c8a|46800722-8de8-4924-bd39-4d7bedb81b11,seed|series_a
ae6eb8da-ebb3-42be-9ee6-644a57af8755,c0403832-6872-4d77-b6d1-803ae18f7c41,2020-05-19,2,2,521acd5a-ca90-431e-a33a-ddf3b10e0d60|97c4065e-0ad0-46c5-ad50-27e102e3780b,grant|series_unknown
3267dc46-7fc2-5ccc-c558-c7c38012c299,f350d6cd-8164-4ad3-a212-91489b30db32,2023-01-10,2,2,0fafa121-7c9c-431c-be82-dc7a67551fac|0606b2d8-b390-4d5d-9476-d266258aa88a,debt_financing|seed
32f76584-ac98-a77f-d6b7-36f0f6072291,42910aa9-52de-a22d-e348-69b7053a983f,2025-03-13,2,2,4a352127-b861-4ea9-a5e1-dc0c61e89657|33d21b97-6045-4650-9307-3c779b3f1621,grant|debt_financing
7079eded-aaaa-9b03-a30a-1b9425f96249,48934f2b-5d6d-4b67-8034-42180bcaf1d1,2025-05-06,2,2,550d1151-ee1b-4dc7-a258-fecb21ee9a55|49a5648d-8c4a-4da7-8392-dd21ee76f6f1,private_equity|debt_financing
049b6ed0-d9bd-235b-d88b-dbc24cf38ccd,a974e057-3500-db67-568c-ddb14175afff,2018-04-18,2,2,cb9a478a-3475-4577-852a-468a135afd1d|9d0b7858-9e8d-43dd-8fae-3b2cf640b490,series_b|debt_financing
ae6eb8da-ebb3-42be-9ee6-644a57af8755,d3931283-911f-4c54-af1e-625cd58551f1,2021-06-16,2,2,c74c8eca-77ce-4388-a672-7d359fa17e10|179912d5-141d-4e6e-87f8-01f8882b19da,grant|series_unknown
809d0f70-9c3a-48ba-9c04-fc6e75edc6e5,ed963abf-24dd-4ddc-a24a-938bb3505f5e,2024-07-15,2,2,896f9bf5-eb79-47f6-a064-c0318377e0af|ffffd18a-46d7-4f7d-867c-fcc459c0240f,seed|grant
1787528e-7bd3-a500-ba86-ac55205e7e21,584871a6-7311-4d96-8aaf-2e709a88ab09,2026-01-27,2,2,8dc8042d-dcff-4b4c-83b7-be8c0609f84d|082ac270-a75b-47f4-acfd-c5bf205d7b19,series_a|seed
33f3da82-c16c-4d2d-87ec-51d23308c4c3,01cc120d-c281-48c3-8d02-0e14c1aa10fe,2026-03-26,2,2,d1139ef6-50ff-4f3a-811f-9b475ae172ab|2a23f466-5154-4f14-b527-10163d83a628,series_b|secondary_market
f7c4b31e-36e4-b760-cb53-239b939027bf,88fe04e0-f76f-49b2-80ad-80d247ec1039,2022-05-17,2,2,9f510372-4b68-401d-96bc-ad93b45e63d3|62d9a557-c608-4d0e-bda8-a6a1d44db05b,seed|debt_financing
3cf3d30d-e87b-4988-b461-afcd89d02023,685b926d-f10b-bacf-ce31-13ffcd31ef81,2026-04-27,2,2,5b1405f1-f1df-4dd4-9183-d7b39b11b92f|3647bea6-d390-4598-9278-568cc3ac7d0f,series_unknown|debt_financing
8ca0a6a5-15ba-2e62-3d45-eac4cb4d41de,ce334730-45db-47dd-b242-a2d74b9304b6,2014-02-18,2,2,aa56274b-f31e-a978-9ab8-2595e655dad3|2fbf7282-3fb3-e43c-618f-8e7c9d08daae,series_g|debt_financing
e9343798-ab9e-ab52-bd69-e91a021be3e7,81f1fce4-0c47-4357-a411-428c33c41aba,2023-07-10,2,2,96b7b8f7-7196-4657-8721-ff7134fcfad2|2c10a707-74fe-45c3-8996-9d3b53a608fb,grant
1b5f8507-d92b-4a33-b6cf-c15e5f8f38d7,4bc6be4c-65bb-4e21-945b-b7bbb01dfe82,2025-07-01,2,2,cc02baa4-b564-402c-9288-616902f00937|d2d46f3c-017e-4991-9b85-0c75457f3842,seed|debt_financing
5097ae39-ebea-439b-8bf0-0a6f96c9a26a,f4d7f364-af7e-467a-8ebf-9aaba40e2d92,2021-04-20,2,2,eea275a0-12a4-4ba5-a86a-a177c455421b|2942a751-1e91-4c3d-8b34-d1b199c11559,series_c|debt_financing
d420cb3c-c5c2-df2a-63db-4850847570c8,7c9e6d25-8cf0-80a5-dfd6-d1a21337534d,2023-09-19,2,2,5b33e37f-56a2-4b98-b35e-0faa0355b6ae|2cf99ac3-df86-4422-abf5-b4a50b37a5da,debt_financing|seed
0686cdc6-d6e7-0417-8329-29b5c85afeef,6c037c33-91c9-4b0b-acf1-9ec0931884fd,2021-05-20,2,2,ba5b4d5f-daef-4af7-9bd9-93fb859e7c2b|95f4dbbe-af40-43cf-9ea0-3764afa56046,series_unknown|debt_financing
ea94f841-047d-4c56-825a-cdcbdd164202,50b58209-5d86-4e4f-a27c-40ce1b6f670b,2022-10-19,2,2,b03f4e13-b9bc-405d-8808-5527ba4583d8|db637670-9352-4542-9735-ff2dbf6e2ffe,series_b|series_a
2a847ebd-bca0-4fb7-b500-245cd2f9123e,5d38ae70-45b7-f60b-d383-5e4d7c317b12,2023-11-14,2,2,cae1a143-589e-470a-aa00-856a234350c9|60398434-4dc0-46eb-bc43-c20d1f925467,debt_financing|series_b
f3aa61b3-a9ec-42bc-a239-b1da20e2f5af,00fbf527-5c5f-4976-a557-f60f905e2d31,2023-04-04,2,2,5683a9b4-f14d-428f-b9da-0046e47f575d|4a4afc8b-41a5-4ad6-bc14-7f66ec883e73,debt_financing|private_equity
53298b5c-80d0-669e-c833-f0c987377fd6,cf17205b-4f9a-9d72-3849-403cecab1f1b,2021-06-23,2,2,f6876a45-98b5-440f-84e0-882caa7b6fbe|9f2dc0fb-e7f6-4013-84f7-0a49357193de,secondary_market|series_unknown
f065b291-ae61-41db-9475-3713a3da36d4,6d30e022-42a9-4443-84c2-2d6a9c9ec954,2025-10-16,2,2,49790c13-55b4-4178-8afd-f9cf9f1414b9|88177413-2a4c-444c-bddc-2fe16fe48fd0,series_c|secondary_market
d4974159-c376-5f1b-93c5-0cc0c187423b,59092dfc-17d4-4dfc-8961-0693ca7f96e0,2025-10-05,2,2,38dabc5f-e0f9-4d86-a82c-ab21b8adcfc9|cac138a9-11f8-4d61-b964-88bec08cbe66,series_b|secondary_market
bcc5adaa-4cd6-bb68-8b91-838f2eee1aa4,54536da6-c959-49ac-8471-65723d139e06,2012-12-28,2,2,5d872a78-13d0-47ee-a457-19094d876a37|d69f4a98-0e8a-42fa-a2ba-7cd012162324,debt_financing|private_equity
809d0f70-9c3a-48ba-9c04-fc6e75edc6e5,da7cf865-c8af-4cf9-8fd6-b871211f4b67,2025-02-17,2,2,39394c13-f688-4ebb-a60f-c418a5af6ed1|96b67b47-f6b7-4686-8f81-4cf6cbeb4755,series_unknown|grant
b8cc84ee-07d2-71cf-dc80-8995baeb6b8a,48a44739-0be2-264f-8e0b-952dbe357a1b,2014-06-01,2,2,d66e107e-fba6-444c-b63f-19df2040eabd|7f2ca575-900a-4c40-978f-0149df5e8506,private_equity|debt_financing
a80524bc-d772-2f8b-f3d6-d564cd06a286,be7303e2-bd6d-4747-8199-032ae6a75e1a,2026-01-20,2,2,c1d08672-a234-4646-8952-9d0840b95b73|390da1a7-c922-441b-8224-8d4a8e68db43,series_b|secondary_market
a6bc2256-2e31-4260-8f32-4d1adeee723a,158aff78-d98e-7efb-2860-32482747b001,2019-01-23,2,2,d445c2bb-1c41-4559-bc30-1777aad4ea17|6b6411c4-4238-4a3b-887a-687ea49b30cf,series_c|debt_financing
79f9bfdc-48f6-d998-de32-862f0eee2524,94682cab-298c-497b-a050-8806540233fc,2023-01-03,2,2,c6f600c8-8177-4d14-a74d-d02aa8fc569d|b0b3ee4d-3e76-427c-9a85-bb151d0d260e,non_equity_assistance|pre_seed
defb12d1-cad5-a610-62c1-2837ed79c059,02bdd41a-80a0-e002-7207-83045de3838b,2022-04-06,2,2,5b3728c9-eabb-4160-a110-6a0de44de41c|0a740a28-b95d-4472-9c9c-ce4bfbdb88bc,convertible_note|private_equity
ced53ef8-c334-4992-b36c-e6f90c422fbd,a4bffc4e-da5b-8d6b-dff7-b72268ab281e,2021-03-10,2,2,80572d01-5cf9-4a8c-86eb-bd23ae20f14c|69fb7e45-3dd8-4b82-b683-452af3080450,debt_financing|secondary_market
59e41cb0-550d-49bb-a792-fae8b5873e3b,215de3a1-bf22-fbfb-3c39-f0e69520bcd6,2024-09-27,2,2,f473a0c1-e0cf-48ff-8465-34c2a6d3c1fc|f3da1a82-92d9-4d16-a99e-edcba51161cc,series_unknown|debt_financing
d420cb3c-c5c2-df2a-63db-4850847570c8,1c599048-3da5-4d3d-a9cd-2013674241fd,2022-03-01,2,2,2eb91f58-a326-4c2e-b204-2620efc99bf0|e30554c9-c021-4590-84cb-b19b375f5e4c,debt_financing|grant
983675c3-2ee5-471f-6b57-c9e32a0369c1,e97cd29d-2a12-4bd5-904b-e411088ce107,2021-12-15,2,2,bd476835-c70d-402e-84a3-29f42f2b6315|3a8cbddd-fc6d-4758-bcba-b10201f54867,seed|convertible_note
174c091d-6884-7eee-61a5-61458c635a16,ba526d31-99f2-4e82-8a06-f593fdb75ab8,2022-03-23,2,2,db1cb31b-5554-422c-a66c-3853a5708243|1073a715-1d78-41d9-b8bc-13ce94265594,series_a|secondary_market
02f87511-2b76-0f3d-7fed-109aba6dd5a5,fa0cc014-e365-2f66-f825-d7c39be1317e,2016-09-28,2,2,fa2a9dc7-0404-beeb-8e21-474f9b54abb5|765739ed-4be3-e51c-9715-7701c438e7d1,series_a|debt_financing
0d7a3631-d2cc-4670-4956-165fd067154e,291fa52b-f37e-d2e7-43d7-580383fd41c6,2018-11-30,2,2,c91885ea-705e-477a-b6f5-98ddacbb150d|ebb2efc0-7345-409c-830e-9a12e929822a,series_unknown|debt_financing
86ecfb53-62af-436c-bd88-71165d27221c,faa04487-c9b6-5db6-c856-6a7a3f8d7582,2026-01-22,2,2,24bb59cb-5ffb-4e1f-93c7-b5bb48da392c|ece6565d-b23d-415d-a42f-0d7f15d92140,series_d|secondary_market
d300b754-8f03-f143-a083-09c355f716ba,6bed94f1-2501-403c-aedf-22b219f4d700,2026-03-10,2,2,d7b68591-8d13-4a6f-b708-757c4a5a204a|dfb2c4bb-9caa-42e5-bb4d-56a58d0836d2,series_a|debt_financing
ae6eb8da-ebb3-42be-9ee6-644a57af8755,7d4e69a3-2033-4246-be70-0a91da007dc9,2021-10-06,2,2,9b3032da-e295-41c9-a824-2cc27b8e90e1|2a7ae976-76bf-43ce-a914-571fdce457cc,series_unknown|grant
9746db76-8e3f-f536-6de9-ed1dcd98e4ca,c1bec3fd-9ec1-a4eb-7715-5021845a71e1,2014-12-11,2,2,efff9efc-1b4e-4f75-bc66-8c444a8f4360|1cbcf564-205c-4d9c-832b-dac183ad0ac2,series_unknown|secondary_market
a2fc8fbe-32e1-3219-a3a8-665ae83f7243,c0afd704-b512-4969-b182-a3d77b3bbdd6,2026-01-06,2,2,2498d0e2-a21c-473d-8455-4ff5f4a6e7dd|06879e34-1ab0-4fca-8b4a-2655afbbb6d6,private_equity|debt_financing
056b476b-5b82-0c6f-0c8b-5105cb6dcf7b,d3a96b74-5654-1564-dbf8-d7d7f3a9127e,2022-03-21,2,2,a1744476-4785-4840-8513-22b8e94eda7d|4dbc6361-5fdb-42c7-bfb2-2e31e3258dad,debt_financing|series_a
7a42b564-4bb6-5864-6cdb-a0100008f3b3,0de3ef96-6aac-c11c-2c17-d8d599aea0c2,1998-08-12,2,2,12e110a0-7605-d657-5615-1b4b55dc2dd1|2769d03a-0595-fc48-dbe9-f43466a94e0d,series_a|debt_financing
3afb8ef5-2b6c-7788-7b38-53ecbb89d72e,6d30e022-42a9-4443-84c2-2d6a9c9ec954,2025-10-16,2,2,49790c13-55b4-4178-8afd-f9cf9f1414b9|88177413-2a4c-444c-bddc-2fe16fe48fd0,series_c|secondary_market
95e05910-ea33-7e11-afa6-818efc858b28,da3d42ac-6ac4-6e6c-a80a-021411284161,2014-07-21,2,2,ce3db57e-b6e7-0ab6-cd08-9c09082fbbe7|485044eb-592b-5eb9-6816-3d8c8dbec5e7,post_ipo_equity|post_ipo_debt
c91bfb71-2de5-48a9-8af8-356e79026c60,da73220d-37cf-4da1-b419-3d1d82941c3f,2021-08-27,2,2,3f735b85-3b88-4f35-b764-4afb883ce439|d054f6b8-bc54-4861-96a5-896138ff9ec5,series_a|debt_financing
ae6eb8da-ebb3-42be-9ee6-644a57af8755,89e69e0b-2b2c-1e56-374b-f81db60ee271,2023-07-21,2,2,35fde6cf-a13a-4d14-ad04-57039344aec2|1538c084-2fa5-4e71-862f-3012772cb262,series_b|grant
4eee5e60-3b06-6fe8-cc2c-29119a96051d,303a687d-893c-1820-853e-21a9f6c18334,2021-06-23,2,2,00515ddf-9f2a-489f-b39c-11873135ad61|73bab20f-0954-42de-b690-f40887a18f29,series_d|debt_financing
c3609d80-fb88-4d80-bf52-79d9d3cacf96,c9e6d2b5-d32d-f5f7-b235-72d395541c2e,2025-05-09,2,2,93a3ed7b-26bd-469d-8cff-59f82bddc578|785973f8-1754-4158-9b70-3dd02942a190,post_ipo_debt|grant
39041e62-6b24-ae8d-1347-4cea947e832c,557fe079-5208-4c0b-ac7b-f466d74c23c9,2020-11-23,2,2,24713537-fec8-495f-a730-fa994336a844|5ac30b16-4a53-434e-b264-12bd6e8d8ecb,seed|convertible_note
16a187ac-c005-48d1-a097-fa88091e3e37,ccf28953-5f48-40ec-bca2-32f840f64357,2024-10-22,2,2,b49c3667-f4e7-4e40-a2f8-ed4423d71396|0526ece5-61ae-4daa-8ba3-85699f8d8434,series_a|debt_financing
db18732a-39b9-4ddc-8b8d-e69f91203e4b,eedfb981-8554-4551-93b2-86bc93e84900,2025-08-20,2,2,0ea05ecf-3797-4a4f-ae82-7303d06d1461|c050020d-e83f-459b-b80e-21fc0802550c,series_a|series_unknown
96a0b0df-2798-216f-5f42-054aedc0c31f,59dd748f-413c-1250-ca94-37750578ec5b,2020-02-01,2,2,8140ec4b-b138-409c-9af0-5ac79bea20ef|c0589ef2-f817-45e9-9eaf-991168a97b37,debt_financing|seed
f600da11-039c-526c-62d6-79e8e58822fc,46f494dc-6df1-46e4-952d-1d2eceb87cd3,2022-04-27,2,2,d7e13292-9ae3-40d6-9345-13a9e379eeee|e494b620-f2c8-4716-aa6d-4dc1d1519ec3,series_a|debt_financing
b4805119-6bb6-4697-a36b-a5ddb23101e6,915c9b66-0b5f-4271-8e9e-e765c8575bfd,2026-05-26,2,2,881947a5-ae4e-4fa5-8f42-25b715860667|095bcac0-aa4d-4dc3-ac42-ca1106476fd9,series_e|secondary_market
0ab984e9-7413-addd-0b09-7fd5fdef4150,f62c22a4-386a-7a22-bb55-1310531e05d6,2018-07-30,2,2,a4be9d90-3225-4f10-bf86-773734d5f883|fd65248b-3a42-4da4-8b69-b6bff1b797cd,seed|grant
fa2c3aa1-645b-4636-bab8-6d6ec988f171,843fc834-b123-4c9b-ae4a-21a6c28b8326,2022-04-13,2,2,842098ba-4a28-4447-8bb9-4fa1c322ba91|bf6081e2-27f2-46d3-8918-5b65e498045c,series_a
b54a47e8-0a9c-438f-b6de-aec5418c57ee,ad137a13-cf48-4a05-917a-aed1727f25d6,2023-04-17,2,2,be5b29c3-cd24-4b3e-bd3a-931d8f317172|d5c55676-7140-45f5-9f6a-a2dbf562c315,debt_financing|series_a
da7dace0-ea77-d4ee-4af6-7cedb69539e9,a209516e-c5d7-4dc5-bf82-a30798691600,2017-06-13,2,2,5bea0729-cb11-4f4f-b0d7-e91287c61830|94f98aa8-4990-4195-a953-434887b90f36,private_equity|debt_financing
13ab85cb-f947-18b4-d9ad-2298e49c52c6,45d2783b-8032-1e50-aa3c-9c11136b2b93,2008-01-16,2,2,c3d10848-9dc4-d75f-e596-4e406f03ba1d|dd013f31-93bf-45ee-978e-36552bfb56ae,debt_financing|series_unknown
b32594d7-fe7d-3e78-7676-3f59e9d55374,678c4acf-99ff-4f66-b9b9-540bed79ee0b,2023-03-02,2,2,febee819-a700-489b-a8e1-a2ceb1bb8cb5|f7355d73-be6d-43be-9e09-742d1732e990,series_unknown|debt_financing
eab808a2-f884-b2a4-5620-2445bd0fb6d3,bf941eee-23c4-1a6d-fe1e-87f071a0618a,2021-09-20,2,2,e5593e85-db5e-4ea3-842d-2e23b992f2ee|04ce4975-bff0-453e-883c-cd1107ea1fb6,post_ipo_debt|post_ipo_equity
ab5832c6-339f-15d0-8279-2453bff004ea,924c8fb7-29aa-6bac-3816-32c946f11022,2025-02-27,2,2,feac0f13-3371-4bd4-9989-b348bb1da325|afc2d95f-bdfb-4b84-bb99-750ca6ea3b09,debt_financing|corporate_round
eee223d0-8c2e-3195-820c-f9864460c548,a0ab5abf-c2b6-4d9b-a52e-37f410a3bd80,2025-07-17,2,2,fe95780a-2777-4090-b1ea-077bf7921f7d|bf4afe2b-9eda-474a-8371-22ef296ccc13,debt_financing|grant
79e76528-1714-a7b2-4045-ec001104d9a7,cb3444d7-d909-d581-090e-7000563e67b6,2026-04-27,2,2,90cc625e-7969-490e-8427-1a4255a41ea9|02afe77a-346f-4547-93e0-4963ac68d3d4,post_ipo_equity|post_ipo_debt
b342226e-87f6-423d-89b9-00cf10af0f49,e5485970-5ef7-4691-a127-5e8ac17a5568,2026-04-15,2,2,2ea25810-c1c0-44c9-9041-23190ddbe7e4|fbad6074-0605-45b5-93e7-b1ac01ae6751,series_a|seed
001968ce-46b3-3dc2-c34a-1dbd51b655e6,6c037c33-91c9-4b0b-acf1-9ec0931884fd,2021-05-20,2,2,ba5b4d5f-daef-4af7-9bd9-93fb859e7c2b|95f4dbbe-af40-43cf-9ea0-3764afa56046,series_unknown|debt_financing
ae6eb8da-ebb3-42be-9ee6-644a57af8755,a412487c-c4f0-8493-6b0d-c50d6d426899,2021-12-20,2,2,c9d7c25f-b231-40bb-a683-825dbde21bba|420a21b2-b47a-44c9-94ae-d8b7fff51911,grant|series_unknown
3d0f359b-c0c7-4edb-a9b1-84ec2698126b,6f95616c-2bce-0cdd-fb4d-2e603763b423,2021-06-23,2,2,ee13ba7a-78e9-46e9-af79-a95d0b8d34a9|8a848a80-841f-4190-9e2d-f3396b567c7e,series_unknown|debt_financing
70db5de1-7334-d744-5e6d-31c9e3b8d764,050a9a2a-4dd7-41c0-af87-9ff25b365b27,2025-11-04,2,2,fc431414-09e7-448a-806c-38639ed83b39|cbd3afcf-ca66-45de-859d-044d28553bd2,series_a|seed
3eda5c8e-c2e3-6bf8-dfe5-4e5cd8f95830,8d36822e-5d71-4a92-91aa-12498bf440af,2021-03-16,2,2,d9748532-ce0c-4bbe-ac8e-9e9adab1a947|204b4f32-0222-4cd3-99e6-f37b1aad58d7,debt_financing|series_unknown
321aaefe-527e-a56e-85cd-641bd83cd866,40925009-24b9-0365-9540-2790c221a75c,2015-12-18,2,2,463cc4a4-c97d-aaf2-0e63-36b6d5b556a5|1ff26868-c6b3-70d3-26ca-cf9edd0d18f2,seed|debt_financing
809d0f70-9c3a-48ba-9c04-fc6e75edc6e5,6973dfd5-83ce-de4a-08a7-324ee8495c00,2024-07-15,2,2,a8d5795c-f7e4-4e42-ad25-34055fe81d15|785cf54d-b0bd-4550-80d2-91ce955929ae,series_unknown|grant
224e0d60-57bf-788a-33e0-c80065a5c588,b6135e72-e7b8-cb96-c187-f165462a3889,2025-07-21,2,2,35c2e7f4-ae26-4cc6-b9d8-e6df4f5ead7b|27459991-ccf5-4a67-bc4e-7227bbb5b98a,private_equity|secondary_market
bef5bd4b-72c6-7877-d7ab-8bbe43f7bda7,31275370-ee68-4dc7-a41b-e40fba2b4837,2022-04-01,2,2,550bea40-3f09-44f9-a527-d51d26ac0a9f|cbe53d65-d224-4278-a410-dd1d06bb3758,convertible_note|secondary_market
ab27131e-8d89-44eb-8754-464501ad10e5,78c902e3-cca5-4a1f-b4f9-6268105ca66f,2024-09-26,2,2,858ed45f-0af5-4b98-9af9-dd0f1956e6b0|064f5fc3-dacf-4fde-887b-7f005ae0f0c8,secondary_market|corporate_round
201d334c-4463-d56c-7737-435df78ae283,0bad4118-0a53-ef73-8a54-11053c1803c1,2023-04-06,2,2,bf3191e4-c09a-4e02-b173-ccd57a64f7c5|191ada4b-8701-421c-97dd-4e0927242ee2,series_a|seed
8a700a29-e124-4be9-93d9-6b56f9b0d560,5a7be4f7-5323-4279-a57c-19b032297cfc,2025-12-29,2,2,d7eaf3bd-2fda-48b5-94bb-19417bdfd102|d591e18c-f0dc-4bde-a9c8-bce566cff76b,convertible_note|series_unknown
809d0f70-9c3a-48ba-9c04-fc6e75edc6e5,df6134c2-2b5a-4529-8b28-9e2772424c32,2025-02-17,2,2,3ab6f038-4594-40fb-a0b9-984b0cf6acfb|cdbdbdff-2020-40b6-9ab2-838f65e6ffe9,grant|series_unknown
ae6eb8da-ebb3-42be-9ee6-644a57af8755,e53afa90-b9b7-157f-54ca-5169fbd8d941,2020-01-08,2,2,85929cd3-c8bc-4d05-a632-05bb54863553|3cfd28d2-5a73-4c55-916f-d9adc9a5a296,grant|series_unknown
989aaf02-30e5-4be5-a9be-08ba517e19ca,c7f7cbcd-b490-4373-892d-71b7ea9aee8b,2025-03-26,2,2,643f345f-68db-415c-ad0d-26632f771c6c|0e585fe0-cb6e-4e9c-b06b-c1bb3d713d29,secondary_market|corporate_round
8a8d492f-2196-65e3-d616-ec3b287b3a52,9aaae923-1930-e309-239e-a91f0114fa74,2016-07-04,2,2,9d4e72d3-a346-4bc9-bb56-2e147ffd5f82|0f148025-80b2-4b93-a86a-5cac284194ac,debt_financing|series_a
b08efc27-da40-505a-6f9d-c9e14247bf36,24039c5a-16b3-4cec-bf68-b416aa51630f,2025-11-10,2,2,6c030faf-5652-45da-91d3-0c067688601b|b6862be0-7c5a-4b31-adb2-0cbc9478fb3e,series_b|secondary_market
